sweep_name,segment_label,voltage_v,experimental_current_a,model_total_a,model_thermionic_weighted_a,model_pf_fe_weighted_a,model_pf_il_weighted_a,model_background_weighted_a,base_thermionic_a,base_pf_fe_a,base_pf_il_a,base_background_a,current_floor_a,weight_thermionic,weight_pf_fe,weight_pf_il,weight_background,top_effective_barrier_ev,bottom_effective_barrier_ev,pf_fe_activation_ev,pf_il_activation_ev
1st2KB_B64-T51,0→-V,0.0,3.64094910091598e-14,6.99677529116827e-14,1.939100960925417e-19,0.0,0.0,0.0,5.126371524532248e-24,0.0,0.0,0.0,37825.993524773825,413.18032107650197,0.0015621014422393907,2428.1905540753914,6.996755900158662e-14,0.8172859347163973,1.8965736045375639,0.70779113645358,0.70779113645358
1st2KB_B64-T51,0→-V,-0.25,3.41051277117591e-14,9.293767608101538e-14,1.3968714680270426e-32,1.0408719265827073e-18,3.7779685421105886e-26,2.29690762074644e-14,3.6928877151955657e-37,2.519171106384773e-21,2.4185167748738422e-23,9.459338423384397e-18,37825.993524773825,413.18032107650197,0.0015621014422393907,2428.1905540753914,6.996755900158662e-14,0.6845024340165851,1.637738304392248,0.6361276473187927,0.6246513554386057
1st2KB_B64-T51,0→-V,-0.5,1.23404812844147e-13,1.1591227432546974e-13,8.836028673217459e-31,6.562908668036327e-18,2.862957943085026e-25,4.59381524149288e-14,2.3359673731848903e-35,1.5883884912372628e-20,1.832760578583654e-22,1.8918676846768793e-17,37825.993524773825,413.18032107650197,0.0015621014422393907,2428.1905540753914,6.996755900158662e-14,0.6295017071673454,1.5305252126511475,0.6064436581921868,0.5902137305694741
1st2KB_B64-T51,0→-V,-0.75,1.33836735097259e-13,1.3889854671801785e-13,2.1295619013179668e-29,2.375909284451917e-17,1.193507981891325e-24,6.890722862239318e-14,5.629890196864829e-34,5.750296331300852e-20,7.640399974154949e-22,2.8378015270153187e-17,37825.993524773825,413.18032107650197,0.0015621014422393907,2428.1905540753914,6.996755900158662e-14,0.5872981650974648,1.4482577138935369,0.5836663322244682,0.5637888116054941
1st2KB_B64-T51,0→-V,-1.0,3.53893102973332e-13,1.6191044492776809e-13,3.1145701063901706e-28,6.658109255647315e-17,3.7670829009093516e-24,9.18763048298576e-14,8.233941309037418e-33,1.6114294210092693e-19,2.4115481869787873e-21,3.7837353693537587e-17,37825.993524773825,413.18032107650197,0.0015621014422393907,2428.1905540753914,6.996755900158662e-14,0.5517189333167727,1.3789030042469324,0.5644641581840053,0.5415115744236314
1st2KB_B64-T51,0→-V,-1.25,3.20978080269388e-13,1.849730659789097e-13,3.3103866832594225e-27,1.6012592993706652e-16,1.006070072644922e-23,1.14845381037322e-13,8.75161859553355e-32,3.8754490901181757e-19,6.440491285909348e-21,4.7296692116921986e-17,37825.993524773825,413.18032107650197,0.0015621014422393907,2428.1905540753914,6.996755900158662e-14,0.5203730008612261,1.3178002784360765,0.547546703243378,0.5218849344696509
1st2KB_B64-T51,0→-V,-1.5,1.11846980516226e-13,2.0812921650892018e-13,2.80471113138981e-26,3.4720023853675636e-16,2.3982411429322658e-23,1.3781445724478636e-13,7.414771880487125e-31,8.403116528690409e-19,1.535265942456468e-20,5.675603054030637e-17,37825.993524773825,413.18032107650197,0.0015621014422393907,2428.1905540753914,6.996755900158662e-14,0.49203411174136413,1.2625591917614076,0.5322521548858647,0.5041410956401609
1st2KB_B64-T51,0→-V,-1.75,1.13313153890342e-13,2.314490112413085e-13,2.0011556363038154e-25,6.979187346746339e-16,5.2596348005898537e-23,1.607835334522508e-13,5.2904245198296636e-30,1.6891383714894094e-18,3.3670251229329696e-20,6.621536896369077e-17,37825.993524773825,413.18032107650197,0.0015621014422393907,2428.1905540753914,6.996755900158662e-14,0.46597381365212287,1.2117597698282978,0.5181873661197534,0.48782395183158866
1st2KB_B64-T51,0→-V,-2.0,2.59303022847115e-13,2.550436538578404e-13,1.246233583729949e-24,1.3234850871269582e-15,1.0816542071012538e-22,1.837526096597152e-13,3.29464864660789e-29,3.2031658324838507e-18,6.924353168451215e-20,7.567470738707517e-17,37825.993524773825,413.18032107650197,0.0015621014422393907,2428.1905540753914,6.996755900158662e-14,0.44171747961829344,1.1644768207647311,0.5050961799307936,0.47263632468536826
1st2KB_B64-T51,0→-V,-2.25,9.20096518506469e-14,2.790849154833261e-13,6.94448069822815e-24,2.3956703963275906e-15,2.112878601577144e-22,2.067216858671796e-13,1.8359017308243126e-28,5.798123178001071e-18,1.3525873188799905e-19,8.513404581045957e-17,37825.993524773825,413.18032107650197,0.0015621014422393907,2428.1905540753914,6.996755900158662e-14,0.41893543261696037,1.1200677041016165,0.49280066904921804,0.45837179340865697
1st2KB_B64-T51,0→-V,-2.5,2.24742614926207e-13,3.038322941503248e-13,3.525837221997431e-23,4.1739726432113744e-15,3.956244368499078e-22,2.29690762074644e-13,9.321201886444074e-28,1.0102060602345451e-17,2.5326424145844856e-19,9.459338423384397e-17,37825.993524773825,413.18032107650197,0.0015621014422393907,2428.1905540753914,6.996755900158662e-14,0.39738763681442846,1.0780645172250543,0.48117128571292267,0.4448800642786355
1st2KB_B64-T51,0→-V,-2.75,2.35509121969749e-13,3.2967043257733044e-13,1.6534873644994975e-22,7.0430344133783035e-15,7.149084021135708e-22,2.5265983828210837e-13,4.371299232144582e-27,1.704590962858141e-17,4.576581153965874e-19,1.0405272265722836e-16,37825.993524773825,413.18032107650197,0.0015621014422393907,2428.1905540753914,6.996755900158662e-14,0.37689288454522624,1.0381140314565287,0.4701102318257795,0.4320476776745969
1st2KB_B64-T51,0→-V,-3.0,2.52749535710473e-13,3.5716012128961405e-13,7.238786279086558e-22,1.156364582138321e-14,1.253192836856133e-21,2.756289144895727e-13,1.913706846680861e-26,2.7986922976523256e-17,8.022480505872821e-19,1.1351206108061275e-16,37825.993524773825,413.18032107650197,0.0015621014422393907,2428.1905540753914,6.996755900158662e-14,0.3573103954785323,0.99994182324951,0.4595415279953563,0.4197864867574082
1st2KB_B64-T51,0→-V,-3.25,3.9838588699638e-13,3.8710715588899784e-13,2.983479519720621e-21,1.8541601067253637e-14,2.139640897334261e-21,2.9859799069703717e-13,7.887379131936391e-26,4.487532469829459e-17,1.3697195582041866e-18,1.2297139950399715e-16,37825.993524773825,413.18032107650197,0.0015621014422393907,2428.1905540753914,6.996755900158662e-14,0.33852821440761555,0.963329657963516,0.44940475179944783,0.40802639297324256
1st2KB_B64-T51,0→-V,-3.5,3.88523197988877e-13,4.2065449536246077e-13,1.1655886905062111e-20,2.911985423085577e-14,3.569629890615163e-21,3.215670669045016e-13,3.081448976992021e-25,7.047735031278055e-17,2.285146018108676e-18,1.3243073792738155e-16,37825.993524773825,413.18032107650197,0.0015621014422393907,2428.1905540753914,6.996755900158662e-14,0.32045556848124174,0.9281005917909928,0.43965091297040887,0.3967105606841334
1st2KB_B64-T51,0→-V,-3.75,3.19186517494519e-13,4.594046368811697e-13,4.340925508678377e-20,4.4900885523808174e-14,5.834553861949112e-21,3.44536143111966e-13,1.147603831168459e-24,1.0867140382393623e-16,3.735067201259886e-18,1.4189007635076595e-16,37825.993524773825,413.18032107650197,0.0015621014422393907,2428.1905540753914,6.996755900158662e-14,0.30301764785490326,0.8941087976641575,0.4302396365034325,0.3857921491752528
1st2KB_B64-T51,0→-V,-4.0,4.73744632932538e-13,5.055809492479272e-13,1.5483938559969583e-19,6.81080067240106e-14,9.363514060215547e-21,3.675052193194304e-13,4.0934651326021365e-24,1.648384573267228e-16,5.994177975274283e-18,1.5134941477415035e-16,37825.993524773825,413.18032107650197,0.0015621014422393907,2428.1905540753914,6.996755900158662e-14,0.28615193191714805,0.8612324039563006,0.42113717991443067,0.37523201239368265
1st2KB_B64-T51,0→-V,-4.25,5.273172848895e-13,5.622389804163702e-13,5.310977356391131e-19,1.0179658000901716e-13,1.4781136037321763e-20,3.904742955268948e-13,1.4040549530874185e-23,2.463732535562097e-16,9.462340689047623e-18,1.6080875319753475e-16,37825.993524773825,413.18032107650197,0.0015621014422393907,2428.1905540753914,6.996755900158662e-14,0.2698055359917946,0.8293683223999766,0.41231500125054826,0.3649970376381189
1st2KB_B64-T51,0→-V,-4.5,5.80207973679969e-13,6.335416003308113e-13,1.7576879870522653e-18,1.5012888891976467e-13,2.2987113815039282e-20,4.134433717343592e-13,4.6467728227708866e-23,3.633495625556855e-16,1.4715506428369666e-17,1.7026809162091915e-16,37825.993524773825,413.18032107650197,0.0015621014422393907,2428.1905540753914,6.996755900158662e-14,0.25393325206924156,0.798428428878315,0.40374870166940047,0.3550589188012624
1st2KB_B64-T51,0→-V,-4.75,7.69852606143095e-13,7.251154639833168e-13,5.62938276221426e-18,2.1872979239230422e-13,3.526484016743776e-20,4.364124479418236e-13,1.4882313027752574e-22,5.293809536292159e-16,2.2575256135019593e-17,1.7972743004430355e-16,37825.993524773825,413.18032107650197,0.0015621014422393907,2428.1905540753914,6.996755900158662e-14,0.23849607379635307,0.7683366881831135,0.3954172293735169,0.3453932328212054
1st2KB_B64-T51,0→-V,-5.0,9.87505216487605e-13,8.445110708244866e-13,1.7492128943123525e-17,3.1514444211592555e-13,5.342874330026146e-20,4.59381524149288e-13,4.624367349840315e-22,7.627285861409051e-16,3.420312014030748e-17,1.8918676846768795e-16,37825.993524773825,413.18032107650197,0.0015621014422393907,2428.1905540753914,6.996755900158662e-14,0.2234600670060548,0.7390269523345891,0.38730227003317585,0.3359787324857218
1st2KB_B64-T51,0→-V,-5.25,1.32566917512844e-12,1.00179549510447e-12,5.285199056002976e-17,4.4942440373272535e-13,8.002284559137426e-20,4.823506003567523e-13,1.3972399832780276e-21,1.0877197698133175e-15,5.12276881817966e-17,1.9864610689107232e-16,37825.993524773825,413.18032107650197,0.0015621014422393907,2428.1905540753914,6.996755900158662e-14,0.2087954917182856,0.7104412490950398,0.3793877729287717,0.3267967966904076
1st2KB_B64-T51,0→-V,-5.5,1.54214466717428e-12,1.2103176181569744e-12,1.555879690694147e-16,6.348746760353489e-13,1.1858675280918583e-19,5.053196765642167e-13,4.113255319189796e-21,1.5365559385336732e-15,7.591488593671787e-17,2.0810544531445672e-16,37825.993524773825,413.18032107650197,0.0015621014422393907,2428.1905540753914,6.996755900158662e-14,0.1944761103894722,0.6825284335373469,0.3716595776118384,0.31783099731267556
1st2KB_B64-T51,0→-V,-5.75,2.28889585236758e-12,1.4877050940406115e-12,4.470429257382764e-16,8.890015653316312e-13,1.740099743225427e-19,5.282887527716811e-13,1.181840538955016e-20,2.151606744037137e-15,1.113947978135698e-16,2.1756478373784112e-16,37825.993524773825,413.18032107650197,0.0015621014422393907,2428.1905540753914,6.996755900158662e-14,0.18047863628442096,0.655243112754549,0.3641051161903884,0.30906675382064974
1st2KB_B64-T51,0→-V,-6.0,1.9781023607307e-12,1.8571916701703976e-12,1.2556294515812606e-15,1.2347103997366685e-12,2.5300141551067473e-19,5.512578289791454e-13,3.3194883586042397e-20,2.9883088248727532e-15,1.6196221875832726e-16,2.270241221612255e-16,37825.993524773825,413.18032107650197,0.0015621014422393907,2428.1905540753914,6.996755900158662e-14,0.16678228876633094,0.6285447789852514,0.3567131733181494,0.30049105482674154
1st2KB_B64-T51,0→-V,-6.25,2.36019060198545e-12,2.3494602061008594e-12,3.4524158644444484e-15,1.7018129613398389e-12,3.647083796851498e-19,5.742269051866098e-13,9.12709896749524e-20,4.11881417030203e-15,2.334729165618801e-16,2.364834605846099e-16,37825.993524773825,413.18032107650197,0.0015621014422393907,2428.1905540753914,6.996755900158662e-14,0.15336843121733568,0.6023971038109848,0.3494736907796433,0.2920922313787083
1st2KB_B64-T51,0→-V,-6.5,3.05637307997098e-12,3.0053859930416473e-12,9.304303710726609e-15,2.3289176274064146e-12,5.215288450672866e-19,5.971959813940743e-13,2.4597645279648324e-19,5.636564736042224e-15,3.338636217630242e-16,2.459427990079943e-16,37825.993524773825,413.18032107650197,0.0015621014422393907,2428.1905540753914,6.996755900158662e-14,0.1402202735648932,0.5767673582899533,0.3423776069431549,0.28385977070239493
1st2KB_B64-T51,0→-V,-6.75,3.67990273669738e-12,3.8805303309261275e-12,2.4606012514527944e-14,3.16579096163587e-12,7.401726041836596e-19,6.201650576015387e-13,6.505053858905897e-19,7.662008087383502e-15,4.738313301360033e-16,2.554021374313787e-16,37825.993524773825,413.18032107650197,0.0015621014422393907,2428.1905540753914,6.996755900158662e-14,0.12732262585959975,0.5516259326054829,0.3354167237662444,0.2757841619093222
1st2KB_B64-T51,0→-V,-7.0,4.41931083741687e-12,5.053322606732177e-12,6.392149892117763e-14,4.276298371958778e-12,1.043041632418194e-18,6.431341338090032e-13,1.6898828811809735e-18,1.0349714528555691e-14,6.677169639654866e-16,2.648614758547631e-16,37825.993524773825,413.18032107650197,0.0015621014422393907,2428.1905540753914,6.996755900158662e-14,0.11466169258784842,0.5269459351190315,0.3285835957859267,0.26785676720959734
1st2KB_B64-T51,0→-V,-7.25,8.95244035153953e-12,6.641398650215362e-12,1.6327239583697342e-13,5.7420540253418575e-12,1.4600184771249404e-18,6.661032100164676e-13,4.316407333228128e-18,1.3897210811931901e-14,9.346502331064322e-16,2.743208142781475e-16,37825.993524773825,413.18032107650197,0.0015621014422393907,2428.1905540753914,6.996755900158662e-14,0.10222489977964833,0.502702855350913,0.32187143680845737,0.2600697136588708
1st2KB_B64-T51,0→-V,-7.5,1.09580833990153e-11,8.836386475588545e-12,4.104074466773069e-13,7.666937152911353e-12,2.0307743655400417e-18,6.89072286223932e-13,1.0849878838172854e-17,1.8555910729087674e-14,1.300027200940787e-15,2.837801527015319e-16,37825.993524773825,413.18032107650197,0.0015621014422393907,2428.1905540753914,6.996755900158662e-14,0.09000074873849517,0.4788742788554672,0.31527404096708594,0.252415801574168
1st2KB_B64-T51,0→-V,-7.75,9.60346385747712e-12,1.1980689864692566e-11,1.0160141619838908e-12,1.0182663973538557e-11,2.8077371350223706e-18,7.120413624313964e-13,2.6860210857871073e-17,2.4644600563280934e-14,1.7974102443675277e-15,2.932394911249163e-16,37825.993524773825,413.18032107650197,0.0015621014422393907,2428.1905540753914,6.996755900158662e-14,0.07797869154816706,0.45543964454606223,0.3087857155328546,0.2448884265849139
1st2KB_B64-T51,0→-V,-8.0,1.34826455555626e-11,1.673966781721878e-11,2.479043335183767e-12,1.345564262450034e-11,3.859894224620625e-18,7.350104386388608e-13,6.553808913333996e-17,3.256602974082344e-14,2.4709625893995555e-15,3.026988295483007e-16,37825.993524773825,413.18032107650197,0.0015621014422393907,2428.1905540753914,6.996755900158662e-14,0.06614902452018956,0.4323800369918984,0.30240122340800724,0.23748151291715647
1st2KB_B64-T51,0→-V,-8.25,1.91266273652513e-11,2.4489036334542975e-11,5.965700204678148e-12,1.7695383778367597e-11,5.277649322582247e-18,7.579795148463252e-13,1.57714303016812e-16,4.282726663328002e-14,3.3785573586158e-15,3.121581679716851e-16,37825.993524773825,413.18032107650197,0.0015621014422393907,2428.1905540753914,6.996755900158662e-14,0.05450279651969925,0.40967800771732343,0.2961157336492968,0.23018945599360685
1st2KB_B64-T51,0→-V,-8.5,3.62615978910519e-11,3.818352758220557e-11,1.4167810968783853e-11,2.3164793284361703e-11,7.179004639234448e-18,7.809485910537896e-13,3.7455224961916096e-16,5.606460933088014e-14,4.59573523531404e-15,3.216175063950695e-16,37825.993524773825,413.18032107650197,0.0015621014422393907,2428.1905540753914,6.996755900158662e-14,0.04303172970663438,0.3873174207023826,0.28992477869186617,0.22300707280729198
1st2KB_B64-T51,0→-V,-8.75,8.20692888647834e-11,6.429120275444225e-11,3.322457117162069e-11,3.0192736639152395e-11,9.717406337031173e-18,8.03917667261254e-13,8.783529016854649e-16,7.307399481293807e-14,6.220726819828381e-15,3.310768448184539e-16,37825.993524773825,413.18032107650197,0.0015621014422393907,2428.1905540753914,6.996755900158662e-14,0.03172815069704393,0.3652833181953399,0.28382421719688566,0.215929558819561
1st2KB_B64-T51,0→-V,-9.0,1.37386643728199e-10,1.1706387855042527e-10,7.697767111968623e-11,3.9189340036597737e-11,1.309167100842485e-17,8.268867434687184e-13,2.0350469068121196e-15,9.484803132562955e-14,8.38080719627078e-15,3.405361832418383e-16,37825.993524773825,413.18032107650197,0.0015621014422393907,2428.1905540753914,6.996755900158662e-14,0.020584930517523414,0.34356180366566913,0.277810201644856,0.20895245036373394
1st2KB_B64-T51,0→-V,-9.25,2.77503853229888e-10,2.278779018629464e-10,1.7629347982159956e-10,5.0664581104159666e-11,1.7558509381394697e-17,8.498558196761828e-13,4.660643737120549e-15,1.226209926265557e-13,1.1240313149076441e-14,3.499955216652227e-16,37825.993524773825,413.18032107650197,0.0015621014422393907,2428.1905540753914,6.996755900158662e-14,0.009595432017751593,0.3221399392951436,0.27187914995406204,0.20207159171849476
1st2KB_B64-T51,0→-V,-9.5,6.29410579211509e-10,4.654727495060227e-10,3.9927910715585765e-10,6.52508264469964e-11,2.3448283410078115e-17,8.728248958836472e-13,1.0555680629891534e-14,1.579233644937193e-13,1.5010730273997587e-14,3.594548600886071e-16,37825.993524773825,413.18032107650197,0.0015621014422393907,2428.1905540753914,6.996755900158662e-14,0.0,0.3010056558591012,0.26602772052948187,0.1952831061610979
1st2KB_B64-T51,-V→0,-9.25,5.32822119758691e-10,4.137395930926246e-10,5.772762668933881e-17,1.9644130927338784e-17,4.136695480676375e-10,9.422789371197392e-20,4.660643737120549e-15,1.226209926265557e-13,1.1240313149076441e-14,3.499955216652227e-16,0.012386191681968002,0.00016020202174651542,36802.31525414633,0.0002692259982746427,6.996755900158662e-14,0.009595432017751593,0.3221399392951436,0.27187914995406204,0.20207159171849476
1st2KB_B64-T51,-V→0,-9.0,4.35702390833015e-10,3.085031165733856e-10,2.5206481069570987e-17,1.519484637704268e-17,3.084331085213754e-10,9.168119388192057e-20,2.0350469068121196e-15,9.484803132562955e-14,8.38080719627078e-15,3.405361832418383e-16,0.012386191681968002,0.00016020202174651542,36802.31525414633,0.0002692259982746427,6.996755900158662e-14,0.020584930517523414,0.34356180366566913,0.277810201644856,0.20895245036373394
1st2KB_B64-T51,-V→0,-8.75,2.98526925401887e-10,2.2900713976743243e-10,1.0879447404688964e-17,1.1706601706127061e-17,2.2893714953324722e-10,8.913449405186722e-20,8.783529016854649e-16,7.307399481293807e-14,6.220726819828381e-15,3.310768448184539e-16,0.012386191681968002,0.00016020202174651542,36802.31525414633,0.0002692259982746427,6.996755900158662e-14,0.03172815069704393,0.3652833181953399,0.28382421719688566,0.215929558819561
1st2KB_B64-T51,-V→0,-8.5,2.49925496964565e-10,1.6920367822114478e-10,4.639275958695254e-18,8.98166376323555e-18,1.6913369695461567e-10,8.658779422181387e-20,3.7455224961916096e-16,5.606460933088014e-14,4.59573523531404e-15,3.216175063950695e-16,0.012386191681968002,0.00016020202174651542,36802.31525414633,0.0002692259982746427,6.996755900158662e-14,0.04303172970663438,0.3873174207023826,0.28992477869186617,0.22300707280729198
1st2KB_B64-T51,-V→0,-8.25,1.89208260170659e-10,1.2440870947353152e-10,1.953479588154218e-18,6.86101470052854e-18,1.2433873301599456e-10,8.404109439176052e-20,1.57714303016812e-16,4.282726663328002e-14,3.3785573586158e-15,3.121581679716851e-16,0.012386191681968002,0.00016020202174651542,36802.31525414633,0.0002692259982746427,6.996755900158662e-14,0.05450279651969925,0.40967800771732343,0.2961157336492968,0.23018945599360685
1st2KB_B64-T51,-V→0,-8.0,1.30652433316669e-10,9.100711786569129e-11,8.1176733447545285e-19,5.217143804737064e-18,9.093714419628417e-11,8.149439456170717e-20,6.553808913333996e-17,3.256602974082344e-14,2.4709625893995555e-15,3.026988295483007e-16,0.012386191681968002,0.00016020202174651542,36802.31525414633,0.0002692259982746427,6.996755900158662e-14,0.06614902452018956,0.4323800369918984,0.30240122340800724,0.23748151291715647
1st2KB_B64-T51,-V→0,-7.75,9.89884771374072e-11,6.621883037300579e-11,3.326957203036693e-19,3.948114835372918e-18,6.614885845424595e-11,7.894769473165382e-20,2.6860210857871073e-17,2.4644600563280934e-14,1.7974102443675277e-15,2.932394911249163e-16,0.012386191681968002,0.00016020202174651542,36802.31525414633,0.0002692259982746427,6.996755900158662e-14,0.07797869154816706,0.45543964454606223,0.3087857155328546,0.2448884265849139
1st2KB_B64-T51,-V→0,-7.5,7.3611679252128e-11,4.791398163047396e-11,1.3438867901573726e-19,2.9726944141477022e-18,4.784401088798828e-11,7.640099490160047e-20,1.0849878838172854e-17,1.8555910729087674e-14,1.300027200940787e-15,2.837801527015319e-16,0.012386191681968002,0.00016020202174651542,36802.31525414633,0.0002692259982746427,6.996755900158662e-14,0.09000074873849517,0.4788742788554672,0.31527404096708594,0.252415801574168
1st2KB_B64-T51,-V→0,-7.25,5.35862534900566e-11,3.446726244382527e-11,5.346384860681592e-20,2.2263612687090235e-18,3.439729253114427e-11,7.385429507154712e-20,4.316407333228128e-18,1.3897210811931901e-14,9.346502331064322e-16,2.743208142781475e-16,0.012386191681968002,0.00016020202174651542,36802.31525414633,0.0002692259982746427,6.996755900158662e-14,0.10222489977964833,0.502702855350913,0.32187143680845737,0.2600697136588708
1st2KB_B64-T51,-V→0,-7.0,4.15831188926852e-11,2.464349951768489e-11,2.0931213286383896e-20,1.6580451919739054e-18,2.4573530208399303e-11,7.130759524149377e-20,1.6898828811809735e-18,1.0349714528555691e-14,6.677169639654866e-16,2.648614758547631e-16,0.012386191681968002,0.00016020202174651542,36802.31525414633,0.0002692259982746427,6.996755900158662e-14,0.11466169258784842,0.5269459351190315,0.3285835957859267,0.26785676720959734
1st2KB_B64-T51,-V→0,-6.75,2.67706221773745e-11,1.750805885224563e-11,8.057284399793408e-21,1.2274691862369888e-18,1.743808998895668e-11,6.876089541144042e-20,6.505053858905897e-19,7.662008087383502e-15,4.738313301360033e-16,2.554021374313787e-16,0.012386191681968002,0.00016020202174651542,36802.31525414633,0.0002692259982746427,6.996755900158662e-14,0.12732262585959975,0.5516259326054829,0.3354167237662444,0.2757841619093222
1st2KB_B64-T51,-V→0,-6.5,1.89723532023622e-11,1.2356922791265445e-11,3.046711493587796e-21,9.029890664190783e-19,1.2286954260013886e-11,6.621419558138707e-20,2.4597645279648324e-19,5.636564736042224e-15,3.338636217630242e-16,2.459427990079943e-16,0.012386191681968002,0.00016020202174651542,36802.31525414633,0.0002692259982746427,6.996755900158662e-14,0.1402202735648932,0.5767673582899533,0.3423776069431549,0.28385977070239493
1st2KB_B64-T51,-V→0,-6.25,1.26037678557789e-11,8.662312162257252e-12,1.1304999731168829e-21,6.598423572805817e-19,8.592343878615312e-12,6.366749575133372e-20,9.12709896749524e-20,4.11881417030203e-15,2.334729165618801e-16,2.364834605846099e-16,0.012386191681968002,0.00016020202174651542,36802.31525414633,0.0002692259982746427,6.996755900158662e-14,0.15336843121733568,0.6023971038109848,0.3494736907796433,0.2920922313787083
1st2KB_B64-T51,-V→0,-6.0,9.42270046710991e-12,6.030552733271628e-12,4.1115819095733453e-22,4.7873311534756875e-19,5.960584634004972e-12,6.112079592128037e-20,3.3194883586042397e-20,2.9883088248727532e-15,1.6196221875832726e-16,2.270241221612255e-16,0.012386191681968002,0.00016020202174651542,36802.31525414633,0.0002692259982746427,6.996755900158662e-14,0.16678228876633094,0.6285447789852514,0.3567131733181494,0.30049105482674154
1st2KB_B64-T51,-V→0,-5.75,6.47078918225574e-12,4.1695544292207035e-12,1.4638503453017201e-22,3.4469175039818666e-19,4.099586466806885e-12,5.857409609122702e-20,1.181840538955016e-20,2.151606744037137e-15,1.113947978135698e-16,2.1756478373784112e-16,0.012386191681968002,0.00016020202174651542,36802.31525414633,0.0002692259982746427,6.996755900158662e-14,0.18047863628442096,0.655243112754549,0.3641051161903884,0.30906675382064974
1st2KB_B64-T51,-V→0,-5.5,4.76890315431744e-12,2.863811425964949e-12,5.094756882035929e-23,2.4615936787970895e-19,2.7938435647256508e-12,5.602739626117367e-20,4.113255319189796e-21,1.5365559385336732e-15,7.591488593671787e-17,2.0810544531445672e-16,0.012386191681968002,0.00016020202174651542,36802.31525414633,0.0002692259982746427,6.996755900158662e-14,0.1944761103894722,0.6825284335373469,0.3716595776118384,0.31783099731267556
1st2KB_B64-T51,-V→0,-5.25,3.31491865207534e-12,1.95526531696208e-12,1.7306482258591416e-23,1.7425490621774784e-19,1.8852975302075845e-12,5.348069643112032e-20,1.3972399832780276e-21,1.0877197698133175e-15,5.12276881817966e-17,1.9864610689107232e-16,0.012386191681968002,0.00016020202174651542,36802.31525414633,0.0002692259982746427,6.996755900158662e-14,0.2087954917182856,0.7104412490950398,0.3793877729287717,0.3267967966904076
1st2KB_B64-T51,-V→0,-5.0,2.35540731884087e-12,1.3287217422110099e-12,5.7278300402956526e-24,1.2219066154363423e-19,1.2587540100790374e-12,5.0933996601066984e-20,4.624367349840315e-22,7.627285861409051e-16,3.420312014030748e-17,1.8918676846768795e-16,0.012386191681968002,0.00016020202174651542,36802.31525414633,0.0002692259982746427,6.996755900158662e-14,0.2234600670060548,0.7390269523345891,0.38730227003317585,0.3359787324857218
1st2KB_B64-T51,-V→0,-4.75,1.44523986961992e-12,9.007893854227178e-13,1.8433518183279296e-24,8.480789904549871e-20,8.30821693224092e-13,4.8387296771013634e-20,1.4882313027752574e-22,5.293809536292159e-16,2.2575256135019593e-17,1.7972743004430355e-16,0.012386191681968002,0.00016020202174651542,36802.31525414633,0.0002692259982746427,6.996755900158662e-14,0.23849607379635307,0.7683366881831135,0.3954172293735169,0.3453932328212054
1st2KB_B64-T51,-V→0,-4.5,9.43292536095819e-13,6.11532369753371e-13,5.755581888539973e-25,5.82093345221328e-20,5.415647067012774e-13,4.5840596940960284e-20,4.6467728227708866e-23,3.633495625556855e-16,1.4715506428369666e-17,1.7026809162091915e-16,0.012386191681968002,0.00016020202174651542,36802.31525414633,0.0002692259982746427,6.996755900158662e-14,0.25393325206924156,0.798428428878315,0.40374870166940047,0.3550589188012624
1st2KB_B64-T51,-V→0,-4.25,5.99687075171496e-13,4.182036868456177e-13,1.7390893780957358e-25,3.9469493323971667e-20,3.482360450804668e-13,4.3293897110906934e-20,1.4040549530874185e-23,2.463732535562097e-16,9.462340689047623e-18,1.6080875319753475e-16,0.012386191681968002,0.00016020202174651542,36802.31525414633,0.0002692259982746427,6.996755900158662e-14,0.2698055359917946,0.8293683223999766,0.41231500125054826,0.3649970376381189
1st2KB_B64-T51,-V→0,-4.0,3.90380165259802e-13,2.9056725369179343e-13,5.070244377586263e-26,2.6407454125317698e-20,2.205996275355047e-13,4.0747197280853585e-20,4.0934651326021365e-24,1.648384573267228e-16,5.994177975274283e-18,1.5134941477415035e-16,0.012386191681968002,0.00016020202174651542,36802.31525414633,0.0002692259982746427,6.996755900158662e-14,0.28615193191714805,0.8612324039563006,0.42113717991443067,0.37523201239368265
1st2KB_B64-T51,-V→0,-3.75,1.37269563120837e-13,2.074267352476652e-13,1.421444102781338e-26,1.740937859862659e-20,1.3745912063618833e-13,3.8200497450800235e-20,1.147603831168459e-24,1.0867140382393623e-16,3.735067201259886e-18,1.4189007635076595e-16,0.012386191681968002,0.00016020202174651542,36802.31525414633,0.0002692259982746427,6.996755900158662e-14,0.30301764785490326,0.8941087976641575,0.4302396365034325,0.3857921491752528
1st2KB_B64-T51,-V→0,-3.5,9.5923309985195e-14,1.540662701061947e-13,3.816741768722738e-27,1.1290614007444855e-20,8.409866416019266e-14,3.5653797620746885e-20,3.081448976992021e-25,7.047735031278055e-17,2.285146018108676e-18,1.3243073792738155e-16,0.012386191681968002,0.00016020202174651542,36802.31525414633,0.0002692259982746427,6.996755900158662e-14,0.32045556848124174,0.9281005917909928,0.43965091297040887,0.3967105606841334
1st2KB_B64-T51,-V→0,-3.25,2.54115372949788e-14,1.2037645028860362e-13,9.769458979651852e-28,7.18911774319813e-21,5.040885099080051e-14,3.3107097790693535e-20,7.887379131936391e-26,4.487532469829459e-17,1.3697195582041866e-18,1.2297139950399715e-16,0.012386191681968002,0.00016020202174651542,36802.31525414633,0.0002692259982746427,6.996755900158662e-14,0.33852821440761555,0.963329657963516,0.44940475179944783,0.40802639297324256
1st2KB_B64-T51,-V→0,-3.0,-3.11265742998154e-13,9.949217971528394e-14,2.3703539826083697e-28,4.4835616433030304e-21,2.9524585669737486e-14,3.0560397960640185e-20,1.913706846680861e-26,2.7986922976523256e-17,8.022480505872821e-19,1.1351206108061275e-16,0.012386191681968002,0.00016020202174651542,36802.31525414633,0.0002692259982746427,6.996755900158662e-14,0.3573103954785323,0.99994182324951,0.4595415279953563,0.4197864867574082
1st2KB_B64-T51,-V→0,-2.75,-4.56009775567316e-14,8.681046798751767e-14,5.414375018858233e-29,2.7307891850071355e-21,1.684287824144369e-14,2.8013698130586836e-20,4.371299232144582e-27,1.704590962858141e-17,4.576581153965874e-19,1.0405272265722836e-16,0.012386191681968002,0.00016020202174651542,36802.31525414633,0.0002692259982746427,6.996755900158662e-14,0.37689288454522624,1.0381140314565287,0.4701102318257795,0.4320476776745969
1st2KB_B64-T51,-V→0,-2.5,7.33966720408742e-14,7.928829654371152e-14,1.1545419327181804e-29,1.6183705323015626e-21,9.32071045675606e-15,2.5466998300533492e-20,9.321201886444074e-28,1.0102060602345451e-17,2.5326424145844856e-19,9.459338423384397e-17,0.012386191681968002,0.00016020202174651542,36802.31525414633,0.0002692259982746427,6.996755900158662e-14,0.39738763681442846,1.0780645172250543,0.48117128571292267,0.4448800642786355
1st2KB_B64-T51,-V→0,-2.25,4.88035921896411e-14,7.494541734257433e-14,2.273983074724676e-30,9.288710554511027e-22,4.977834491818196e-15,2.2920298470480142e-20,1.8359017308243126e-28,5.798123178001071e-18,1.3525873188799905e-19,8.513404581045957e-17,0.012386191681968002,0.00016020202174651542,36802.31525414633,0.0002692259982746427,6.996755900158662e-14,0.41893543261696037,1.1200677041016165,0.49280066904921804,0.45837179340865697
1st2KB_B64-T51,-V→0,-2.0,-1.0155241312584e-13,7.251590217070278e-14,4.080814966162178e-31,5.13153642353273e-22,2.5483222823638863e-15,2.0373598640426792e-20,3.29464864660789e-29,3.2031658324838507e-18,6.924353168451215e-20,7.567470738707517e-17,0.012386191681968002,0.00016020202174651542,36802.31525414633,0.0002692259982746427,6.996755900158662e-14,0.44171747961829344,1.1644768207647311,0.5050961799307936,0.47263632468536826
1st2KB_B64-T51,-V→0,-1.75,-2.23017066511115e-13,7.120672029951691e-14,6.552821218159374e-32,2.7060338212222e-22,1.2391432004280995e-15,1.7826898810373442e-20,5.2904245198296636e-30,1.6891383714894094e-18,3.3670251229329696e-20,6.621536896369077e-17,0.012386191681968002,0.00016020202174651542,36802.31525414633,0.0002692259982746427,6.996755900158662e-14,0.46597381365212287,1.2117597698282978,0.5181873661197534,0.48782395183158866
1st2KB_B64-T51,-V→0,-1.5,3.04683510951413e-14,7.053258782853759e-14,9.184078578977987e-33,1.346196256867764e-22,5.650134121323701e-16,1.5280198980320093e-20,7.414771880487125e-31,8.403116528690409e-19,1.535265942456468e-20,5.675603054030637e-17,0.012386191681968002,0.00016020202174651542,36802.31525414633,0.0002692259982746427,6.996755900158662e-14,0.49203411174136413,1.2625591917614076,0.5322521548858647,0.5041410956401609
1st2KB_B64-T51,-V→0,-1.25,-6.970530245674e-14,7.020459678786685e-14,1.0839922545175415e-33,6.208547794126254e-23,2.370249906956181e-16,1.2733499150266746e-20,8.75161859553355e-32,3.8754490901181757e-19,6.440491285909348e-21,4.7296692116921986e-17,0.012386191681968002,0.00016020202174651542,36802.31525414633,0.0002692259982746427,6.996755900158662e-14,0.5203730008612261,1.3178002784360765,0.547546703243378,0.5218849344696509
1st2KB_B64-T51,-V→0,-1.0,-1.78400209101953e-13,7.005631977082912e-14,1.0198717535181199e-34,2.581542511475017e-23,8.875055662775834e-17,1.0186799320213396e-20,8.233941309037418e-33,1.6114294210092693e-19,2.4115481869787873e-21,3.7837353693537587e-17,0.012386191681968002,0.00016020202174651542,36802.31525414633,0.0002692259982746427,6.996755900158662e-14,0.5517189333167727,1.3789030042469324,0.5644641581840053,0.5415115744236314
1st2KB_B64-T51,-V→0,-0.75,-3.78850108836287e-13,6.999568509174985e-14,6.973289912680034e-36,9.212090979159668e-24,2.811844085166219e-17,7.640099490160046e-21,5.629890196864829e-34,5.750296331300852e-20,7.640399974154949e-22,2.8378015270153187e-17,0.012386191681968002,0.00016020202174651542,36802.31525414633,0.0002692259982746427,6.996755900158662e-14,0.5872981650974648,1.4482577138935369,0.5836663322244682,0.5637888116054941
1st2KB_B64-T51,-V→0,-0.5,4.73721200613085e-14,6.997430908079075e-14,2.8933739647091335e-37,2.5446304761510678e-24,6.7449832598407255e-18,5.093399660106698e-21,2.3359673731848903e-35,1.5883884912372628e-20,1.832760578583654e-22,1.8918676846768793e-17,0.012386191681968002,0.00016020202174651542,36802.31525414633,0.0002692259982746427,6.996755900158662e-14,0.6295017071673454,1.5305252126511475,0.6064436581921868,0.5902137305694741
1st2KB_B64-T51,-V→0,-0.25,-2.24641201365498e-13,6.9968451618858e-14,4.574081510039714e-39,4.0357630436824674e-25,8.900701679634837e-19,2.546699830053349e-21,3.6928877151955657e-37,2.519171106384773e-21,2.4185167748738422e-23,9.459338423384397e-18,0.012386191681968002,0.00016020202174651542,36802.31525414633,0.0002692259982746427,6.996755900158662e-14,0.6845024340165851,1.637738304392248,0.6361276473187927,0.6246513554386057
1st2KB_B64-T51,-V→0,0.0,-2.45360996060581e-13,6.996755900165012e-14,6.349622033583896e-26,0.0,0.0,0.0,5.126371524532248e-24,0.0,0.0,0.0,0.012386191681968002,0.00016020202174651542,36802.31525414633,0.0002692259982746427,6.996755900158662e-14,0.8172859347163973,1.8965736045375639,0.70779113645358,0.70779113645358
1st2KB_B64-T51,0→+V,0.25,-2.74119594211031e-13,1.2509663944911507e-13,1.1361299281147058e-19,1.2213702631795098e-25,2.6399069807201276e-25,5.512896683414951e-14,8.719161294657108e-22,2.519171106384773e-21,2.4185167748738422e-23,9.459338423384397e-18,130.30266211624033,4.848302126377914e-05,0.010915396610626502,5827.993921632552,6.996755900158662e-14,0.6845024340165851,1.637738304392248,0.6361276473187927,0.6246513554386057
1st2KB_B64-T51,0→+V,0.5,-3.02237916768519e-13,1.8022644634578255e-13,9.53673126292615e-19,7.700987299579828e-25,2.0005308607561883e-24,1.1025793366829902e-13,7.318907463623904e-21,1.5883884912372628e-20,1.832760578583654e-22,1.8918676846768793e-17,130.30266211624033,4.848302126377914e-05,0.010915396610626502,5827.993921632552,6.996755900158662e-14,0.6295017071673454,1.5305252126511475,0.6064436581921868,0.5902137305694741
1st2KB_B64-T51,0→+V,0.75,-2.93946724599925e-13,2.3535933915588507e-13,4.879640722185416e-18,2.7879173930349035e-24,8.339799598172174e-24,1.6538690050244853e-13,3.744851135759904e-20,5.750296331300852e-20,7.640399974154949e-22,2.8378015270153187e-17,130.30266211624033,4.848302126377914e-05,0.010915396610626502,5827.993921632552,6.996755900158662e-14,0.5872981650974648,1.4482577138935369,0.5836663322244682,0.5637888116054941
1st2KB_B64-T51,0→+V,1.0,-3.25646546403893e-13,2.905027501767842e-13,1.9323804463866313e-17,7.81269668838717e-24,2.632300490651074e-23,2.2051586733659803e-13,1.4829938352777431e-19,1.6114294210092693e-19,2.4115481869787873e-21,3.7837353693537587e-17,130.30266211624033,4.848302126377914e-05,0.010915396610626502,5827.993921632552,6.996755900158662e-14,0.5517189333167727,1.3789030042469324,0.5644641581840053,0.5415115744236314
1st2KB_B64-T51,0→+V,1.25,-2.92594995541379e-13,3.456773585127443e-13,6.49652513202508e-17,1.8789348064289302e-23,7.030051675298441e-23,2.7564483417074757e-13,4.985719421625986e-19,3.8754490901181757e-19,6.440491285909348e-21,4.7296692116921986e-17,130.30266211624033,4.848302126377914e-05,0.010915396610626502,5827.993921632552,6.996755900158662e-14,0.5203730008612261,1.3178002784360765,0.547546703243378,0.5218849344696509
1st2KB_B64-T51,0→+V,1.5,-3.84256618494658e-13,4.009357858411943e-13,1.9442562638939254e-16,4.07408477342511e-23,1.6758036664699632e-22,3.3077380100489705e-13,1.4921078605128531e-18,8.403116528690409e-19,1.535265942456468e-20,5.675603054030637e-17,130.30266211624033,4.848302126377914e-05,0.010915396610626502,5827.993921632552,6.996755900158662e-14,0.49203411174136413,1.2625591917614076,0.5322521548858647,0.5041410956401609
1st2KB_B64-T51,0→+V,1.75,-4.29687047661526e-13,4.56403106471406e-13,5.327791813541849e-16,8.18945315823863e-23,3.675241461475682e-22,3.859027678390466e-13,4.0887820148977735e-18,1.6891383714894094e-18,3.3670251229329696e-20,6.621536896369077e-17,130.30266211624033,4.848302126377914e-05,0.010915396610626502,5827.993921632552,6.996755900158662e-14,0.46597381365212287,1.2117597698282978,0.5181873661197534,0.48782395183158866
1st2KB_B64-T51,0→+V,2.0,-6.95743918206759e-13,5.123608512597562e-13,1.361556673853727e-15,1.5529915716772535e-22,7.558206110569327e-22,4.4103173467319607e-13,1.044918539453254e-17,3.2031658324838507e-18,6.924353168451215e-20,7.567470738707517e-17,130.30266211624033,4.848302126377914e-05,0.010915396610626502,5827.993921632552,6.996755900158662e-14,0.44171747961829344,1.1644768207647311,0.5050961799307936,0.47263632468536826
1st2KB_B64-T51,0→+V,2.25,-7.24842115582686e-13,5.694149411023544e-13,3.286678835908982e-15,2.811105293290366e-22,1.4764027036079035e-21,4.961607015073456e-13,2.522342047760316e-17,5.798123178001071e-18,1.3525873188799905e-19,8.513404581045957e-17,130.30266211624033,4.848302126377914e-05,0.010915396610626502,5827.993921632552,6.996755900158662e-14,0.41893543261696037,1.1200677041016165,0.49280066904921804,0.45837179340865697
1st2KB_B64-T51,0→+V,2.5,-5.85230811294551e-13,6.288211049451077e-13,7.563874347767881e-15,4.897784189915e-22,2.7644796428084413e-21,5.512896683414951e-13,5.804850204073578e-17,1.0102060602345451e-17,2.5326424145844856e-19,9.459338423384397e-17,130.30266211624033,4.848302126377914e-05,0.010915396610626502,5827.993921632552,6.996755900158662e-14,0.39738763681442846,1.0780645172250543,0.48117128571292267,0.4448800642786355
1st2KB_B64-T51,0→+V,2.75,-6.89674120764316e-13,6.930986834544237e-13,1.6712483455235498e-14,8.264371989829701e-22,4.995519841625623e-21,6.064186351756446e-13,1.2825895636979876e-16,1.704590962858141e-17,4.576581153965874e-19,1.0405272265722836e-16,130.30266211624033,4.848302126377914e-05,0.010915396610626502,5827.993921632552,6.996755900158662e-14,0.37689288454522624,1.0381140314565287,0.4701102318257795,0.4320476776745969
1st2KB_B64-T51,0→+V,3.0,-8.10224446128743e-13,7.671612962901259e-13,3.5646125164998956e-14,1.356890581778526e-21,8.756855652262138e-21,6.615476020097941e-13,2.7356405913794593e-16,2.7986922976523256e-17,8.022480505872821e-19,1.1351206108061275e-16,130.30266211624033,4.848302126377914e-05,0.010915396610626502,5827.993921632552,6.996755900158662e-14,0.3573103954785323,0.99994182324951,0.4595415279953563,0.4197864867574082
1st2KB_B64-T51,0→+V,3.25,-9.47398301302804e-13,8.603562956201691e-13,7.371215064791528e-14,2.17569132156641e-21,1.495103222313081e-20,7.166765688439436e-13,5.65699498772774e-16,4.487532469829459e-17,1.3697195582041866e-18,1.2297139950399715e-16,130.30266211624033,4.848302126377914e-05,0.010915396610626502,5827.993921632552,6.996755900158662e-14,0.33852821440761555,0.963329657963516,0.44940475179944783,0.40802639297324256
1st2KB_B64-T51,0→+V,3.5,-1.08777732914928e-12,9.900748373939803e-13,1.4830171435407065e-13,3.416954873829351e-21,2.4943275100850087e-20,7.718055356780932e-13,1.1381326516704145e-15,7.047735031278055e-17,2.285146018108676e-18,1.3243073792738155e-16,130.30266211624033,4.848302126377914e-05,0.010915396610626502,5827.993921632552,6.996755900158662e-14,0.32045556848124174,0.9281005917909928,0.43965091297040887,0.3967105606841334
1st2KB_B64-T51,0→+V,3.75,-1.28735759032106e-12,1.1880343762429512e-12,2.911322686906641e-13,5.26871798236063e-21,4.076973986909437e-20,8.269345025122426e-13,2.2342772124713077e-15,1.0867140382393623e-16,3.735067201259886e-18,1.4189007635076595e-16,130.30266211624033,4.848302126377914e-05,0.010915396610626502,5827.993921632552,6.996755900158662e-14,0.30301764785490326,0.8941087976641575,0.4302396365034325,0.3857921491752528
1st2KB_B64-T51,0→+V,4.0,-1.5744818643304e-12,1.5110440948162503e-12,5.590129930475751e-13,7.991866431660052e-21,6.542882995480093e-20,8.820634693463921e-13,4.290111836309922e-15,1.648384573267228e-16,5.994177975274283e-18,1.5134941477415035e-16,130.30266211624033,4.848302126377914e-05,0.010915396610626502,5827.993921632552,6.996755900158662e-14,0.28615193191714805,0.8612324039563006,0.42113717991443067,0.37523201239368265
1st2KB_B64-T51,0→+V,4.25,-1.90146401228553e-12,2.059192879414642e-12,1.0520327690023924e-12,1.1944919690992165e-20,1.0328520148582366e-19,9.371924361805417e-13,8.073762668516285e-15,2.463732535562097e-16,9.462340689047623e-18,1.6080875319753475e-16,130.30266211624033,4.848302126377914e-05,0.010915396610626502,5827.993921632552,6.996755900158662e-14,0.2698055359917946,0.8293683223999766,0.41231500125054826,0.3649970376381189
1st2KB_B64-T51,0→+V,4.5,-2.85178066057601e-12,3.0061801077245095e-12,1.943890967466358e-12,1.761628456757215e-20,1.6062558899187874e-19,9.923214030146912e-13,1.4918275159507122e-14,3.633495625556855e-16,1.4715506428369666e-17,1.7026809162091915e-16,130.30266211624033,4.848302126377914e-05,0.010915396610626502,5827.993921632552,6.996755900158662e-14,0.25393325206924156,0.798428428878315,0.40374870166940047,0.3550589188012624
1st2KB_B64-T51,0→+V,4.75,-4.22287378676334e-12,4.649291233963796e-12,3.5318730330295065e-12,2.5665988031444952e-20,2.46417874300218e-19,1.0474503698488407e-12,2.7105148702785484e-14,5.293809536292159e-16,2.2575256135019593e-17,1.7972743004430355e-16,130.30266211624033,4.848302126377914e-05,0.010915396610626502,5827.993921632552,6.996755900158662e-14,0.23849607379635307,0.7683366881831135,0.3954172293735169,0.3453932328212054
1st2KB_B64-T51,0→+V,5.0,-5.90384295270918e-12,7.490827471384151e-12,6.318280165379567e-12,3.69793862603617e-20,3.733406216523633e-19,1.1025793366829903e-12,4.848926386279936e-14,7.627285861409051e-16,3.420312014030748e-17,1.8918676846768795e-16,130.30266211624033,4.848302126377914e-05,0.010915396610626502,5827.993921632552,6.996755900158662e-14,0.2234600670060548,0.7390269523345891,0.38730227003317585,0.3359787324857218
1st2KB_B64-T51,0→+V,5.25,-1.24505926402119e-11,1.2369413445015515e-11,1.1141736970590316e-11,5.2735940728892027e-20,5.591705339498139e-19,1.1577083035171396e-12,8.550659510433488e-14,1.0877197698133175e-15,5.12276881817966e-17,1.9864610689107232e-16,130.30266211624033,4.848302126377914e-05,0.010915396610626502,5827.993921632552,6.996755900158662e-14,0.2087954917182856,0.7104412490950398,0.3793877729287717,0.3267967966904076
1st2KB_B64-T51,0→+V,5.5,-2.90187006368736e-11,2.0669685656419435e-11,1.9386879923928596e-11,7.449687424091419e-20,8.286410886497478e-19,1.2128372703512891e-12,1.4878345237976764e-13,1.5365559385336732e-15,7.591488593671787e-17,2.0810544531445672e-16,130.30266211624033,4.848302126377914e-05,0.010915396610626502,5827.993921632552,6.996755900158662e-14,0.1944761103894722,0.6825284335373469,0.3716595776118384,0.31783099731267556
1st2KB_B64-T51,0→+V,5.75,-5.5205975207917e-11,3.4654110214212784e-11,3.331617509779096e-11,1.0431639552244311e-19,1.215918398495664e-18,1.2679662371854387e-12,2.556829964691764e-13,2.151606744037137e-15,1.113947978135698e-16,2.1756478373784112e-16,130.30266211624033,4.848302126377914e-05,0.010915396610626502,5827.993921632552,6.996755900158662e-14,0.18047863628442096,0.655243112754549,0.3641051161903884,0.30906675382064974
1st2KB_B64-T51,0→+V,6.0,-1.02915717614671e-10,5.798357982523459e-11,5.659051514944932e-11,1.4488224029904455e-19,1.767881853684193e-18,1.3230952040195882e-12,4.3430052947779445e-13,2.9883088248727532e-15,1.6196221875832726e-16,2.270241221612255e-16,130.30266211624033,4.848302126377914e-05,0.010915396610626502,5827.993921632552,6.996755900158662e-14,0.16678228876633094,0.6285447789852514,0.3567131733181494,0.30049105482674154
1st2KB_B64-T51,0→+V,6.25,-1.6081259934797e-10,9.652761720156982e-11,9.507942272357247e-11,1.9969255500030814e-19,2.54844948211263e-18,1.3782241708537377e-12,7.296813524711725e-13,4.11881417030203e-15,2.334729165618801e-16,2.364834605846099e-16,130.30266211624033,4.848302126377914e-05,0.010915396610626502,5827.993921632552,6.996755900158662e-14,0.15336843121733568,0.6023971038109848,0.3494736907796433,0.2920922313787083
1st2KB_B64-T51,0→+V,6.5,-2.31635141623165e-10,1.5961569999442228e-10,1.5811237538020128e-10,2.732776879522028e-19,3.644253845403603e-18,1.4333531376878873e-12,1.2134239839179377e-12,5.636564736042224e-15,3.338636217630242e-16,2.459427990079943e-16,130.30266211624033,4.848302126377914e-05,0.010915396610626502,5827.993921632552,6.996755900158662e-14,0.1402202735648932,0.5767673582899533,0.3423776069431549,0.28385977070239493
1st2KB_B64-T51,0→+V,6.75,-3.75288022880227e-10,2.619559540437551e-10,2.6039749883669726e-10,3.7147730102386206e-19,5.172056894975177e-18,1.4884821045220368e-12,1.9984050564093772e-12,7.662008087383502e-15,4.738313301360033e-16,2.554021374313787e-16,130.30266211624033,4.848302126377914e-05,0.010915396610626502,5827.993921632552,6.996755900158662e-14,0.12732262585959975,0.5516259326054829,0.3354167237662444,0.2757841619093222
1st2KB_B64-T51,0→+V,7.0,-6.15739570442031e-10,4.2655702335407716e-10,4.2494343693353844e-10,5.017854295620094e-19,7.28839548532669e-18,1.5436110713561863e-12,3.261203033246206e-12,1.0349714528555691e-14,6.677169639654866e-16,2.648614758547631e-16,130.30266211624033,4.848302126377914e-05,0.010915396610626502,5827.993921632552,6.996755900158662e-14,0.11466169258784842,0.5269459351190315,0.3285835957859267,0.26785676720959734
1st2KB_B64-T51,0→+V,7.25,-8.63953464325107e-10,6.891486891495053e-10,6.874799706764567e-10,6.737787673021157e-19,1.020207798657122e-17,1.5987400381903357e-12,5.276023985320959e-12,1.3897210811931901e-14,9.346502331064322e-16,2.743208142781475e-16,130.30266211624033,4.848302126377914e-05,0.010915396610626502,5827.993921632552,6.996755900158662e-14,0.10222489977964833,0.502702855350913,0.32187143680845737,0.2600697136588708
1st2KB_B64-T51,0→+V,7.5,-1.26739829742206e-09,1.104828587094022e-09,1.1031047354400367e-09,8.996466144471451e-19,1.4190312502871326e-17,1.6538690050244852e-12,8.465711425419534e-12,1.8555910729087674e-14,1.300027200940787e-15,2.837801527015319e-16,130.30266211624033,4.848302126377914e-05,0.010915396610626502,5827.993921632552,6.996755900158662e-14,0.09000074873849517,0.4788742788554672,0.31527404096708594,0.252415801574168
1st2KB_B64-T51,0→+V,7.75,-2.02255590053824e-09,1.7579969733778568e-09,1.7562179870327062e-09,1.1948446931468929e-18,1.9619445689274664e-17,1.7089979718586347e-12,1.3477990077179085e-11,2.4644600563280934e-14,1.7974102443675277e-15,2.932394911249163e-16,130.30266211624033,4.848302126377914e-05,0.010915396610626502,5827.993921632552,6.996755900158662e-14,0.07797869154816706,0.45543964454606223,0.3087857155328546,0.2448884265849139
1st2KB_B64-T51,0→+V,8.0,-3.05179614912277e-09,2.7771222663628715e-09,2.775288143314741e-09,1.5788995124012066e-18,2.6971536673316793e-17,1.7641269386927843e-12,2.129878314258049e-11,3.256602974082344e-14,2.4709625893995555e-15,3.026988295483007e-16,130.30266211624033,4.848302126377914e-05,0.010915396610626502,5827.993921632552,6.996755900158662e-14,0.06614902452018956,0.4323800369918984,0.30240122340800724,0.23748151291715647
1st2KB_B64-T51,0→+V,8.25,-4.52408643880631e-09,4.356567787590408e-09,4.354678525171191e-09,2.076395278850854e-18,3.687829354104213e-17,1.819255905526934e-12,3.341972032226381e-11,4.282726663328002e-14,3.3785573586158e-15,3.121581679716851e-16,130.30266211624033,4.848302126377914e-05,0.010915396610626502,5827.993921632552,6.996755900158662e-14,0.05450279651969925,0.40967800771732343,0.2961157336492968,0.23018945599360685
1st2KB_B64-T51,0→+V,8.5,-8.7346245791764e-09,6.788689545571378e-09,6.7867451402575615e-09,2.718181646334532e-18,5.016427281088366e-17,1.8743848723610833e-12,5.208447034031619e-11,5.606460933088014e-14,4.59573523531404e-15,3.216175063950695e-16,130.30266211624033,4.848302126377914e-05,0.010915396610626502,5827.993921632552,6.996755900158662e-14,0.04303172970663438,0.3873174207023826,0.28992477869186617,0.22300707280729198
1st2KB_B64-T51,0→+V,8.75,-1.16193596966241e-08,1.0510803994300928e-08,1.0508804441458185e-08,3.542848044344963e-18,6.790170044478808e-17,1.929513839195233e-12,8.064919220210173e-11,7.307399481293807e-14,6.220726819828381e-15,3.310768448184539e-16,130.30266211624033,4.848302126377914e-05,0.010915396610626502,5827.993921632552,6.996755900158662e-14,0.03172815069704393,0.3652833181953399,0.28382421719688566,0.215929558819561
1st2KB_B64-T51,0→+V,9.0,-1.67453464428036e-08,1.6173586921041445e-08,1.6171532214598064e-08,4.5985191195880875e-18,9.147983446448826e-17,1.9846428060293824e-12,1.241074583738878e-10,9.484803132562955e-14,8.38080719627078e-15,3.405361832418383e-16,130.30266211624033,4.848302126377914e-05,0.010915396610626502,5827.993921632552,6.996755900158662e-14,0.020584930517523414,0.34356180366566913,0.277810201644856,0.20895245036373394
1st2KB_B64-T51,0→+V,9.25,-2.59294328230908e-08,2.4740225750800258e-08,2.473811588283088e-08,5.945036192899005e-18,1.2269247604980949e-16,2.039771772863532e-12,1.8985119322245707e-10,1.226209926265557e-13,1.1240313149076441e-14,3.499955216652227e-16,130.30266211624033,4.848302126377914e-05,0.010915396610626502,5827.993921632552,6.996755900158662e-14,0.009595432017751593,0.3221399392951436,0.27187914995406204,0.20207159171849476
1st2KB_B64-T51,0→+V,9.5,-4.13481835437324e-08,3.585824294551331e-08,3.585607790570993e-08,7.656601838796536e-18,1.6384807435582187e-16,2.0949007396976815e-12,2.751753289101911e-10,1.579233644937193e-13,1.5010730273997587e-14,3.594548600886071e-16,130.30266211624033,4.848302126377914e-05,0.010915396610626502,5827.993921632552,6.996755900158662e-14,0.0,0.3010056558591012,0.26602772052948187,0.1952831061610979
1st2KB_B64-T51,+V→0,9.25,-3.75224047388656e-08,3.8209254551179476e-08,3.1097960098600617e-15,3.8209163561302215e-08,1.7912430386339773e-14,9.186363705551551e-20,1.8985119322245707e-10,1.226209926265557e-13,1.1240313149076441e-14,3.499955216652227e-16,1.6380176268980178e-05,311603.7698183448,1.5935881989027632,0.0002624708928229796,6.996755900158662e-14,0.009595432017751593,0.3221399392951436,0.27187914995406204,0.20207159171849476
1st2KB_B64-T51,+V→0,9.0,-3.06007521544416e-08,2.9555089477020502e-08,2.0329020444594023e-15,2.955500412091463e-08,1.3355555445256467e-14,8.938083605401509e-20,1.241074583738878e-10,9.484803132562955e-14,8.38080719627078e-15,3.405361832418383e-16,1.6380176268980178e-05,311603.7698183448,1.5935881989027632,0.0002624708928229796,6.996755900158662e-14,0.020584930517523414,0.34356180366566913,0.277810201644856,0.20895245036373394
1st2KB_B64-T51,+V→0,8.75,-2.42547475437505e-08,2.2770213461368407e-08,1.321047984221288e-15,2.2770132259397676e-08,9.913276848676423e-15,8.689803505251467e-20,8.064919220210173e-11,7.307399481293807e-14,6.220726819828381e-15,3.310768448184539e-16,1.6380176268980178e-05,311603.7698183448,1.5935881989027632,0.0002624708928229796,6.996755900158662e-14,0.03172815069704393,0.3652833181953399,0.28382421719688566,0.215929558819561
1st2KB_B64-T51,+V→0,8.5,-1.87058990519517e-08,1.747002176540066e-08,8.531528050508492e-16,1.7469943620895e-08,7.323709436278068e-15,8.441523405101425e-20,5.208447034031619e-11,5.606460933088014e-14,4.59573523531404e-15,3.216175063950695e-16,1.6380176268980178e-05,311603.7698183448,1.5935881989027632,0.0002624708928229796,6.996755900158662e-14,0.04303172970663438,0.3873174207023826,0.28992477869186617,0.22300707280729198
1st2KB_B64-T51,+V→0,8.25,-1.49223069456639e-08,1.3345213633036446e-08,5.474209097387002e-16,1.3345137733945466e-08,5.384029136006229e-15,8.193243304951382e-20,3.341972032226381e-11,4.282726663328002e-14,3.3785573586158e-15,3.121581679716851e-16,1.6380176268980178e-05,311603.7698183448,1.5935881989027632,0.0002624708928229796,6.996755900158662e-14,0.05450279651969925,0.40967800771732343,0.2961157336492968,0.23018945599360685
1st2KB_B64-T51,+V→0,8.0,-1.10290638843935e-08,1.0147771889470012e-08,3.48877822190252e-16,1.0147697635256916e-08,3.937696822397346e-15,7.94496320480134e-20,2.129878314258049e-11,3.256602974082344e-14,2.4709625893995555e-15,3.026988295483007e-16,1.6380176268980178e-05,311603.7698183448,1.5935881989027632,0.0002624708928229796,6.996755900158662e-14,0.06614902452018956,0.4323800369918984,0.30240122340800724,0.23748151291715647
1st2KB_B64-T51,+V→0,7.75,-8.43901837299654e-09,7.67942349392522e-09,2.2077185321575916e-16,7.679350441185643e-09,2.864331754011024e-15,7.696683104651298e-20,1.3477990077179085e-11,2.4644600563280934e-14,1.7974102443675277e-15,2.932394911249163e-16,1.6380176268980178e-05,311603.7698183448,1.5935881989027632,0.0002624708928229796,6.996755900158662e-14,0.07797869154816706,0.45543964454606223,0.3087857155328546,0.2448884265849139
1st2KB_B64-T51,+V→0,7.5,-6.59183907458782e-09,5.782163913607728e-09,1.386698453906914e-16,5.78209173559639e-09,2.0717080056718293e-15,7.448403004501256e-20,8.465711425419534e-12,1.8555910729087674e-14,1.300027200940787e-15,2.837801527015319e-16,1.6380176268980178e-05,311603.7698183448,1.5935881989027632,0.0002624708928229796,6.996755900158662e-14,0.09000074873849517,0.4788742788554672,0.31527404096708594,0.252415801574168
1st2KB_B64-T51,+V→0,7.25,-5.24962295855858e-09,4.330494822459028e-09,8.642220287892461e-17,4.330423278958241e-09,1.4894475815801269e-15,7.200122904351214e-20,5.276023985320959e-12,1.3897210811931901e-14,9.346502331064322e-16,2.743208142781475e-16,1.6380176268980178e-05,311603.7698183448,1.5935881989027632,0.0002624708928229796,6.996755900158662e-14,0.10222489977964833,0.502702855350913,0.32187143680845737,0.2600697136588708
1st2KB_B64-T51,+V→0,7.0,-4.00492217167425e-09,3.225081148755121e-09,5.3419080533505675e-17,3.2250100636416466e-09,1.064065873982581e-15,6.951842804201172e-20,3.261203033246206e-12,1.0349714528555691e-14,6.677169639654866e-16,2.648614758547631e-16,1.6380176268980178e-05,311603.7698183448,1.5935881989027632,0.0002624708928229796,6.996755900158662e-14,0.11466169258784842,0.5269459351190315,0.3285835957859267,0.26785676720959734
1st2KB_B64-T51,+V→0,6.75,-2.8406381691326e-09,2.387581359859625e-09,3.273422708080688e-17,2.387510604407345e-09,7.55092015975134e-16,6.70356270405113e-20,1.9984050564093772e-12,7.662008087383502e-15,4.738313301360033e-16,2.554021374313787e-16,1.6380176268980178e-05,311603.7698183448,1.5935881989027632,0.0002624708928229796,6.996755900158662e-14,0.12732262585959975,0.5516259326054829,0.3354167237662444,0.2757841619093222
1st2KB_B64-T51,+V→0,6.5,-2.1705903741065e-09,1.7564453401166815e-09,1.987609874558399e-17,1.7563748205759007e-09,5.320411276844911e-16,6.455282603901088e-20,1.2134239839179377e-12,5.636564736042224e-15,3.338636217630242e-16,2.459427990079943e-16,1.6380176268980178e-05,311603.7698183448,1.5935881989027632,0.0002624708928229796,6.996755900158662e-14,0.1402202735648932,0.5767673582899533,0.3423776069431549,0.28385977070239493
1st2KB_B64-T51,+V→0,6.25,-1.67335745260289e-09,1.2835083742803958e-09,1.1952309173665662e-17,1.2834380226473305e-09,3.720596845964216e-16,6.207002503751047e-20,7.296813524711725e-13,4.11881417030203e-15,2.334729165618801e-16,2.364834605846099e-16,1.6380176268980178e-05,311603.7698183448,1.5935881989027632,0.0002624708928229796,6.996755900158662e-14,0.15336843121733568,0.6023971038109848,0.3494736907796433,0.2920922313787083
1st2KB_B64-T51,+V→0,6.0,-1.25563026642794e-09,9.312385280453663e-10,7.113919226557695e-18,9.311682952117778e-10,2.5810108048137806e-16,5.958722403601005e-20,4.3430052947779445e-13,2.9883088248727532e-15,1.6196221875832726e-16,2.270241221612255e-16,1.6380176268980178e-05,311603.7698183448,1.5935881989027632,0.0002624708928229796,6.996755900158662e-14,0.16678228876633094,0.6285447789852514,0.3567131733181494,0.30049105482674154
1st2KB_B64-T51,+V→0,5.75,-9.44619160669902e-10,6.705189219302201e-10,4.188132551146146e-18,6.704487726085463e-10,1.7751743521486413e-16,5.710442303450964e-20,2.556829964691764e-13,2.151606744037137e-15,1.113947978135698e-16,2.1756478373784112e-16,1.6380176268980178e-05,311603.7698183448,1.5935881989027632,0.0002624708928229796,6.996755900158662e-14,0.18047863628442096,0.655243112754549,0.3641051161903884,0.30906675382064974
1st2KB_B64-T51,+V→0,5.5,-6.94735990958151e-10,4.788667140116462e-10,2.4370991758880124e-18,4.787966229838575e-10,1.2097706634980294e-16,5.462162203300921e-20,1.4878345237976764e-13,1.5365559385336732e-15,7.591488593671787e-17,2.0810544531445672e-16,1.6380176268980178e-05,311603.7698183448,1.5935881989027632,0.0002624708928229796,6.996755900158662e-14,0.1944761103894722,0.6825284335373469,0.3716595776118384,0.31783099731267556
1st2KB_B64-T51,+V→0,5.25,-5.05625319391356e-10,3.390076314273648e-10,1.4006130999693228e-18,3.38937580779772e-10,8.163583934358161e-17,5.2138821031508795e-20,8.550659510433488e-14,1.0877197698133175e-15,5.12276881817966e-17,1.9864610689107232e-16,1.6380176268980178e-05,311603.7698183448,1.5935881989027632,0.0002624708928229796,6.996755900158662e-14,0.2087954917182856,0.7104412490950398,0.3793877729287717,0.3267967966904076
1st2KB_B64-T51,+V→0,5.0,-3.5097252881755e-10,2.3773912569833113e-10,7.942626892257442e-19,2.376691027897222e-10,5.4505688621247414e-17,4.965602003000838e-20,4.848926386279936e-14,7.627285861409051e-16,3.420312014030748e-17,1.8918676846768795e-16,1.6380176268980178e-05,311603.7698183448,1.5935881989027632,0.0002624708928229796,6.996755900158662e-14,0.2234600670060548,0.7390269523345891,0.38730227003317585,0.3359787324857218
1st2KB_B64-T51,+V→0,4.75,-2.55764298628947e-10,1.6502710484671772e-10,4.439871135485457e-19,1.6495710082089404e-10,3.597566176397443e-17,4.7173219028507963e-20,2.7105148702785484e-14,5.293809536292159e-16,2.2575256135019593e-17,1.7972743004430355e-16,1.6380176268980178e-05,311603.7698183448,1.5935881989027632,0.0002624708928229796,6.996755900158662e-14,0.23849607379635307,0.7683366881831135,0.3954172293735169,0.3453932328212054
1st2KB_B64-T51,+V→0,4.5,-1.76784503702621e-10,1.1329108475271148e-10,2.4436397674187505e-19,1.132210934541981e-10,2.3450457385127648e-17,4.4690418027007544e-20,1.4918275159507122e-14,3.633495625556855e-16,1.4715506428369666e-17,1.7026809162091915e-16,1.6380176268980178e-05,311603.7698183448,1.5935881989027632,0.0002624708928229796,6.996755900158662e-14,0.25393325206924156,0.798428428878315,0.40374870166940047,0.3550589188012624
1st2KB_B64-T51,+V→0,4.25,-1.20329551878129e-10,7.684081740305919e-11,1.3224965566420853e-19,7.677083459052587e-11,1.5079074456063732e-17,4.2207617025507125e-20,8.073762668516285e-15,2.463732535562097e-16,9.462340689047623e-18,1.6080875319753475e-16,1.6380176268980178e-05,311603.7698183448,1.5935881989027632,0.0002624708928229796,6.996755900158662e-14,0.2698055359917946,0.8293683223999766,0.41231500125054826,0.3649970376381189
1st2KB_B64-T51,+V→0,4.0,-8.12168596264762e-11,5.1434261935297656e-11,7.027278809239476e-20,5.136428471404718e-11,9.552251283519956e-18,3.97248160240067e-20,4.290111836309922e-15,1.648384573267228e-16,5.994177975274283e-18,1.5134941477415035e-16,1.6380176268980178e-05,311603.7698183448,1.5935881989027632,0.0002624708928229796,6.996755900158662e-14,0.28615193191714805,0.8612324039563006,0.42113717991443067,0.37523201239368265
1st2KB_B64-T51,+V→0,3.75,-5.22450312179235e-11,3.393239268799068e-11,3.65978545740457e-20,3.3862419102990216e-11,5.952159014036526e-18,3.724201502250628e-20,2.2342772124713077e-15,1.0867140382393623e-16,3.735067201259886e-18,1.4189007635076595e-16,1.6380176268980178e-05,311603.7698183448,1.5935881989027632,0.0002624708928229796,6.996755900158662e-14,0.30301764785490326,0.8941087976641575,0.4302396365034325,0.3857921491752528
1st2KB_B64-T51,+V→0,3.5,-3.21558751847917e-11,2.2030979298255864e-11,1.8642813451843208e-20,2.196100804427052e-11,3.6415817272276256e-18,3.475921402100586e-20,1.1381326516704145e-15,7.047735031278055e-17,2.285146018108676e-18,1.3243073792738155e-16,1.6380176268980178e-05,311603.7698183448,1.5935881989027632,0.0002624708928229796,6.996755900158662e-14,0.32045556848124174,0.9281005917909928,0.43965091297040887,0.3967105606841334
1st2KB_B64-T51,+V→0,3.25,-1.960146801816e-11,1.4053290131124054e-11,9.266257505171774e-21,1.3983320347810872e-11,2.1827689237604983e-18,3.227641301950544e-20,5.65699498772774e-16,4.487532469829459e-17,1.3697195582041866e-18,1.2297139950399715e-16,1.6380176268980178e-05,311603.7698183448,1.5935881989027632,0.0002624708928229796,6.996755900158662e-14,0.33852821440761555,0.963329657963516,0.44940475179944783,0.40802639297324256
1st2KB_B64-T51,+V→0,3.0,-1.24079262489585e-11,8.790799576829552e-12,4.481027509537272e-21,8.720830705100298e-12,1.2784530260086397e-18,2.9793612018005023e-20,2.7356405913794593e-16,2.7986922976523256e-17,8.022480505872821e-19,1.1351206108061275e-16,1.6380176268980178e-05,311603.7698183448,1.5935881989027632,0.0002624708928229796,6.996755900158662e-14,0.3573103954785323,0.99994182324951,0.4595415279953563,0.4197864867574082
1st2KB_B64-T51,+V→0,2.75,-7.51738688659076e-12,5.381538017980662e-12,2.1009043134127418e-21,5.311569700248789e-12,7.293185718280807e-19,2.7310811016504604e-20,1.2825895636979876e-16,1.704590962858141e-17,4.576581153965874e-19,1.0405272265722836e-16,1.6380176268980178e-05,311603.7698183448,1.5935881989027632,0.0002624708928229796,6.996755900158662e-14,0.37689288454522624,1.0381140314565287,0.4701102318257795,0.4320476776745969
1st2KB_B64-T51,+V→0,2.5,-3.97707864904784e-12,3.2178081550035692e-12,9.508446955775077e-22,3.1478401666242217e-12,4.0359890639224357e-19,2.482801001500419e-20,5.804850204073578e-17,1.0102060602345451e-17,2.5326424145844856e-19,9.459338423384397e-17,1.6380176268980178e-05,311603.7698183448,1.5935881989027632,0.0002624708928229796,6.996755900158662e-14,0.39738763681442846,1.0780645172250543,0.48117128571292267,0.4448800642786355
1st2KB_B64-T51,+V→0,2.25,-2.1131631600807e-12,1.8766848374429342e-12,4.1316407352974397e-22,1.8067170401362556e-12,2.1554671893526815e-19,2.2345209013503772e-20,2.522342047760316e-17,5.798123178001071e-18,1.3525873188799905e-19,8.513404581045957e-17,1.6380176268980178e-05,311603.7698183448,1.5935881989027632,0.0002624708928229796,6.996755900158662e-14,0.41893543261696037,1.1200677041016165,0.49280066904921804,0.45837179340865697
1st2KB_B64-T51,+V→0,2.0,-1.04179067716287e-12,1.0680862381361138e-12,1.711594986296962e-22,9.981185487552846e-13,1.1034567494278814e-19,1.986240801200335e-20,1.044918539453254e-17,3.2031658324838507e-18,6.924353168451215e-20,7.567470738707517e-17,1.6380176268980178e-05,311603.7698183448,1.5935881989027632,0.0002624708928229796,6.996755900158662e-14,0.44171747961829344,1.1644768207647311,0.5050961799307936,0.47263632468536826
1st2KB_B64-T51,+V→0,1.75,-4.00579499041862e-13,5.963095144056032e-13,6.697497012946147e-23,5.263418843009197e-13,5.365651501315106e-20,1.737960701050293e-20,4.0887820148977735e-18,1.6891383714894094e-18,3.3670251229329696e-20,6.621536896369077e-17,1.6380176268980178e-05,311603.7698183448,1.5935881989027632,0.0002624708928229796,6.996755900158662e-14,0.46597381365212287,1.2117597698282978,0.5181873661197534,0.48782395183158866
1st2KB_B64-T51,+V→0,1.5,-1.74563664846923e-13,3.31811877244928e-13,2.4440989767531423e-23,2.6184427885627746e-13,2.446581688075956e-20,1.4896806009002512e-20,1.4921078605128531e-18,8.403116528690409e-19,1.535265942456468e-20,5.675603054030637e-17,1.6380176268980178e-05,311603.7698183448,1.5935881989027632,0.0002624708928229796,6.996755900158662e-14,0.49203411174136413,1.2625591917614076,0.5322521548858647,0.5041410956401609
1st2KB_B64-T51,+V→0,1.25,5.01747996178425e-14,1.90728036309239e-13,8.166696295391155e-24,1.2076045462198978e-13,1.0263490908361218e-20,1.2414005007502096e-20,4.985719421625986e-19,3.8754490901181757e-19,6.440491285909348e-21,4.7296692116921986e-17,1.6380176268980178e-05,311603.7698183448,1.5935881989027632,0.0002624708928229796,6.996755900158662e-14,0.5203730008612261,1.3178002784360765,0.547546703243378,0.5218849344696509
1st2KB_B64-T51,+V→0,1.0,7.64001288990936e-14,1.2018032101650263e-13,2.429170042766039e-24,5.0212748238268096e-14,3.84301473185475e-21,9.931204006001675e-21,1.4829938352777431e-19,1.6114294210092693e-19,2.4115481869787873e-21,3.7837353693537587e-17,1.6380176268980178e-05,311603.7698183448,1.5935881989027632,0.0002624708928229796,6.996755900158662e-14,0.5517189333167727,1.3789030042469324,0.5644641581840053,0.5415115744236314
1st2KB_B64-T51,+V→0,0.75,1.00128611727878e-13,8.78857078122276e-14,6.134132170483785e-25,1.7918140144059432e-14,1.2175651233710303e-21,7.448403004501256e-21,3.744851135759904e-20,5.750296331300852e-20,7.640399974154949e-22,2.8378015270153187e-17,1.6380176268980178e-05,311603.7698183448,1.5935881989027632,0.0002624708928229796,6.996755900158662e-14,0.5872981650974648,1.4482577138935369,0.5836663322244682,0.5637888116054941
1st2KB_B64-T51,+V→0,0.5,1.5597587240887e-13,7.49170426774311e-14,1.198849943505142e-25,4.94947841805604e-15,2.9206656294451112e-22,4.9656020030008375e-21,7.318907463623904e-21,1.5883884912372628e-20,1.832760578583654e-22,1.8918676846768793e-17,1.6380176268980178e-05,311603.7698183448,1.5935881989027632,0.0002624708928229796,6.996755900158662e-14,0.6295017071673454,1.5305252126511475,0.6064436581921868,0.5902137305694741
1st2KB_B64-T51,+V→0,0.25,1.91055396329964e-13,7.075254473651004e-14,1.4282139892415284e-26,7.849832135669458e-16,3.854119791287326e-23,2.4828010015004187e-21,8.719161294657108e-22,2.519171106384773e-21,2.4185167748738422e-23,9.459338423384397e-18,1.6380176268980178e-05,311603.7698183448,1.5935881989027632,0.0002624708928229796,6.996755900158662e-14,0.6845024340165851,1.637738304392248,0.6361276473187927,0.6246513554386057
1st2KB_B64-T51,+V→0,0.0,2.28024820162973e-13,6.99675590015867e-14,8.397086919211886e-29,0.0,0.0,0.0,5.126371524532248e-24,0.0,0.0,0.0,1.6380176268980178e-05,311603.7698183448,1.5935881989027632,0.0002624708928229796,6.996755900158662e-14,0.8172859347163973,1.8965736045375639,0.70779113645358,0.70779113645358
1st2KB_B64-T53,0→-V,0.0,2.47765031418951e-14,6.99677529116827e-14,1.939100960925417e-19,0.0,0.0,0.0,5.126371524532248e-24,0.0,0.0,0.0,37825.993524773825,413.18032107650197,0.0015621014422393907,2428.1905540753914,6.996755900158662e-14,0.8172859347163973,1.8965736045375639,0.70779113645358,0.70779113645358
1st2KB_B64-T53,0→-V,-0.25,2.5310235542619e-14,9.293767608101538e-14,1.3968714680270426e-32,1.0408719265827073e-18,3.7779685421105886e-26,2.29690762074644e-14,3.6928877151955657e-37,2.519171106384773e-21,2.4185167748738422e-23,9.459338423384397e-18,37825.993524773825,413.18032107650197,0.0015621014422393907,2428.1905540753914,6.996755900158662e-14,0.6845024340165851,1.637738304392248,0.6361276473187927,0.6246513554386057
1st2KB_B64-T53,0→-V,-0.5,6.71524196926149e-14,1.1591227432546974e-13,8.836028673217459e-31,6.562908668036327e-18,2.862957943085026e-25,4.59381524149288e-14,2.3359673731848903e-35,1.5883884912372628e-20,1.832760578583654e-22,1.8918676846768793e-17,37825.993524773825,413.18032107650197,0.0015621014422393907,2428.1905540753914,6.996755900158662e-14,0.6295017071673454,1.5305252126511475,0.6064436581921868,0.5902137305694741
1st2KB_B64-T53,0→-V,-0.75,8.63740502732302e-14,1.3889854671801785e-13,2.1295619013179668e-29,2.375909284451917e-17,1.193507981891325e-24,6.890722862239318e-14,5.629890196864829e-34,5.750296331300852e-20,7.640399974154949e-22,2.8378015270153187e-17,37825.993524773825,413.18032107650197,0.0015621014422393907,2428.1905540753914,6.996755900158662e-14,0.5872981650974648,1.4482577138935369,0.5836663322244682,0.5637888116054941
1st2KB_B64-T53,0→-V,-1.0,1.04806185160632e-13,1.6191044492776809e-13,3.1145701063901706e-28,6.658109255647315e-17,3.7670829009093516e-24,9.18763048298576e-14,8.233941309037418e-33,1.6114294210092693e-19,2.4115481869787873e-21,3.7837353693537587e-17,37825.993524773825,413.18032107650197,0.0015621014422393907,2428.1905540753914,6.996755900158662e-14,0.5517189333167727,1.3789030042469324,0.5644641581840053,0.5415115744236314
1st2KB_B64-T53,0→-V,-1.25,1.28161465272857e-13,1.849730659789097e-13,3.3103866832594225e-27,1.6012592993706652e-16,1.006070072644922e-23,1.14845381037322e-13,8.75161859553355e-32,3.8754490901181757e-19,6.440491285909348e-21,4.7296692116921986e-17,37825.993524773825,413.18032107650197,0.0015621014422393907,2428.1905540753914,6.996755900158662e-14,0.5203730008612261,1.3178002784360765,0.547546703243378,0.5218849344696509
1st2KB_B64-T53,0→-V,-1.5,1.55286617982767e-13,2.0812921650892018e-13,2.80471113138981e-26,3.4720023853675636e-16,2.3982411429322658e-23,1.3781445724478636e-13,7.414771880487125e-31,8.403116528690409e-19,1.535265942456468e-20,5.675603054030637e-17,37825.993524773825,413.18032107650197,0.0015621014422393907,2428.1905540753914,6.996755900158662e-14,0.49203411174136413,1.2625591917614076,0.5322521548858647,0.5041410956401609
1st2KB_B64-T53,0→-V,-1.75,2.61340509779759e-13,2.314490112413085e-13,2.0011556363038154e-25,6.979187346746339e-16,5.2596348005898537e-23,1.607835334522508e-13,5.2904245198296636e-30,1.6891383714894094e-18,3.3670251229329696e-20,6.621536896369077e-17,37825.993524773825,413.18032107650197,0.0015621014422393907,2428.1905540753914,6.996755900158662e-14,0.46597381365212287,1.2117597698282978,0.5181873661197534,0.48782395183158866
1st2KB_B64-T53,0→-V,-2.0,1.70092862320989e-13,2.550436538578404e-13,1.246233583729949e-24,1.3234850871269582e-15,1.0816542071012538e-22,1.837526096597152e-13,3.29464864660789e-29,3.2031658324838507e-18,6.924353168451215e-20,7.567470738707517e-17,37825.993524773825,413.18032107650197,0.0015621014422393907,2428.1905540753914,6.996755900158662e-14,0.44171747961829344,1.1644768207647311,0.5050961799307936,0.47263632468536826
1st2KB_B64-T53,0→-V,-2.25,1.99537380975862e-13,2.790849154833261e-13,6.94448069822815e-24,2.3956703963275906e-15,2.112878601577144e-22,2.067216858671796e-13,1.8359017308243126e-28,5.798123178001071e-18,1.3525873188799905e-19,8.513404581045957e-17,37825.993524773825,413.18032107650197,0.0015621014422393907,2428.1905540753914,6.996755900158662e-14,0.41893543261696037,1.1200677041016165,0.49280066904921804,0.45837179340865697
1st2KB_B64-T53,0→-V,-2.5,2.22131449519047e-13,3.038322941503248e-13,3.525837221997431e-23,4.1739726432113744e-15,3.956244368499078e-22,2.29690762074644e-13,9.321201886444074e-28,1.0102060602345451e-17,2.5326424145844856e-19,9.459338423384397e-17,37825.993524773825,413.18032107650197,0.0015621014422393907,2428.1905540753914,6.996755900158662e-14,0.39738763681442846,1.0780645172250543,0.48117128571292267,0.4448800642786355
1st2KB_B64-T53,0→-V,-2.75,2.38471677301011e-13,3.2967043257733044e-13,1.6534873644994975e-22,7.0430344133783035e-15,7.149084021135708e-22,2.5265983828210837e-13,4.371299232144582e-27,1.704590962858141e-17,4.576581153965874e-19,1.0405272265722836e-16,37825.993524773825,413.18032107650197,0.0015621014422393907,2428.1905540753914,6.996755900158662e-14,0.37689288454522624,1.0381140314565287,0.4701102318257795,0.4320476776745969
1st2KB_B64-T53,0→-V,-3.0,2.55667503227391e-13,3.5716012128961405e-13,7.238786279086558e-22,1.156364582138321e-14,1.253192836856133e-21,2.756289144895727e-13,1.913706846680861e-26,2.7986922976523256e-17,8.022480505872821e-19,1.1351206108061275e-16,37825.993524773825,413.18032107650197,0.0015621014422393907,2428.1905540753914,6.996755900158662e-14,0.3573103954785323,0.99994182324951,0.4595415279953563,0.4197864867574082
1st2KB_B64-T53,0→-V,-3.25,2.32978838044656e-13,3.8710715588899784e-13,2.983479519720621e-21,1.8541601067253637e-14,2.139640897334261e-21,2.9859799069703717e-13,7.887379131936391e-26,4.487532469829459e-17,1.3697195582041866e-18,1.2297139950399715e-16,37825.993524773825,413.18032107650197,0.0015621014422393907,2428.1905540753914,6.996755900158662e-14,0.33852821440761555,0.963329657963516,0.44940475179944783,0.40802639297324256
1st2KB_B64-T53,0→-V,-3.5,4.00724456872323e-13,4.2065449536246077e-13,1.1655886905062111e-20,2.911985423085577e-14,3.569629890615163e-21,3.215670669045016e-13,3.081448976992021e-25,7.047735031278055e-17,2.285146018108676e-18,1.3243073792738155e-16,37825.993524773825,413.18032107650197,0.0015621014422393907,2428.1905540753914,6.996755900158662e-14,0.32045556848124174,0.9281005917909928,0.43965091297040887,0.3967105606841334
1st2KB_B64-T53,0→-V,-3.75,4.13658067218228e-13,4.594046368811697e-13,4.340925508678377e-20,4.4900885523808174e-14,5.834553861949112e-21,3.44536143111966e-13,1.147603831168459e-24,1.0867140382393623e-16,3.735067201259886e-18,1.4189007635076595e-16,37825.993524773825,413.18032107650197,0.0015621014422393907,2428.1905540753914,6.996755900158662e-14,0.30301764785490326,0.8941087976641575,0.4302396365034325,0.3857921491752528
1st2KB_B64-T53,0→-V,-4.0,4.66070270484925e-13,5.055809492479272e-13,1.5483938559969583e-19,6.81080067240106e-14,9.363514060215547e-21,3.675052193194304e-13,4.0934651326021365e-24,1.648384573267228e-16,5.994177975274283e-18,1.5134941477415035e-16,37825.993524773825,413.18032107650197,0.0015621014422393907,2428.1905540753914,6.996755900158662e-14,0.28615193191714805,0.8612324039563006,0.42113717991443067,0.37523201239368265
1st2KB_B64-T53,0→-V,-4.25,5.46706668651253e-13,5.622389804163702e-13,5.310977356391131e-19,1.0179658000901716e-13,1.4781136037321763e-20,3.904742955268948e-13,1.4040549530874185e-23,2.463732535562097e-16,9.462340689047623e-18,1.6080875319753475e-16,37825.993524773825,413.18032107650197,0.0015621014422393907,2428.1905540753914,6.996755900158662e-14,0.2698055359917946,0.8293683223999766,0.41231500125054826,0.3649970376381189
1st2KB_B64-T53,0→-V,-4.5,6.59560025952771e-13,6.335416003308113e-13,1.7576879870522653e-18,1.5012888891976467e-13,2.2987113815039282e-20,4.134433717343592e-13,4.6467728227708866e-23,3.633495625556855e-16,1.4715506428369666e-17,1.7026809162091915e-16,37825.993524773825,413.18032107650197,0.0015621014422393907,2428.1905540753914,6.996755900158662e-14,0.25393325206924156,0.798428428878315,0.40374870166940047,0.3550589188012624
1st2KB_B64-T53,0→-V,-4.75,7.93011435597929e-13,7.251154639833168e-13,5.62938276221426e-18,2.1872979239230422e-13,3.526484016743776e-20,4.364124479418236e-13,1.4882313027752574e-22,5.293809536292159e-16,2.2575256135019593e-17,1.7972743004430355e-16,37825.993524773825,413.18032107650197,0.0015621014422393907,2428.1905540753914,6.996755900158662e-14,0.23849607379635307,0.7683366881831135,0.3954172293735169,0.3453932328212054
1st2KB_B64-T53,0→-V,-5.0,9.85658278086776e-13,8.445110708244866e-13,1.7492128943123525e-17,3.1514444211592555e-13,5.342874330026146e-20,4.59381524149288e-13,4.624367349840315e-22,7.627285861409051e-16,3.420312014030748e-17,1.8918676846768795e-16,37825.993524773825,413.18032107650197,0.0015621014422393907,2428.1905540753914,6.996755900158662e-14,0.2234600670060548,0.7390269523345891,0.38730227003317585,0.3359787324857218
1st2KB_B64-T53,0→-V,-5.25,1.33189141139634e-12,1.00179549510447e-12,5.285199056002976e-17,4.4942440373272535e-13,8.002284559137426e-20,4.823506003567523e-13,1.3972399832780276e-21,1.0877197698133175e-15,5.12276881817966e-17,1.9864610689107232e-16,37825.993524773825,413.18032107650197,0.0015621014422393907,2428.1905540753914,6.996755900158662e-14,0.2087954917182856,0.7104412490950398,0.3793877729287717,0.3267967966904076
1st2KB_B64-T53,0→-V,-5.5,1.50598262159407e-12,1.2103176181569744e-12,1.555879690694147e-16,6.348746760353489e-13,1.1858675280918583e-19,5.053196765642167e-13,4.113255319189796e-21,1.5365559385336732e-15,7.591488593671787e-17,2.0810544531445672e-16,37825.993524773825,413.18032107650197,0.0015621014422393907,2428.1905540753914,6.996755900158662e-14,0.1944761103894722,0.6825284335373469,0.3716595776118384,0.31783099731267556
1st2KB_B64-T53,0→-V,-5.75,1.85683326353603e-12,1.4877050940406115e-12,4.470429257382764e-16,8.890015653316312e-13,1.740099743225427e-19,5.282887527716811e-13,1.181840538955016e-20,2.151606744037137e-15,1.113947978135698e-16,2.1756478373784112e-16,37825.993524773825,413.18032107650197,0.0015621014422393907,2428.1905540753914,6.996755900158662e-14,0.18047863628442096,0.655243112754549,0.3641051161903884,0.30906675382064974
1st2KB_B64-T53,0→-V,-6.0,2.24442664974178e-12,1.8571916701703976e-12,1.2556294515812606e-15,1.2347103997366685e-12,2.5300141551067473e-19,5.512578289791454e-13,3.3194883586042397e-20,2.9883088248727532e-15,1.6196221875832726e-16,2.270241221612255e-16,37825.993524773825,413.18032107650197,0.0015621014422393907,2428.1905540753914,6.996755900158662e-14,0.16678228876633094,0.6285447789852514,0.3567131733181494,0.30049105482674154
1st2KB_B64-T53,0→-V,-6.25,2.88763717798401e-12,2.3494602061008594e-12,3.4524158644444484e-15,1.7018129613398389e-12,3.647083796851498e-19,5.742269051866098e-13,9.12709896749524e-20,4.11881417030203e-15,2.334729165618801e-16,2.364834605846099e-16,37825.993524773825,413.18032107650197,0.0015621014422393907,2428.1905540753914,6.996755900158662e-14,0.15336843121733568,0.6023971038109848,0.3494736907796433,0.2920922313787083
1st2KB_B64-T53,0→-V,-6.5,3.92229521431475e-12,3.0053859930416473e-12,9.304303710726609e-15,2.3289176274064146e-12,5.215288450672866e-19,5.971959813940743e-13,2.4597645279648324e-19,5.636564736042224e-15,3.338636217630242e-16,2.459427990079943e-16,37825.993524773825,413.18032107650197,0.0015621014422393907,2428.1905540753914,6.996755900158662e-14,0.1402202735648932,0.5767673582899533,0.3423776069431549,0.28385977070239493
1st2KB_B64-T53,0→-V,-6.75,4.25128248576767e-12,3.8805303309261275e-12,2.4606012514527944e-14,3.16579096163587e-12,7.401726041836596e-19,6.201650576015387e-13,6.505053858905897e-19,7.662008087383502e-15,4.738313301360033e-16,2.554021374313787e-16,37825.993524773825,413.18032107650197,0.0015621014422393907,2428.1905540753914,6.996755900158662e-14,0.12732262585959975,0.5516259326054829,0.3354167237662444,0.2757841619093222
1st2KB_B64-T53,0→-V,-7.0,4.81671473540057e-12,5.053322606732177e-12,6.392149892117763e-14,4.276298371958778e-12,1.043041632418194e-18,6.431341338090032e-13,1.6898828811809735e-18,1.0349714528555691e-14,6.677169639654866e-16,2.648614758547631e-16,37825.993524773825,413.18032107650197,0.0015621014422393907,2428.1905540753914,6.996755900158662e-14,0.11466169258784842,0.5269459351190315,0.3285835957859267,0.26785676720959734
1st2KB_B64-T53,0→-V,-7.25,5.52582589061212e-12,6.641398650215362e-12,1.6327239583697342e-13,5.7420540253418575e-12,1.4600184771249404e-18,6.661032100164676e-13,4.316407333228128e-18,1.3897210811931901e-14,9.346502331064322e-16,2.743208142781475e-16,37825.993524773825,413.18032107650197,0.0015621014422393907,2428.1905540753914,6.996755900158662e-14,0.10222489977964833,0.502702855350913,0.32187143680845737,0.2600697136588708
1st2KB_B64-T53,0→-V,-7.5,8.2842144602524e-12,8.836386475588545e-12,4.104074466773069e-13,7.666937152911353e-12,2.0307743655400417e-18,6.89072286223932e-13,1.0849878838172854e-17,1.8555910729087674e-14,1.300027200940787e-15,2.837801527015319e-16,37825.993524773825,413.18032107650197,0.0015621014422393907,2428.1905540753914,6.996755900158662e-14,0.09000074873849517,0.4788742788554672,0.31527404096708594,0.252415801574168
1st2KB_B64-T53,0→-V,-7.75,1.2438899736622e-11,1.1980689864692566e-11,1.0160141619838908e-12,1.0182663973538557e-11,2.8077371350223706e-18,7.120413624313964e-13,2.6860210857871073e-17,2.4644600563280934e-14,1.7974102443675277e-15,2.932394911249163e-16,37825.993524773825,413.18032107650197,0.0015621014422393907,2428.1905540753914,6.996755900158662e-14,0.07797869154816706,0.45543964454606223,0.3087857155328546,0.2448884265849139
1st2KB_B64-T53,0→-V,-8.0,1.56207234647265e-11,1.673966781721878e-11,2.479043335183767e-12,1.345564262450034e-11,3.859894224620625e-18,7.350104386388608e-13,6.553808913333996e-17,3.256602974082344e-14,2.4709625893995555e-15,3.026988295483007e-16,37825.993524773825,413.18032107650197,0.0015621014422393907,2428.1905540753914,6.996755900158662e-14,0.06614902452018956,0.4323800369918984,0.30240122340800724,0.23748151291715647
1st2KB_B64-T53,0→-V,-8.25,2.72597101141914e-11,2.4489036334542975e-11,5.965700204678148e-12,1.7695383778367597e-11,5.277649322582247e-18,7.579795148463252e-13,1.57714303016812e-16,4.282726663328002e-14,3.3785573586158e-15,3.121581679716851e-16,37825.993524773825,413.18032107650197,0.0015621014422393907,2428.1905540753914,6.996755900158662e-14,0.05450279651969925,0.40967800771732343,0.2961157336492968,0.23018945599360685
1st2KB_B64-T53,0→-V,-8.5,3.85182129247763e-11,3.818352758220557e-11,1.4167810968783853e-11,2.3164793284361703e-11,7.179004639234448e-18,7.809485910537896e-13,3.7455224961916096e-16,5.606460933088014e-14,4.59573523531404e-15,3.216175063950695e-16,37825.993524773825,413.18032107650197,0.0015621014422393907,2428.1905540753914,6.996755900158662e-14,0.04303172970663438,0.3873174207023826,0.28992477869186617,0.22300707280729198
1st2KB_B64-T53,0→-V,-8.75,7.62128485320979e-11,6.429120275444225e-11,3.322457117162069e-11,3.0192736639152395e-11,9.717406337031173e-18,8.03917667261254e-13,8.783529016854649e-16,7.307399481293807e-14,6.220726819828381e-15,3.310768448184539e-16,37825.993524773825,413.18032107650197,0.0015621014422393907,2428.1905540753914,6.996755900158662e-14,0.03172815069704393,0.3652833181953399,0.28382421719688566,0.215929558819561
1st2KB_B64-T53,0→-V,-9.0,1.23071844382316e-10,1.1706387855042527e-10,7.697767111968623e-11,3.9189340036597737e-11,1.309167100842485e-17,8.268867434687184e-13,2.0350469068121196e-15,9.484803132562955e-14,8.38080719627078e-15,3.405361832418383e-16,37825.993524773825,413.18032107650197,0.0015621014422393907,2428.1905540753914,6.996755900158662e-14,0.020584930517523414,0.34356180366566913,0.277810201644856,0.20895245036373394
1st2KB_B64-T53,0→-V,-9.25,1.76006972885112e-10,2.278779018629464e-10,1.7629347982159956e-10,5.0664581104159666e-11,1.7558509381394697e-17,8.498558196761828e-13,4.660643737120549e-15,1.226209926265557e-13,1.1240313149076441e-14,3.499955216652227e-16,37825.993524773825,413.18032107650197,0.0015621014422393907,2428.1905540753914,6.996755900158662e-14,0.009595432017751593,0.3221399392951436,0.27187914995406204,0.20207159171849476
1st2KB_B64-T53,0→-V,-9.5,3.94746707543803e-10,4.654727495060227e-10,3.9927910715585765e-10,6.52508264469964e-11,2.3448283410078115e-17,8.728248958836472e-13,1.0555680629891534e-14,1.579233644937193e-13,1.5010730273997587e-14,3.594548600886071e-16,37825.993524773825,413.18032107650197,0.0015621014422393907,2428.1905540753914,6.996755900158662e-14,0.0,0.3010056558591012,0.26602772052948187,0.1952831061610979
1st2KB_B64-T53,-V→0,-9.25,3.0182614740859e-10,4.137395930926246e-10,5.772762668933881e-17,1.9644130927338784e-17,4.136695480676375e-10,9.422789371197392e-20,4.660643737120549e-15,1.226209926265557e-13,1.1240313149076441e-14,3.499955216652227e-16,0.012386191681968002,0.00016020202174651542,36802.31525414633,0.0002692259982746427,6.996755900158662e-14,0.009595432017751593,0.3221399392951436,0.27187914995406204,0.20207159171849476
1st2KB_B64-T53,-V→0,-9.0,2.28170315974552e-10,3.085031165733856e-10,2.5206481069570987e-17,1.519484637704268e-17,3.084331085213754e-10,9.168119388192057e-20,2.0350469068121196e-15,9.484803132562955e-14,8.38080719627078e-15,3.405361832418383e-16,0.012386191681968002,0.00016020202174651542,36802.31525414633,0.0002692259982746427,6.996755900158662e-14,0.020584930517523414,0.34356180366566913,0.277810201644856,0.20895245036373394
1st2KB_B64-T53,-V→0,-8.75,1.92297983092615e-10,2.2900713976743243e-10,1.0879447404688964e-17,1.1706601706127061e-17,2.2893714953324722e-10,8.913449405186722e-20,8.783529016854649e-16,7.307399481293807e-14,6.220726819828381e-15,3.310768448184539e-16,0.012386191681968002,0.00016020202174651542,36802.31525414633,0.0002692259982746427,6.996755900158662e-14,0.03172815069704393,0.3652833181953399,0.28382421719688566,0.215929558819561
1st2KB_B64-T53,-V→0,-8.5,1.44283210379292e-10,1.6920367822114478e-10,4.639275958695254e-18,8.98166376323555e-18,1.6913369695461567e-10,8.658779422181387e-20,3.7455224961916096e-16,5.606460933088014e-14,4.59573523531404e-15,3.216175063950695e-16,0.012386191681968002,0.00016020202174651542,36802.31525414633,0.0002692259982746427,6.996755900158662e-14,0.04303172970663438,0.3873174207023826,0.28992477869186617,0.22300707280729198
1st2KB_B64-T53,-V→0,-8.25,1.08571873713714e-10,1.2440870947353152e-10,1.953479588154218e-18,6.86101470052854e-18,1.2433873301599456e-10,8.404109439176052e-20,1.57714303016812e-16,4.282726663328002e-14,3.3785573586158e-15,3.121581679716851e-16,0.012386191681968002,0.00016020202174651542,36802.31525414633,0.0002692259982746427,6.996755900158662e-14,0.05450279651969925,0.40967800771732343,0.2961157336492968,0.23018945599360685
1st2KB_B64-T53,-V→0,-8.0,8.22344067841208e-11,9.100711786569129e-11,8.1176733447545285e-19,5.217143804737064e-18,9.093714419628417e-11,8.149439456170717e-20,6.553808913333996e-17,3.256602974082344e-14,2.4709625893995555e-15,3.026988295483007e-16,0.012386191681968002,0.00016020202174651542,36802.31525414633,0.0002692259982746427,6.996755900158662e-14,0.06614902452018956,0.4323800369918984,0.30240122340800724,0.23748151291715647
1st2KB_B64-T53,-V→0,-7.75,5.51205817100886e-11,6.621883037300579e-11,3.326957203036693e-19,3.948114835372918e-18,6.614885845424595e-11,7.894769473165382e-20,2.6860210857871073e-17,2.4644600563280934e-14,1.7974102443675277e-15,2.932394911249163e-16,0.012386191681968002,0.00016020202174651542,36802.31525414633,0.0002692259982746427,6.996755900158662e-14,0.07797869154816706,0.45543964454606223,0.3087857155328546,0.2448884265849139
1st2KB_B64-T53,-V→0,-7.5,4.15876846848739e-11,4.791398163047396e-11,1.3438867901573726e-19,2.9726944141477022e-18,4.784401088798828e-11,7.640099490160047e-20,1.0849878838172854e-17,1.8555910729087674e-14,1.300027200940787e-15,2.837801527015319e-16,0.012386191681968002,0.00016020202174651542,36802.31525414633,0.0002692259982746427,6.996755900158662e-14,0.09000074873849517,0.4788742788554672,0.31527404096708594,0.252415801574168
1st2KB_B64-T53,-V→0,-7.25,3.26100292602494e-11,3.446726244382527e-11,5.346384860681592e-20,2.2263612687090235e-18,3.439729253114427e-11,7.385429507154712e-20,4.316407333228128e-18,1.3897210811931901e-14,9.346502331064322e-16,2.743208142781475e-16,0.012386191681968002,0.00016020202174651542,36802.31525414633,0.0002692259982746427,6.996755900158662e-14,0.10222489977964833,0.502702855350913,0.32187143680845737,0.2600697136588708
1st2KB_B64-T53,-V→0,-7.0,2.32916030212804e-11,2.464349951768489e-11,2.0931213286383896e-20,1.6580451919739054e-18,2.4573530208399303e-11,7.130759524149377e-20,1.6898828811809735e-18,1.0349714528555691e-14,6.677169639654866e-16,2.648614758547631e-16,0.012386191681968002,0.00016020202174651542,36802.31525414633,0.0002692259982746427,6.996755900158662e-14,0.11466169258784842,0.5269459351190315,0.3285835957859267,0.26785676720959734
1st2KB_B64-T53,-V→0,-6.75,1.5432218003486e-11,1.750805885224563e-11,8.057284399793408e-21,1.2274691862369888e-18,1.743808998895668e-11,6.876089541144042e-20,6.505053858905897e-19,7.662008087383502e-15,4.738313301360033e-16,2.554021374313787e-16,0.012386191681968002,0.00016020202174651542,36802.31525414633,0.0002692259982746427,6.996755900158662e-14,0.12732262585959975,0.5516259326054829,0.3354167237662444,0.2757841619093222
1st2KB_B64-T53,-V→0,-6.5,1.04060770417247e-11,1.2356922791265445e-11,3.046711493587796e-21,9.029890664190783e-19,1.2286954260013886e-11,6.621419558138707e-20,2.4597645279648324e-19,5.636564736042224e-15,3.338636217630242e-16,2.459427990079943e-16,0.012386191681968002,0.00016020202174651542,36802.31525414633,0.0002692259982746427,6.996755900158662e-14,0.1402202735648932,0.5767673582899533,0.3423776069431549,0.28385977070239493
1st2KB_B64-T53,-V→0,-6.25,8.26326507219477e-12,8.662312162257252e-12,1.1304999731168829e-21,6.598423572805817e-19,8.592343878615312e-12,6.366749575133372e-20,9.12709896749524e-20,4.11881417030203e-15,2.334729165618801e-16,2.364834605846099e-16,0.012386191681968002,0.00016020202174651542,36802.31525414633,0.0002692259982746427,6.996755900158662e-14,0.15336843121733568,0.6023971038109848,0.3494736907796433,0.2920922313787083
1st2KB_B64-T53,-V→0,-6.0,5.37867059918762e-12,6.030552733271628e-12,4.1115819095733453e-22,4.7873311534756875e-19,5.960584634004972e-12,6.112079592128037e-20,3.3194883586042397e-20,2.9883088248727532e-15,1.6196221875832726e-16,2.270241221612255e-16,0.012386191681968002,0.00016020202174651542,36802.31525414633,0.0002692259982746427,6.996755900158662e-14,0.16678228876633094,0.6285447789852514,0.3567131733181494,0.30049105482674154
1st2KB_B64-T53,-V→0,-5.75,4.42022069988002e-12,4.1695544292207035e-12,1.4638503453017201e-22,3.4469175039818666e-19,4.099586466806885e-12,5.857409609122702e-20,1.181840538955016e-20,2.151606744037137e-15,1.113947978135698e-16,2.1756478373784112e-16,0.012386191681968002,0.00016020202174651542,36802.31525414633,0.0002692259982746427,6.996755900158662e-14,0.18047863628442096,0.655243112754549,0.3641051161903884,0.30906675382064974
1st2KB_B64-T53,-V→0,-5.5,3.16468010651272e-12,2.863811425964949e-12,5.094756882035929e-23,2.4615936787970895e-19,2.7938435647256508e-12,5.602739626117367e-20,4.113255319189796e-21,1.5365559385336732e-15,7.591488593671787e-17,2.0810544531445672e-16,0.012386191681968002,0.00016020202174651542,36802.31525414633,0.0002692259982746427,6.996755900158662e-14,0.1944761103894722,0.6825284335373469,0.3716595776118384,0.31783099731267556
1st2KB_B64-T53,-V→0,-5.25,2.05054896673662e-12,1.95526531696208e-12,1.7306482258591416e-23,1.7425490621774784e-19,1.8852975302075845e-12,5.348069643112032e-20,1.3972399832780276e-21,1.0877197698133175e-15,5.12276881817966e-17,1.9864610689107232e-16,0.012386191681968002,0.00016020202174651542,36802.31525414633,0.0002692259982746427,6.996755900158662e-14,0.2087954917182856,0.7104412490950398,0.3793877729287717,0.3267967966904076
1st2KB_B64-T53,-V→0,-5.0,1.32174696534926e-12,1.3287217422110099e-12,5.7278300402956526e-24,1.2219066154363423e-19,1.2587540100790374e-12,5.0933996601066984e-20,4.624367349840315e-22,7.627285861409051e-16,3.420312014030748e-17,1.8918676846768795e-16,0.012386191681968002,0.00016020202174651542,36802.31525414633,0.0002692259982746427,6.996755900158662e-14,0.2234600670060548,0.7390269523345891,0.38730227003317585,0.3359787324857218
1st2KB_B64-T53,-V→0,-4.75,7.95808243522073e-13,9.007893854227178e-13,1.8433518183279296e-24,8.480789904549871e-20,8.30821693224092e-13,4.8387296771013634e-20,1.4882313027752574e-22,5.293809536292159e-16,2.2575256135019593e-17,1.7972743004430355e-16,0.012386191681968002,0.00016020202174651542,36802.31525414633,0.0002692259982746427,6.996755900158662e-14,0.23849607379635307,0.7683366881831135,0.3954172293735169,0.3453932328212054
1st2KB_B64-T53,-V→0,-4.5,6.45293063775143e-13,6.11532369753371e-13,5.755581888539973e-25,5.82093345221328e-20,5.415647067012774e-13,4.5840596940960284e-20,4.6467728227708866e-23,3.633495625556855e-16,1.4715506428369666e-17,1.7026809162091915e-16,0.012386191681968002,0.00016020202174651542,36802.31525414633,0.0002692259982746427,6.996755900158662e-14,0.25393325206924156,0.798428428878315,0.40374870166940047,0.3550589188012624
1st2KB_B64-T53,-V→0,-4.25,3.14574863553851e-13,4.182036868456177e-13,1.7390893780957358e-25,3.9469493323971667e-20,3.482360450804668e-13,4.3293897110906934e-20,1.4040549530874185e-23,2.463732535562097e-16,9.462340689047623e-18,1.6080875319753475e-16,0.012386191681968002,0.00016020202174651542,36802.31525414633,0.0002692259982746427,6.996755900158662e-14,0.2698055359917946,0.8293683223999766,0.41231500125054826,0.3649970376381189
1st2KB_B64-T53,-V→0,-4.0,2.41524275622698e-13,2.9056725369179343e-13,5.070244377586263e-26,2.6407454125317698e-20,2.205996275355047e-13,4.0747197280853585e-20,4.0934651326021365e-24,1.648384573267228e-16,5.994177975274283e-18,1.5134941477415035e-16,0.012386191681968002,0.00016020202174651542,36802.31525414633,0.0002692259982746427,6.996755900158662e-14,0.28615193191714805,0.8612324039563006,0.42113717991443067,0.37523201239368265
1st2KB_B64-T53,-V→0,-3.75,1.38223200246701e-13,2.074267352476652e-13,1.421444102781338e-26,1.740937859862659e-20,1.3745912063618833e-13,3.8200497450800235e-20,1.147603831168459e-24,1.0867140382393623e-16,3.735067201259886e-18,1.4189007635076595e-16,0.012386191681968002,0.00016020202174651542,36802.31525414633,0.0002692259982746427,6.996755900158662e-14,0.30301764785490326,0.8941087976641575,0.4302396365034325,0.3857921491752528
1st2KB_B64-T53,-V→0,-3.5,-3.51782981271396e-14,1.540662701061947e-13,3.816741768722738e-27,1.1290614007444855e-20,8.409866416019266e-14,3.5653797620746885e-20,3.081448976992021e-25,7.047735031278055e-17,2.285146018108676e-18,1.3243073792738155e-16,0.012386191681968002,0.00016020202174651542,36802.31525414633,0.0002692259982746427,6.996755900158662e-14,0.32045556848124174,0.9281005917909928,0.43965091297040887,0.3967105606841334
1st2KB_B64-T53,-V→0,-3.25,-2.93764070415179e-14,1.2037645028860362e-13,9.769458979651852e-28,7.18911774319813e-21,5.040885099080051e-14,3.3107097790693535e-20,7.887379131936391e-26,4.487532469829459e-17,1.3697195582041866e-18,1.2297139950399715e-16,0.012386191681968002,0.00016020202174651542,36802.31525414633,0.0002692259982746427,6.996755900158662e-14,0.33852821440761555,0.963329657963516,0.44940475179944783,0.40802639297324256
1st2KB_B64-T53,-V→0,-3.0,-6.31970672082711e-14,9.949217971528394e-14,2.3703539826083697e-28,4.4835616433030304e-21,2.9524585669737486e-14,3.0560397960640185e-20,1.913706846680861e-26,2.7986922976523256e-17,8.022480505872821e-19,1.1351206108061275e-16,0.012386191681968002,0.00016020202174651542,36802.31525414633,0.0002692259982746427,6.996755900158662e-14,0.3573103954785323,0.99994182324951,0.4595415279953563,0.4197864867574082
1st2KB_B64-T53,-V→0,-2.75,-8.96705602024088e-14,8.681046798751767e-14,5.414375018858233e-29,2.7307891850071355e-21,1.684287824144369e-14,2.8013698130586836e-20,4.371299232144582e-27,1.704590962858141e-17,4.576581153965874e-19,1.0405272265722836e-16,0.012386191681968002,0.00016020202174651542,36802.31525414633,0.0002692259982746427,6.996755900158662e-14,0.37689288454522624,1.0381140314565287,0.4701102318257795,0.4320476776745969
1st2KB_B64-T53,-V→0,-2.5,-1.13939307750006e-13,7.928829654371152e-14,1.1545419327181804e-29,1.6183705323015626e-21,9.32071045675606e-15,2.5466998300533492e-20,9.321201886444074e-28,1.0102060602345451e-17,2.5326424145844856e-19,9.459338423384397e-17,0.012386191681968002,0.00016020202174651542,36802.31525414633,0.0002692259982746427,6.996755900158662e-14,0.39738763681442846,1.0780645172250543,0.48117128571292267,0.4448800642786355
1st2KB_B64-T53,-V→0,-2.25,-1.10759342778106e-13,7.494541734257433e-14,2.273983074724676e-30,9.288710554511027e-22,4.977834491818196e-15,2.2920298470480142e-20,1.8359017308243126e-28,5.798123178001071e-18,1.3525873188799905e-19,8.513404581045957e-17,0.012386191681968002,0.00016020202174651542,36802.31525414633,0.0002692259982746427,6.996755900158662e-14,0.41893543261696037,1.1200677041016165,0.49280066904921804,0.45837179340865697
1st2KB_B64-T53,-V→0,-2.0,-1.89238693617221e-13,7.251590217070278e-14,4.080814966162178e-31,5.13153642353273e-22,2.5483222823638863e-15,2.0373598640426792e-20,3.29464864660789e-29,3.2031658324838507e-18,6.924353168451215e-20,7.567470738707517e-17,0.012386191681968002,0.00016020202174651542,36802.31525414633,0.0002692259982746427,6.996755900158662e-14,0.44171747961829344,1.1644768207647311,0.5050961799307936,0.47263632468536826
1st2KB_B64-T53,-V→0,-1.75,-1.15712561060688e-13,7.120672029951691e-14,6.552821218159374e-32,2.7060338212222e-22,1.2391432004280995e-15,1.7826898810373442e-20,5.2904245198296636e-30,1.6891383714894094e-18,3.3670251229329696e-20,6.621536896369077e-17,0.012386191681968002,0.00016020202174651542,36802.31525414633,0.0002692259982746427,6.996755900158662e-14,0.46597381365212287,1.2117597698282978,0.5181873661197534,0.48782395183158866
1st2KB_B64-T53,-V→0,-1.5,-1.43033127659661e-13,7.053258782853759e-14,9.184078578977987e-33,1.346196256867764e-22,5.650134121323701e-16,1.5280198980320093e-20,7.414771880487125e-31,8.403116528690409e-19,1.535265942456468e-20,5.675603054030637e-17,0.012386191681968002,0.00016020202174651542,36802.31525414633,0.0002692259982746427,6.996755900158662e-14,0.49203411174136413,1.2625591917614076,0.5322521548858647,0.5041410956401609
1st2KB_B64-T53,-V→0,-1.25,-1.79706401669255e-13,7.020459678786685e-14,1.0839922545175415e-33,6.208547794126254e-23,2.370249906956181e-16,1.2733499150266746e-20,8.75161859553355e-32,3.8754490901181757e-19,6.440491285909348e-21,4.7296692116921986e-17,0.012386191681968002,0.00016020202174651542,36802.31525414633,0.0002692259982746427,6.996755900158662e-14,0.5203730008612261,1.3178002784360765,0.547546703243378,0.5218849344696509
1st2KB_B64-T53,-V→0,-1.0,-2.07838913722676e-13,7.005631977082912e-14,1.0198717535181199e-34,2.581542511475017e-23,8.875055662775834e-17,1.0186799320213396e-20,8.233941309037418e-33,1.6114294210092693e-19,2.4115481869787873e-21,3.7837353693537587e-17,0.012386191681968002,0.00016020202174651542,36802.31525414633,0.0002692259982746427,6.996755900158662e-14,0.5517189333167727,1.3789030042469324,0.5644641581840053,0.5415115744236314
1st2KB_B64-T53,-V→0,-0.75,-1.9851172572069e-13,6.999568509174985e-14,6.973289912680034e-36,9.212090979159668e-24,2.811844085166219e-17,7.640099490160046e-21,5.629890196864829e-34,5.750296331300852e-20,7.640399974154949e-22,2.8378015270153187e-17,0.012386191681968002,0.00016020202174651542,36802.31525414633,0.0002692259982746427,6.996755900158662e-14,0.5872981650974648,1.4482577138935369,0.5836663322244682,0.5637888116054941
1st2KB_B64-T53,-V→0,-0.5,-2.11109246945652e-13,6.997430908079075e-14,2.8933739647091335e-37,2.5446304761510678e-24,6.7449832598407255e-18,5.093399660106698e-21,2.3359673731848903e-35,1.5883884912372628e-20,1.832760578583654e-22,1.8918676846768793e-17,0.012386191681968002,0.00016020202174651542,36802.31525414633,0.0002692259982746427,6.996755900158662e-14,0.6295017071673454,1.5305252126511475,0.6064436581921868,0.5902137305694741
1st2KB_B64-T53,-V→0,-0.25,-2.44291159566881e-13,6.9968451618858e-14,4.574081510039714e-39,4.0357630436824674e-25,8.900701679634837e-19,2.546699830053349e-21,3.6928877151955657e-37,2.519171106384773e-21,2.4185167748738422e-23,9.459338423384397e-18,0.012386191681968002,0.00016020202174651542,36802.31525414633,0.0002692259982746427,6.996755900158662e-14,0.6845024340165851,1.637738304392248,0.6361276473187927,0.6246513554386057
1st2KB_B64-T53,-V→0,0.0,-2.26161293468904e-13,6.996755900165012e-14,6.349622033583896e-26,0.0,0.0,0.0,5.126371524532248e-24,0.0,0.0,0.0,0.012386191681968002,0.00016020202174651542,36802.31525414633,0.0002692259982746427,6.996755900158662e-14,0.8172859347163973,1.8965736045375639,0.70779113645358,0.70779113645358
1st2KB_B64-T53,0→+V,0.25,-2.63847158097491e-13,1.2509663944911507e-13,1.1361299281147058e-19,1.2213702631795098e-25,2.6399069807201276e-25,5.512896683414951e-14,8.719161294657108e-22,2.519171106384773e-21,2.4185167748738422e-23,9.459338423384397e-18,130.30266211624033,4.848302126377914e-05,0.010915396610626502,5827.993921632552,6.996755900158662e-14,0.6845024340165851,1.637738304392248,0.6361276473187927,0.6246513554386057
1st2KB_B64-T53,0→+V,0.5,-3.13781823874787e-13,1.8022644634578255e-13,9.53673126292615e-19,7.700987299579828e-25,2.0005308607561883e-24,1.1025793366829902e-13,7.318907463623904e-21,1.5883884912372628e-20,1.832760578583654e-22,1.8918676846768793e-17,130.30266211624033,4.848302126377914e-05,0.010915396610626502,5827.993921632552,6.996755900158662e-14,0.6295017071673454,1.5305252126511475,0.6064436581921868,0.5902137305694741
1st2KB_B64-T53,0→+V,0.75,-3.0738294396794e-13,2.3535933915588507e-13,4.879640722185416e-18,2.7879173930349035e-24,8.339799598172174e-24,1.6538690050244853e-13,3.744851135759904e-20,5.750296331300852e-20,7.640399974154949e-22,2.8378015270153187e-17,130.30266211624033,4.848302126377914e-05,0.010915396610626502,5827.993921632552,6.996755900158662e-14,0.5872981650974648,1.4482577138935369,0.5836663322244682,0.5637888116054941
1st2KB_B64-T53,0→+V,1.0,-3.41825553322808e-13,2.905027501767842e-13,1.9323804463866313e-17,7.81269668838717e-24,2.632300490651074e-23,2.2051586733659803e-13,1.4829938352777431e-19,1.6114294210092693e-19,2.4115481869787873e-21,3.7837353693537587e-17,130.30266211624033,4.848302126377914e-05,0.010915396610626502,5827.993921632552,6.996755900158662e-14,0.5517189333167727,1.3789030042469324,0.5644641581840053,0.5415115744236314
1st2KB_B64-T53,0→+V,1.25,-3.5562305595975e-13,3.456773585127443e-13,6.49652513202508e-17,1.8789348064289302e-23,7.030051675298441e-23,2.7564483417074757e-13,4.985719421625986e-19,3.8754490901181757e-19,6.440491285909348e-21,4.7296692116921986e-17,130.30266211624033,4.848302126377914e-05,0.010915396610626502,5827.993921632552,6.996755900158662e-14,0.5203730008612261,1.3178002784360765,0.547546703243378,0.5218849344696509
1st2KB_B64-T53,0→+V,1.5,-4.50966331335192e-13,4.009357858411943e-13,1.9442562638939254e-16,4.07408477342511e-23,1.6758036664699632e-22,3.3077380100489705e-13,1.4921078605128531e-18,8.403116528690409e-19,1.535265942456468e-20,5.675603054030637e-17,130.30266211624033,4.848302126377914e-05,0.010915396610626502,5827.993921632552,6.996755900158662e-14,0.49203411174136413,1.2625591917614076,0.5322521548858647,0.5041410956401609
1st2KB_B64-T53,0→+V,1.75,-4.96223721835332e-13,4.56403106471406e-13,5.327791813541849e-16,8.18945315823863e-23,3.675241461475682e-22,3.859027678390466e-13,4.0887820148977735e-18,1.6891383714894094e-18,3.3670251229329696e-20,6.621536896369077e-17,130.30266211624033,4.848302126377914e-05,0.010915396610626502,5827.993921632552,6.996755900158662e-14,0.46597381365212287,1.2117597698282978,0.5181873661197534,0.48782395183158866
1st2KB_B64-T53,0→+V,2.0,-5.25951840673472e-13,5.123608512597562e-13,1.361556673853727e-15,1.5529915716772535e-22,7.558206110569327e-22,4.4103173467319607e-13,1.044918539453254e-17,3.2031658324838507e-18,6.924353168451215e-20,7.567470738707517e-17,130.30266211624033,4.848302126377914e-05,0.010915396610626502,5827.993921632552,6.996755900158662e-14,0.44171747961829344,1.1644768207647311,0.5050961799307936,0.47263632468536826
1st2KB_B64-T53,0→+V,2.25,-5.62027529550646e-13,5.694149411023544e-13,3.286678835908982e-15,2.811105293290366e-22,1.4764027036079035e-21,4.961607015073456e-13,2.522342047760316e-17,5.798123178001071e-18,1.3525873188799905e-19,8.513404581045957e-17,130.30266211624033,4.848302126377914e-05,0.010915396610626502,5827.993921632552,6.996755900158662e-14,0.41893543261696037,1.1200677041016165,0.49280066904921804,0.45837179340865697
1st2KB_B64-T53,0→+V,2.5,-6.45306345251756e-13,6.288211049451077e-13,7.563874347767881e-15,4.897784189915e-22,2.7644796428084413e-21,5.512896683414951e-13,5.804850204073578e-17,1.0102060602345451e-17,2.5326424145844856e-19,9.459338423384397e-17,130.30266211624033,4.848302126377914e-05,0.010915396610626502,5827.993921632552,6.996755900158662e-14,0.39738763681442846,1.0780645172250543,0.48117128571292267,0.4448800642786355
1st2KB_B64-T53,0→+V,2.75,-7.87743351451931e-13,6.930986834544237e-13,1.6712483455235498e-14,8.264371989829701e-22,4.995519841625623e-21,6.064186351756446e-13,1.2825895636979876e-16,1.704590962858141e-17,4.576581153965874e-19,1.0405272265722836e-16,130.30266211624033,4.848302126377914e-05,0.010915396610626502,5827.993921632552,6.996755900158662e-14,0.37689288454522624,1.0381140314565287,0.4701102318257795,0.4320476776745969
1st2KB_B64-T53,0→+V,3.0,-8.63213959947234e-13,7.671612962901259e-13,3.5646125164998956e-14,1.356890581778526e-21,8.756855652262138e-21,6.615476020097941e-13,2.7356405913794593e-16,2.7986922976523256e-17,8.022480505872821e-19,1.1351206108061275e-16,130.30266211624033,4.848302126377914e-05,0.010915396610626502,5827.993921632552,6.996755900158662e-14,0.3573103954785323,0.99994182324951,0.4595415279953563,0.4197864867574082
1st2KB_B64-T53,0→+V,3.25,-9.24406059511773e-13,8.603562956201691e-13,7.371215064791528e-14,2.17569132156641e-21,1.495103222313081e-20,7.166765688439436e-13,5.65699498772774e-16,4.487532469829459e-17,1.3697195582041866e-18,1.2297139950399715e-16,130.30266211624033,4.848302126377914e-05,0.010915396610626502,5827.993921632552,6.996755900158662e-14,0.33852821440761555,0.963329657963516,0.44940475179944783,0.40802639297324256
1st2KB_B64-T53,0→+V,3.5,-1.18445661265176e-12,9.900748373939803e-13,1.4830171435407065e-13,3.416954873829351e-21,2.4943275100850087e-20,7.718055356780932e-13,1.1381326516704145e-15,7.047735031278055e-17,2.285146018108676e-18,1.3243073792738155e-16,130.30266211624033,4.848302126377914e-05,0.010915396610626502,5827.993921632552,6.996755900158662e-14,0.32045556848124174,0.9281005917909928,0.43965091297040887,0.3967105606841334
1st2KB_B64-T53,0→+V,3.75,-1.34680634700235e-12,1.1880343762429512e-12,2.911322686906641e-13,5.26871798236063e-21,4.076973986909437e-20,8.269345025122426e-13,2.2342772124713077e-15,1.0867140382393623e-16,3.735067201259886e-18,1.4189007635076595e-16,130.30266211624033,4.848302126377914e-05,0.010915396610626502,5827.993921632552,6.996755900158662e-14,0.30301764785490326,0.8941087976641575,0.4302396365034325,0.3857921491752528
1st2KB_B64-T53,0→+V,4.0,-1.5360740023701e-12,1.5110440948162503e-12,5.590129930475751e-13,7.991866431660052e-21,6.542882995480093e-20,8.820634693463921e-13,4.290111836309922e-15,1.648384573267228e-16,5.994177975274283e-18,1.5134941477415035e-16,130.30266211624033,4.848302126377914e-05,0.010915396610626502,5827.993921632552,6.996755900158662e-14,0.28615193191714805,0.8612324039563006,0.42113717991443067,0.37523201239368265
1st2KB_B64-T53,0→+V,4.25,-1.83608510340161e-12,2.059192879414642e-12,1.0520327690023924e-12,1.1944919690992165e-20,1.0328520148582366e-19,9.371924361805417e-13,8.073762668516285e-15,2.463732535562097e-16,9.462340689047623e-18,1.6080875319753475e-16,130.30266211624033,4.848302126377914e-05,0.010915396610626502,5827.993921632552,6.996755900158662e-14,0.2698055359917946,0.8293683223999766,0.41231500125054826,0.3649970376381189
1st2KB_B64-T53,0→+V,4.5,-2.24918217731074e-12,3.0061801077245095e-12,1.943890967466358e-12,1.761628456757215e-20,1.6062558899187874e-19,9.923214030146912e-13,1.4918275159507122e-14,3.633495625556855e-16,1.4715506428369666e-17,1.7026809162091915e-16,130.30266211624033,4.848302126377914e-05,0.010915396610626502,5827.993921632552,6.996755900158662e-14,0.25393325206924156,0.798428428878315,0.40374870166940047,0.3550589188012624
1st2KB_B64-T53,0→+V,4.75,-2.98781810924298e-12,4.649291233963796e-12,3.5318730330295065e-12,2.5665988031444952e-20,2.46417874300218e-19,1.0474503698488407e-12,2.7105148702785484e-14,5.293809536292159e-16,2.2575256135019593e-17,1.7972743004430355e-16,130.30266211624033,4.848302126377914e-05,0.010915396610626502,5827.993921632552,6.996755900158662e-14,0.23849607379635307,0.7683366881831135,0.3954172293735169,0.3453932328212054
1st2KB_B64-T53,0→+V,5.0,-4.7319847693017e-12,7.490827471384151e-12,6.318280165379567e-12,3.69793862603617e-20,3.733406216523633e-19,1.1025793366829903e-12,4.848926386279936e-14,7.627285861409051e-16,3.420312014030748e-17,1.8918676846768795e-16,130.30266211624033,4.848302126377914e-05,0.010915396610626502,5827.993921632552,6.996755900158662e-14,0.2234600670060548,0.7390269523345891,0.38730227003317585,0.3359787324857218
1st2KB_B64-T53,0→+V,5.25,-9.28782918629967e-12,1.2369413445015515e-11,1.1141736970590316e-11,5.2735940728892027e-20,5.591705339498139e-19,1.1577083035171396e-12,8.550659510433488e-14,1.0877197698133175e-15,5.12276881817966e-17,1.9864610689107232e-16,130.30266211624033,4.848302126377914e-05,0.010915396610626502,5827.993921632552,6.996755900158662e-14,0.2087954917182856,0.7104412490950398,0.3793877729287717,0.3267967966904076
1st2KB_B64-T53,0→+V,5.5,-1.93357899136437e-11,2.0669685656419435e-11,1.9386879923928596e-11,7.449687424091419e-20,8.286410886497478e-19,1.2128372703512891e-12,1.4878345237976764e-13,1.5365559385336732e-15,7.591488593671787e-17,2.0810544531445672e-16,130.30266211624033,4.848302126377914e-05,0.010915396610626502,5827.993921632552,6.996755900158662e-14,0.1944761103894722,0.6825284335373469,0.3716595776118384,0.31783099731267556
1st2KB_B64-T53,0→+V,5.75,-3.58875984485252e-11,3.4654110214212784e-11,3.331617509779096e-11,1.0431639552244311e-19,1.215918398495664e-18,1.2679662371854387e-12,2.556829964691764e-13,2.151606744037137e-15,1.113947978135698e-16,2.1756478373784112e-16,130.30266211624033,4.848302126377914e-05,0.010915396610626502,5827.993921632552,6.996755900158662e-14,0.18047863628442096,0.655243112754549,0.3641051161903884,0.30906675382064974
1st2KB_B64-T53,0→+V,6.0,-6.65775629071774e-11,5.798357982523459e-11,5.659051514944932e-11,1.4488224029904455e-19,1.767881853684193e-18,1.3230952040195882e-12,4.3430052947779445e-13,2.9883088248727532e-15,1.6196221875832726e-16,2.270241221612255e-16,130.30266211624033,4.848302126377914e-05,0.010915396610626502,5827.993921632552,6.996755900158662e-14,0.16678228876633094,0.6285447789852514,0.3567131733181494,0.30049105482674154
1st2KB_B64-T53,0→+V,6.25,-9.98612234570651e-11,9.652761720156982e-11,9.507942272357247e-11,1.9969255500030814e-19,2.54844948211263e-18,1.3782241708537377e-12,7.296813524711725e-13,4.11881417030203e-15,2.334729165618801e-16,2.364834605846099e-16,130.30266211624033,4.848302126377914e-05,0.010915396610626502,5827.993921632552,6.996755900158662e-14,0.15336843121733568,0.6023971038109848,0.3494736907796433,0.2920922313787083
1st2KB_B64-T53,0→+V,6.5,-1.45924453076596e-10,1.5961569999442228e-10,1.5811237538020128e-10,2.732776879522028e-19,3.644253845403603e-18,1.4333531376878873e-12,1.2134239839179377e-12,5.636564736042224e-15,3.338636217630242e-16,2.459427990079943e-16,130.30266211624033,4.848302126377914e-05,0.010915396610626502,5827.993921632552,6.996755900158662e-14,0.1402202735648932,0.5767673582899533,0.3423776069431549,0.28385977070239493
1st2KB_B64-T53,0→+V,6.75,-2.20884449619874e-10,2.619559540437551e-10,2.6039749883669726e-10,3.7147730102386206e-19,5.172056894975177e-18,1.4884821045220368e-12,1.9984050564093772e-12,7.662008087383502e-15,4.738313301360033e-16,2.554021374313787e-16,130.30266211624033,4.848302126377914e-05,0.010915396610626502,5827.993921632552,6.996755900158662e-14,0.12732262585959975,0.5516259326054829,0.3354167237662444,0.2757841619093222
1st2KB_B64-T53,0→+V,7.0,-3.60474011751322e-10,4.2655702335407716e-10,4.2494343693353844e-10,5.017854295620094e-19,7.28839548532669e-18,1.5436110713561863e-12,3.261203033246206e-12,1.0349714528555691e-14,6.677169639654866e-16,2.648614758547631e-16,130.30266211624033,4.848302126377914e-05,0.010915396610626502,5827.993921632552,6.996755900158662e-14,0.11466169258784842,0.5269459351190315,0.3285835957859267,0.26785676720959734
1st2KB_B64-T53,0→+V,7.25,-5.80870684885326e-10,6.891486891495053e-10,6.874799706764567e-10,6.737787673021157e-19,1.020207798657122e-17,1.5987400381903357e-12,5.276023985320959e-12,1.3897210811931901e-14,9.346502331064322e-16,2.743208142781475e-16,130.30266211624033,4.848302126377914e-05,0.010915396610626502,5827.993921632552,6.996755900158662e-14,0.10222489977964833,0.502702855350913,0.32187143680845737,0.2600697136588708
1st2KB_B64-T53,0→+V,7.5,-8.18948298064726e-10,1.104828587094022e-09,1.1031047354400367e-09,8.996466144471451e-19,1.4190312502871326e-17,1.6538690050244852e-12,8.465711425419534e-12,1.8555910729087674e-14,1.300027200940787e-15,2.837801527015319e-16,130.30266211624033,4.848302126377914e-05,0.010915396610626502,5827.993921632552,6.996755900158662e-14,0.09000074873849517,0.4788742788554672,0.31527404096708594,0.252415801574168
1st2KB_B64-T53,0→+V,7.75,-1.15557208246742e-09,1.7579969733778568e-09,1.7562179870327062e-09,1.1948446931468929e-18,1.9619445689274664e-17,1.7089979718586347e-12,1.3477990077179085e-11,2.4644600563280934e-14,1.7974102443675277e-15,2.932394911249163e-16,130.30266211624033,4.848302126377914e-05,0.010915396610626502,5827.993921632552,6.996755900158662e-14,0.07797869154816706,0.45543964454606223,0.3087857155328546,0.2448884265849139
1st2KB_B64-T53,0→+V,8.0,-1.79035286596019e-09,2.7771222663628715e-09,2.775288143314741e-09,1.5788995124012066e-18,2.6971536673316793e-17,1.7641269386927843e-12,2.129878314258049e-11,3.256602974082344e-14,2.4709625893995555e-15,3.026988295483007e-16,130.30266211624033,4.848302126377914e-05,0.010915396610626502,5827.993921632552,6.996755900158662e-14,0.06614902452018956,0.4323800369918984,0.30240122340800724,0.23748151291715647
1st2KB_B64-T53,0→+V,8.25,-2.47870879377388e-09,4.356567787590408e-09,4.354678525171191e-09,2.076395278850854e-18,3.687829354104213e-17,1.819255905526934e-12,3.341972032226381e-11,4.282726663328002e-14,3.3785573586158e-15,3.121581679716851e-16,130.30266211624033,4.848302126377914e-05,0.010915396610626502,5827.993921632552,6.996755900158662e-14,0.05450279651969925,0.40967800771732343,0.2961157336492968,0.23018945599360685
1st2KB_B64-T53,0→+V,8.5,-4.06046840595309e-09,6.788689545571378e-09,6.7867451402575615e-09,2.718181646334532e-18,5.016427281088366e-17,1.8743848723610833e-12,5.208447034031619e-11,5.606460933088014e-14,4.59573523531404e-15,3.216175063950695e-16,130.30266211624033,4.848302126377914e-05,0.010915396610626502,5827.993921632552,6.996755900158662e-14,0.04303172970663438,0.3873174207023826,0.28992477869186617,0.22300707280729198
1st2KB_B64-T53,0→+V,8.75,-8.88120865738529e-09,1.0510803994300928e-08,1.0508804441458185e-08,3.542848044344963e-18,6.790170044478808e-17,1.929513839195233e-12,8.064919220210173e-11,7.307399481293807e-14,6.220726819828381e-15,3.310768448184539e-16,130.30266211624033,4.848302126377914e-05,0.010915396610626502,5827.993921632552,6.996755900158662e-14,0.03172815069704393,0.3652833181953399,0.28382421719688566,0.215929558819561
1st2KB_B64-T53,0→+V,9.0,-1.30168729128854e-08,1.6173586921041445e-08,1.6171532214598064e-08,4.5985191195880875e-18,9.147983446448826e-17,1.9846428060293824e-12,1.241074583738878e-10,9.484803132562955e-14,8.38080719627078e-15,3.405361832418383e-16,130.30266211624033,4.848302126377914e-05,0.010915396610626502,5827.993921632552,6.996755900158662e-14,0.020584930517523414,0.34356180366566913,0.277810201644856,0.20895245036373394
1st2KB_B64-T53,0→+V,9.25,-2.05001402520111e-08,2.4740225750800258e-08,2.473811588283088e-08,5.945036192899005e-18,1.2269247604980949e-16,2.039771772863532e-12,1.8985119322245707e-10,1.226209926265557e-13,1.1240313149076441e-14,3.499955216652227e-16,130.30266211624033,4.848302126377914e-05,0.010915396610626502,5827.993921632552,6.996755900158662e-14,0.009595432017751593,0.3221399392951436,0.27187914995406204,0.20207159171849476
1st2KB_B64-T53,0→+V,9.5,-3.16121173682404e-08,3.585824294551331e-08,3.585607790570993e-08,7.656601838796536e-18,1.6384807435582187e-16,2.0949007396976815e-12,2.751753289101911e-10,1.579233644937193e-13,1.5010730273997587e-14,3.594548600886071e-16,130.30266211624033,4.848302126377914e-05,0.010915396610626502,5827.993921632552,6.996755900158662e-14,0.0,0.3010056558591012,0.26602772052948187,0.1952831061610979
1st2KB_B64-T53,+V→0,9.25,-2.87879018401327e-08,3.8209254551179476e-08,3.1097960098600617e-15,3.8209163561302215e-08,1.7912430386339773e-14,9.186363705551551e-20,1.8985119322245707e-10,1.226209926265557e-13,1.1240313149076441e-14,3.499955216652227e-16,1.6380176268980178e-05,311603.7698183448,1.5935881989027632,0.0002624708928229796,6.996755900158662e-14,0.009595432017751593,0.3221399392951436,0.27187914995406204,0.20207159171849476
1st2KB_B64-T53,+V→0,9.0,-2.25378808949017e-08,2.9555089477020502e-08,2.0329020444594023e-15,2.955500412091463e-08,1.3355555445256467e-14,8.938083605401509e-20,1.241074583738878e-10,9.484803132562955e-14,8.38080719627078e-15,3.405361832418383e-16,1.6380176268980178e-05,311603.7698183448,1.5935881989027632,0.0002624708928229796,6.996755900158662e-14,0.020584930517523414,0.34356180366566913,0.277810201644856,0.20895245036373394
1st2KB_B64-T53,+V→0,8.75,-2.02659080628109e-08,2.2770213461368407e-08,1.321047984221288e-15,2.2770132259397676e-08,9.913276848676423e-15,8.689803505251467e-20,8.064919220210173e-11,7.307399481293807e-14,6.220726819828381e-15,3.310768448184539e-16,1.6380176268980178e-05,311603.7698183448,1.5935881989027632,0.0002624708928229796,6.996755900158662e-14,0.03172815069704393,0.3652833181953399,0.28382421719688566,0.215929558819561
1st2KB_B64-T53,+V→0,8.5,-2.2367618868202e-08,1.747002176540066e-08,8.531528050508492e-16,1.7469943620895e-08,7.323709436278068e-15,8.441523405101425e-20,5.208447034031619e-11,5.606460933088014e-14,4.59573523531404e-15,3.216175063950695e-16,1.6380176268980178e-05,311603.7698183448,1.5935881989027632,0.0002624708928229796,6.996755900158662e-14,0.04303172970663438,0.3873174207023826,0.28992477869186617,0.22300707280729198
1st2KB_B64-T53,+V→0,8.25,-1.12361364656977e-08,1.3345213633036446e-08,5.474209097387002e-16,1.3345137733945466e-08,5.384029136006229e-15,8.193243304951382e-20,3.341972032226381e-11,4.282726663328002e-14,3.3785573586158e-15,3.121581679716851e-16,1.6380176268980178e-05,311603.7698183448,1.5935881989027632,0.0002624708928229796,6.996755900158662e-14,0.05450279651969925,0.40967800771732343,0.2961157336492968,0.23018945599360685
1st2KB_B64-T53,+V→0,8.0,-8.62424442971133e-09,1.0147771889470012e-08,3.48877822190252e-16,1.0147697635256916e-08,3.937696822397346e-15,7.94496320480134e-20,2.129878314258049e-11,3.256602974082344e-14,2.4709625893995555e-15,3.026988295483007e-16,1.6380176268980178e-05,311603.7698183448,1.5935881989027632,0.0002624708928229796,6.996755900158662e-14,0.06614902452018956,0.4323800369918984,0.30240122340800724,0.23748151291715647
1st2KB_B64-T53,+V→0,7.75,-6.61616272878973e-09,7.67942349392522e-09,2.2077185321575916e-16,7.679350441185643e-09,2.864331754011024e-15,7.696683104651298e-20,1.3477990077179085e-11,2.4644600563280934e-14,1.7974102443675277e-15,2.932394911249163e-16,1.6380176268980178e-05,311603.7698183448,1.5935881989027632,0.0002624708928229796,6.996755900158662e-14,0.07797869154816706,0.45543964454606223,0.3087857155328546,0.2448884265849139
1st2KB_B64-T53,+V→0,7.5,-5.19149390143525e-09,5.782163913607728e-09,1.386698453906914e-16,5.78209173559639e-09,2.0717080056718293e-15,7.448403004501256e-20,8.465711425419534e-12,1.8555910729087674e-14,1.300027200940787e-15,2.837801527015319e-16,1.6380176268980178e-05,311603.7698183448,1.5935881989027632,0.0002624708928229796,6.996755900158662e-14,0.09000074873849517,0.4788742788554672,0.31527404096708594,0.252415801574168
1st2KB_B64-T53,+V→0,7.25,-3.57706553266723e-09,4.330494822459028e-09,8.642220287892461e-17,4.330423278958241e-09,1.4894475815801269e-15,7.200122904351214e-20,5.276023985320959e-12,1.3897210811931901e-14,9.346502331064322e-16,2.743208142781475e-16,1.6380176268980178e-05,311603.7698183448,1.5935881989027632,0.0002624708928229796,6.996755900158662e-14,0.10222489977964833,0.502702855350913,0.32187143680845737,0.2600697136588708
1st2KB_B64-T53,+V→0,7.0,-2.75779687974875e-09,3.225081148755121e-09,5.3419080533505675e-17,3.2250100636416466e-09,1.064065873982581e-15,6.951842804201172e-20,3.261203033246206e-12,1.0349714528555691e-14,6.677169639654866e-16,2.648614758547631e-16,1.6380176268980178e-05,311603.7698183448,1.5935881989027632,0.0002624708928229796,6.996755900158662e-14,0.11466169258784842,0.5269459351190315,0.3285835957859267,0.26785676720959734
1st2KB_B64-T53,+V→0,6.75,-2.13477546751051e-09,2.387581359859625e-09,3.273422708080688e-17,2.387510604407345e-09,7.55092015975134e-16,6.70356270405113e-20,1.9984050564093772e-12,7.662008087383502e-15,4.738313301360033e-16,2.554021374313787e-16,1.6380176268980178e-05,311603.7698183448,1.5935881989027632,0.0002624708928229796,6.996755900158662e-14,0.12732262585959975,0.5516259326054829,0.3354167237662444,0.2757841619093222
1st2KB_B64-T53,+V→0,6.5,-1.56994062194826e-09,1.7564453401166815e-09,1.987609874558399e-17,1.7563748205759007e-09,5.320411276844911e-16,6.455282603901088e-20,1.2134239839179377e-12,5.636564736042224e-15,3.338636217630242e-16,2.459427990079943e-16,1.6380176268980178e-05,311603.7698183448,1.5935881989027632,0.0002624708928229796,6.996755900158662e-14,0.1402202735648932,0.5767673582899533,0.3423776069431549,0.28385977070239493
1st2KB_B64-T53,+V→0,6.25,-1.16785092707516e-09,1.2835083742803958e-09,1.1952309173665662e-17,1.2834380226473305e-09,3.720596845964216e-16,6.207002503751047e-20,7.296813524711725e-13,4.11881417030203e-15,2.334729165618801e-16,2.364834605846099e-16,1.6380176268980178e-05,311603.7698183448,1.5935881989027632,0.0002624708928229796,6.996755900158662e-14,0.15336843121733568,0.6023971038109848,0.3494736907796433,0.2920922313787083
1st2KB_B64-T53,+V→0,6.0,-8.65398863680866e-10,9.312385280453663e-10,7.113919226557695e-18,9.311682952117778e-10,2.5810108048137806e-16,5.958722403601005e-20,4.3430052947779445e-13,2.9883088248727532e-15,1.6196221875832726e-16,2.270241221612255e-16,1.6380176268980178e-05,311603.7698183448,1.5935881989027632,0.0002624708928229796,6.996755900158662e-14,0.16678228876633094,0.6285447789852514,0.3567131733181494,0.30049105482674154
1st2KB_B64-T53,+V→0,5.75,-6.43195163796406e-10,6.705189219302201e-10,4.188132551146146e-18,6.704487726085463e-10,1.7751743521486413e-16,5.710442303450964e-20,2.556829964691764e-13,2.151606744037137e-15,1.113947978135698e-16,2.1756478373784112e-16,1.6380176268980178e-05,311603.7698183448,1.5935881989027632,0.0002624708928229796,6.996755900158662e-14,0.18047863628442096,0.655243112754549,0.3641051161903884,0.30906675382064974
1st2KB_B64-T53,+V→0,5.5,-4.74494110669355e-10,4.788667140116462e-10,2.4370991758880124e-18,4.787966229838575e-10,1.2097706634980294e-16,5.462162203300921e-20,1.4878345237976764e-13,1.5365559385336732e-15,7.591488593671787e-17,2.0810544531445672e-16,1.6380176268980178e-05,311603.7698183448,1.5935881989027632,0.0002624708928229796,6.996755900158662e-14,0.1944761103894722,0.6825284335373469,0.3716595776118384,0.31783099731267556
1st2KB_B64-T53,+V→0,5.25,-3.20985432678e-10,3.390076314273648e-10,1.4006130999693228e-18,3.38937580779772e-10,8.163583934358161e-17,5.2138821031508795e-20,8.550659510433488e-14,1.0877197698133175e-15,5.12276881817966e-17,1.9864610689107232e-16,1.6380176268980178e-05,311603.7698183448,1.5935881989027632,0.0002624708928229796,6.996755900158662e-14,0.2087954917182856,0.7104412490950398,0.3793877729287717,0.3267967966904076
1st2KB_B64-T53,+V→0,5.0,-2.32613539541404e-10,2.3773912569833113e-10,7.942626892257442e-19,2.376691027897222e-10,5.4505688621247414e-17,4.965602003000838e-20,4.848926386279936e-14,7.627285861409051e-16,3.420312014030748e-17,1.8918676846768795e-16,1.6380176268980178e-05,311603.7698183448,1.5935881989027632,0.0002624708928229796,6.996755900158662e-14,0.2234600670060548,0.7390269523345891,0.38730227003317585,0.3359787324857218
1st2KB_B64-T53,+V→0,4.75,-1.67690694663492e-10,1.6502710484671772e-10,4.439871135485457e-19,1.6495710082089404e-10,3.597566176397443e-17,4.7173219028507963e-20,2.7105148702785484e-14,5.293809536292159e-16,2.2575256135019593e-17,1.7972743004430355e-16,1.6380176268980178e-05,311603.7698183448,1.5935881989027632,0.0002624708928229796,6.996755900158662e-14,0.23849607379635307,0.7683366881831135,0.3954172293735169,0.3453932328212054
1st2KB_B64-T53,+V→0,4.5,-1.15288896485044e-10,1.1329108475271148e-10,2.4436397674187505e-19,1.132210934541981e-10,2.3450457385127648e-17,4.4690418027007544e-20,1.4918275159507122e-14,3.633495625556855e-16,1.4715506428369666e-17,1.7026809162091915e-16,1.6380176268980178e-05,311603.7698183448,1.5935881989027632,0.0002624708928229796,6.996755900158662e-14,0.25393325206924156,0.798428428878315,0.40374870166940047,0.3550589188012624
1st2KB_B64-T53,+V→0,4.25,-7.57891735481131e-11,7.684081740305919e-11,1.3224965566420853e-19,7.677083459052587e-11,1.5079074456063732e-17,4.2207617025507125e-20,8.073762668516285e-15,2.463732535562097e-16,9.462340689047623e-18,1.6080875319753475e-16,1.6380176268980178e-05,311603.7698183448,1.5935881989027632,0.0002624708928229796,6.996755900158662e-14,0.2698055359917946,0.8293683223999766,0.41231500125054826,0.3649970376381189
1st2KB_B64-T53,+V→0,4.0,-5.27295776486802e-11,5.1434261935297656e-11,7.027278809239476e-20,5.136428471404718e-11,9.552251283519956e-18,3.97248160240067e-20,4.290111836309922e-15,1.648384573267228e-16,5.994177975274283e-18,1.5134941477415035e-16,1.6380176268980178e-05,311603.7698183448,1.5935881989027632,0.0002624708928229796,6.996755900158662e-14,0.28615193191714805,0.8612324039563006,0.42113717991443067,0.37523201239368265
1st2KB_B64-T53,+V→0,3.75,-3.03678228397164e-11,3.393239268799068e-11,3.65978545740457e-20,3.3862419102990216e-11,5.952159014036526e-18,3.724201502250628e-20,2.2342772124713077e-15,1.0867140382393623e-16,3.735067201259886e-18,1.4189007635076595e-16,1.6380176268980178e-05,311603.7698183448,1.5935881989027632,0.0002624708928229796,6.996755900158662e-14,0.30301764785490326,0.8941087976641575,0.4302396365034325,0.3857921491752528
1st2KB_B64-T53,+V→0,3.5,-1.90216800644016e-11,2.2030979298255864e-11,1.8642813451843208e-20,2.196100804427052e-11,3.6415817272276256e-18,3.475921402100586e-20,1.1381326516704145e-15,7.047735031278055e-17,2.285146018108676e-18,1.3243073792738155e-16,1.6380176268980178e-05,311603.7698183448,1.5935881989027632,0.0002624708928229796,6.996755900158662e-14,0.32045556848124174,0.9281005917909928,0.43965091297040887,0.3967105606841334
1st2KB_B64-T53,+V→0,3.25,-1.13867248963118e-11,1.4053290131124054e-11,9.266257505171774e-21,1.3983320347810872e-11,2.1827689237604983e-18,3.227641301950544e-20,5.65699498772774e-16,4.487532469829459e-17,1.3697195582041866e-18,1.2297139950399715e-16,1.6380176268980178e-05,311603.7698183448,1.5935881989027632,0.0002624708928229796,6.996755900158662e-14,0.33852821440761555,0.963329657963516,0.44940475179944783,0.40802639297324256
1st2KB_B64-T53,+V→0,3.0,-7.43877355546818e-12,8.790799576829552e-12,4.481027509537272e-21,8.720830705100298e-12,1.2784530260086397e-18,2.9793612018005023e-20,2.7356405913794593e-16,2.7986922976523256e-17,8.022480505872821e-19,1.1351206108061275e-16,1.6380176268980178e-05,311603.7698183448,1.5935881989027632,0.0002624708928229796,6.996755900158662e-14,0.3573103954785323,0.99994182324951,0.4595415279953563,0.4197864867574082
1st2KB_B64-T53,+V→0,2.75,-4.73116294405496e-12,5.381538017980662e-12,2.1009043134127418e-21,5.311569700248789e-12,7.293185718280807e-19,2.7310811016504604e-20,1.2825895636979876e-16,1.704590962858141e-17,4.576581153965874e-19,1.0405272265722836e-16,1.6380176268980178e-05,311603.7698183448,1.5935881989027632,0.0002624708928229796,6.996755900158662e-14,0.37689288454522624,1.0381140314565287,0.4701102318257795,0.4320476776745969
1st2KB_B64-T53,+V→0,2.5,-2.65806539105629e-12,3.2178081550035692e-12,9.508446955775077e-22,3.1478401666242217e-12,4.0359890639224357e-19,2.482801001500419e-20,5.804850204073578e-17,1.0102060602345451e-17,2.5326424145844856e-19,9.459338423384397e-17,1.6380176268980178e-05,311603.7698183448,1.5935881989027632,0.0002624708928229796,6.996755900158662e-14,0.39738763681442846,1.0780645172250543,0.48117128571292267,0.4448800642786355
1st2KB_B64-T53,+V→0,2.25,-1.38018817295166e-12,1.8766848374429342e-12,4.1316407352974397e-22,1.8067170401362556e-12,2.1554671893526815e-19,2.2345209013503772e-20,2.522342047760316e-17,5.798123178001071e-18,1.3525873188799905e-19,8.513404581045957e-17,1.6380176268980178e-05,311603.7698183448,1.5935881989027632,0.0002624708928229796,6.996755900158662e-14,0.41893543261696037,1.1200677041016165,0.49280066904921804,0.45837179340865697
1st2KB_B64-T53,+V→0,2.0,-2.41542354693924e-13,1.0680862381361138e-12,1.711594986296962e-22,9.981185487552846e-13,1.1034567494278814e-19,1.986240801200335e-20,1.044918539453254e-17,3.2031658324838507e-18,6.924353168451215e-20,7.567470738707517e-17,1.6380176268980178e-05,311603.7698183448,1.5935881989027632,0.0002624708928229796,6.996755900158662e-14,0.44171747961829344,1.1644768207647311,0.5050961799307936,0.47263632468536826
1st2KB_B64-T53,+V→0,1.75,-6.48135516610748e-14,5.963095144056032e-13,6.697497012946147e-23,5.263418843009197e-13,5.365651501315106e-20,1.737960701050293e-20,4.0887820148977735e-18,1.6891383714894094e-18,3.3670251229329696e-20,6.621536896369077e-17,1.6380176268980178e-05,311603.7698183448,1.5935881989027632,0.0002624708928229796,6.996755900158662e-14,0.46597381365212287,1.2117597698282978,0.5181873661197534,0.48782395183158866
1st2KB_B64-T53,+V→0,1.5,-4.616264340999e-15,3.31811877244928e-13,2.4440989767531423e-23,2.6184427885627746e-13,2.446581688075956e-20,1.4896806009002512e-20,1.4921078605128531e-18,8.403116528690409e-19,1.535265942456468e-20,5.675603054030637e-17,1.6380176268980178e-05,311603.7698183448,1.5935881989027632,0.0002624708928229796,6.996755900158662e-14,0.49203411174136413,1.2625591917614076,0.5322521548858647,0.5041410956401609
1st2KB_B64-T53,+V→0,1.25,-1.31847305425911e-13,1.90728036309239e-13,8.166696295391155e-24,1.2076045462198978e-13,1.0263490908361218e-20,1.2414005007502096e-20,4.985719421625986e-19,3.8754490901181757e-19,6.440491285909348e-21,4.7296692116921986e-17,1.6380176268980178e-05,311603.7698183448,1.5935881989027632,0.0002624708928229796,6.996755900158662e-14,0.5203730008612261,1.3178002784360765,0.547546703243378,0.5218849344696509
1st2KB_B64-T53,+V→0,1.0,-4.58095421405208e-13,1.2018032101650263e-13,2.429170042766039e-24,5.0212748238268096e-14,3.84301473185475e-21,9.931204006001675e-21,1.4829938352777431e-19,1.6114294210092693e-19,2.4115481869787873e-21,3.7837353693537587e-17,1.6380176268980178e-05,311603.7698183448,1.5935881989027632,0.0002624708928229796,6.996755900158662e-14,0.5517189333167727,1.3789030042469324,0.5644641581840053,0.5415115744236314
1st2KB_B64-T53,+V→0,0.75,3.05100969445402e-13,8.78857078122276e-14,6.134132170483785e-25,1.7918140144059432e-14,1.2175651233710303e-21,7.448403004501256e-21,3.744851135759904e-20,5.750296331300852e-20,7.640399974154949e-22,2.8378015270153187e-17,1.6380176268980178e-05,311603.7698183448,1.5935881989027632,0.0002624708928229796,6.996755900158662e-14,0.5872981650974648,1.4482577138935369,0.5836663322244682,0.5637888116054941
1st2KB_B64-T53,+V→0,0.5,2.57318851556304e-13,7.49170426774311e-14,1.198849943505142e-25,4.94947841805604e-15,2.9206656294451112e-22,4.9656020030008375e-21,7.318907463623904e-21,1.5883884912372628e-20,1.832760578583654e-22,1.8918676846768793e-17,1.6380176268980178e-05,311603.7698183448,1.5935881989027632,0.0002624708928229796,6.996755900158662e-14,0.6295017071673454,1.5305252126511475,0.6064436581921868,0.5902137305694741
1st2KB_B64-T53,+V→0,0.25,1.9536950453692e-13,7.075254473651004e-14,1.4282139892415284e-26,7.849832135669458e-16,3.854119791287326e-23,2.4828010015004187e-21,8.719161294657108e-22,2.519171106384773e-21,2.4185167748738422e-23,9.459338423384397e-18,1.6380176268980178e-05,311603.7698183448,1.5935881989027632,0.0002624708928229796,6.996755900158662e-14,0.6845024340165851,1.637738304392248,0.6361276473187927,0.6246513554386057
1st2KB_B64-T53,+V→0,0.0,2.07703537528914e-13,6.99675590015867e-14,8.397086919211886e-29,0.0,0.0,0.0,5.126371524532248e-24,0.0,0.0,0.0,1.6380176268980178e-05,311603.7698183448,1.5935881989027632,0.0002624708928229796,6.996755900158662e-14,0.8172859347163973,1.8965736045375639,0.70779113645358,0.70779113645358
1st2KB_B64-T55,0→-V,0.0,2.68084216799433e-14,6.99677529116827e-14,1.939100960925417e-19,0.0,0.0,0.0,5.126371524532248e-24,0.0,0.0,0.0,37825.993524773825,413.18032107650197,0.0015621014422393907,2428.1905540753914,6.996755900158662e-14,0.8172859347163973,1.8965736045375639,0.70779113645358,0.70779113645358
1st2KB_B64-T55,0→-V,-0.25,6.39710655866814e-14,9.293767608101538e-14,1.3968714680270426e-32,1.0408719265827073e-18,3.7779685421105886e-26,2.29690762074644e-14,3.6928877151955657e-37,2.519171106384773e-21,2.4185167748738422e-23,9.459338423384397e-18,37825.993524773825,413.18032107650197,0.0015621014422393907,2428.1905540753914,6.996755900158662e-14,0.6845024340165851,1.637738304392248,0.6361276473187927,0.6246513554386057
1st2KB_B64-T55,0→-V,-0.5,6.63224697058408e-14,1.1591227432546974e-13,8.836028673217459e-31,6.562908668036327e-18,2.862957943085026e-25,4.59381524149288e-14,2.3359673731848903e-35,1.5883884912372628e-20,1.832760578583654e-22,1.8918676846768793e-17,37825.993524773825,413.18032107650197,0.0015621014422393907,2428.1905540753914,6.996755900158662e-14,0.6295017071673454,1.5305252126511475,0.6064436581921868,0.5902137305694741
1st2KB_B64-T55,0→-V,-0.75,1.09153707123291e-13,1.3889854671801785e-13,2.1295619013179668e-29,2.375909284451917e-17,1.193507981891325e-24,6.890722862239318e-14,5.629890196864829e-34,5.750296331300852e-20,7.640399974154949e-22,2.8378015270153187e-17,37825.993524773825,413.18032107650197,0.0015621014422393907,2428.1905540753914,6.996755900158662e-14,0.5872981650974648,1.4482577138935369,0.5836663322244682,0.5637888116054941
1st2KB_B64-T55,0→-V,-1.0,1.24175599273621e-13,1.6191044492776809e-13,3.1145701063901706e-28,6.658109255647315e-17,3.7670829009093516e-24,9.18763048298576e-14,8.233941309037418e-33,1.6114294210092693e-19,2.4115481869787873e-21,3.7837353693537587e-17,37825.993524773825,413.18032107650197,0.0015621014422393907,2428.1905540753914,6.996755900158662e-14,0.5517189333167727,1.3789030042469324,0.5644641581840053,0.5415115744236314
1st2KB_B64-T55,0→-V,-1.25,1.39393813332334e-13,1.849730659789097e-13,3.3103866832594225e-27,1.6012592993706652e-16,1.006070072644922e-23,1.14845381037322e-13,8.75161859553355e-32,3.8754490901181757e-19,6.440491285909348e-21,4.7296692116921986e-17,37825.993524773825,413.18032107650197,0.0015621014422393907,2428.1905540753914,6.996755900158662e-14,0.5203730008612261,1.3178002784360765,0.547546703243378,0.5218849344696509
1st2KB_B64-T55,0→-V,-1.5,1.49213622143915e-13,2.0812921650892018e-13,2.80471113138981e-26,3.4720023853675636e-16,2.3982411429322658e-23,1.3781445724478636e-13,7.414771880487125e-31,8.403116528690409e-19,1.535265942456468e-20,5.675603054030637e-17,37825.993524773825,413.18032107650197,0.0015621014422393907,2428.1905540753914,6.996755900158662e-14,0.49203411174136413,1.2625591917614076,0.5322521548858647,0.5041410956401609
1st2KB_B64-T55,0→-V,-1.75,1.59812728372025e-13,2.314490112413085e-13,2.0011556363038154e-25,6.979187346746339e-16,5.2596348005898537e-23,1.607835334522508e-13,5.2904245198296636e-30,1.6891383714894094e-18,3.3670251229329696e-20,6.621536896369077e-17,37825.993524773825,413.18032107650197,0.0015621014422393907,2428.1905540753914,6.996755900158662e-14,0.46597381365212287,1.2117597698282978,0.5181873661197534,0.48782395183158866
1st2KB_B64-T55,0→-V,-2.0,1.97522526763569e-13,2.550436538578404e-13,1.246233583729949e-24,1.3234850871269582e-15,1.0816542071012538e-22,1.837526096597152e-13,3.29464864660789e-29,3.2031658324838507e-18,6.924353168451215e-20,7.567470738707517e-17,37825.993524773825,413.18032107650197,0.0015621014422393907,2428.1905540753914,6.996755900158662e-14,0.44171747961829344,1.1644768207647311,0.5050961799307936,0.47263632468536826
1st2KB_B64-T55,0→-V,-2.25,2.05218708779903e-13,2.790849154833261e-13,6.94448069822815e-24,2.3956703963275906e-15,2.112878601577144e-22,2.067216858671796e-13,1.8359017308243126e-28,5.798123178001071e-18,1.3525873188799905e-19,8.513404581045957e-17,37825.993524773825,413.18032107650197,0.0015621014422393907,2428.1905540753914,6.996755900158662e-14,0.41893543261696037,1.1200677041016165,0.49280066904921804,0.45837179340865697
1st2KB_B64-T55,0→-V,-2.5,2.10891064810967e-13,3.038322941503248e-13,3.525837221997431e-23,4.1739726432113744e-15,3.956244368499078e-22,2.29690762074644e-13,9.321201886444074e-28,1.0102060602345451e-17,2.5326424145844856e-19,9.459338423384397e-17,37825.993524773825,413.18032107650197,0.0015621014422393907,2428.1905540753914,6.996755900158662e-14,0.39738763681442846,1.0780645172250543,0.48117128571292267,0.4448800642786355
1st2KB_B64-T55,0→-V,-2.75,2.33420460694564e-13,3.2967043257733044e-13,1.6534873644994975e-22,7.0430344133783035e-15,7.149084021135708e-22,2.5265983828210837e-13,4.371299232144582e-27,1.704590962858141e-17,4.576581153965874e-19,1.0405272265722836e-16,37825.993524773825,413.18032107650197,0.0015621014422393907,2428.1905540753914,6.996755900158662e-14,0.37689288454522624,1.0381140314565287,0.4701102318257795,0.4320476776745969
1st2KB_B64-T55,0→-V,-3.0,2.79085700946938e-13,3.5716012128961405e-13,7.238786279086558e-22,1.156364582138321e-14,1.253192836856133e-21,2.756289144895727e-13,1.913706846680861e-26,2.7986922976523256e-17,8.022480505872821e-19,1.1351206108061275e-16,37825.993524773825,413.18032107650197,0.0015621014422393907,2428.1905540753914,6.996755900158662e-14,0.3573103954785323,0.99994182324951,0.4595415279953563,0.4197864867574082
1st2KB_B64-T55,0→-V,-3.25,3.10806881533704e-13,3.8710715588899784e-13,2.983479519720621e-21,1.8541601067253637e-14,2.139640897334261e-21,2.9859799069703717e-13,7.887379131936391e-26,4.487532469829459e-17,1.3697195582041866e-18,1.2297139950399715e-16,37825.993524773825,413.18032107650197,0.0015621014422393907,2428.1905540753914,6.996755900158662e-14,0.33852821440761555,0.963329657963516,0.44940475179944783,0.40802639297324256
1st2KB_B64-T55,0→-V,-3.5,3.39083660238701e-13,4.2065449536246077e-13,1.1655886905062111e-20,2.911985423085577e-14,3.569629890615163e-21,3.215670669045016e-13,3.081448976992021e-25,7.047735031278055e-17,2.285146018108676e-18,1.3243073792738155e-16,37825.993524773825,413.18032107650197,0.0015621014422393907,2428.1905540753914,6.996755900158662e-14,0.32045556848124174,0.9281005917909928,0.43965091297040887,0.3967105606841334
1st2KB_B64-T55,0→-V,-3.75,3.77237900205801e-13,4.594046368811697e-13,4.340925508678377e-20,4.4900885523808174e-14,5.834553861949112e-21,3.44536143111966e-13,1.147603831168459e-24,1.0867140382393623e-16,3.735067201259886e-18,1.4189007635076595e-16,37825.993524773825,413.18032107650197,0.0015621014422393907,2428.1905540753914,6.996755900158662e-14,0.30301764785490326,0.8941087976641575,0.4302396365034325,0.3857921491752528
1st2KB_B64-T55,0→-V,-4.0,4.46054705758453e-13,5.055809492479272e-13,1.5483938559969583e-19,6.81080067240106e-14,9.363514060215547e-21,3.675052193194304e-13,4.0934651326021365e-24,1.648384573267228e-16,5.994177975274283e-18,1.5134941477415035e-16,37825.993524773825,413.18032107650197,0.0015621014422393907,2428.1905540753914,6.996755900158662e-14,0.28615193191714805,0.8612324039563006,0.42113717991443067,0.37523201239368265
1st2KB_B64-T55,0→-V,-4.25,5.20551646492756e-13,5.622389804163702e-13,5.310977356391131e-19,1.0179658000901716e-13,1.4781136037321763e-20,3.904742955268948e-13,1.4040549530874185e-23,2.463732535562097e-16,9.462340689047623e-18,1.6080875319753475e-16,37825.993524773825,413.18032107650197,0.0015621014422393907,2428.1905540753914,6.996755900158662e-14,0.2698055359917946,0.8293683223999766,0.41231500125054826,0.3649970376381189
1st2KB_B64-T55,0→-V,-4.5,5.67757917502992e-13,6.335416003308113e-13,1.7576879870522653e-18,1.5012888891976467e-13,2.2987113815039282e-20,4.134433717343592e-13,4.6467728227708866e-23,3.633495625556855e-16,1.4715506428369666e-17,1.7026809162091915e-16,37825.993524773825,413.18032107650197,0.0015621014422393907,2428.1905540753914,6.996755900158662e-14,0.25393325206924156,0.798428428878315,0.40374870166940047,0.3550589188012624
1st2KB_B64-T55,0→-V,-4.75,7.58197703839419e-13,7.251154639833168e-13,5.62938276221426e-18,2.1872979239230422e-13,3.526484016743776e-20,4.364124479418236e-13,1.4882313027752574e-22,5.293809536292159e-16,2.2575256135019593e-17,1.7972743004430355e-16,37825.993524773825,413.18032107650197,0.0015621014422393907,2428.1905540753914,6.996755900158662e-14,0.23849607379635307,0.7683366881831135,0.3954172293735169,0.3453932328212054
1st2KB_B64-T55,0→-V,-5.0,9.36132898629594e-13,8.445110708244866e-13,1.7492128943123525e-17,3.1514444211592555e-13,5.342874330026146e-20,4.59381524149288e-13,4.624367349840315e-22,7.627285861409051e-16,3.420312014030748e-17,1.8918676846768795e-16,37825.993524773825,413.18032107650197,0.0015621014422393907,2428.1905540753914,6.996755900158662e-14,0.2234600670060548,0.7390269523345891,0.38730227003317585,0.3359787324857218
1st2KB_B64-T55,0→-V,-5.25,1.11925128453566e-12,1.00179549510447e-12,5.285199056002976e-17,4.4942440373272535e-13,8.002284559137426e-20,4.823506003567523e-13,1.3972399832780276e-21,1.0877197698133175e-15,5.12276881817966e-17,1.9864610689107232e-16,37825.993524773825,413.18032107650197,0.0015621014422393907,2428.1905540753914,6.996755900158662e-14,0.2087954917182856,0.7104412490950398,0.3793877729287717,0.3267967966904076
1st2KB_B64-T55,0→-V,-5.5,1.32869897809945e-12,1.2103176181569744e-12,1.555879690694147e-16,6.348746760353489e-13,1.1858675280918583e-19,5.053196765642167e-13,4.113255319189796e-21,1.5365559385336732e-15,7.591488593671787e-17,2.0810544531445672e-16,37825.993524773825,413.18032107650197,0.0015621014422393907,2428.1905540753914,6.996755900158662e-14,0.1944761103894722,0.6825284335373469,0.3716595776118384,0.31783099731267556
1st2KB_B64-T55,0→-V,-5.75,1.66879693657557e-12,1.4877050940406115e-12,4.470429257382764e-16,8.890015653316312e-13,1.740099743225427e-19,5.282887527716811e-13,1.181840538955016e-20,2.151606744037137e-15,1.113947978135698e-16,2.1756478373784112e-16,37825.993524773825,413.18032107650197,0.0015621014422393907,2428.1905540753914,6.996755900158662e-14,0.18047863628442096,0.655243112754549,0.3641051161903884,0.30906675382064974
1st2KB_B64-T55,0→-V,-6.0,2.16603189377718e-12,1.8571916701703976e-12,1.2556294515812606e-15,1.2347103997366685e-12,2.5300141551067473e-19,5.512578289791454e-13,3.3194883586042397e-20,2.9883088248727532e-15,1.6196221875832726e-16,2.270241221612255e-16,37825.993524773825,413.18032107650197,0.0015621014422393907,2428.1905540753914,6.996755900158662e-14,0.16678228876633094,0.6285447789852514,0.3567131733181494,0.30049105482674154
1st2KB_B64-T55,0→-V,-6.25,2.62157309749433e-12,2.3494602061008594e-12,3.4524158644444484e-15,1.7018129613398389e-12,3.647083796851498e-19,5.742269051866098e-13,9.12709896749524e-20,4.11881417030203e-15,2.334729165618801e-16,2.364834605846099e-16,37825.993524773825,413.18032107650197,0.0015621014422393907,2428.1905540753914,6.996755900158662e-14,0.15336843121733568,0.6023971038109848,0.3494736907796433,0.2920922313787083
1st2KB_B64-T55,0→-V,-6.5,3.42064267536135e-12,3.0053859930416473e-12,9.304303710726609e-15,2.3289176274064146e-12,5.215288450672866e-19,5.971959813940743e-13,2.4597645279648324e-19,5.636564736042224e-15,3.338636217630242e-16,2.459427990079943e-16,37825.993524773825,413.18032107650197,0.0015621014422393907,2428.1905540753914,6.996755900158662e-14,0.1402202735648932,0.5767673582899533,0.3423776069431549,0.28385977070239493
1st2KB_B64-T55,0→-V,-6.75,4.0716375583616e-12,3.8805303309261275e-12,2.4606012514527944e-14,3.16579096163587e-12,7.401726041836596e-19,6.201650576015387e-13,6.505053858905897e-19,7.662008087383502e-15,4.738313301360033e-16,2.554021374313787e-16,37825.993524773825,413.18032107650197,0.0015621014422393907,2428.1905540753914,6.996755900158662e-14,0.12732262585959975,0.5516259326054829,0.3354167237662444,0.2757841619093222
1st2KB_B64-T55,0→-V,-7.0,4.81531654827894e-12,5.053322606732177e-12,6.392149892117763e-14,4.276298371958778e-12,1.043041632418194e-18,6.431341338090032e-13,1.6898828811809735e-18,1.0349714528555691e-14,6.677169639654866e-16,2.648614758547631e-16,37825.993524773825,413.18032107650197,0.0015621014422393907,2428.1905540753914,6.996755900158662e-14,0.11466169258784842,0.5269459351190315,0.3285835957859267,0.26785676720959734
1st2KB_B64-T55,0→-V,-7.25,5.82582072861104e-12,6.641398650215362e-12,1.6327239583697342e-13,5.7420540253418575e-12,1.4600184771249404e-18,6.661032100164676e-13,4.316407333228128e-18,1.3897210811931901e-14,9.346502331064322e-16,2.743208142781475e-16,37825.993524773825,413.18032107650197,0.0015621014422393907,2428.1905540753914,6.996755900158662e-14,0.10222489977964833,0.502702855350913,0.32187143680845737,0.2600697136588708
1st2KB_B64-T55,0→-V,-7.5,6.27974321848468e-12,8.836386475588545e-12,4.104074466773069e-13,7.666937152911353e-12,2.0307743655400417e-18,6.89072286223932e-13,1.0849878838172854e-17,1.8555910729087674e-14,1.300027200940787e-15,2.837801527015319e-16,37825.993524773825,413.18032107650197,0.0015621014422393907,2428.1905540753914,6.996755900158662e-14,0.09000074873849517,0.4788742788554672,0.31527404096708594,0.252415801574168
1st2KB_B64-T55,0→-V,-7.75,9.20704311402343e-12,1.1980689864692566e-11,1.0160141619838908e-12,1.0182663973538557e-11,2.8077371350223706e-18,7.120413624313964e-13,2.6860210857871073e-17,2.4644600563280934e-14,1.7974102443675277e-15,2.932394911249163e-16,37825.993524773825,413.18032107650197,0.0015621014422393907,2428.1905540753914,6.996755900158662e-14,0.07797869154816706,0.45543964454606223,0.3087857155328546,0.2448884265849139
1st2KB_B64-T55,0→-V,-8.0,1.2983529182331e-11,1.673966781721878e-11,2.479043335183767e-12,1.345564262450034e-11,3.859894224620625e-18,7.350104386388608e-13,6.553808913333996e-17,3.256602974082344e-14,2.4709625893995555e-15,3.026988295483007e-16,37825.993524773825,413.18032107650197,0.0015621014422393907,2428.1905540753914,6.996755900158662e-14,0.06614902452018956,0.4323800369918984,0.30240122340800724,0.23748151291715647
1st2KB_B64-T55,0→-V,-8.25,1.68055604155004e-11,2.4489036334542975e-11,5.965700204678148e-12,1.7695383778367597e-11,5.277649322582247e-18,7.579795148463252e-13,1.57714303016812e-16,4.282726663328002e-14,3.3785573586158e-15,3.121581679716851e-16,37825.993524773825,413.18032107650197,0.0015621014422393907,2428.1905540753914,6.996755900158662e-14,0.05450279651969925,0.40967800771732343,0.2961157336492968,0.23018945599360685
1st2KB_B64-T55,0→-V,-8.5,4.63982151310827e-11,3.818352758220557e-11,1.4167810968783853e-11,2.3164793284361703e-11,7.179004639234448e-18,7.809485910537896e-13,3.7455224961916096e-16,5.606460933088014e-14,4.59573523531404e-15,3.216175063950695e-16,37825.993524773825,413.18032107650197,0.0015621014422393907,2428.1905540753914,6.996755900158662e-14,0.04303172970663438,0.3873174207023826,0.28992477869186617,0.22300707280729198
1st2KB_B64-T55,0→-V,-8.75,1.18869761256413e-10,6.429120275444225e-11,3.322457117162069e-11,3.0192736639152395e-11,9.717406337031173e-18,8.03917667261254e-13,8.783529016854649e-16,7.307399481293807e-14,6.220726819828381e-15,3.310768448184539e-16,37825.993524773825,413.18032107650197,0.0015621014422393907,2428.1905540753914,6.996755900158662e-14,0.03172815069704393,0.3652833181953399,0.28382421719688566,0.215929558819561
1st2KB_B64-T55,0→-V,-9.0,1.83089085559196e-10,1.1706387855042527e-10,7.697767111968623e-11,3.9189340036597737e-11,1.309167100842485e-17,8.268867434687184e-13,2.0350469068121196e-15,9.484803132562955e-14,8.38080719627078e-15,3.405361832418383e-16,37825.993524773825,413.18032107650197,0.0015621014422393907,2428.1905540753914,6.996755900158662e-14,0.020584930517523414,0.34356180366566913,0.277810201644856,0.20895245036373394
1st2KB_B64-T55,0→-V,-9.25,2.8913835214972e-10,2.278779018629464e-10,1.7629347982159956e-10,5.0664581104159666e-11,1.7558509381394697e-17,8.498558196761828e-13,4.660643737120549e-15,1.226209926265557e-13,1.1240313149076441e-14,3.499955216652227e-16,37825.993524773825,413.18032107650197,0.0015621014422393907,2428.1905540753914,6.996755900158662e-14,0.009595432017751593,0.3221399392951436,0.27187914995406204,0.20207159171849476
1st2KB_B64-T55,0→-V,-9.5,4.16049000806495e-10,4.654727495060227e-10,3.9927910715585765e-10,6.52508264469964e-11,2.3448283410078115e-17,8.728248958836472e-13,1.0555680629891534e-14,1.579233644937193e-13,1.5010730273997587e-14,3.594548600886071e-16,37825.993524773825,413.18032107650197,0.0015621014422393907,2428.1905540753914,6.996755900158662e-14,0.0,0.3010056558591012,0.26602772052948187,0.1952831061610979
1st2KB_B64-T55,-V→0,-9.25,3.37421951490668e-10,4.137395930926246e-10,5.772762668933881e-17,1.9644130927338784e-17,4.136695480676375e-10,9.422789371197392e-20,4.660643737120549e-15,1.226209926265557e-13,1.1240313149076441e-14,3.499955216652227e-16,0.012386191681968002,0.00016020202174651542,36802.31525414633,0.0002692259982746427,6.996755900158662e-14,0.009595432017751593,0.3221399392951436,0.27187914995406204,0.20207159171849476
1st2KB_B64-T55,-V→0,-9.0,3.0195010380929e-10,3.085031165733856e-10,2.5206481069570987e-17,1.519484637704268e-17,3.084331085213754e-10,9.168119388192057e-20,2.0350469068121196e-15,9.484803132562955e-14,8.38080719627078e-15,3.405361832418383e-16,0.012386191681968002,0.00016020202174651542,36802.31525414633,0.0002692259982746427,6.996755900158662e-14,0.020584930517523414,0.34356180366566913,0.277810201644856,0.20895245036373394
1st2KB_B64-T55,-V→0,-8.75,2.29220892267179e-10,2.2900713976743243e-10,1.0879447404688964e-17,1.1706601706127061e-17,2.2893714953324722e-10,8.913449405186722e-20,8.783529016854649e-16,7.307399481293807e-14,6.220726819828381e-15,3.310768448184539e-16,0.012386191681968002,0.00016020202174651542,36802.31525414633,0.0002692259982746427,6.996755900158662e-14,0.03172815069704393,0.3652833181953399,0.28382421719688566,0.215929558819561
1st2KB_B64-T55,-V→0,-8.5,1.82219031530373e-10,1.6920367822114478e-10,4.639275958695254e-18,8.98166376323555e-18,1.6913369695461567e-10,8.658779422181387e-20,3.7455224961916096e-16,5.606460933088014e-14,4.59573523531404e-15,3.216175063950695e-16,0.012386191681968002,0.00016020202174651542,36802.31525414633,0.0002692259982746427,6.996755900158662e-14,0.04303172970663438,0.3873174207023826,0.28992477869186617,0.22300707280729198
1st2KB_B64-T55,-V→0,-8.25,1.45352507807672e-10,1.2440870947353152e-10,1.953479588154218e-18,6.86101470052854e-18,1.2433873301599456e-10,8.404109439176052e-20,1.57714303016812e-16,4.282726663328002e-14,3.3785573586158e-15,3.121581679716851e-16,0.012386191681968002,0.00016020202174651542,36802.31525414633,0.0002692259982746427,6.996755900158662e-14,0.05450279651969925,0.40967800771732343,0.2961157336492968,0.23018945599360685
1st2KB_B64-T55,-V→0,-8.0,1.18893575540291e-10,9.100711786569129e-11,8.1176733447545285e-19,5.217143804737064e-18,9.093714419628417e-11,8.149439456170717e-20,6.553808913333996e-17,3.256602974082344e-14,2.4709625893995555e-15,3.026988295483007e-16,0.012386191681968002,0.00016020202174651542,36802.31525414633,0.0002692259982746427,6.996755900158662e-14,0.06614902452018956,0.4323800369918984,0.30240122340800724,0.23748151291715647
1st2KB_B64-T55,-V→0,-7.75,7.90744761336448e-11,6.621883037300579e-11,3.326957203036693e-19,3.948114835372918e-18,6.614885845424595e-11,7.894769473165382e-20,2.6860210857871073e-17,2.4644600563280934e-14,1.7974102443675277e-15,2.932394911249163e-16,0.012386191681968002,0.00016020202174651542,36802.31525414633,0.0002692259982746427,6.996755900158662e-14,0.07797869154816706,0.45543964454606223,0.3087857155328546,0.2448884265849139
1st2KB_B64-T55,-V→0,-7.5,6.38323491286563e-11,4.791398163047396e-11,1.3438867901573726e-19,2.9726944141477022e-18,4.784401088798828e-11,7.640099490160047e-20,1.0849878838172854e-17,1.8555910729087674e-14,1.300027200940787e-15,2.837801527015319e-16,0.012386191681968002,0.00016020202174651542,36802.31525414633,0.0002692259982746427,6.996755900158662e-14,0.09000074873849517,0.4788742788554672,0.31527404096708594,0.252415801574168
1st2KB_B64-T55,-V→0,-7.25,5.23794237150543e-11,3.446726244382527e-11,5.346384860681592e-20,2.2263612687090235e-18,3.439729253114427e-11,7.385429507154712e-20,4.316407333228128e-18,1.3897210811931901e-14,9.346502331064322e-16,2.743208142781475e-16,0.012386191681968002,0.00016020202174651542,36802.31525414633,0.0002692259982746427,6.996755900158662e-14,0.10222489977964833,0.502702855350913,0.32187143680845737,0.2600697136588708
1st2KB_B64-T55,-V→0,-7.0,3.23612560360065e-11,2.464349951768489e-11,2.0931213286383896e-20,1.6580451919739054e-18,2.4573530208399303e-11,7.130759524149377e-20,1.6898828811809735e-18,1.0349714528555691e-14,6.677169639654866e-16,2.648614758547631e-16,0.012386191681968002,0.00016020202174651542,36802.31525414633,0.0002692259982746427,6.996755900158662e-14,0.11466169258784842,0.5269459351190315,0.3285835957859267,0.26785676720959734
1st2KB_B64-T55,-V→0,-6.75,2.2563645396545e-11,1.750805885224563e-11,8.057284399793408e-21,1.2274691862369888e-18,1.743808998895668e-11,6.876089541144042e-20,6.505053858905897e-19,7.662008087383502e-15,4.738313301360033e-16,2.554021374313787e-16,0.012386191681968002,0.00016020202174651542,36802.31525414633,0.0002692259982746427,6.996755900158662e-14,0.12732262585959975,0.5516259326054829,0.3354167237662444,0.2757841619093222
1st2KB_B64-T55,-V→0,-6.5,1.70812270577914e-11,1.2356922791265445e-11,3.046711493587796e-21,9.029890664190783e-19,1.2286954260013886e-11,6.621419558138707e-20,2.4597645279648324e-19,5.636564736042224e-15,3.338636217630242e-16,2.459427990079943e-16,0.012386191681968002,0.00016020202174651542,36802.31525414633,0.0002692259982746427,6.996755900158662e-14,0.1402202735648932,0.5767673582899533,0.3423776069431549,0.28385977070239493
1st2KB_B64-T55,-V→0,-6.25,8.43040134229645e-12,8.662312162257252e-12,1.1304999731168829e-21,6.598423572805817e-19,8.592343878615312e-12,6.366749575133372e-20,9.12709896749524e-20,4.11881417030203e-15,2.334729165618801e-16,2.364834605846099e-16,0.012386191681968002,0.00016020202174651542,36802.31525414633,0.0002692259982746427,6.996755900158662e-14,0.15336843121733568,0.6023971038109848,0.3494736907796433,0.2920922313787083
1st2KB_B64-T55,-V→0,-6.0,6.74624939245305e-12,6.030552733271628e-12,4.1115819095733453e-22,4.7873311534756875e-19,5.960584634004972e-12,6.112079592128037e-20,3.3194883586042397e-20,2.9883088248727532e-15,1.6196221875832726e-16,2.270241221612255e-16,0.012386191681968002,0.00016020202174651542,36802.31525414633,0.0002692259982746427,6.996755900158662e-14,0.16678228876633094,0.6285447789852514,0.3567131733181494,0.30049105482674154
1st2KB_B64-T55,-V→0,-5.75,4.49895372692244e-12,4.1695544292207035e-12,1.4638503453017201e-22,3.4469175039818666e-19,4.099586466806885e-12,5.857409609122702e-20,1.181840538955016e-20,2.151606744037137e-15,1.113947978135698e-16,2.1756478373784112e-16,0.012386191681968002,0.00016020202174651542,36802.31525414633,0.0002692259982746427,6.996755900158662e-14,0.18047863628442096,0.655243112754549,0.3641051161903884,0.30906675382064974
1st2KB_B64-T55,-V→0,-5.5,3.38939987187814e-12,2.863811425964949e-12,5.094756882035929e-23,2.4615936787970895e-19,2.7938435647256508e-12,5.602739626117367e-20,4.113255319189796e-21,1.5365559385336732e-15,7.591488593671787e-17,2.0810544531445672e-16,0.012386191681968002,0.00016020202174651542,36802.31525414633,0.0002692259982746427,6.996755900158662e-14,0.1944761103894722,0.6825284335373469,0.3716595776118384,0.31783099731267556
1st2KB_B64-T55,-V→0,-5.25,2.0614081188558e-12,1.95526531696208e-12,1.7306482258591416e-23,1.7425490621774784e-19,1.8852975302075845e-12,5.348069643112032e-20,1.3972399832780276e-21,1.0877197698133175e-15,5.12276881817966e-17,1.9864610689107232e-16,0.012386191681968002,0.00016020202174651542,36802.31525414633,0.0002692259982746427,6.996755900158662e-14,0.2087954917182856,0.7104412490950398,0.3793877729287717,0.3267967966904076
1st2KB_B64-T55,-V→0,-5.0,1.28447480516464e-12,1.3287217422110099e-12,5.7278300402956526e-24,1.2219066154363423e-19,1.2587540100790374e-12,5.0933996601066984e-20,4.624367349840315e-22,7.627285861409051e-16,3.420312014030748e-17,1.8918676846768795e-16,0.012386191681968002,0.00016020202174651542,36802.31525414633,0.0002692259982746427,6.996755900158662e-14,0.2234600670060548,0.7390269523345891,0.38730227003317585,0.3359787324857218
1st2KB_B64-T55,-V→0,-4.75,8.00570113673738e-13,9.007893854227178e-13,1.8433518183279296e-24,8.480789904549871e-20,8.30821693224092e-13,4.8387296771013634e-20,1.4882313027752574e-22,5.293809536292159e-16,2.2575256135019593e-17,1.7972743004430355e-16,0.012386191681968002,0.00016020202174651542,36802.31525414633,0.0002692259982746427,6.996755900158662e-14,0.23849607379635307,0.7683366881831135,0.3954172293735169,0.3453932328212054
1st2KB_B64-T55,-V→0,-4.5,5.34016786953723e-13,6.11532369753371e-13,5.755581888539973e-25,5.82093345221328e-20,5.415647067012774e-13,4.5840596940960284e-20,4.6467728227708866e-23,3.633495625556855e-16,1.4715506428369666e-17,1.7026809162091915e-16,0.012386191681968002,0.00016020202174651542,36802.31525414633,0.0002692259982746427,6.996755900158662e-14,0.25393325206924156,0.798428428878315,0.40374870166940047,0.3550589188012624
1st2KB_B64-T55,-V→0,-4.25,3.41034519417763e-13,4.182036868456177e-13,1.7390893780957358e-25,3.9469493323971667e-20,3.482360450804668e-13,4.3293897110906934e-20,1.4040549530874185e-23,2.463732535562097e-16,9.462340689047623e-18,1.6080875319753475e-16,0.012386191681968002,0.00016020202174651542,36802.31525414633,0.0002692259982746427,6.996755900158662e-14,0.2698055359917946,0.8293683223999766,0.41231500125054826,0.3649970376381189
1st2KB_B64-T55,-V→0,-4.0,2.43449601840598e-13,2.9056725369179343e-13,5.070244377586263e-26,2.6407454125317698e-20,2.205996275355047e-13,4.0747197280853585e-20,4.0934651326021365e-24,1.648384573267228e-16,5.994177975274283e-18,1.5134941477415035e-16,0.012386191681968002,0.00016020202174651542,36802.31525414633,0.0002692259982746427,6.996755900158662e-14,0.28615193191714805,0.8612324039563006,0.42113717991443067,0.37523201239368265
1st2KB_B64-T55,-V→0,-3.75,1.39480685031404e-13,2.074267352476652e-13,1.421444102781338e-26,1.740937859862659e-20,1.3745912063618833e-13,3.8200497450800235e-20,1.147603831168459e-24,1.0867140382393623e-16,3.735067201259886e-18,1.4189007635076595e-16,0.012386191681968002,0.00016020202174651542,36802.31525414633,0.0002692259982746427,6.996755900158662e-14,0.30301764785490326,0.8941087976641575,0.4302396365034325,0.3857921491752528
1st2KB_B64-T55,-V→0,-3.5,3.41222784348751e-14,1.540662701061947e-13,3.816741768722738e-27,1.1290614007444855e-20,8.409866416019266e-14,3.5653797620746885e-20,3.081448976992021e-25,7.047735031278055e-17,2.285146018108676e-18,1.3243073792738155e-16,0.012386191681968002,0.00016020202174651542,36802.31525414633,0.0002692259982746427,6.996755900158662e-14,0.32045556848124174,0.9281005917909928,0.43965091297040887,0.3967105606841334
1st2KB_B64-T55,-V→0,-3.25,-1.57285632678946e-14,1.2037645028860362e-13,9.769458979651852e-28,7.18911774319813e-21,5.040885099080051e-14,3.3107097790693535e-20,7.887379131936391e-26,4.487532469829459e-17,1.3697195582041866e-18,1.2297139950399715e-16,0.012386191681968002,0.00016020202174651542,36802.31525414633,0.0002692259982746427,6.996755900158662e-14,0.33852821440761555,0.963329657963516,0.44940475179944783,0.40802639297324256
1st2KB_B64-T55,-V→0,-3.0,-5.9394810846946e-14,9.949217971528394e-14,2.3703539826083697e-28,4.4835616433030304e-21,2.9524585669737486e-14,3.0560397960640185e-20,1.913706846680861e-26,2.7986922976523256e-17,8.022480505872821e-19,1.1351206108061275e-16,0.012386191681968002,0.00016020202174651542,36802.31525414633,0.0002692259982746427,6.996755900158662e-14,0.3573103954785323,0.99994182324951,0.4595415279953563,0.4197864867574082
1st2KB_B64-T55,-V→0,-2.75,-7.80289054940278e-14,8.681046798751767e-14,5.414375018858233e-29,2.7307891850071355e-21,1.684287824144369e-14,2.8013698130586836e-20,4.371299232144582e-27,1.704590962858141e-17,4.576581153965874e-19,1.0405272265722836e-16,0.012386191681968002,0.00016020202174651542,36802.31525414633,0.0002692259982746427,6.996755900158662e-14,0.37689288454522624,1.0381140314565287,0.4701102318257795,0.4320476776745969
1st2KB_B64-T55,-V→0,-2.5,-8.26234900267418e-14,7.928829654371152e-14,1.1545419327181804e-29,1.6183705323015626e-21,9.32071045675606e-15,2.5466998300533492e-20,9.321201886444074e-28,1.0102060602345451e-17,2.5326424145844856e-19,9.459338423384397e-17,0.012386191681968002,0.00016020202174651542,36802.31525414633,0.0002692259982746427,6.996755900158662e-14,0.39738763681442846,1.0780645172250543,0.48117128571292267,0.4448800642786355
1st2KB_B64-T55,-V→0,-2.25,-9.90360002122923e-14,7.494541734257433e-14,2.273983074724676e-30,9.288710554511027e-22,4.977834491818196e-15,2.2920298470480142e-20,1.8359017308243126e-28,5.798123178001071e-18,1.3525873188799905e-19,8.513404581045957e-17,0.012386191681968002,0.00016020202174651542,36802.31525414633,0.0002692259982746427,6.996755900158662e-14,0.41893543261696037,1.1200677041016165,0.49280066904921804,0.45837179340865697
1st2KB_B64-T55,-V→0,-2.0,-1.23513382139194e-13,7.251590217070278e-14,4.080814966162178e-31,5.13153642353273e-22,2.5483222823638863e-15,2.0373598640426792e-20,3.29464864660789e-29,3.2031658324838507e-18,6.924353168451215e-20,7.567470738707517e-17,0.012386191681968002,0.00016020202174651542,36802.31525414633,0.0002692259982746427,6.996755900158662e-14,0.44171747961829344,1.1644768207647311,0.5050961799307936,0.47263632468536826
1st2KB_B64-T55,-V→0,-1.75,-1.29156044583259e-13,7.120672029951691e-14,6.552821218159374e-32,2.7060338212222e-22,1.2391432004280995e-15,1.7826898810373442e-20,5.2904245198296636e-30,1.6891383714894094e-18,3.3670251229329696e-20,6.621536896369077e-17,0.012386191681968002,0.00016020202174651542,36802.31525414633,0.0002692259982746427,6.996755900158662e-14,0.46597381365212287,1.2117597698282978,0.5181873661197534,0.48782395183158866
1st2KB_B64-T55,-V→0,-1.5,-1.36191012352176e-13,7.053258782853759e-14,9.184078578977987e-33,1.346196256867764e-22,5.650134121323701e-16,1.5280198980320093e-20,7.414771880487125e-31,8.403116528690409e-19,1.535265942456468e-20,5.675603054030637e-17,0.012386191681968002,0.00016020202174651542,36802.31525414633,0.0002692259982746427,6.996755900158662e-14,0.49203411174136413,1.2625591917614076,0.5322521548858647,0.5041410956401609
1st2KB_B64-T55,-V→0,-1.25,-1.57068151887541e-13,7.020459678786685e-14,1.0839922545175415e-33,6.208547794126254e-23,2.370249906956181e-16,1.2733499150266746e-20,8.75161859553355e-32,3.8754490901181757e-19,6.440491285909348e-21,4.7296692116921986e-17,0.012386191681968002,0.00016020202174651542,36802.31525414633,0.0002692259982746427,6.996755900158662e-14,0.5203730008612261,1.3178002784360765,0.547546703243378,0.5218849344696509
1st2KB_B64-T55,-V→0,-1.0,-1.7984867609934e-13,7.005631977082912e-14,1.0198717535181199e-34,2.581542511475017e-23,8.875055662775834e-17,1.0186799320213396e-20,8.233941309037418e-33,1.6114294210092693e-19,2.4115481869787873e-21,3.7837353693537587e-17,0.012386191681968002,0.00016020202174651542,36802.31525414633,0.0002692259982746427,6.996755900158662e-14,0.5517189333167727,1.3789030042469324,0.5644641581840053,0.5415115744236314
1st2KB_B64-T55,-V→0,-0.75,-1.76200850784958e-13,6.999568509174985e-14,6.973289912680034e-36,9.212090979159668e-24,2.811844085166219e-17,7.640099490160046e-21,5.629890196864829e-34,5.750296331300852e-20,7.640399974154949e-22,2.8378015270153187e-17,0.012386191681968002,0.00016020202174651542,36802.31525414633,0.0002692259982746427,6.996755900158662e-14,0.5872981650974648,1.4482577138935369,0.5836663322244682,0.5637888116054941
1st2KB_B64-T55,-V→0,-0.5,-2.10697561828233e-13,6.997430908079075e-14,2.8933739647091335e-37,2.5446304761510678e-24,6.7449832598407255e-18,5.093399660106698e-21,2.3359673731848903e-35,1.5883884912372628e-20,1.832760578583654e-22,1.8918676846768793e-17,0.012386191681968002,0.00016020202174651542,36802.31525414633,0.0002692259982746427,6.996755900158662e-14,0.6295017071673454,1.5305252126511475,0.6064436581921868,0.5902137305694741
1st2KB_B64-T55,-V→0,-0.25,-2.29405063738655e-13,6.9968451618858e-14,4.574081510039714e-39,4.0357630436824674e-25,8.900701679634837e-19,2.546699830053349e-21,3.6928877151955657e-37,2.519171106384773e-21,2.4185167748738422e-23,9.459338423384397e-18,0.012386191681968002,0.00016020202174651542,36802.31525414633,0.0002692259982746427,6.996755900158662e-14,0.6845024340165851,1.637738304392248,0.6361276473187927,0.6246513554386057
1st2KB_B64-T55,-V→0,0.0,-2.44505831597033e-13,6.996755900165012e-14,6.349622033583896e-26,0.0,0.0,0.0,5.126371524532248e-24,0.0,0.0,0.0,0.012386191681968002,0.00016020202174651542,36802.31525414633,0.0002692259982746427,6.996755900158662e-14,0.8172859347163973,1.8965736045375639,0.70779113645358,0.70779113645358
1st2KB_B64-T55,0→+V,0.25,-2.44419691734429e-13,1.2509663944911507e-13,1.1361299281147058e-19,1.2213702631795098e-25,2.6399069807201276e-25,5.512896683414951e-14,8.719161294657108e-22,2.519171106384773e-21,2.4185167748738422e-23,9.459338423384397e-18,130.30266211624033,4.848302126377914e-05,0.010915396610626502,5827.993921632552,6.996755900158662e-14,0.6845024340165851,1.637738304392248,0.6361276473187927,0.6246513554386057
1st2KB_B64-T55,0→+V,0.5,-2.78268835925133e-13,1.8022644634578255e-13,9.53673126292615e-19,7.700987299579828e-25,2.0005308607561883e-24,1.1025793366829902e-13,7.318907463623904e-21,1.5883884912372628e-20,1.832760578583654e-22,1.8918676846768793e-17,130.30266211624033,4.848302126377914e-05,0.010915396610626502,5827.993921632552,6.996755900158662e-14,0.6295017071673454,1.5305252126511475,0.6064436581921868,0.5902137305694741
1st2KB_B64-T55,0→+V,0.75,-3.09915423402432e-13,2.3535933915588507e-13,4.879640722185416e-18,2.7879173930349035e-24,8.339799598172174e-24,1.6538690050244853e-13,3.744851135759904e-20,5.750296331300852e-20,7.640399974154949e-22,2.8378015270153187e-17,130.30266211624033,4.848302126377914e-05,0.010915396610626502,5827.993921632552,6.996755900158662e-14,0.5872981650974648,1.4482577138935369,0.5836663322244682,0.5637888116054941
1st2KB_B64-T55,0→+V,1.0,-3.51874426948381e-13,2.905027501767842e-13,1.9323804463866313e-17,7.81269668838717e-24,2.632300490651074e-23,2.2051586733659803e-13,1.4829938352777431e-19,1.6114294210092693e-19,2.4115481869787873e-21,3.7837353693537587e-17,130.30266211624033,4.848302126377914e-05,0.010915396610626502,5827.993921632552,6.996755900158662e-14,0.5517189333167727,1.3789030042469324,0.5644641581840053,0.5415115744236314
1st2KB_B64-T55,0→+V,1.25,-3.81281703258629e-13,3.456773585127443e-13,6.49652513202508e-17,1.8789348064289302e-23,7.030051675298441e-23,2.7564483417074757e-13,4.985719421625986e-19,3.8754490901181757e-19,6.440491285909348e-21,4.7296692116921986e-17,130.30266211624033,4.848302126377914e-05,0.010915396610626502,5827.993921632552,6.996755900158662e-14,0.5203730008612261,1.3178002784360765,0.547546703243378,0.5218849344696509
1st2KB_B64-T55,0→+V,1.5,-3.99882682305605e-13,4.009357858411943e-13,1.9442562638939254e-16,4.07408477342511e-23,1.6758036664699632e-22,3.3077380100489705e-13,1.4921078605128531e-18,8.403116528690409e-19,1.535265942456468e-20,5.675603054030637e-17,130.30266211624033,4.848302126377914e-05,0.010915396610626502,5827.993921632552,6.996755900158662e-14,0.49203411174136413,1.2625591917614076,0.5322521548858647,0.5041410956401609
1st2KB_B64-T55,0→+V,1.75,-4.27381952527658e-13,4.56403106471406e-13,5.327791813541849e-16,8.18945315823863e-23,3.675241461475682e-22,3.859027678390466e-13,4.0887820148977735e-18,1.6891383714894094e-18,3.3670251229329696e-20,6.621536896369077e-17,130.30266211624033,4.848302126377914e-05,0.010915396610626502,5827.993921632552,6.996755900158662e-14,0.46597381365212287,1.2117597698282978,0.5181873661197534,0.48782395183158866
1st2KB_B64-T55,0→+V,2.0,-4.93121982050176e-13,5.123608512597562e-13,1.361556673853727e-15,1.5529915716772535e-22,7.558206110569327e-22,4.4103173467319607e-13,1.044918539453254e-17,3.2031658324838507e-18,6.924353168451215e-20,7.567470738707517e-17,130.30266211624033,4.848302126377914e-05,0.010915396610626502,5827.993921632552,6.996755900158662e-14,0.44171747961829344,1.1644768207647311,0.5050961799307936,0.47263632468536826
1st2KB_B64-T55,0→+V,2.25,-5.48624676504489e-13,5.694149411023544e-13,3.286678835908982e-15,2.811105293290366e-22,1.4764027036079035e-21,4.961607015073456e-13,2.522342047760316e-17,5.798123178001071e-18,1.3525873188799905e-19,8.513404581045957e-17,130.30266211624033,4.848302126377914e-05,0.010915396610626502,5827.993921632552,6.996755900158662e-14,0.41893543261696037,1.1200677041016165,0.49280066904921804,0.45837179340865697
1st2KB_B64-T55,0→+V,2.5,-6.22515927695133e-13,6.288211049451077e-13,7.563874347767881e-15,4.897784189915e-22,2.7644796428084413e-21,5.512896683414951e-13,5.804850204073578e-17,1.0102060602345451e-17,2.5326424145844856e-19,9.459338423384397e-17,130.30266211624033,4.848302126377914e-05,0.010915396610626502,5827.993921632552,6.996755900158662e-14,0.39738763681442846,1.0780645172250543,0.48117128571292267,0.4448800642786355
1st2KB_B64-T55,0→+V,2.75,-6.88899620942401e-13,6.930986834544237e-13,1.6712483455235498e-14,8.264371989829701e-22,4.995519841625623e-21,6.064186351756446e-13,1.2825895636979876e-16,1.704590962858141e-17,4.576581153965874e-19,1.0405272265722836e-16,130.30266211624033,4.848302126377914e-05,0.010915396610626502,5827.993921632552,6.996755900158662e-14,0.37689288454522624,1.0381140314565287,0.4701102318257795,0.4320476776745969
1st2KB_B64-T55,0→+V,3.0,-7.99353855676643e-13,7.671612962901259e-13,3.5646125164998956e-14,1.356890581778526e-21,8.756855652262138e-21,6.615476020097941e-13,2.7356405913794593e-16,2.7986922976523256e-17,8.022480505872821e-19,1.1351206108061275e-16,130.30266211624033,4.848302126377914e-05,0.010915396610626502,5827.993921632552,6.996755900158662e-14,0.3573103954785323,0.99994182324951,0.4595415279953563,0.4197864867574082
1st2KB_B64-T55,0→+V,3.25,-9.14342928627632e-13,8.603562956201691e-13,7.371215064791528e-14,2.17569132156641e-21,1.495103222313081e-20,7.166765688439436e-13,5.65699498772774e-16,4.487532469829459e-17,1.3697195582041866e-18,1.2297139950399715e-16,130.30266211624033,4.848302126377914e-05,0.010915396610626502,5827.993921632552,6.996755900158662e-14,0.33852821440761555,0.963329657963516,0.44940475179944783,0.40802639297324256
1st2KB_B64-T55,0→+V,3.5,-1.05221463053001e-12,9.900748373939803e-13,1.4830171435407065e-13,3.416954873829351e-21,2.4943275100850087e-20,7.718055356780932e-13,1.1381326516704145e-15,7.047735031278055e-17,2.285146018108676e-18,1.3243073792738155e-16,130.30266211624033,4.848302126377914e-05,0.010915396610626502,5827.993921632552,6.996755900158662e-14,0.32045556848124174,0.9281005917909928,0.43965091297040887,0.3967105606841334
1st2KB_B64-T55,0→+V,3.75,-1.25497398931196e-12,1.1880343762429512e-12,2.911322686906641e-13,5.26871798236063e-21,4.076973986909437e-20,8.269345025122426e-13,2.2342772124713077e-15,1.0867140382393623e-16,3.735067201259886e-18,1.4189007635076595e-16,130.30266211624033,4.848302126377914e-05,0.010915396610626502,5827.993921632552,6.996755900158662e-14,0.30301764785490326,0.8941087976641575,0.4302396365034325,0.3857921491752528
1st2KB_B64-T55,0→+V,4.0,-1.43075492859551e-12,1.5110440948162503e-12,5.590129930475751e-13,7.991866431660052e-21,6.542882995480093e-20,8.820634693463921e-13,4.290111836309922e-15,1.648384573267228e-16,5.994177975274283e-18,1.5134941477415035e-16,130.30266211624033,4.848302126377914e-05,0.010915396610626502,5827.993921632552,6.996755900158662e-14,0.28615193191714805,0.8612324039563006,0.42113717991443067,0.37523201239368265
1st2KB_B64-T55,0→+V,4.25,-1.72556359392256e-12,2.059192879414642e-12,1.0520327690023924e-12,1.1944919690992165e-20,1.0328520148582366e-19,9.371924361805417e-13,8.073762668516285e-15,2.463732535562097e-16,9.462340689047623e-18,1.6080875319753475e-16,130.30266211624033,4.848302126377914e-05,0.010915396610626502,5827.993921632552,6.996755900158662e-14,0.2698055359917946,0.8293683223999766,0.41231500125054826,0.3649970376381189
1st2KB_B64-T55,0→+V,4.5,-2.10833087099793e-12,3.0061801077245095e-12,1.943890967466358e-12,1.761628456757215e-20,1.6062558899187874e-19,9.923214030146912e-13,1.4918275159507122e-14,3.633495625556855e-16,1.4715506428369666e-17,1.7026809162091915e-16,130.30266211624033,4.848302126377914e-05,0.010915396610626502,5827.993921632552,6.996755900158662e-14,0.25393325206924156,0.798428428878315,0.40374870166940047,0.3550589188012624
1st2KB_B64-T55,0→+V,4.75,-2.99680701261462e-12,4.649291233963796e-12,3.5318730330295065e-12,2.5665988031444952e-20,2.46417874300218e-19,1.0474503698488407e-12,2.7105148702785484e-14,5.293809536292159e-16,2.2575256135019593e-17,1.7972743004430355e-16,130.30266211624033,4.848302126377914e-05,0.010915396610626502,5827.993921632552,6.996755900158662e-14,0.23849607379635307,0.7683366881831135,0.3954172293735169,0.3453932328212054
1st2KB_B64-T55,0→+V,5.0,-5.82382883237975e-12,7.490827471384151e-12,6.318280165379567e-12,3.69793862603617e-20,3.733406216523633e-19,1.1025793366829903e-12,4.848926386279936e-14,7.627285861409051e-16,3.420312014030748e-17,1.8918676846768795e-16,130.30266211624033,4.848302126377914e-05,0.010915396610626502,5827.993921632552,6.996755900158662e-14,0.2234600670060548,0.7390269523345891,0.38730227003317585,0.3359787324857218
1st2KB_B64-T55,0→+V,5.25,-1.45953145402888e-11,1.2369413445015515e-11,1.1141736970590316e-11,5.2735940728892027e-20,5.591705339498139e-19,1.1577083035171396e-12,8.550659510433488e-14,1.0877197698133175e-15,5.12276881817966e-17,1.9864610689107232e-16,130.30266211624033,4.848302126377914e-05,0.010915396610626502,5827.993921632552,6.996755900158662e-14,0.2087954917182856,0.7104412490950398,0.3793877729287717,0.3267967966904076
1st2KB_B64-T55,0→+V,5.5,-3.28708137098399e-11,2.0669685656419435e-11,1.9386879923928596e-11,7.449687424091419e-20,8.286410886497478e-19,1.2128372703512891e-12,1.4878345237976764e-13,1.5365559385336732e-15,7.591488593671787e-17,2.0810544531445672e-16,130.30266211624033,4.848302126377914e-05,0.010915396610626502,5827.993921632552,6.996755900158662e-14,0.1944761103894722,0.6825284335373469,0.3716595776118384,0.31783099731267556
1st2KB_B64-T55,0→+V,5.75,-4.35558256128843e-11,3.4654110214212784e-11,3.331617509779096e-11,1.0431639552244311e-19,1.215918398495664e-18,1.2679662371854387e-12,2.556829964691764e-13,2.151606744037137e-15,1.113947978135698e-16,2.1756478373784112e-16,130.30266211624033,4.848302126377914e-05,0.010915396610626502,5827.993921632552,6.996755900158662e-14,0.18047863628442096,0.655243112754549,0.3641051161903884,0.30906675382064974
1st2KB_B64-T55,0→+V,6.0,-6.74843930736913e-11,5.798357982523459e-11,5.659051514944932e-11,1.4488224029904455e-19,1.767881853684193e-18,1.3230952040195882e-12,4.3430052947779445e-13,2.9883088248727532e-15,1.6196221875832726e-16,2.270241221612255e-16,130.30266211624033,4.848302126377914e-05,0.010915396610626502,5827.993921632552,6.996755900158662e-14,0.16678228876633094,0.6285447789852514,0.3567131733181494,0.30049105482674154
1st2KB_B64-T55,0→+V,6.25,-1.12178433209209e-10,9.652761720156982e-11,9.507942272357247e-11,1.9969255500030814e-19,2.54844948211263e-18,1.3782241708537377e-12,7.296813524711725e-13,4.11881417030203e-15,2.334729165618801e-16,2.364834605846099e-16,130.30266211624033,4.848302126377914e-05,0.010915396610626502,5827.993921632552,6.996755900158662e-14,0.15336843121733568,0.6023971038109848,0.3494736907796433,0.2920922313787083
1st2KB_B64-T55,0→+V,6.5,-1.8488814645945e-10,1.5961569999442228e-10,1.5811237538020128e-10,2.732776879522028e-19,3.644253845403603e-18,1.4333531376878873e-12,1.2134239839179377e-12,5.636564736042224e-15,3.338636217630242e-16,2.459427990079943e-16,130.30266211624033,4.848302126377914e-05,0.010915396610626502,5827.993921632552,6.996755900158662e-14,0.1402202735648932,0.5767673582899533,0.3423776069431549,0.28385977070239493
1st2KB_B64-T55,0→+V,6.75,-2.91180968226001e-10,2.619559540437551e-10,2.6039749883669726e-10,3.7147730102386206e-19,5.172056894975177e-18,1.4884821045220368e-12,1.9984050564093772e-12,7.662008087383502e-15,4.738313301360033e-16,2.554021374313787e-16,130.30266211624033,4.848302126377914e-05,0.010915396610626502,5827.993921632552,6.996755900158662e-14,0.12732262585959975,0.5516259326054829,0.3354167237662444,0.2757841619093222
1st2KB_B64-T55,0→+V,7.0,-5.62272783888318e-10,4.2655702335407716e-10,4.2494343693353844e-10,5.017854295620094e-19,7.28839548532669e-18,1.5436110713561863e-12,3.261203033246206e-12,1.0349714528555691e-14,6.677169639654866e-16,2.648614758547631e-16,130.30266211624033,4.848302126377914e-05,0.010915396610626502,5827.993921632552,6.996755900158662e-14,0.11466169258784842,0.5269459351190315,0.3285835957859267,0.26785676720959734
1st2KB_B64-T55,0→+V,7.25,-7.76142317082673e-10,6.891486891495053e-10,6.874799706764567e-10,6.737787673021157e-19,1.020207798657122e-17,1.5987400381903357e-12,5.276023985320959e-12,1.3897210811931901e-14,9.346502331064322e-16,2.743208142781475e-16,130.30266211624033,4.848302126377914e-05,0.010915396610626502,5827.993921632552,6.996755900158662e-14,0.10222489977964833,0.502702855350913,0.32187143680845737,0.2600697136588708
1st2KB_B64-T55,0→+V,7.5,-1.11285181070286e-09,1.104828587094022e-09,1.1031047354400367e-09,8.996466144471451e-19,1.4190312502871326e-17,1.6538690050244852e-12,8.465711425419534e-12,1.8555910729087674e-14,1.300027200940787e-15,2.837801527015319e-16,130.30266211624033,4.848302126377914e-05,0.010915396610626502,5827.993921632552,6.996755900158662e-14,0.09000074873849517,0.4788742788554672,0.31527404096708594,0.252415801574168
1st2KB_B64-T55,0→+V,7.75,-1.62989599594709e-09,1.7579969733778568e-09,1.7562179870327062e-09,1.1948446931468929e-18,1.9619445689274664e-17,1.7089979718586347e-12,1.3477990077179085e-11,2.4644600563280934e-14,1.7974102443675277e-15,2.932394911249163e-16,130.30266211624033,4.848302126377914e-05,0.010915396610626502,5827.993921632552,6.996755900158662e-14,0.07797869154816706,0.45543964454606223,0.3087857155328546,0.2448884265849139
1st2KB_B64-T55,0→+V,8.0,-2.54133469823614e-09,2.7771222663628715e-09,2.775288143314741e-09,1.5788995124012066e-18,2.6971536673316793e-17,1.7641269386927843e-12,2.129878314258049e-11,3.256602974082344e-14,2.4709625893995555e-15,3.026988295483007e-16,130.30266211624033,4.848302126377914e-05,0.010915396610626502,5827.993921632552,6.996755900158662e-14,0.06614902452018956,0.4323800369918984,0.30240122340800724,0.23748151291715647
1st2KB_B64-T55,0→+V,8.25,-3.98730826134397e-09,4.356567787590408e-09,4.354678525171191e-09,2.076395278850854e-18,3.687829354104213e-17,1.819255905526934e-12,3.341972032226381e-11,4.282726663328002e-14,3.3785573586158e-15,3.121581679716851e-16,130.30266211624033,4.848302126377914e-05,0.010915396610626502,5827.993921632552,6.996755900158662e-14,0.05450279651969925,0.40967800771732343,0.2961157336492968,0.23018945599360685
1st2KB_B64-T55,0→+V,8.5,-7.10000724879478e-09,6.788689545571378e-09,6.7867451402575615e-09,2.718181646334532e-18,5.016427281088366e-17,1.8743848723610833e-12,5.208447034031619e-11,5.606460933088014e-14,4.59573523531404e-15,3.216175063950695e-16,130.30266211624033,4.848302126377914e-05,0.010915396610626502,5827.993921632552,6.996755900158662e-14,0.04303172970663438,0.3873174207023826,0.28992477869186617,0.22300707280729198
1st2KB_B64-T55,0→+V,8.75,-1.01987724931973e-08,1.0510803994300928e-08,1.0508804441458185e-08,3.542848044344963e-18,6.790170044478808e-17,1.929513839195233e-12,8.064919220210173e-11,7.307399481293807e-14,6.220726819828381e-15,3.310768448184539e-16,130.30266211624033,4.848302126377914e-05,0.010915396610626502,5827.993921632552,6.996755900158662e-14,0.03172815069704393,0.3652833181953399,0.28382421719688566,0.215929558819561
1st2KB_B64-T55,0→+V,9.0,-1.58237387637428e-08,1.6173586921041445e-08,1.6171532214598064e-08,4.5985191195880875e-18,9.147983446448826e-17,1.9846428060293824e-12,1.241074583738878e-10,9.484803132562955e-14,8.38080719627078e-15,3.405361832418383e-16,130.30266211624033,4.848302126377914e-05,0.010915396610626502,5827.993921632552,6.996755900158662e-14,0.020584930517523414,0.34356180366566913,0.277810201644856,0.20895245036373394
1st2KB_B64-T55,0→+V,9.25,-2.35591617325781e-08,2.4740225750800258e-08,2.473811588283088e-08,5.945036192899005e-18,1.2269247604980949e-16,2.039771772863532e-12,1.8985119322245707e-10,1.226209926265557e-13,1.1240313149076441e-14,3.499955216652227e-16,130.30266211624033,4.848302126377914e-05,0.010915396610626502,5827.993921632552,6.996755900158662e-14,0.009595432017751593,0.3221399392951436,0.27187914995406204,0.20207159171849476
1st2KB_B64-T55,0→+V,9.5,-3.75118673900943e-08,3.585824294551331e-08,3.585607790570993e-08,7.656601838796536e-18,1.6384807435582187e-16,2.0949007396976815e-12,2.751753289101911e-10,1.579233644937193e-13,1.5010730273997587e-14,3.594548600886071e-16,130.30266211624033,4.848302126377914e-05,0.010915396610626502,5827.993921632552,6.996755900158662e-14,0.0,0.3010056558591012,0.26602772052948187,0.1952831061610979
1st2KB_B64-T55,+V→0,9.25,-3.64838648181376e-08,3.8209254551179476e-08,3.1097960098600617e-15,3.8209163561302215e-08,1.7912430386339773e-14,9.186363705551551e-20,1.8985119322245707e-10,1.226209926265557e-13,1.1240313149076441e-14,3.499955216652227e-16,1.6380176268980178e-05,311603.7698183448,1.5935881989027632,0.0002624708928229796,6.996755900158662e-14,0.009595432017751593,0.3221399392951436,0.27187914995406204,0.20207159171849476
1st2KB_B64-T55,+V→0,9.0,-3.07148511069499e-08,2.9555089477020502e-08,2.0329020444594023e-15,2.955500412091463e-08,1.3355555445256467e-14,8.938083605401509e-20,1.241074583738878e-10,9.484803132562955e-14,8.38080719627078e-15,3.405361832418383e-16,1.6380176268980178e-05,311603.7698183448,1.5935881989027632,0.0002624708928229796,6.996755900158662e-14,0.020584930517523414,0.34356180366566913,0.277810201644856,0.20895245036373394
1st2KB_B64-T55,+V→0,8.75,-2.50023521886078e-08,2.2770213461368407e-08,1.321047984221288e-15,2.2770132259397676e-08,9.913276848676423e-15,8.689803505251467e-20,8.064919220210173e-11,7.307399481293807e-14,6.220726819828381e-15,3.310768448184539e-16,1.6380176268980178e-05,311603.7698183448,1.5935881989027632,0.0002624708928229796,6.996755900158662e-14,0.03172815069704393,0.3652833181953399,0.28382421719688566,0.215929558819561
1st2KB_B64-T55,+V→0,8.5,-1.87000317453112e-08,1.747002176540066e-08,8.531528050508492e-16,1.7469943620895e-08,7.323709436278068e-15,8.441523405101425e-20,5.208447034031619e-11,5.606460933088014e-14,4.59573523531404e-15,3.216175063950695e-16,1.6380176268980178e-05,311603.7698183448,1.5935881989027632,0.0002624708928229796,6.996755900158662e-14,0.04303172970663438,0.3873174207023826,0.28992477869186617,0.22300707280729198
1st2KB_B64-T55,+V→0,8.25,-1.53256767276844e-08,1.3345213633036446e-08,5.474209097387002e-16,1.3345137733945466e-08,5.384029136006229e-15,8.193243304951382e-20,3.341972032226381e-11,4.282726663328002e-14,3.3785573586158e-15,3.121581679716851e-16,1.6380176268980178e-05,311603.7698183448,1.5935881989027632,0.0002624708928229796,6.996755900158662e-14,0.05450279651969925,0.40967800771732343,0.2961157336492968,0.23018945599360685
1st2KB_B64-T55,+V→0,8.0,-1.16318377152425e-08,1.0147771889470012e-08,3.48877822190252e-16,1.0147697635256916e-08,3.937696822397346e-15,7.94496320480134e-20,2.129878314258049e-11,3.256602974082344e-14,2.4709625893995555e-15,3.026988295483007e-16,1.6380176268980178e-05,311603.7698183448,1.5935881989027632,0.0002624708928229796,6.996755900158662e-14,0.06614902452018956,0.4323800369918984,0.30240122340800724,0.23748151291715647
1st2KB_B64-T55,+V→0,7.75,-8.18838152838453e-09,7.67942349392522e-09,2.2077185321575916e-16,7.679350441185643e-09,2.864331754011024e-15,7.696683104651298e-20,1.3477990077179085e-11,2.4644600563280934e-14,1.7974102443675277e-15,2.932394911249163e-16,1.6380176268980178e-05,311603.7698183448,1.5935881989027632,0.0002624708928229796,6.996755900158662e-14,0.07797869154816706,0.45543964454606223,0.3087857155328546,0.2448884265849139
1st2KB_B64-T55,+V→0,7.5,-6.58933352326585e-09,5.782163913607728e-09,1.386698453906914e-16,5.78209173559639e-09,2.0717080056718293e-15,7.448403004501256e-20,8.465711425419534e-12,1.8555910729087674e-14,1.300027200940787e-15,2.837801527015319e-16,1.6380176268980178e-05,311603.7698183448,1.5935881989027632,0.0002624708928229796,6.996755900158662e-14,0.09000074873849517,0.4788742788554672,0.31527404096708594,0.252415801574168
1st2KB_B64-T55,+V→0,7.25,-4.79588635471373e-09,4.330494822459028e-09,8.642220287892461e-17,4.330423278958241e-09,1.4894475815801269e-15,7.200122904351214e-20,5.276023985320959e-12,1.3897210811931901e-14,9.346502331064322e-16,2.743208142781475e-16,1.6380176268980178e-05,311603.7698183448,1.5935881989027632,0.0002624708928229796,6.996755900158662e-14,0.10222489977964833,0.502702855350913,0.32187143680845737,0.2600697136588708
1st2KB_B64-T55,+V→0,7.0,-3.42127526309355e-09,3.225081148755121e-09,5.3419080533505675e-17,3.2250100636416466e-09,1.064065873982581e-15,6.951842804201172e-20,3.261203033246206e-12,1.0349714528555691e-14,6.677169639654866e-16,2.648614758547631e-16,1.6380176268980178e-05,311603.7698183448,1.5935881989027632,0.0002624708928229796,6.996755900158662e-14,0.11466169258784842,0.5269459351190315,0.3285835957859267,0.26785676720959734
1st2KB_B64-T55,+V→0,6.75,-2.49361908899459e-09,2.387581359859625e-09,3.273422708080688e-17,2.387510604407345e-09,7.55092015975134e-16,6.70356270405113e-20,1.9984050564093772e-12,7.662008087383502e-15,4.738313301360033e-16,2.554021374313787e-16,1.6380176268980178e-05,311603.7698183448,1.5935881989027632,0.0002624708928229796,6.996755900158662e-14,0.12732262585959975,0.5516259326054829,0.3354167237662444,0.2757841619093222
1st2KB_B64-T55,+V→0,6.5,-1.90100379882097e-09,1.7564453401166815e-09,1.987609874558399e-17,1.7563748205759007e-09,5.320411276844911e-16,6.455282603901088e-20,1.2134239839179377e-12,5.636564736042224e-15,3.338636217630242e-16,2.459427990079943e-16,1.6380176268980178e-05,311603.7698183448,1.5935881989027632,0.0002624708928229796,6.996755900158662e-14,0.1402202735648932,0.5767673582899533,0.3423776069431549,0.28385977070239493
1st2KB_B64-T55,+V→0,6.25,-1.38264710791702e-09,1.2835083742803958e-09,1.1952309173665662e-17,1.2834380226473305e-09,3.720596845964216e-16,6.207002503751047e-20,7.296813524711725e-13,4.11881417030203e-15,2.334729165618801e-16,2.364834605846099e-16,1.6380176268980178e-05,311603.7698183448,1.5935881989027632,0.0002624708928229796,6.996755900158662e-14,0.15336843121733568,0.6023971038109848,0.3494736907796433,0.2920922313787083
1st2KB_B64-T55,+V→0,6.0,-1.0380439841029e-09,9.312385280453663e-10,7.113919226557695e-18,9.311682952117778e-10,2.5810108048137806e-16,5.958722403601005e-20,4.3430052947779445e-13,2.9883088248727532e-15,1.6196221875832726e-16,2.270241221612255e-16,1.6380176268980178e-05,311603.7698183448,1.5935881989027632,0.0002624708928229796,6.996755900158662e-14,0.16678228876633094,0.6285447789852514,0.3567131733181494,0.30049105482674154
1st2KB_B64-T55,+V→0,5.75,-7.9784562290186e-10,6.705189219302201e-10,4.188132551146146e-18,6.704487726085463e-10,1.7751743521486413e-16,5.710442303450964e-20,2.556829964691764e-13,2.151606744037137e-15,1.113947978135698e-16,2.1756478373784112e-16,1.6380176268980178e-05,311603.7698183448,1.5935881989027632,0.0002624708928229796,6.996755900158662e-14,0.18047863628442096,0.655243112754549,0.3641051161903884,0.30906675382064974
1st2KB_B64-T55,+V→0,5.5,-5.88509907473167e-10,4.788667140116462e-10,2.4370991758880124e-18,4.787966229838575e-10,1.2097706634980294e-16,5.462162203300921e-20,1.4878345237976764e-13,1.5365559385336732e-15,7.591488593671787e-17,2.0810544531445672e-16,1.6380176268980178e-05,311603.7698183448,1.5935881989027632,0.0002624708928229796,6.996755900158662e-14,0.1944761103894722,0.6825284335373469,0.3716595776118384,0.31783099731267556
1st2KB_B64-T55,+V→0,5.25,-4.28703572641354e-10,3.390076314273648e-10,1.4006130999693228e-18,3.38937580779772e-10,8.163583934358161e-17,5.2138821031508795e-20,8.550659510433488e-14,1.0877197698133175e-15,5.12276881817966e-17,1.9864610689107232e-16,1.6380176268980178e-05,311603.7698183448,1.5935881989027632,0.0002624708928229796,6.996755900158662e-14,0.2087954917182856,0.7104412490950398,0.3793877729287717,0.3267967966904076
1st2KB_B64-T55,+V→0,5.0,-3.00775709893841e-10,2.3773912569833113e-10,7.942626892257442e-19,2.376691027897222e-10,5.4505688621247414e-17,4.965602003000838e-20,4.848926386279936e-14,7.627285861409051e-16,3.420312014030748e-17,1.8918676846768795e-16,1.6380176268980178e-05,311603.7698183448,1.5935881989027632,0.0002624708928229796,6.996755900158662e-14,0.2234600670060548,0.7390269523345891,0.38730227003317585,0.3359787324857218
1st2KB_B64-T55,+V→0,4.75,-2.19188306394003e-10,1.6502710484671772e-10,4.439871135485457e-19,1.6495710082089404e-10,3.597566176397443e-17,4.7173219028507963e-20,2.7105148702785484e-14,5.293809536292159e-16,2.2575256135019593e-17,1.7972743004430355e-16,1.6380176268980178e-05,311603.7698183448,1.5935881989027632,0.0002624708928229796,6.996755900158662e-14,0.23849607379635307,0.7683366881831135,0.3954172293735169,0.3453932328212054
1st2KB_B64-T55,+V→0,4.5,-1.43696804455473e-10,1.1329108475271148e-10,2.4436397674187505e-19,1.132210934541981e-10,2.3450457385127648e-17,4.4690418027007544e-20,1.4918275159507122e-14,3.633495625556855e-16,1.4715506428369666e-17,1.7026809162091915e-16,1.6380176268980178e-05,311603.7698183448,1.5935881989027632,0.0002624708928229796,6.996755900158662e-14,0.25393325206924156,0.798428428878315,0.40374870166940047,0.3550589188012624
1st2KB_B64-T55,+V→0,4.25,-9.45066455648735e-11,7.684081740305919e-11,1.3224965566420853e-19,7.677083459052587e-11,1.5079074456063732e-17,4.2207617025507125e-20,8.073762668516285e-15,2.463732535562097e-16,9.462340689047623e-18,1.6080875319753475e-16,1.6380176268980178e-05,311603.7698183448,1.5935881989027632,0.0002624708928229796,6.996755900158662e-14,0.2698055359917946,0.8293683223999766,0.41231500125054826,0.3649970376381189
1st2KB_B64-T55,+V→0,4.0,-6.20417883734348e-11,5.1434261935297656e-11,7.027278809239476e-20,5.136428471404718e-11,9.552251283519956e-18,3.97248160240067e-20,4.290111836309922e-15,1.648384573267228e-16,5.994177975274283e-18,1.5134941477415035e-16,1.6380176268980178e-05,311603.7698183448,1.5935881989027632,0.0002624708928229796,6.996755900158662e-14,0.28615193191714805,0.8612324039563006,0.42113717991443067,0.37523201239368265
1st2KB_B64-T55,+V→0,3.75,-3.85956822057665e-11,3.393239268799068e-11,3.65978545740457e-20,3.3862419102990216e-11,5.952159014036526e-18,3.724201502250628e-20,2.2342772124713077e-15,1.0867140382393623e-16,3.735067201259886e-18,1.4189007635076595e-16,1.6380176268980178e-05,311603.7698183448,1.5935881989027632,0.0002624708928229796,6.996755900158662e-14,0.30301764785490326,0.8941087976641575,0.4302396365034325,0.3857921491752528
1st2KB_B64-T55,+V→0,3.5,-2.46687652943889e-11,2.2030979298255864e-11,1.8642813451843208e-20,2.196100804427052e-11,3.6415817272276256e-18,3.475921402100586e-20,1.1381326516704145e-15,7.047735031278055e-17,2.285146018108676e-18,1.3243073792738155e-16,1.6380176268980178e-05,311603.7698183448,1.5935881989027632,0.0002624708928229796,6.996755900158662e-14,0.32045556848124174,0.9281005917909928,0.43965091297040887,0.3967105606841334
1st2KB_B64-T55,+V→0,3.25,-1.54545595071331e-11,1.4053290131124054e-11,9.266257505171774e-21,1.3983320347810872e-11,2.1827689237604983e-18,3.227641301950544e-20,5.65699498772774e-16,4.487532469829459e-17,1.3697195582041866e-18,1.2297139950399715e-16,1.6380176268980178e-05,311603.7698183448,1.5935881989027632,0.0002624708928229796,6.996755900158662e-14,0.33852821440761555,0.963329657963516,0.44940475179944783,0.40802639297324256
1st2KB_B64-T55,+V→0,3.0,-9.13030848842533e-12,8.790799576829552e-12,4.481027509537272e-21,8.720830705100298e-12,1.2784530260086397e-18,2.9793612018005023e-20,2.7356405913794593e-16,2.7986922976523256e-17,8.022480505872821e-19,1.1351206108061275e-16,1.6380176268980178e-05,311603.7698183448,1.5935881989027632,0.0002624708928229796,6.996755900158662e-14,0.3573103954785323,0.99994182324951,0.4595415279953563,0.4197864867574082
1st2KB_B64-T55,+V→0,2.75,-4.75297145391407e-12,5.381538017980662e-12,2.1009043134127418e-21,5.311569700248789e-12,7.293185718280807e-19,2.7310811016504604e-20,1.2825895636979876e-16,1.704590962858141e-17,4.576581153965874e-19,1.0405272265722836e-16,1.6380176268980178e-05,311603.7698183448,1.5935881989027632,0.0002624708928229796,6.996755900158662e-14,0.37689288454522624,1.0381140314565287,0.4701102318257795,0.4320476776745969
1st2KB_B64-T55,+V→0,2.5,-2.70913521650817e-12,3.2178081550035692e-12,9.508446955775077e-22,3.1478401666242217e-12,4.0359890639224357e-19,2.482801001500419e-20,5.804850204073578e-17,1.0102060602345451e-17,2.5326424145844856e-19,9.459338423384397e-17,1.6380176268980178e-05,311603.7698183448,1.5935881989027632,0.0002624708928229796,6.996755900158662e-14,0.39738763681442846,1.0780645172250543,0.48117128571292267,0.4448800642786355
1st2KB_B64-T55,+V→0,2.25,-1.56283601511487e-12,1.8766848374429342e-12,4.1316407352974397e-22,1.8067170401362556e-12,2.1554671893526815e-19,2.2345209013503772e-20,2.522342047760316e-17,5.798123178001071e-18,1.3525873188799905e-19,8.513404581045957e-17,1.6380176268980178e-05,311603.7698183448,1.5935881989027632,0.0002624708928229796,6.996755900158662e-14,0.41893543261696037,1.1200677041016165,0.49280066904921804,0.45837179340865697
1st2KB_B64-T55,+V→0,2.0,-8.43406453617662e-13,1.0680862381361138e-12,1.711594986296962e-22,9.981185487552846e-13,1.1034567494278814e-19,1.986240801200335e-20,1.044918539453254e-17,3.2031658324838507e-18,6.924353168451215e-20,7.567470738707517e-17,1.6380176268980178e-05,311603.7698183448,1.5935881989027632,0.0002624708928229796,6.996755900158662e-14,0.44171747961829344,1.1644768207647311,0.5050961799307936,0.47263632468536826
1st2KB_B64-T55,+V→0,1.75,-3.18318261289738e-13,5.963095144056032e-13,6.697497012946147e-23,5.263418843009197e-13,5.365651501315106e-20,1.737960701050293e-20,4.0887820148977735e-18,1.6891383714894094e-18,3.3670251229329696e-20,6.621536896369077e-17,1.6380176268980178e-05,311603.7698183448,1.5935881989027632,0.0002624708928229796,6.996755900158662e-14,0.46597381365212287,1.2117597698282978,0.5181873661197534,0.48782395183158866
1st2KB_B64-T55,+V→0,1.5,-6.22843858194728e-14,3.31811877244928e-13,2.4440989767531423e-23,2.6184427885627746e-13,2.446581688075956e-20,1.4896806009002512e-20,1.4921078605128531e-18,8.403116528690409e-19,1.535265942456468e-20,5.675603054030637e-17,1.6380176268980178e-05,311603.7698183448,1.5935881989027632,0.0002624708928229796,6.996755900158662e-14,0.49203411174136413,1.2625591917614076,0.5322521548858647,0.5041410956401609
1st2KB_B64-T55,+V→0,1.25,4.19590780848488e-14,1.90728036309239e-13,8.166696295391155e-24,1.2076045462198978e-13,1.0263490908361218e-20,1.2414005007502096e-20,4.985719421625986e-19,3.8754490901181757e-19,6.440491285909348e-21,4.7296692116921986e-17,1.6380176268980178e-05,311603.7698183448,1.5935881989027632,0.0002624708928229796,6.996755900158662e-14,0.5203730008612261,1.3178002784360765,0.547546703243378,0.5218849344696509
1st2KB_B64-T55,+V→0,1.0,1.07258508173259e-13,1.2018032101650263e-13,2.429170042766039e-24,5.0212748238268096e-14,3.84301473185475e-21,9.931204006001675e-21,1.4829938352777431e-19,1.6114294210092693e-19,2.4115481869787873e-21,3.7837353693537587e-17,1.6380176268980178e-05,311603.7698183448,1.5935881989027632,0.0002624708928229796,6.996755900158662e-14,0.5517189333167727,1.3789030042469324,0.5644641581840053,0.5415115744236314
1st2KB_B64-T55,+V→0,0.75,1.57070076346397e-13,8.78857078122276e-14,6.134132170483785e-25,1.7918140144059432e-14,1.2175651233710303e-21,7.448403004501256e-21,3.744851135759904e-20,5.750296331300852e-20,7.640399974154949e-22,2.8378015270153187e-17,1.6380176268980178e-05,311603.7698183448,1.5935881989027632,0.0002624708928229796,6.996755900158662e-14,0.5872981650974648,1.4482577138935369,0.5836663322244682,0.5637888116054941
1st2KB_B64-T55,+V→0,0.5,1.8293266207392e-13,7.49170426774311e-14,1.198849943505142e-25,4.94947841805604e-15,2.9206656294451112e-22,4.9656020030008375e-21,7.318907463623904e-21,1.5883884912372628e-20,1.832760578583654e-22,1.8918676846768793e-17,1.6380176268980178e-05,311603.7698183448,1.5935881989027632,0.0002624708928229796,6.996755900158662e-14,0.6295017071673454,1.5305252126511475,0.6064436581921868,0.5902137305694741
1st2KB_B64-T55,+V→0,0.25,1.87929844754596e-13,7.075254473651004e-14,1.4282139892415284e-26,7.849832135669458e-16,3.854119791287326e-23,2.4828010015004187e-21,8.719161294657108e-22,2.519171106384773e-21,2.4185167748738422e-23,9.459338423384397e-18,1.6380176268980178e-05,311603.7698183448,1.5935881989027632,0.0002624708928229796,6.996755900158662e-14,0.6845024340165851,1.637738304392248,0.6361276473187927,0.6246513554386057
1st2KB_B64-T55,+V→0,0.0,1.98321244951512e-13,6.99675590015867e-14,8.397086919211886e-29,0.0,0.0,0.0,5.126371524532248e-24,0.0,0.0,0.0,1.6380176268980178e-05,311603.7698183448,1.5935881989027632,0.0002624708928229796,6.996755900158662e-14,0.8172859347163973,1.8965736045375639,0.70779113645358,0.70779113645358
1st2KB_B64-T59,0→-V,0.0,2.6872997777776e-14,6.99677529116827e-14,1.939100960925417e-19,0.0,0.0,0.0,5.126371524532248e-24,0.0,0.0,0.0,37825.993524773825,413.18032107650197,0.0015621014422393907,2428.1905540753914,6.996755900158662e-14,0.8172859347163973,1.8965736045375639,0.70779113645358,0.70779113645358
1st2KB_B64-T59,0→-V,-0.25,5.5248618451454e-14,9.293767608101538e-14,1.3968714680270426e-32,1.0408719265827073e-18,3.7779685421105886e-26,2.29690762074644e-14,3.6928877151955657e-37,2.519171106384773e-21,2.4185167748738422e-23,9.459338423384397e-18,37825.993524773825,413.18032107650197,0.0015621014422393907,2428.1905540753914,6.996755900158662e-14,0.6845024340165851,1.637738304392248,0.6361276473187927,0.6246513554386057
1st2KB_B64-T59,0→-V,-0.5,7.62121146898574e-14,1.1591227432546974e-13,8.836028673217459e-31,6.562908668036327e-18,2.862957943085026e-25,4.59381524149288e-14,2.3359673731848903e-35,1.5883884912372628e-20,1.832760578583654e-22,1.8918676846768793e-17,37825.993524773825,413.18032107650197,0.0015621014422393907,2428.1905540753914,6.996755900158662e-14,0.6295017071673454,1.5305252126511475,0.6064436581921868,0.5902137305694741
1st2KB_B64-T59,0→-V,-0.75,8.64720011632507e-14,1.3889854671801785e-13,2.1295619013179668e-29,2.375909284451917e-17,1.193507981891325e-24,6.890722862239318e-14,5.629890196864829e-34,5.750296331300852e-20,7.640399974154949e-22,2.8378015270153187e-17,37825.993524773825,413.18032107650197,0.0015621014422393907,2428.1905540753914,6.996755900158662e-14,0.5872981650974648,1.4482577138935369,0.5836663322244682,0.5637888116054941
1st2KB_B64-T59,0→-V,-1.0,9.94535739027615e-14,1.6191044492776809e-13,3.1145701063901706e-28,6.658109255647315e-17,3.7670829009093516e-24,9.18763048298576e-14,8.233941309037418e-33,1.6114294210092693e-19,2.4115481869787873e-21,3.7837353693537587e-17,37825.993524773825,413.18032107650197,0.0015621014422393907,2428.1905540753914,6.996755900158662e-14,0.5517189333167727,1.3789030042469324,0.5644641581840053,0.5415115744236314
1st2KB_B64-T59,0→-V,-1.25,1.34774664844149e-13,1.849730659789097e-13,3.3103866832594225e-27,1.6012592993706652e-16,1.006070072644922e-23,1.14845381037322e-13,8.75161859553355e-32,3.8754490901181757e-19,6.440491285909348e-21,4.7296692116921986e-17,37825.993524773825,413.18032107650197,0.0015621014422393907,2428.1905540753914,6.996755900158662e-14,0.5203730008612261,1.3178002784360765,0.547546703243378,0.5218849344696509
1st2KB_B64-T59,0→-V,-1.5,1.54865879777207e-13,2.0812921650892018e-13,2.80471113138981e-26,3.4720023853675636e-16,2.3982411429322658e-23,1.3781445724478636e-13,7.414771880487125e-31,8.403116528690409e-19,1.535265942456468e-20,5.675603054030637e-17,37825.993524773825,413.18032107650197,0.0015621014422393907,2428.1905540753914,6.996755900158662e-14,0.49203411174136413,1.2625591917614076,0.5322521548858647,0.5041410956401609
1st2KB_B64-T59,0→-V,-1.75,1.66787292527407e-13,2.314490112413085e-13,2.0011556363038154e-25,6.979187346746339e-16,5.2596348005898537e-23,1.607835334522508e-13,5.2904245198296636e-30,1.6891383714894094e-18,3.3670251229329696e-20,6.621536896369077e-17,37825.993524773825,413.18032107650197,0.0015621014422393907,2428.1905540753914,6.996755900158662e-14,0.46597381365212287,1.2117597698282978,0.5181873661197534,0.48782395183158866
1st2KB_B64-T59,0→-V,-2.0,1.62847152754796e-13,2.550436538578404e-13,1.246233583729949e-24,1.3234850871269582e-15,1.0816542071012538e-22,1.837526096597152e-13,3.29464864660789e-29,3.2031658324838507e-18,6.924353168451215e-20,7.567470738707517e-17,37825.993524773825,413.18032107650197,0.0015621014422393907,2428.1905540753914,6.996755900158662e-14,0.44171747961829344,1.1644768207647311,0.5050961799307936,0.47263632468536826
1st2KB_B64-T59,0→-V,-2.25,2.07232316159697e-13,2.790849154833261e-13,6.94448069822815e-24,2.3956703963275906e-15,2.112878601577144e-22,2.067216858671796e-13,1.8359017308243126e-28,5.798123178001071e-18,1.3525873188799905e-19,8.513404581045957e-17,37825.993524773825,413.18032107650197,0.0015621014422393907,2428.1905540753914,6.996755900158662e-14,0.41893543261696037,1.1200677041016165,0.49280066904921804,0.45837179340865697
1st2KB_B64-T59,0→-V,-2.5,2.15944246533852e-13,3.038322941503248e-13,3.525837221997431e-23,4.1739726432113744e-15,3.956244368499078e-22,2.29690762074644e-13,9.321201886444074e-28,1.0102060602345451e-17,2.5326424145844856e-19,9.459338423384397e-17,37825.993524773825,413.18032107650197,0.0015621014422393907,2428.1905540753914,6.996755900158662e-14,0.39738763681442846,1.0780645172250543,0.48117128571292267,0.4448800642786355
1st2KB_B64-T59,0→-V,-2.75,2.37822972036159e-13,3.2967043257733044e-13,1.6534873644994975e-22,7.0430344133783035e-15,7.149084021135708e-22,2.5265983828210837e-13,4.371299232144582e-27,1.704590962858141e-17,4.576581153965874e-19,1.0405272265722836e-16,37825.993524773825,413.18032107650197,0.0015621014422393907,2428.1905540753914,6.996755900158662e-14,0.37689288454522624,1.0381140314565287,0.4701102318257795,0.4320476776745969
1st2KB_B64-T59,0→-V,-3.0,2.88854118575543e-13,3.5716012128961405e-13,7.238786279086558e-22,1.156364582138321e-14,1.253192836856133e-21,2.756289144895727e-13,1.913706846680861e-26,2.7986922976523256e-17,8.022480505872821e-19,1.1351206108061275e-16,37825.993524773825,413.18032107650197,0.0015621014422393907,2428.1905540753914,6.996755900158662e-14,0.3573103954785323,0.99994182324951,0.4595415279953563,0.4197864867574082
1st2KB_B64-T59,0→-V,-3.25,2.99147181635415e-13,3.8710715588899784e-13,2.983479519720621e-21,1.8541601067253637e-14,2.139640897334261e-21,2.9859799069703717e-13,7.887379131936391e-26,4.487532469829459e-17,1.3697195582041866e-18,1.2297139950399715e-16,37825.993524773825,413.18032107650197,0.0015621014422393907,2428.1905540753914,6.996755900158662e-14,0.33852821440761555,0.963329657963516,0.44940475179944783,0.40802639297324256
1st2KB_B64-T59,0→-V,-3.5,3.29623725233222e-13,4.2065449536246077e-13,1.1655886905062111e-20,2.911985423085577e-14,3.569629890615163e-21,3.215670669045016e-13,3.081448976992021e-25,7.047735031278055e-17,2.285146018108676e-18,1.3243073792738155e-16,37825.993524773825,413.18032107650197,0.0015621014422393907,2428.1905540753914,6.996755900158662e-14,0.32045556848124174,0.9281005917909928,0.43965091297040887,0.3967105606841334
1st2KB_B64-T59,0→-V,-3.75,3.72142773411369e-13,4.594046368811697e-13,4.340925508678377e-20,4.4900885523808174e-14,5.834553861949112e-21,3.44536143111966e-13,1.147603831168459e-24,1.0867140382393623e-16,3.735067201259886e-18,1.4189007635076595e-16,37825.993524773825,413.18032107650197,0.0015621014422393907,2428.1905540753914,6.996755900158662e-14,0.30301764785490326,0.8941087976641575,0.4302396365034325,0.3857921491752528
1st2KB_B64-T59,0→-V,-4.0,4.41687837563279e-13,5.055809492479272e-13,1.5483938559969583e-19,6.81080067240106e-14,9.363514060215547e-21,3.675052193194304e-13,4.0934651326021365e-24,1.648384573267228e-16,5.994177975274283e-18,1.5134941477415035e-16,37825.993524773825,413.18032107650197,0.0015621014422393907,2428.1905540753914,6.996755900158662e-14,0.28615193191714805,0.8612324039563006,0.42113717991443067,0.37523201239368265
1st2KB_B64-T59,0→-V,-4.25,5.13501296605517e-13,5.622389804163702e-13,5.310977356391131e-19,1.0179658000901716e-13,1.4781136037321763e-20,3.904742955268948e-13,1.4040549530874185e-23,2.463732535562097e-16,9.462340689047623e-18,1.6080875319753475e-16,37825.993524773825,413.18032107650197,0.0015621014422393907,2428.1905540753914,6.996755900158662e-14,0.2698055359917946,0.8293683223999766,0.41231500125054826,0.3649970376381189
1st2KB_B64-T59,0→-V,-4.5,6.86887341710268e-13,6.335416003308113e-13,1.7576879870522653e-18,1.5012888891976467e-13,2.2987113815039282e-20,4.134433717343592e-13,4.6467728227708866e-23,3.633495625556855e-16,1.4715506428369666e-17,1.7026809162091915e-16,37825.993524773825,413.18032107650197,0.0015621014422393907,2428.1905540753914,6.996755900158662e-14,0.25393325206924156,0.798428428878315,0.40374870166940047,0.3550589188012624
1st2KB_B64-T59,0→-V,-4.75,7.62721700034441e-13,7.251154639833168e-13,5.62938276221426e-18,2.1872979239230422e-13,3.526484016743776e-20,4.364124479418236e-13,1.4882313027752574e-22,5.293809536292159e-16,2.2575256135019593e-17,1.7972743004430355e-16,37825.993524773825,413.18032107650197,0.0015621014422393907,2428.1905540753914,6.996755900158662e-14,0.23849607379635307,0.7683366881831135,0.3954172293735169,0.3453932328212054
1st2KB_B64-T59,0→-V,-5.0,8.88645602416249e-13,8.445110708244866e-13,1.7492128943123525e-17,3.1514444211592555e-13,5.342874330026146e-20,4.59381524149288e-13,4.624367349840315e-22,7.627285861409051e-16,3.420312014030748e-17,1.8918676846768795e-16,37825.993524773825,413.18032107650197,0.0015621014422393907,2428.1905540753914,6.996755900158662e-14,0.2234600670060548,0.7390269523345891,0.38730227003317585,0.3359787324857218
1st2KB_B64-T59,0→-V,-5.25,1.13543885665174e-12,1.00179549510447e-12,5.285199056002976e-17,4.4942440373272535e-13,8.002284559137426e-20,4.823506003567523e-13,1.3972399832780276e-21,1.0877197698133175e-15,5.12276881817966e-17,1.9864610689107232e-16,37825.993524773825,413.18032107650197,0.0015621014422393907,2428.1905540753914,6.996755900158662e-14,0.2087954917182856,0.7104412490950398,0.3793877729287717,0.3267967966904076
1st2KB_B64-T59,0→-V,-5.5,1.38572465134545e-12,1.2103176181569744e-12,1.555879690694147e-16,6.348746760353489e-13,1.1858675280918583e-19,5.053196765642167e-13,4.113255319189796e-21,1.5365559385336732e-15,7.591488593671787e-17,2.0810544531445672e-16,37825.993524773825,413.18032107650197,0.0015621014422393907,2428.1905540753914,6.996755900158662e-14,0.1944761103894722,0.6825284335373469,0.3716595776118384,0.31783099731267556
1st2KB_B64-T59,0→-V,-5.75,1.99832793541799e-12,1.4877050940406115e-12,4.470429257382764e-16,8.890015653316312e-13,1.740099743225427e-19,5.282887527716811e-13,1.181840538955016e-20,2.151606744037137e-15,1.113947978135698e-16,2.1756478373784112e-16,37825.993524773825,413.18032107650197,0.0015621014422393907,2428.1905540753914,6.996755900158662e-14,0.18047863628442096,0.655243112754549,0.3641051161903884,0.30906675382064974
1st2KB_B64-T59,0→-V,-6.0,2.2503240590388e-12,1.8571916701703976e-12,1.2556294515812606e-15,1.2347103997366685e-12,2.5300141551067473e-19,5.512578289791454e-13,3.3194883586042397e-20,2.9883088248727532e-15,1.6196221875832726e-16,2.270241221612255e-16,37825.993524773825,413.18032107650197,0.0015621014422393907,2428.1905540753914,6.996755900158662e-14,0.16678228876633094,0.6285447789852514,0.3567131733181494,0.30049105482674154
1st2KB_B64-T59,0→-V,-6.25,2.81607332938694e-12,2.3494602061008594e-12,3.4524158644444484e-15,1.7018129613398389e-12,3.647083796851498e-19,5.742269051866098e-13,9.12709896749524e-20,4.11881417030203e-15,2.334729165618801e-16,2.364834605846099e-16,37825.993524773825,413.18032107650197,0.0015621014422393907,2428.1905540753914,6.996755900158662e-14,0.15336843121733568,0.6023971038109848,0.3494736907796433,0.2920922313787083
1st2KB_B64-T59,0→-V,-6.5,3.68422523391865e-12,3.0053859930416473e-12,9.304303710726609e-15,2.3289176274064146e-12,5.215288450672866e-19,5.971959813940743e-13,2.4597645279648324e-19,5.636564736042224e-15,3.338636217630242e-16,2.459427990079943e-16,37825.993524773825,413.18032107650197,0.0015621014422393907,2428.1905540753914,6.996755900158662e-14,0.1402202735648932,0.5767673582899533,0.3423776069431549,0.28385977070239493
1st2KB_B64-T59,0→-V,-6.75,4.41063244954742e-12,3.8805303309261275e-12,2.4606012514527944e-14,3.16579096163587e-12,7.401726041836596e-19,6.201650576015387e-13,6.505053858905897e-19,7.662008087383502e-15,4.738313301360033e-16,2.554021374313787e-16,37825.993524773825,413.18032107650197,0.0015621014422393907,2428.1905540753914,6.996755900158662e-14,0.12732262585959975,0.5516259326054829,0.3354167237662444,0.2757841619093222
1st2KB_B64-T59,0→-V,-7.0,4.97465306795175e-12,5.053322606732177e-12,6.392149892117763e-14,4.276298371958778e-12,1.043041632418194e-18,6.431341338090032e-13,1.6898828811809735e-18,1.0349714528555691e-14,6.677169639654866e-16,2.648614758547631e-16,37825.993524773825,413.18032107650197,0.0015621014422393907,2428.1905540753914,6.996755900158662e-14,0.11466169258784842,0.5269459351190315,0.3285835957859267,0.26785676720959734
1st2KB_B64-T59,0→-V,-7.25,6.27205622508176e-12,6.641398650215362e-12,1.6327239583697342e-13,5.7420540253418575e-12,1.4600184771249404e-18,6.661032100164676e-13,4.316407333228128e-18,1.3897210811931901e-14,9.346502331064322e-16,2.743208142781475e-16,37825.993524773825,413.18032107650197,0.0015621014422393907,2428.1905540753914,6.996755900158662e-14,0.10222489977964833,0.502702855350913,0.32187143680845737,0.2600697136588708
1st2KB_B64-T59,0→-V,-7.5,1.00252584012139e-11,8.836386475588545e-12,4.104074466773069e-13,7.666937152911353e-12,2.0307743655400417e-18,6.89072286223932e-13,1.0849878838172854e-17,1.8555910729087674e-14,1.300027200940787e-15,2.837801527015319e-16,37825.993524773825,413.18032107650197,0.0015621014422393907,2428.1905540753914,6.996755900158662e-14,0.09000074873849517,0.4788742788554672,0.31527404096708594,0.252415801574168
1st2KB_B64-T59,0→-V,-7.75,1.13079736546728e-11,1.1980689864692566e-11,1.0160141619838908e-12,1.0182663973538557e-11,2.8077371350223706e-18,7.120413624313964e-13,2.6860210857871073e-17,2.4644600563280934e-14,1.7974102443675277e-15,2.932394911249163e-16,37825.993524773825,413.18032107650197,0.0015621014422393907,2428.1905540753914,6.996755900158662e-14,0.07797869154816706,0.45543964454606223,0.3087857155328546,0.2448884265849139
1st2KB_B64-T59,0→-V,-8.0,1.19774589552035e-11,1.673966781721878e-11,2.479043335183767e-12,1.345564262450034e-11,3.859894224620625e-18,7.350104386388608e-13,6.553808913333996e-17,3.256602974082344e-14,2.4709625893995555e-15,3.026988295483007e-16,37825.993524773825,413.18032107650197,0.0015621014422393907,2428.1905540753914,6.996755900158662e-14,0.06614902452018956,0.4323800369918984,0.30240122340800724,0.23748151291715647
1st2KB_B64-T59,0→-V,-8.25,1.61588450953154e-11,2.4489036334542975e-11,5.965700204678148e-12,1.7695383778367597e-11,5.277649322582247e-18,7.579795148463252e-13,1.57714303016812e-16,4.282726663328002e-14,3.3785573586158e-15,3.121581679716851e-16,37825.993524773825,413.18032107650197,0.0015621014422393907,2428.1905540753914,6.996755900158662e-14,0.05450279651969925,0.40967800771732343,0.2961157336492968,0.23018945599360685
1st2KB_B64-T59,0→-V,-8.5,3.74325917484875e-11,3.818352758220557e-11,1.4167810968783853e-11,2.3164793284361703e-11,7.179004639234448e-18,7.809485910537896e-13,3.7455224961916096e-16,5.606460933088014e-14,4.59573523531404e-15,3.216175063950695e-16,37825.993524773825,413.18032107650197,0.0015621014422393907,2428.1905540753914,6.996755900158662e-14,0.04303172970663438,0.3873174207023826,0.28992477869186617,0.22300707280729198
1st2KB_B64-T59,0→-V,-8.75,8.27235502320889e-11,6.429120275444225e-11,3.322457117162069e-11,3.0192736639152395e-11,9.717406337031173e-18,8.03917667261254e-13,8.783529016854649e-16,7.307399481293807e-14,6.220726819828381e-15,3.310768448184539e-16,37825.993524773825,413.18032107650197,0.0015621014422393907,2428.1905540753914,6.996755900158662e-14,0.03172815069704393,0.3652833181953399,0.28382421719688566,0.215929558819561
1st2KB_B64-T59,0→-V,-9.0,1.24435517445676e-10,1.1706387855042527e-10,7.697767111968623e-11,3.9189340036597737e-11,1.309167100842485e-17,8.268867434687184e-13,2.0350469068121196e-15,9.484803132562955e-14,8.38080719627078e-15,3.405361832418383e-16,37825.993524773825,413.18032107650197,0.0015621014422393907,2428.1905540753914,6.996755900158662e-14,0.020584930517523414,0.34356180366566913,0.277810201644856,0.20895245036373394
1st2KB_B64-T59,0→-V,-9.25,1.98139143980924e-10,2.278779018629464e-10,1.7629347982159956e-10,5.0664581104159666e-11,1.7558509381394697e-17,8.498558196761828e-13,4.660643737120549e-15,1.226209926265557e-13,1.1240313149076441e-14,3.499955216652227e-16,37825.993524773825,413.18032107650197,0.0015621014422393907,2428.1905540753914,6.996755900158662e-14,0.009595432017751593,0.3221399392951436,0.27187914995406204,0.20207159171849476
1st2KB_B64-T59,0→-V,-9.5,3.46917689020287e-10,4.654727495060227e-10,3.9927910715585765e-10,6.52508264469964e-11,2.3448283410078115e-17,8.728248958836472e-13,1.0555680629891534e-14,1.579233644937193e-13,1.5010730273997587e-14,3.594548600886071e-16,37825.993524773825,413.18032107650197,0.0015621014422393907,2428.1905540753914,6.996755900158662e-14,0.0,0.3010056558591012,0.26602772052948187,0.1952831061610979
1st2KB_B64-T59,-V→0,-9.25,3.3395677889736e-10,4.137395930926246e-10,5.772762668933881e-17,1.9644130927338784e-17,4.136695480676375e-10,9.422789371197392e-20,4.660643737120549e-15,1.226209926265557e-13,1.1240313149076441e-14,3.499955216652227e-16,0.012386191681968002,0.00016020202174651542,36802.31525414633,0.0002692259982746427,6.996755900158662e-14,0.009595432017751593,0.3221399392951436,0.27187914995406204,0.20207159171849476
1st2KB_B64-T59,-V→0,-9.0,2.40941100404513e-10,3.085031165733856e-10,2.5206481069570987e-17,1.519484637704268e-17,3.084331085213754e-10,9.168119388192057e-20,2.0350469068121196e-15,9.484803132562955e-14,8.38080719627078e-15,3.405361832418383e-16,0.012386191681968002,0.00016020202174651542,36802.31525414633,0.0002692259982746427,6.996755900158662e-14,0.020584930517523414,0.34356180366566913,0.277810201644856,0.20895245036373394
1st2KB_B64-T59,-V→0,-8.75,1.7979849553651e-10,2.2900713976743243e-10,1.0879447404688964e-17,1.1706601706127061e-17,2.2893714953324722e-10,8.913449405186722e-20,8.783529016854649e-16,7.307399481293807e-14,6.220726819828381e-15,3.310768448184539e-16,0.012386191681968002,0.00016020202174651542,36802.31525414633,0.0002692259982746427,6.996755900158662e-14,0.03172815069704393,0.3652833181953399,0.28382421719688566,0.215929558819561
1st2KB_B64-T59,-V→0,-8.5,1.36305522424607e-10,1.6920367822114478e-10,4.639275958695254e-18,8.98166376323555e-18,1.6913369695461567e-10,8.658779422181387e-20,3.7455224961916096e-16,5.606460933088014e-14,4.59573523531404e-15,3.216175063950695e-16,0.012386191681968002,0.00016020202174651542,36802.31525414633,0.0002692259982746427,6.996755900158662e-14,0.04303172970663438,0.3873174207023826,0.28992477869186617,0.22300707280729198
1st2KB_B64-T59,-V→0,-8.25,9.99482163699383e-11,1.2440870947353152e-10,1.953479588154218e-18,6.86101470052854e-18,1.2433873301599456e-10,8.404109439176052e-20,1.57714303016812e-16,4.282726663328002e-14,3.3785573586158e-15,3.121581679716851e-16,0.012386191681968002,0.00016020202174651542,36802.31525414633,0.0002692259982746427,6.996755900158662e-14,0.05450279651969925,0.40967800771732343,0.2961157336492968,0.23018945599360685
1st2KB_B64-T59,-V→0,-8.0,7.26637083836579e-11,9.100711786569129e-11,8.1176733447545285e-19,5.217143804737064e-18,9.093714419628417e-11,8.149439456170717e-20,6.553808913333996e-17,3.256602974082344e-14,2.4709625893995555e-15,3.026988295483007e-16,0.012386191681968002,0.00016020202174651542,36802.31525414633,0.0002692259982746427,6.996755900158662e-14,0.06614902452018956,0.4323800369918984,0.30240122340800724,0.23748151291715647
1st2KB_B64-T59,-V→0,-7.75,4.94373257609038e-11,6.621883037300579e-11,3.326957203036693e-19,3.948114835372918e-18,6.614885845424595e-11,7.894769473165382e-20,2.6860210857871073e-17,2.4644600563280934e-14,1.7974102443675277e-15,2.932394911249163e-16,0.012386191681968002,0.00016020202174651542,36802.31525414633,0.0002692259982746427,6.996755900158662e-14,0.07797869154816706,0.45543964454606223,0.3087857155328546,0.2448884265849139
1st2KB_B64-T59,-V→0,-7.5,4.12927643467231e-11,4.791398163047396e-11,1.3438867901573726e-19,2.9726944141477022e-18,4.784401088798828e-11,7.640099490160047e-20,1.0849878838172854e-17,1.8555910729087674e-14,1.300027200940787e-15,2.837801527015319e-16,0.012386191681968002,0.00016020202174651542,36802.31525414633,0.0002692259982746427,6.996755900158662e-14,0.09000074873849517,0.4788742788554672,0.31527404096708594,0.252415801574168
1st2KB_B64-T59,-V→0,-7.25,2.93913712812177e-11,3.446726244382527e-11,5.346384860681592e-20,2.2263612687090235e-18,3.439729253114427e-11,7.385429507154712e-20,4.316407333228128e-18,1.3897210811931901e-14,9.346502331064322e-16,2.743208142781475e-16,0.012386191681968002,0.00016020202174651542,36802.31525414633,0.0002692259982746427,6.996755900158662e-14,0.10222489977964833,0.502702855350913,0.32187143680845737,0.2600697136588708
1st2KB_B64-T59,-V→0,-7.0,1.76233957982497e-11,2.464349951768489e-11,2.0931213286383896e-20,1.6580451919739054e-18,2.4573530208399303e-11,7.130759524149377e-20,1.6898828811809735e-18,1.0349714528555691e-14,6.677169639654866e-16,2.648614758547631e-16,0.012386191681968002,0.00016020202174651542,36802.31525414633,0.0002692259982746427,6.996755900158662e-14,0.11466169258784842,0.5269459351190315,0.3285835957859267,0.26785676720959734
1st2KB_B64-T59,-V→0,-6.75,1.27699699772887e-11,1.750805885224563e-11,8.057284399793408e-21,1.2274691862369888e-18,1.743808998895668e-11,6.876089541144042e-20,6.505053858905897e-19,7.662008087383502e-15,4.738313301360033e-16,2.554021374313787e-16,0.012386191681968002,0.00016020202174651542,36802.31525414633,0.0002692259982746427,6.996755900158662e-14,0.12732262585959975,0.5516259326054829,0.3354167237662444,0.2757841619093222
1st2KB_B64-T59,-V→0,-6.5,9.09909647628382e-12,1.2356922791265445e-11,3.046711493587796e-21,9.029890664190783e-19,1.2286954260013886e-11,6.621419558138707e-20,2.4597645279648324e-19,5.636564736042224e-15,3.338636217630242e-16,2.459427990079943e-16,0.012386191681968002,0.00016020202174651542,36802.31525414633,0.0002692259982746427,6.996755900158662e-14,0.1402202735648932,0.5767673582899533,0.3423776069431549,0.28385977070239493
1st2KB_B64-T59,-V→0,-6.25,6.64326840066343e-12,8.662312162257252e-12,1.1304999731168829e-21,6.598423572805817e-19,8.592343878615312e-12,6.366749575133372e-20,9.12709896749524e-20,4.11881417030203e-15,2.334729165618801e-16,2.364834605846099e-16,0.012386191681968002,0.00016020202174651542,36802.31525414633,0.0002692259982746427,6.996755900158662e-14,0.15336843121733568,0.6023971038109848,0.3494736907796433,0.2920922313787083
1st2KB_B64-T59,-V→0,-6.0,4.54781828515549e-12,6.030552733271628e-12,4.1115819095733453e-22,4.7873311534756875e-19,5.960584634004972e-12,6.112079592128037e-20,3.3194883586042397e-20,2.9883088248727532e-15,1.6196221875832726e-16,2.270241221612255e-16,0.012386191681968002,0.00016020202174651542,36802.31525414633,0.0002692259982746427,6.996755900158662e-14,0.16678228876633094,0.6285447789852514,0.3567131733181494,0.30049105482674154
1st2KB_B64-T59,-V→0,-5.75,3.27936592811606e-12,4.1695544292207035e-12,1.4638503453017201e-22,3.4469175039818666e-19,4.099586466806885e-12,5.857409609122702e-20,1.181840538955016e-20,2.151606744037137e-15,1.113947978135698e-16,2.1756478373784112e-16,0.012386191681968002,0.00016020202174651542,36802.31525414633,0.0002692259982746427,6.996755900158662e-14,0.18047863628442096,0.655243112754549,0.3641051161903884,0.30906675382064974
1st2KB_B64-T59,-V→0,-5.5,2.05515335652273e-12,2.863811425964949e-12,5.094756882035929e-23,2.4615936787970895e-19,2.7938435647256508e-12,5.602739626117367e-20,4.113255319189796e-21,1.5365559385336732e-15,7.591488593671787e-17,2.0810544531445672e-16,0.012386191681968002,0.00016020202174651542,36802.31525414633,0.0002692259982746427,6.996755900158662e-14,0.1944761103894722,0.6825284335373469,0.3716595776118384,0.31783099731267556
1st2KB_B64-T59,-V→0,-5.25,1.3919804978807e-12,1.95526531696208e-12,1.7306482258591416e-23,1.7425490621774784e-19,1.8852975302075845e-12,5.348069643112032e-20,1.3972399832780276e-21,1.0877197698133175e-15,5.12276881817966e-17,1.9864610689107232e-16,0.012386191681968002,0.00016020202174651542,36802.31525414633,0.0002692259982746427,6.996755900158662e-14,0.2087954917182856,0.7104412490950398,0.3793877729287717,0.3267967966904076
1st2KB_B64-T59,-V→0,-5.0,9.36634775815237e-13,1.3287217422110099e-12,5.7278300402956526e-24,1.2219066154363423e-19,1.2587540100790374e-12,5.0933996601066984e-20,4.624367349840315e-22,7.627285861409051e-16,3.420312014030748e-17,1.8918676846768795e-16,0.012386191681968002,0.00016020202174651542,36802.31525414633,0.0002692259982746427,6.996755900158662e-14,0.2234600670060548,0.7390269523345891,0.38730227003317585,0.3359787324857218
1st2KB_B64-T59,-V→0,-4.75,6.42283806435301e-13,9.007893854227178e-13,1.8433518183279296e-24,8.480789904549871e-20,8.30821693224092e-13,4.8387296771013634e-20,1.4882313027752574e-22,5.293809536292159e-16,2.2575256135019593e-17,1.7972743004430355e-16,0.012386191681968002,0.00016020202174651542,36802.31525414633,0.0002692259982746427,6.996755900158662e-14,0.23849607379635307,0.7683366881831135,0.3954172293735169,0.3453932328212054
1st2KB_B64-T59,-V→0,-4.5,4.19822108934514e-13,6.11532369753371e-13,5.755581888539973e-25,5.82093345221328e-20,5.415647067012774e-13,4.5840596940960284e-20,4.6467728227708866e-23,3.633495625556855e-16,1.4715506428369666e-17,1.7026809162091915e-16,0.012386191681968002,0.00016020202174651542,36802.31525414633,0.0002692259982746427,6.996755900158662e-14,0.25393325206924156,0.798428428878315,0.40374870166940047,0.3550589188012624
1st2KB_B64-T59,-V→0,-4.25,2.7654677050952e-13,4.182036868456177e-13,1.7390893780957358e-25,3.9469493323971667e-20,3.482360450804668e-13,4.3293897110906934e-20,1.4040549530874185e-23,2.463732535562097e-16,9.462340689047623e-18,1.6080875319753475e-16,0.012386191681968002,0.00016020202174651542,36802.31525414633,0.0002692259982746427,6.996755900158662e-14,0.2698055359917946,0.8293683223999766,0.41231500125054826,0.3649970376381189
1st2KB_B64-T59,-V→0,-4.0,1.4224736568768e-13,2.9056725369179343e-13,5.070244377586263e-26,2.6407454125317698e-20,2.205996275355047e-13,4.0747197280853585e-20,4.0934651326021365e-24,1.648384573267228e-16,5.994177975274283e-18,1.5134941477415035e-16,0.012386191681968002,0.00016020202174651542,36802.31525414633,0.0002692259982746427,6.996755900158662e-14,0.28615193191714805,0.8612324039563006,0.42113717991443067,0.37523201239368265
1st2KB_B64-T59,-V→0,-3.75,5.84943673901696e-14,2.074267352476652e-13,1.421444102781338e-26,1.740937859862659e-20,1.3745912063618833e-13,3.8200497450800235e-20,1.147603831168459e-24,1.0867140382393623e-16,3.735067201259886e-18,1.4189007635076595e-16,0.012386191681968002,0.00016020202174651542,36802.31525414633,0.0002692259982746427,6.996755900158662e-14,0.30301764785490326,0.8941087976641575,0.4302396365034325,0.3857921491752528
1st2KB_B64-T59,-V→0,-3.5,-7.3167324317878e-15,1.540662701061947e-13,3.816741768722738e-27,1.1290614007444855e-20,8.409866416019266e-14,3.5653797620746885e-20,3.081448976992021e-25,7.047735031278055e-17,2.285146018108676e-18,1.3243073792738155e-16,0.012386191681968002,0.00016020202174651542,36802.31525414633,0.0002692259982746427,6.996755900158662e-14,0.32045556848124174,0.9281005917909928,0.43965091297040887,0.3967105606841334
1st2KB_B64-T59,-V→0,-3.25,-1.52684583590778e-14,1.2037645028860362e-13,9.769458979651852e-28,7.18911774319813e-21,5.040885099080051e-14,3.3107097790693535e-20,7.887379131936391e-26,4.487532469829459e-17,1.3697195582041866e-18,1.2297139950399715e-16,0.012386191681968002,0.00016020202174651542,36802.31525414633,0.0002692259982746427,6.996755900158662e-14,0.33852821440761555,0.963329657963516,0.44940475179944783,0.40802639297324256
1st2KB_B64-T59,-V→0,-3.0,-5.74391947308524e-14,9.949217971528394e-14,2.3703539826083697e-28,4.4835616433030304e-21,2.9524585669737486e-14,3.0560397960640185e-20,1.913706846680861e-26,2.7986922976523256e-17,8.022480505872821e-19,1.1351206108061275e-16,0.012386191681968002,0.00016020202174651542,36802.31525414633,0.0002692259982746427,6.996755900158662e-14,0.3573103954785323,0.99994182324951,0.4595415279953563,0.4197864867574082
1st2KB_B64-T59,-V→0,-2.75,-8.26102763127647e-14,8.681046798751767e-14,5.414375018858233e-29,2.7307891850071355e-21,1.684287824144369e-14,2.8013698130586836e-20,4.371299232144582e-27,1.704590962858141e-17,4.576581153965874e-19,1.0405272265722836e-16,0.012386191681968002,0.00016020202174651542,36802.31525414633,0.0002692259982746427,6.996755900158662e-14,0.37689288454522624,1.0381140314565287,0.4701102318257795,0.4320476776745969
1st2KB_B64-T59,-V→0,-2.5,-1.02228751993564e-13,7.928829654371152e-14,1.1545419327181804e-29,1.6183705323015626e-21,9.32071045675606e-15,2.5466998300533492e-20,9.321201886444074e-28,1.0102060602345451e-17,2.5326424145844856e-19,9.459338423384397e-17,0.012386191681968002,0.00016020202174651542,36802.31525414633,0.0002692259982746427,6.996755900158662e-14,0.39738763681442846,1.0780645172250543,0.48117128571292267,0.4448800642786355
1st2KB_B64-T59,-V→0,-2.25,-1.01239424287435e-13,7.494541734257433e-14,2.273983074724676e-30,9.288710554511027e-22,4.977834491818196e-15,2.2920298470480142e-20,1.8359017308243126e-28,5.798123178001071e-18,1.3525873188799905e-19,8.513404581045957e-17,0.012386191681968002,0.00016020202174651542,36802.31525414633,0.0002692259982746427,6.996755900158662e-14,0.41893543261696037,1.1200677041016165,0.49280066904921804,0.45837179340865697
1st2KB_B64-T59,-V→0,-2.0,-1.19825603974756e-13,7.251590217070278e-14,4.080814966162178e-31,5.13153642353273e-22,2.5483222823638863e-15,2.0373598640426792e-20,3.29464864660789e-29,3.2031658324838507e-18,6.924353168451215e-20,7.567470738707517e-17,0.012386191681968002,0.00016020202174651542,36802.31525414633,0.0002692259982746427,6.996755900158662e-14,0.44171747961829344,1.1644768207647311,0.5050961799307936,0.47263632468536826
1st2KB_B64-T59,-V→0,-1.75,-1.38628488571303e-13,7.120672029951691e-14,6.552821218159374e-32,2.7060338212222e-22,1.2391432004280995e-15,1.7826898810373442e-20,5.2904245198296636e-30,1.6891383714894094e-18,3.3670251229329696e-20,6.621536896369077e-17,0.012386191681968002,0.00016020202174651542,36802.31525414633,0.0002692259982746427,6.996755900158662e-14,0.46597381365212287,1.2117597698282978,0.5181873661197534,0.48782395183158866
1st2KB_B64-T59,-V→0,-1.5,-1.40508291850486e-13,7.053258782853759e-14,9.184078578977987e-33,1.346196256867764e-22,5.650134121323701e-16,1.5280198980320093e-20,7.414771880487125e-31,8.403116528690409e-19,1.535265942456468e-20,5.675603054030637e-17,0.012386191681968002,0.00016020202174651542,36802.31525414633,0.0002692259982746427,6.996755900158662e-14,0.49203411174136413,1.2625591917614076,0.5322521548858647,0.5041410956401609
1st2KB_B64-T59,-V→0,-1.25,-1.77841370644673e-13,7.020459678786685e-14,1.0839922545175415e-33,6.208547794126254e-23,2.370249906956181e-16,1.2733499150266746e-20,8.75161859553355e-32,3.8754490901181757e-19,6.440491285909348e-21,4.7296692116921986e-17,0.012386191681968002,0.00016020202174651542,36802.31525414633,0.0002692259982746427,6.996755900158662e-14,0.5203730008612261,1.3178002784360765,0.547546703243378,0.5218849344696509
1st2KB_B64-T59,-V→0,-1.0,-1.78522358029211e-13,7.005631977082912e-14,1.0198717535181199e-34,2.581542511475017e-23,8.875055662775834e-17,1.0186799320213396e-20,8.233941309037418e-33,1.6114294210092693e-19,2.4115481869787873e-21,3.7837353693537587e-17,0.012386191681968002,0.00016020202174651542,36802.31525414633,0.0002692259982746427,6.996755900158662e-14,0.5517189333167727,1.3789030042469324,0.5644641581840053,0.5415115744236314
1st2KB_B64-T59,-V→0,-0.75,-1.92603474401948e-13,6.999568509174985e-14,6.973289912680034e-36,9.212090979159668e-24,2.811844085166219e-17,7.640099490160046e-21,5.629890196864829e-34,5.750296331300852e-20,7.640399974154949e-22,2.8378015270153187e-17,0.012386191681968002,0.00016020202174651542,36802.31525414633,0.0002692259982746427,6.996755900158662e-14,0.5872981650974648,1.4482577138935369,0.5836663322244682,0.5637888116054941
1st2KB_B64-T59,-V→0,-0.5,-2.183983517038e-13,6.997430908079075e-14,2.8933739647091335e-37,2.5446304761510678e-24,6.7449832598407255e-18,5.093399660106698e-21,2.3359673731848903e-35,1.5883884912372628e-20,1.832760578583654e-22,1.8918676846768793e-17,0.012386191681968002,0.00016020202174651542,36802.31525414633,0.0002692259982746427,6.996755900158662e-14,0.6295017071673454,1.5305252126511475,0.6064436581921868,0.5902137305694741
1st2KB_B64-T59,-V→0,-0.25,-2.37985629467086e-13,6.9968451618858e-14,4.574081510039714e-39,4.0357630436824674e-25,8.900701679634837e-19,2.546699830053349e-21,3.6928877151955657e-37,2.519171106384773e-21,2.4185167748738422e-23,9.459338423384397e-18,0.012386191681968002,0.00016020202174651542,36802.31525414633,0.0002692259982746427,6.996755900158662e-14,0.6845024340165851,1.637738304392248,0.6361276473187927,0.6246513554386057
1st2KB_B64-T59,-V→0,0.0,-2.6016954432842e-13,6.996755900165012e-14,6.349622033583896e-26,0.0,0.0,0.0,5.126371524532248e-24,0.0,0.0,0.0,0.012386191681968002,0.00016020202174651542,36802.31525414633,0.0002692259982746427,6.996755900158662e-14,0.8172859347163973,1.8965736045375639,0.70779113645358,0.70779113645358
1st2KB_B64-T59,0→+V,0.25,-2.61899090739023e-13,1.2509663944911507e-13,1.1361299281147058e-19,1.2213702631795098e-25,2.6399069807201276e-25,5.512896683414951e-14,8.719161294657108e-22,2.519171106384773e-21,2.4185167748738422e-23,9.459338423384397e-18,130.30266211624033,4.848302126377914e-05,0.010915396610626502,5827.993921632552,6.996755900158662e-14,0.6845024340165851,1.637738304392248,0.6361276473187927,0.6246513554386057
1st2KB_B64-T59,0→+V,0.5,-2.88573635473521e-13,1.8022644634578255e-13,9.53673126292615e-19,7.700987299579828e-25,2.0005308607561883e-24,1.1025793366829902e-13,7.318907463623904e-21,1.5883884912372628e-20,1.832760578583654e-22,1.8918676846768793e-17,130.30266211624033,4.848302126377914e-05,0.010915396610626502,5827.993921632552,6.996755900158662e-14,0.6295017071673454,1.5305252126511475,0.6064436581921868,0.5902137305694741
1st2KB_B64-T59,0→+V,0.75,-3.20392583991191e-13,2.3535933915588507e-13,4.879640722185416e-18,2.7879173930349035e-24,8.339799598172174e-24,1.6538690050244853e-13,3.744851135759904e-20,5.750296331300852e-20,7.640399974154949e-22,2.8378015270153187e-17,130.30266211624033,4.848302126377914e-05,0.010915396610626502,5827.993921632552,6.996755900158662e-14,0.5872981650974648,1.4482577138935369,0.5836663322244682,0.5637888116054941
1st2KB_B64-T59,0→+V,1.0,-3.57015822070525e-13,2.905027501767842e-13,1.9323804463866313e-17,7.81269668838717e-24,2.632300490651074e-23,2.2051586733659803e-13,1.4829938352777431e-19,1.6114294210092693e-19,2.4115481869787873e-21,3.7837353693537587e-17,130.30266211624033,4.848302126377914e-05,0.010915396610626502,5827.993921632552,6.996755900158662e-14,0.5517189333167727,1.3789030042469324,0.5644641581840053,0.5415115744236314
1st2KB_B64-T59,0→+V,1.25,-3.93243678722607e-13,3.456773585127443e-13,6.49652513202508e-17,1.8789348064289302e-23,7.030051675298441e-23,2.7564483417074757e-13,4.985719421625986e-19,3.8754490901181757e-19,6.440491285909348e-21,4.7296692116921986e-17,130.30266211624033,4.848302126377914e-05,0.010915396610626502,5827.993921632552,6.996755900158662e-14,0.5203730008612261,1.3178002784360765,0.547546703243378,0.5218849344696509
1st2KB_B64-T59,0→+V,1.5,-3.96681981967156e-13,4.009357858411943e-13,1.9442562638939254e-16,4.07408477342511e-23,1.6758036664699632e-22,3.3077380100489705e-13,1.4921078605128531e-18,8.403116528690409e-19,1.535265942456468e-20,5.675603054030637e-17,130.30266211624033,4.848302126377914e-05,0.010915396610626502,5827.993921632552,6.996755900158662e-14,0.49203411174136413,1.2625591917614076,0.5322521548858647,0.5041410956401609
1st2KB_B64-T59,0→+V,1.75,-4.74636335009299e-13,4.56403106471406e-13,5.327791813541849e-16,8.18945315823863e-23,3.675241461475682e-22,3.859027678390466e-13,4.0887820148977735e-18,1.6891383714894094e-18,3.3670251229329696e-20,6.621536896369077e-17,130.30266211624033,4.848302126377914e-05,0.010915396610626502,5827.993921632552,6.996755900158662e-14,0.46597381365212287,1.2117597698282978,0.5181873661197534,0.48782395183158866
1st2KB_B64-T59,0→+V,2.0,-5.16602656919912e-13,5.123608512597562e-13,1.361556673853727e-15,1.5529915716772535e-22,7.558206110569327e-22,4.4103173467319607e-13,1.044918539453254e-17,3.2031658324838507e-18,6.924353168451215e-20,7.567470738707517e-17,130.30266211624033,4.848302126377914e-05,0.010915396610626502,5827.993921632552,6.996755900158662e-14,0.44171747961829344,1.1644768207647311,0.5050961799307936,0.47263632468536826
1st2KB_B64-T59,0→+V,2.25,-5.926432847074e-13,5.694149411023544e-13,3.286678835908982e-15,2.811105293290366e-22,1.4764027036079035e-21,4.961607015073456e-13,2.522342047760316e-17,5.798123178001071e-18,1.3525873188799905e-19,8.513404581045957e-17,130.30266211624033,4.848302126377914e-05,0.010915396610626502,5827.993921632552,6.996755900158662e-14,0.41893543261696037,1.1200677041016165,0.49280066904921804,0.45837179340865697
1st2KB_B64-T59,0→+V,2.5,-6.12550049745864e-13,6.288211049451077e-13,7.563874347767881e-15,4.897784189915e-22,2.7644796428084413e-21,5.512896683414951e-13,5.804850204073578e-17,1.0102060602345451e-17,2.5326424145844856e-19,9.459338423384397e-17,130.30266211624033,4.848302126377914e-05,0.010915396610626502,5827.993921632552,6.996755900158662e-14,0.39738763681442846,1.0780645172250543,0.48117128571292267,0.4448800642786355
1st2KB_B64-T59,0→+V,2.75,-7.52743245339971e-13,6.930986834544237e-13,1.6712483455235498e-14,8.264371989829701e-22,4.995519841625623e-21,6.064186351756446e-13,1.2825895636979876e-16,1.704590962858141e-17,4.576581153965874e-19,1.0405272265722836e-16,130.30266211624033,4.848302126377914e-05,0.010915396610626502,5827.993921632552,6.996755900158662e-14,0.37689288454522624,1.0381140314565287,0.4701102318257795,0.4320476776745969
1st2KB_B64-T59,0→+V,3.0,-8.53450394123351e-13,7.671612962901259e-13,3.5646125164998956e-14,1.356890581778526e-21,8.756855652262138e-21,6.615476020097941e-13,2.7356405913794593e-16,2.7986922976523256e-17,8.022480505872821e-19,1.1351206108061275e-16,130.30266211624033,4.848302126377914e-05,0.010915396610626502,5827.993921632552,6.996755900158662e-14,0.3573103954785323,0.99994182324951,0.4595415279953563,0.4197864867574082
1st2KB_B64-T59,0→+V,3.25,-9.70928307371388e-13,8.603562956201691e-13,7.371215064791528e-14,2.17569132156641e-21,1.495103222313081e-20,7.166765688439436e-13,5.65699498772774e-16,4.487532469829459e-17,1.3697195582041866e-18,1.2297139950399715e-16,130.30266211624033,4.848302126377914e-05,0.010915396610626502,5827.993921632552,6.996755900158662e-14,0.33852821440761555,0.963329657963516,0.44940475179944783,0.40802639297324256
1st2KB_B64-T59,0→+V,3.5,-1.13570275146052e-12,9.900748373939803e-13,1.4830171435407065e-13,3.416954873829351e-21,2.4943275100850087e-20,7.718055356780932e-13,1.1381326516704145e-15,7.047735031278055e-17,2.285146018108676e-18,1.3243073792738155e-16,130.30266211624033,4.848302126377914e-05,0.010915396610626502,5827.993921632552,6.996755900158662e-14,0.32045556848124174,0.9281005917909928,0.43965091297040887,0.3967105606841334
1st2KB_B64-T59,0→+V,3.75,-1.29186288402861e-12,1.1880343762429512e-12,2.911322686906641e-13,5.26871798236063e-21,4.076973986909437e-20,8.269345025122426e-13,2.2342772124713077e-15,1.0867140382393623e-16,3.735067201259886e-18,1.4189007635076595e-16,130.30266211624033,4.848302126377914e-05,0.010915396610626502,5827.993921632552,6.996755900158662e-14,0.30301764785490326,0.8941087976641575,0.4302396365034325,0.3857921491752528
1st2KB_B64-T59,0→+V,4.0,-1.51663523319939e-12,1.5110440948162503e-12,5.590129930475751e-13,7.991866431660052e-21,6.542882995480093e-20,8.820634693463921e-13,4.290111836309922e-15,1.648384573267228e-16,5.994177975274283e-18,1.5134941477415035e-16,130.30266211624033,4.848302126377914e-05,0.010915396610626502,5827.993921632552,6.996755900158662e-14,0.28615193191714805,0.8612324039563006,0.42113717991443067,0.37523201239368265
1st2KB_B64-T59,0→+V,4.25,-1.76129716280421e-12,2.059192879414642e-12,1.0520327690023924e-12,1.1944919690992165e-20,1.0328520148582366e-19,9.371924361805417e-13,8.073762668516285e-15,2.463732535562097e-16,9.462340689047623e-18,1.6080875319753475e-16,130.30266211624033,4.848302126377914e-05,0.010915396610626502,5827.993921632552,6.996755900158662e-14,0.2698055359917946,0.8293683223999766,0.41231500125054826,0.3649970376381189
1st2KB_B64-T59,0→+V,4.5,-2.18328523662881e-12,3.0061801077245095e-12,1.943890967466358e-12,1.761628456757215e-20,1.6062558899187874e-19,9.923214030146912e-13,1.4918275159507122e-14,3.633495625556855e-16,1.4715506428369666e-17,1.7026809162091915e-16,130.30266211624033,4.848302126377914e-05,0.010915396610626502,5827.993921632552,6.996755900158662e-14,0.25393325206924156,0.798428428878315,0.40374870166940047,0.3550589188012624
1st2KB_B64-T59,0→+V,4.75,-3.21137452567732e-12,4.649291233963796e-12,3.5318730330295065e-12,2.5665988031444952e-20,2.46417874300218e-19,1.0474503698488407e-12,2.7105148702785484e-14,5.293809536292159e-16,2.2575256135019593e-17,1.7972743004430355e-16,130.30266211624033,4.848302126377914e-05,0.010915396610626502,5827.993921632552,6.996755900158662e-14,0.23849607379635307,0.7683366881831135,0.3954172293735169,0.3453932328212054
1st2KB_B64-T59,0→+V,5.0,-6.93735000001361e-12,7.490827471384151e-12,6.318280165379567e-12,3.69793862603617e-20,3.733406216523633e-19,1.1025793366829903e-12,4.848926386279936e-14,7.627285861409051e-16,3.420312014030748e-17,1.8918676846768795e-16,130.30266211624033,4.848302126377914e-05,0.010915396610626502,5827.993921632552,6.996755900158662e-14,0.2234600670060548,0.7390269523345891,0.38730227003317585,0.3359787324857218
1st2KB_B64-T59,0→+V,5.25,-1.24823406819075e-11,1.2369413445015515e-11,1.1141736970590316e-11,5.2735940728892027e-20,5.591705339498139e-19,1.1577083035171396e-12,8.550659510433488e-14,1.0877197698133175e-15,5.12276881817966e-17,1.9864610689107232e-16,130.30266211624033,4.848302126377914e-05,0.010915396610626502,5827.993921632552,6.996755900158662e-14,0.2087954917182856,0.7104412490950398,0.3793877729287717,0.3267967966904076
1st2KB_B64-T59,0→+V,5.5,-1.70468170829219e-11,2.0669685656419435e-11,1.9386879923928596e-11,7.449687424091419e-20,8.286410886497478e-19,1.2128372703512891e-12,1.4878345237976764e-13,1.5365559385336732e-15,7.591488593671787e-17,2.0810544531445672e-16,130.30266211624033,4.848302126377914e-05,0.010915396610626502,5827.993921632552,6.996755900158662e-14,0.1944761103894722,0.6825284335373469,0.3716595776118384,0.31783099731267556
1st2KB_B64-T59,0→+V,5.75,-3.26136825878898e-11,3.4654110214212784e-11,3.331617509779096e-11,1.0431639552244311e-19,1.215918398495664e-18,1.2679662371854387e-12,2.556829964691764e-13,2.151606744037137e-15,1.113947978135698e-16,2.1756478373784112e-16,130.30266211624033,4.848302126377914e-05,0.010915396610626502,5827.993921632552,6.996755900158662e-14,0.18047863628442096,0.655243112754549,0.3641051161903884,0.30906675382064974
1st2KB_B64-T59,0→+V,6.0,-6.6498306861007e-11,5.798357982523459e-11,5.659051514944932e-11,1.4488224029904455e-19,1.767881853684193e-18,1.3230952040195882e-12,4.3430052947779445e-13,2.9883088248727532e-15,1.6196221875832726e-16,2.270241221612255e-16,130.30266211624033,4.848302126377914e-05,0.010915396610626502,5827.993921632552,6.996755900158662e-14,0.16678228876633094,0.6285447789852514,0.3567131733181494,0.30049105482674154
1st2KB_B64-T59,0→+V,6.25,-1.15836687464288e-10,9.652761720156982e-11,9.507942272357247e-11,1.9969255500030814e-19,2.54844948211263e-18,1.3782241708537377e-12,7.296813524711725e-13,4.11881417030203e-15,2.334729165618801e-16,2.364834605846099e-16,130.30266211624033,4.848302126377914e-05,0.010915396610626502,5827.993921632552,6.996755900158662e-14,0.15336843121733568,0.6023971038109848,0.3494736907796433,0.2920922313787083
1st2KB_B64-T59,0→+V,6.5,-1.78060455269247e-10,1.5961569999442228e-10,1.5811237538020128e-10,2.732776879522028e-19,3.644253845403603e-18,1.4333531376878873e-12,1.2134239839179377e-12,5.636564736042224e-15,3.338636217630242e-16,2.459427990079943e-16,130.30266211624033,4.848302126377914e-05,0.010915396610626502,5827.993921632552,6.996755900158662e-14,0.1402202735648932,0.5767673582899533,0.3423776069431549,0.28385977070239493
1st2KB_B64-T59,0→+V,6.75,-2.74814671019641e-10,2.619559540437551e-10,2.6039749883669726e-10,3.7147730102386206e-19,5.172056894975177e-18,1.4884821045220368e-12,1.9984050564093772e-12,7.662008087383502e-15,4.738313301360033e-16,2.554021374313787e-16,130.30266211624033,4.848302126377914e-05,0.010915396610626502,5827.993921632552,6.996755900158662e-14,0.12732262585959975,0.5516259326054829,0.3354167237662444,0.2757841619093222
1st2KB_B64-T59,0→+V,7.0,-4.73899752773121e-10,4.2655702335407716e-10,4.2494343693353844e-10,5.017854295620094e-19,7.28839548532669e-18,1.5436110713561863e-12,3.261203033246206e-12,1.0349714528555691e-14,6.677169639654866e-16,2.648614758547631e-16,130.30266211624033,4.848302126377914e-05,0.010915396610626502,5827.993921632552,6.996755900158662e-14,0.11466169258784842,0.5269459351190315,0.3285835957859267,0.26785676720959734
1st2KB_B64-T59,0→+V,7.25,-7.56894380504747e-10,6.891486891495053e-10,6.874799706764567e-10,6.737787673021157e-19,1.020207798657122e-17,1.5987400381903357e-12,5.276023985320959e-12,1.3897210811931901e-14,9.346502331064322e-16,2.743208142781475e-16,130.30266211624033,4.848302126377914e-05,0.010915396610626502,5827.993921632552,6.996755900158662e-14,0.10222489977964833,0.502702855350913,0.32187143680845737,0.2600697136588708
1st2KB_B64-T59,0→+V,7.5,-9.59262558275498e-10,1.104828587094022e-09,1.1031047354400367e-09,8.996466144471451e-19,1.4190312502871326e-17,1.6538690050244852e-12,8.465711425419534e-12,1.8555910729087674e-14,1.300027200940787e-15,2.837801527015319e-16,130.30266211624033,4.848302126377914e-05,0.010915396610626502,5827.993921632552,6.996755900158662e-14,0.09000074873849517,0.4788742788554672,0.31527404096708594,0.252415801574168
1st2KB_B64-T59,0→+V,7.75,-1.28995425452416e-09,1.7579969733778568e-09,1.7562179870327062e-09,1.1948446931468929e-18,1.9619445689274664e-17,1.7089979718586347e-12,1.3477990077179085e-11,2.4644600563280934e-14,1.7974102443675277e-15,2.932394911249163e-16,130.30266211624033,4.848302126377914e-05,0.010915396610626502,5827.993921632552,6.996755900158662e-14,0.07797869154816706,0.45543964454606223,0.3087857155328546,0.2448884265849139
1st2KB_B64-T59,0→+V,8.0,-2.02653627212612e-09,2.7771222663628715e-09,2.775288143314741e-09,1.5788995124012066e-18,2.6971536673316793e-17,1.7641269386927843e-12,2.129878314258049e-11,3.256602974082344e-14,2.4709625893995555e-15,3.026988295483007e-16,130.30266211624033,4.848302126377914e-05,0.010915396610626502,5827.993921632552,6.996755900158662e-14,0.06614902452018956,0.4323800369918984,0.30240122340800724,0.23748151291715647
1st2KB_B64-T59,0→+V,8.25,-3.06809355699045e-09,4.356567787590408e-09,4.354678525171191e-09,2.076395278850854e-18,3.687829354104213e-17,1.819255905526934e-12,3.341972032226381e-11,4.282726663328002e-14,3.3785573586158e-15,3.121581679716851e-16,130.30266211624033,4.848302126377914e-05,0.010915396610626502,5827.993921632552,6.996755900158662e-14,0.05450279651969925,0.40967800771732343,0.2961157336492968,0.23018945599360685
1st2KB_B64-T59,0→+V,8.5,-5.11947373382782e-09,6.788689545571378e-09,6.7867451402575615e-09,2.718181646334532e-18,5.016427281088366e-17,1.8743848723610833e-12,5.208447034031619e-11,5.606460933088014e-14,4.59573523531404e-15,3.216175063950695e-16,130.30266211624033,4.848302126377914e-05,0.010915396610626502,5827.993921632552,6.996755900158662e-14,0.04303172970663438,0.3873174207023826,0.28992477869186617,0.22300707280729198
1st2KB_B64-T59,0→+V,8.75,-9.72309699420748e-09,1.0510803994300928e-08,1.0508804441458185e-08,3.542848044344963e-18,6.790170044478808e-17,1.929513839195233e-12,8.064919220210173e-11,7.307399481293807e-14,6.220726819828381e-15,3.310768448184539e-16,130.30266211624033,4.848302126377914e-05,0.010915396610626502,5827.993921632552,6.996755900158662e-14,0.03172815069704393,0.3652833181953399,0.28382421719688566,0.215929558819561
1st2KB_B64-T59,0→+V,9.0,-1.43904221872049e-08,1.6173586921041445e-08,1.6171532214598064e-08,4.5985191195880875e-18,9.147983446448826e-17,1.9846428060293824e-12,1.241074583738878e-10,9.484803132562955e-14,8.38080719627078e-15,3.405361832418383e-16,130.30266211624033,4.848302126377914e-05,0.010915396610626502,5827.993921632552,6.996755900158662e-14,0.020584930517523414,0.34356180366566913,0.277810201644856,0.20895245036373394
1st2KB_B64-T59,0→+V,9.25,-2.18580922251022e-08,2.4740225750800258e-08,2.473811588283088e-08,5.945036192899005e-18,1.2269247604980949e-16,2.039771772863532e-12,1.8985119322245707e-10,1.226209926265557e-13,1.1240313149076441e-14,3.499955216652227e-16,130.30266211624033,4.848302126377914e-05,0.010915396610626502,5827.993921632552,6.996755900158662e-14,0.009595432017751593,0.3221399392951436,0.27187914995406204,0.20207159171849476
1st2KB_B64-T59,0→+V,9.5,-3.29943610211103e-08,3.585824294551331e-08,3.585607790570993e-08,7.656601838796536e-18,1.6384807435582187e-16,2.0949007396976815e-12,2.751753289101911e-10,1.579233644937193e-13,1.5010730273997587e-14,3.594548600886071e-16,130.30266211624033,4.848302126377914e-05,0.010915396610626502,5827.993921632552,6.996755900158662e-14,0.0,0.3010056558591012,0.26602772052948187,0.1952831061610979
1st2KB_B64-T59,+V→0,9.25,-2.90803310321053e-08,3.8209254551179476e-08,3.1097960098600617e-15,3.8209163561302215e-08,1.7912430386339773e-14,9.186363705551551e-20,1.8985119322245707e-10,1.226209926265557e-13,1.1240313149076441e-14,3.499955216652227e-16,1.6380176268980178e-05,311603.7698183448,1.5935881989027632,0.0002624708928229796,6.996755900158662e-14,0.009595432017751593,0.3221399392951436,0.27187914995406204,0.20207159171849476
1st2KB_B64-T59,+V→0,9.0,-2.3615749356054e-08,2.9555089477020502e-08,2.0329020444594023e-15,2.955500412091463e-08,1.3355555445256467e-14,8.938083605401509e-20,1.241074583738878e-10,9.484803132562955e-14,8.38080719627078e-15,3.405361832418383e-16,1.6380176268980178e-05,311603.7698183448,1.5935881989027632,0.0002624708928229796,6.996755900158662e-14,0.020584930517523414,0.34356180366566913,0.277810201644856,0.20895245036373394
1st2KB_B64-T59,+V→0,8.75,-1.84914270562331e-08,2.2770213461368407e-08,1.321047984221288e-15,2.2770132259397676e-08,9.913276848676423e-15,8.689803505251467e-20,8.064919220210173e-11,7.307399481293807e-14,6.220726819828381e-15,3.310768448184539e-16,1.6380176268980178e-05,311603.7698183448,1.5935881989027632,0.0002624708928229796,6.996755900158662e-14,0.03172815069704393,0.3652833181953399,0.28382421719688566,0.215929558819561
1st2KB_B64-T59,+V→0,8.5,-1.38809266303497e-08,1.747002176540066e-08,8.531528050508492e-16,1.7469943620895e-08,7.323709436278068e-15,8.441523405101425e-20,5.208447034031619e-11,5.606460933088014e-14,4.59573523531404e-15,3.216175063950695e-16,1.6380176268980178e-05,311603.7698183448,1.5935881989027632,0.0002624708928229796,6.996755900158662e-14,0.04303172970663438,0.3873174207023826,0.28992477869186617,0.22300707280729198
1st2KB_B64-T59,+V→0,8.25,-1.06240909403255e-08,1.3345213633036446e-08,5.474209097387002e-16,1.3345137733945466e-08,5.384029136006229e-15,8.193243304951382e-20,3.341972032226381e-11,4.282726663328002e-14,3.3785573586158e-15,3.121581679716851e-16,1.6380176268980178e-05,311603.7698183448,1.5935881989027632,0.0002624708928229796,6.996755900158662e-14,0.05450279651969925,0.40967800771732343,0.2961157336492968,0.23018945599360685
1st2KB_B64-T59,+V→0,8.0,-8.05842059747874e-09,1.0147771889470012e-08,3.48877822190252e-16,1.0147697635256916e-08,3.937696822397346e-15,7.94496320480134e-20,2.129878314258049e-11,3.256602974082344e-14,2.4709625893995555e-15,3.026988295483007e-16,1.6380176268980178e-05,311603.7698183448,1.5935881989027632,0.0002624708928229796,6.996755900158662e-14,0.06614902452018956,0.4323800369918984,0.30240122340800724,0.23748151291715647
1st2KB_B64-T59,+V→0,7.75,-6.2333138650672e-09,7.67942349392522e-09,2.2077185321575916e-16,7.679350441185643e-09,2.864331754011024e-15,7.696683104651298e-20,1.3477990077179085e-11,2.4644600563280934e-14,1.7974102443675277e-15,2.932394911249163e-16,1.6380176268980178e-05,311603.7698183448,1.5935881989027632,0.0002624708928229796,6.996755900158662e-14,0.07797869154816706,0.45543964454606223,0.3087857155328546,0.2448884265849139
1st2KB_B64-T59,+V→0,7.5,-4.83168527409816e-09,5.782163913607728e-09,1.386698453906914e-16,5.78209173559639e-09,2.0717080056718293e-15,7.448403004501256e-20,8.465711425419534e-12,1.8555910729087674e-14,1.300027200940787e-15,2.837801527015319e-16,1.6380176268980178e-05,311603.7698183448,1.5935881989027632,0.0002624708928229796,6.996755900158662e-14,0.09000074873849517,0.4788742788554672,0.31527404096708594,0.252415801574168
1st2KB_B64-T59,+V→0,7.25,-3.61528740278061e-09,4.330494822459028e-09,8.642220287892461e-17,4.330423278958241e-09,1.4894475815801269e-15,7.200122904351214e-20,5.276023985320959e-12,1.3897210811931901e-14,9.346502331064322e-16,2.743208142781475e-16,1.6380176268980178e-05,311603.7698183448,1.5935881989027632,0.0002624708928229796,6.996755900158662e-14,0.10222489977964833,0.502702855350913,0.32187143680845737,0.2600697136588708
1st2KB_B64-T59,+V→0,7.0,-2.72686007107836e-09,3.225081148755121e-09,5.3419080533505675e-17,3.2250100636416466e-09,1.064065873982581e-15,6.951842804201172e-20,3.261203033246206e-12,1.0349714528555691e-14,6.677169639654866e-16,2.648614758547631e-16,1.6380176268980178e-05,311603.7698183448,1.5935881989027632,0.0002624708928229796,6.996755900158662e-14,0.11466169258784842,0.5269459351190315,0.3285835957859267,0.26785676720959734
1st2KB_B64-T59,+V→0,6.75,-2.08363215570273e-09,2.387581359859625e-09,3.273422708080688e-17,2.387510604407345e-09,7.55092015975134e-16,6.70356270405113e-20,1.9984050564093772e-12,7.662008087383502e-15,4.738313301360033e-16,2.554021374313787e-16,1.6380176268980178e-05,311603.7698183448,1.5935881989027632,0.0002624708928229796,6.996755900158662e-14,0.12732262585959975,0.5516259326054829,0.3354167237662444,0.2757841619093222
1st2KB_B64-T59,+V→0,6.5,-1.56113999505436e-09,1.7564453401166815e-09,1.987609874558399e-17,1.7563748205759007e-09,5.320411276844911e-16,6.455282603901088e-20,1.2134239839179377e-12,5.636564736042224e-15,3.338636217630242e-16,2.459427990079943e-16,1.6380176268980178e-05,311603.7698183448,1.5935881989027632,0.0002624708928229796,6.996755900158662e-14,0.1402202735648932,0.5767673582899533,0.3423776069431549,0.28385977070239493
1st2KB_B64-T59,+V→0,6.25,-1.1706025038194e-09,1.2835083742803958e-09,1.1952309173665662e-17,1.2834380226473305e-09,3.720596845964216e-16,6.207002503751047e-20,7.296813524711725e-13,4.11881417030203e-15,2.334729165618801e-16,2.364834605846099e-16,1.6380176268980178e-05,311603.7698183448,1.5935881989027632,0.0002624708928229796,6.996755900158662e-14,0.15336843121733568,0.6023971038109848,0.3494736907796433,0.2920922313787083
1st2KB_B64-T59,+V→0,6.0,-8.75560401958353e-10,9.312385280453663e-10,7.113919226557695e-18,9.311682952117778e-10,2.5810108048137806e-16,5.958722403601005e-20,4.3430052947779445e-13,2.9883088248727532e-15,1.6196221875832726e-16,2.270241221612255e-16,1.6380176268980178e-05,311603.7698183448,1.5935881989027632,0.0002624708928229796,6.996755900158662e-14,0.16678228876633094,0.6285447789852514,0.3567131733181494,0.30049105482674154
1st2KB_B64-T59,+V→0,5.75,-6.39160391280313e-10,6.705189219302201e-10,4.188132551146146e-18,6.704487726085463e-10,1.7751743521486413e-16,5.710442303450964e-20,2.556829964691764e-13,2.151606744037137e-15,1.113947978135698e-16,2.1756478373784112e-16,1.6380176268980178e-05,311603.7698183448,1.5935881989027632,0.0002624708928229796,6.996755900158662e-14,0.18047863628442096,0.655243112754549,0.3641051161903884,0.30906675382064974
1st2KB_B64-T59,+V→0,5.5,-4.71147731939681e-10,4.788667140116462e-10,2.4370991758880124e-18,4.787966229838575e-10,1.2097706634980294e-16,5.462162203300921e-20,1.4878345237976764e-13,1.5365559385336732e-15,7.591488593671787e-17,2.0810544531445672e-16,1.6380176268980178e-05,311603.7698183448,1.5935881989027632,0.0002624708928229796,6.996755900158662e-14,0.1944761103894722,0.6825284335373469,0.3716595776118384,0.31783099731267556
1st2KB_B64-T59,+V→0,5.25,-3.31299293554466e-10,3.390076314273648e-10,1.4006130999693228e-18,3.38937580779772e-10,8.163583934358161e-17,5.2138821031508795e-20,8.550659510433488e-14,1.0877197698133175e-15,5.12276881817966e-17,1.9864610689107232e-16,1.6380176268980178e-05,311603.7698183448,1.5935881989027632,0.0002624708928229796,6.996755900158662e-14,0.2087954917182856,0.7104412490950398,0.3793877729287717,0.3267967966904076
1st2KB_B64-T59,+V→0,5.0,-2.32898283991645e-10,2.3773912569833113e-10,7.942626892257442e-19,2.376691027897222e-10,5.4505688621247414e-17,4.965602003000838e-20,4.848926386279936e-14,7.627285861409051e-16,3.420312014030748e-17,1.8918676846768795e-16,1.6380176268980178e-05,311603.7698183448,1.5935881989027632,0.0002624708928229796,6.996755900158662e-14,0.2234600670060548,0.7390269523345891,0.38730227003317585,0.3359787324857218
1st2KB_B64-T59,+V→0,4.75,-1.6254382562142e-10,1.6502710484671772e-10,4.439871135485457e-19,1.6495710082089404e-10,3.597566176397443e-17,4.7173219028507963e-20,2.7105148702785484e-14,5.293809536292159e-16,2.2575256135019593e-17,1.7972743004430355e-16,1.6380176268980178e-05,311603.7698183448,1.5935881989027632,0.0002624708928229796,6.996755900158662e-14,0.23849607379635307,0.7683366881831135,0.3954172293735169,0.3453932328212054
1st2KB_B64-T59,+V→0,4.5,-1.12192949375256e-10,1.1329108475271148e-10,2.4436397674187505e-19,1.132210934541981e-10,2.3450457385127648e-17,4.4690418027007544e-20,1.4918275159507122e-14,3.633495625556855e-16,1.4715506428369666e-17,1.7026809162091915e-16,1.6380176268980178e-05,311603.7698183448,1.5935881989027632,0.0002624708928229796,6.996755900158662e-14,0.25393325206924156,0.798428428878315,0.40374870166940047,0.3550589188012624
1st2KB_B64-T59,+V→0,4.25,-7.93706975144026e-11,7.684081740305919e-11,1.3224965566420853e-19,7.677083459052587e-11,1.5079074456063732e-17,4.2207617025507125e-20,8.073762668516285e-15,2.463732535562097e-16,9.462340689047623e-18,1.6080875319753475e-16,1.6380176268980178e-05,311603.7698183448,1.5935881989027632,0.0002624708928229796,6.996755900158662e-14,0.2698055359917946,0.8293683223999766,0.41231500125054826,0.3649970376381189
1st2KB_B64-T59,+V→0,4.0,-5.50608655891516e-11,5.1434261935297656e-11,7.027278809239476e-20,5.136428471404718e-11,9.552251283519956e-18,3.97248160240067e-20,4.290111836309922e-15,1.648384573267228e-16,5.994177975274283e-18,1.5134941477415035e-16,1.6380176268980178e-05,311603.7698183448,1.5935881989027632,0.0002624708928229796,6.996755900158662e-14,0.28615193191714805,0.8612324039563006,0.42113717991443067,0.37523201239368265
1st2KB_B64-T59,+V→0,3.75,-3.08601963427968e-11,3.393239268799068e-11,3.65978545740457e-20,3.3862419102990216e-11,5.952159014036526e-18,3.724201502250628e-20,2.2342772124713077e-15,1.0867140382393623e-16,3.735067201259886e-18,1.4189007635076595e-16,1.6380176268980178e-05,311603.7698183448,1.5935881989027632,0.0002624708928229796,6.996755900158662e-14,0.30301764785490326,0.8941087976641575,0.4302396365034325,0.3857921491752528
1st2KB_B64-T59,+V→0,3.5,-2.00158865176769e-11,2.2030979298255864e-11,1.8642813451843208e-20,2.196100804427052e-11,3.6415817272276256e-18,3.475921402100586e-20,1.1381326516704145e-15,7.047735031278055e-17,2.285146018108676e-18,1.3243073792738155e-16,1.6380176268980178e-05,311603.7698183448,1.5935881989027632,0.0002624708928229796,6.996755900158662e-14,0.32045556848124174,0.9281005917909928,0.43965091297040887,0.3967105606841334
1st2KB_B64-T59,+V→0,3.25,-1.25093555305988e-11,1.4053290131124054e-11,9.266257505171774e-21,1.3983320347810872e-11,2.1827689237604983e-18,3.227641301950544e-20,5.65699498772774e-16,4.487532469829459e-17,1.3697195582041866e-18,1.2297139950399715e-16,1.6380176268980178e-05,311603.7698183448,1.5935881989027632,0.0002624708928229796,6.996755900158662e-14,0.33852821440761555,0.963329657963516,0.44940475179944783,0.40802639297324256
1st2KB_B64-T59,+V→0,3.0,-7.63041973356193e-12,8.790799576829552e-12,4.481027509537272e-21,8.720830705100298e-12,1.2784530260086397e-18,2.9793612018005023e-20,2.7356405913794593e-16,2.7986922976523256e-17,8.022480505872821e-19,1.1351206108061275e-16,1.6380176268980178e-05,311603.7698183448,1.5935881989027632,0.0002624708928229796,6.996755900158662e-14,0.3573103954785323,0.99994182324951,0.4595415279953563,0.4197864867574082
1st2KB_B64-T59,+V→0,2.75,-4.79854003754276e-12,5.381538017980662e-12,2.1009043134127418e-21,5.311569700248789e-12,7.293185718280807e-19,2.7310811016504604e-20,1.2825895636979876e-16,1.704590962858141e-17,4.576581153965874e-19,1.0405272265722836e-16,1.6380176268980178e-05,311603.7698183448,1.5935881989027632,0.0002624708928229796,6.996755900158662e-14,0.37689288454522624,1.0381140314565287,0.4701102318257795,0.4320476776745969
1st2KB_B64-T59,+V→0,2.5,-2.59135052825543e-12,3.2178081550035692e-12,9.508446955775077e-22,3.1478401666242217e-12,4.0359890639224357e-19,2.482801001500419e-20,5.804850204073578e-17,1.0102060602345451e-17,2.5326424145844856e-19,9.459338423384397e-17,1.6380176268980178e-05,311603.7698183448,1.5935881989027632,0.0002624708928229796,6.996755900158662e-14,0.39738763681442846,1.0780645172250543,0.48117128571292267,0.4448800642786355
1st2KB_B64-T59,+V→0,2.25,-1.36390660050723e-12,1.8766848374429342e-12,4.1316407352974397e-22,1.8067170401362556e-12,2.1554671893526815e-19,2.2345209013503772e-20,2.522342047760316e-17,5.798123178001071e-18,1.3525873188799905e-19,8.513404581045957e-17,1.6380176268980178e-05,311603.7698183448,1.5935881989027632,0.0002624708928229796,6.996755900158662e-14,0.41893543261696037,1.1200677041016165,0.49280066904921804,0.45837179340865697
1st2KB_B64-T59,+V→0,2.0,-6.82600081059609e-13,1.0680862381361138e-12,1.711594986296962e-22,9.981185487552846e-13,1.1034567494278814e-19,1.986240801200335e-20,1.044918539453254e-17,3.2031658324838507e-18,6.924353168451215e-20,7.567470738707517e-17,1.6380176268980178e-05,311603.7698183448,1.5935881989027632,0.0002624708928229796,6.996755900158662e-14,0.44171747961829344,1.1644768207647311,0.5050961799307936,0.47263632468536826
1st2KB_B64-T59,+V→0,1.75,-2.55599496646122e-13,5.963095144056032e-13,6.697497012946147e-23,5.263418843009197e-13,5.365651501315106e-20,1.737960701050293e-20,4.0887820148977735e-18,1.6891383714894094e-18,3.3670251229329696e-20,6.621536896369077e-17,1.6380176268980178e-05,311603.7698183448,1.5935881989027632,0.0002624708928229796,6.996755900158662e-14,0.46597381365212287,1.2117597698282978,0.5181873661197534,0.48782395183158866
1st2KB_B64-T59,+V→0,1.5,-3.98564441541661e-14,3.31811877244928e-13,2.4440989767531423e-23,2.6184427885627746e-13,2.446581688075956e-20,1.4896806009002512e-20,1.4921078605128531e-18,8.403116528690409e-19,1.535265942456468e-20,5.675603054030637e-17,1.6380176268980178e-05,311603.7698183448,1.5935881989027632,0.0002624708928229796,6.996755900158662e-14,0.49203411174136413,1.2625591917614076,0.5322521548858647,0.5041410956401609
1st2KB_B64-T59,+V→0,1.25,5.71779426648648e-14,1.90728036309239e-13,8.166696295391155e-24,1.2076045462198978e-13,1.0263490908361218e-20,1.2414005007502096e-20,4.985719421625986e-19,3.8754490901181757e-19,6.440491285909348e-21,4.7296692116921986e-17,1.6380176268980178e-05,311603.7698183448,1.5935881989027632,0.0002624708928229796,6.996755900158662e-14,0.5203730008612261,1.3178002784360765,0.547546703243378,0.5218849344696509
1st2KB_B64-T59,+V→0,1.0,1.51825329652161e-13,1.2018032101650263e-13,2.429170042766039e-24,5.0212748238268096e-14,3.84301473185475e-21,9.931204006001675e-21,1.4829938352777431e-19,1.6114294210092693e-19,2.4115481869787873e-21,3.7837353693537587e-17,1.6380176268980178e-05,311603.7698183448,1.5935881989027632,0.0002624708928229796,6.996755900158662e-14,0.5517189333167727,1.3789030042469324,0.5644641581840053,0.5415115744236314
1st2KB_B64-T59,+V→0,0.75,2.69391280116604e-13,8.78857078122276e-14,6.134132170483785e-25,1.7918140144059432e-14,1.2175651233710303e-21,7.448403004501256e-21,3.744851135759904e-20,5.750296331300852e-20,7.640399974154949e-22,2.8378015270153187e-17,1.6380176268980178e-05,311603.7698183448,1.5935881989027632,0.0002624708928229796,6.996755900158662e-14,0.5872981650974648,1.4482577138935369,0.5836663322244682,0.5637888116054941
1st2KB_B64-T59,+V→0,0.5,3.57118956802183e-13,7.49170426774311e-14,1.198849943505142e-25,4.94947841805604e-15,2.9206656294451112e-22,4.9656020030008375e-21,7.318907463623904e-21,1.5883884912372628e-20,1.832760578583654e-22,1.8918676846768793e-17,1.6380176268980178e-05,311603.7698183448,1.5935881989027632,0.0002624708928229796,6.996755900158662e-14,0.6295017071673454,1.5305252126511475,0.6064436581921868,0.5902137305694741
1st2KB_B64-T59,+V→0,0.25,2.37649038902638e-13,7.075254473651004e-14,1.4282139892415284e-26,7.849832135669458e-16,3.854119791287326e-23,2.4828010015004187e-21,8.719161294657108e-22,2.519171106384773e-21,2.4185167748738422e-23,9.459338423384397e-18,1.6380176268980178e-05,311603.7698183448,1.5935881989027632,0.0002624708928229796,6.996755900158662e-14,0.6845024340165851,1.637738304392248,0.6361276473187927,0.6246513554386057
1st2KB_B64-T59,+V→0,0.0,3.20018615556847e-13,6.99675590015867e-14,8.397086919211886e-29,0.0,0.0,0.0,5.126371524532248e-24,0.0,0.0,0.0,1.6380176268980178e-05,311603.7698183448,1.5935881989027632,0.0002624708928229796,6.996755900158662e-14,0.8172859347163973,1.8965736045375639,0.70779113645358,0.70779113645358
1st2KB_B64-T61,0→-V,0.0,2.07327170297263e-14,6.99677529116827e-14,1.939100960925417e-19,0.0,0.0,0.0,5.126371524532248e-24,0.0,0.0,0.0,37825.993524773825,413.18032107650197,0.0015621014422393907,2428.1905540753914,6.996755900158662e-14,0.8172859347163973,1.8965736045375639,0.70779113645358,0.70779113645358
1st2KB_B64-T61,0→-V,-0.25,4.97242560169343e-14,9.293767608101538e-14,1.3968714680270426e-32,1.0408719265827073e-18,3.7779685421105886e-26,2.29690762074644e-14,3.6928877151955657e-37,2.519171106384773e-21,2.4185167748738422e-23,9.459338423384397e-18,37825.993524773825,413.18032107650197,0.0015621014422393907,2428.1905540753914,6.996755900158662e-14,0.6845024340165851,1.637738304392248,0.6361276473187927,0.6246513554386057
1st2KB_B64-T61,0→-V,-0.5,6.74120251265529e-14,1.1591227432546974e-13,8.836028673217459e-31,6.562908668036327e-18,2.862957943085026e-25,4.59381524149288e-14,2.3359673731848903e-35,1.5883884912372628e-20,1.832760578583654e-22,1.8918676846768793e-17,37825.993524773825,413.18032107650197,0.0015621014422393907,2428.1905540753914,6.996755900158662e-14,0.6295017071673454,1.5305252126511475,0.6064436581921868,0.5902137305694741
1st2KB_B64-T61,0→-V,-0.75,8.12085248764853e-14,1.3889854671801785e-13,2.1295619013179668e-29,2.375909284451917e-17,1.193507981891325e-24,6.890722862239318e-14,5.629890196864829e-34,5.750296331300852e-20,7.640399974154949e-22,2.8378015270153187e-17,37825.993524773825,413.18032107650197,0.0015621014422393907,2428.1905540753914,6.996755900158662e-14,0.5872981650974648,1.4482577138935369,0.5836663322244682,0.5637888116054941
1st2KB_B64-T61,0→-V,-1.0,1.36234556621928e-13,1.6191044492776809e-13,3.1145701063901706e-28,6.658109255647315e-17,3.7670829009093516e-24,9.18763048298576e-14,8.233941309037418e-33,1.6114294210092693e-19,2.4115481869787873e-21,3.7837353693537587e-17,37825.993524773825,413.18032107650197,0.0015621014422393907,2428.1905540753914,6.996755900158662e-14,0.5517189333167727,1.3789030042469324,0.5644641581840053,0.5415115744236314
1st2KB_B64-T61,0→-V,-1.25,1.31426228407172e-13,1.849730659789097e-13,3.3103866832594225e-27,1.6012592993706652e-16,1.006070072644922e-23,1.14845381037322e-13,8.75161859553355e-32,3.8754490901181757e-19,6.440491285909348e-21,4.7296692116921986e-17,37825.993524773825,413.18032107650197,0.0015621014422393907,2428.1905540753914,6.996755900158662e-14,0.5203730008612261,1.3178002784360765,0.547546703243378,0.5218849344696509
1st2KB_B64-T61,0→-V,-1.5,1.84060611804066e-13,2.0812921650892018e-13,2.80471113138981e-26,3.4720023853675636e-16,2.3982411429322658e-23,1.3781445724478636e-13,7.414771880487125e-31,8.403116528690409e-19,1.535265942456468e-20,5.675603054030637e-17,37825.993524773825,413.18032107650197,0.0015621014422393907,2428.1905540753914,6.996755900158662e-14,0.49203411174136413,1.2625591917614076,0.5322521548858647,0.5041410956401609
1st2KB_B64-T61,0→-V,-1.75,1.69595565889524e-13,2.314490112413085e-13,2.0011556363038154e-25,6.979187346746339e-16,5.2596348005898537e-23,1.607835334522508e-13,5.2904245198296636e-30,1.6891383714894094e-18,3.3670251229329696e-20,6.621536896369077e-17,37825.993524773825,413.18032107650197,0.0015621014422393907,2428.1905540753914,6.996755900158662e-14,0.46597381365212287,1.2117597698282978,0.5181873661197534,0.48782395183158866
1st2KB_B64-T61,0→-V,-2.0,1.95955041472698e-13,2.550436538578404e-13,1.246233583729949e-24,1.3234850871269582e-15,1.0816542071012538e-22,1.837526096597152e-13,3.29464864660789e-29,3.2031658324838507e-18,6.924353168451215e-20,7.567470738707517e-17,37825.993524773825,413.18032107650197,0.0015621014422393907,2428.1905540753914,6.996755900158662e-14,0.44171747961829344,1.1644768207647311,0.5050961799307936,0.47263632468536826
1st2KB_B64-T61,0→-V,-2.25,2.16311777517797e-13,2.790849154833261e-13,6.94448069822815e-24,2.3956703963275906e-15,2.112878601577144e-22,2.067216858671796e-13,1.8359017308243126e-28,5.798123178001071e-18,1.3525873188799905e-19,8.513404581045957e-17,37825.993524773825,413.18032107650197,0.0015621014422393907,2428.1905540753914,6.996755900158662e-14,0.41893543261696037,1.1200677041016165,0.49280066904921804,0.45837179340865697
1st2KB_B64-T61,0→-V,-2.5,2.24781131208385e-13,3.038322941503248e-13,3.525837221997431e-23,4.1739726432113744e-15,3.956244368499078e-22,2.29690762074644e-13,9.321201886444074e-28,1.0102060602345451e-17,2.5326424145844856e-19,9.459338423384397e-17,37825.993524773825,413.18032107650197,0.0015621014422393907,2428.1905540753914,6.996755900158662e-14,0.39738763681442846,1.0780645172250543,0.48117128571292267,0.4448800642786355
1st2KB_B64-T61,0→-V,-2.75,2.40213854666924e-13,3.2967043257733044e-13,1.6534873644994975e-22,7.0430344133783035e-15,7.149084021135708e-22,2.5265983828210837e-13,4.371299232144582e-27,1.704590962858141e-17,4.576581153965874e-19,1.0405272265722836e-16,37825.993524773825,413.18032107650197,0.0015621014422393907,2428.1905540753914,6.996755900158662e-14,0.37689288454522624,1.0381140314565287,0.4701102318257795,0.4320476776745969
1st2KB_B64-T61,0→-V,-3.0,3.67381120100138e-13,3.5716012128961405e-13,7.238786279086558e-22,1.156364582138321e-14,1.253192836856133e-21,2.756289144895727e-13,1.913706846680861e-26,2.7986922976523256e-17,8.022480505872821e-19,1.1351206108061275e-16,37825.993524773825,413.18032107650197,0.0015621014422393907,2428.1905540753914,6.996755900158662e-14,0.3573103954785323,0.99994182324951,0.4595415279953563,0.4197864867574082
1st2KB_B64-T61,0→-V,-3.25,2.72344511309183e-13,3.8710715588899784e-13,2.983479519720621e-21,1.8541601067253637e-14,2.139640897334261e-21,2.9859799069703717e-13,7.887379131936391e-26,4.487532469829459e-17,1.3697195582041866e-18,1.2297139950399715e-16,37825.993524773825,413.18032107650197,0.0015621014422393907,2428.1905540753914,6.996755900158662e-14,0.33852821440761555,0.963329657963516,0.44940475179944783,0.40802639297324256
1st2KB_B64-T61,0→-V,-3.5,3.32886740091534e-13,4.2065449536246077e-13,1.1655886905062111e-20,2.911985423085577e-14,3.569629890615163e-21,3.215670669045016e-13,3.081448976992021e-25,7.047735031278055e-17,2.285146018108676e-18,1.3243073792738155e-16,37825.993524773825,413.18032107650197,0.0015621014422393907,2428.1905540753914,6.996755900158662e-14,0.32045556848124174,0.9281005917909928,0.43965091297040887,0.3967105606841334
1st2KB_B64-T61,0→-V,-3.75,3.73576684994589e-13,4.594046368811697e-13,4.340925508678377e-20,4.4900885523808174e-14,5.834553861949112e-21,3.44536143111966e-13,1.147603831168459e-24,1.0867140382393623e-16,3.735067201259886e-18,1.4189007635076595e-16,37825.993524773825,413.18032107650197,0.0015621014422393907,2428.1905540753914,6.996755900158662e-14,0.30301764785490326,0.8941087976641575,0.4302396365034325,0.3857921491752528
1st2KB_B64-T61,0→-V,-4.0,4.18895034761876e-13,5.055809492479272e-13,1.5483938559969583e-19,6.81080067240106e-14,9.363514060215547e-21,3.675052193194304e-13,4.0934651326021365e-24,1.648384573267228e-16,5.994177975274283e-18,1.5134941477415035e-16,37825.993524773825,413.18032107650197,0.0015621014422393907,2428.1905540753914,6.996755900158662e-14,0.28615193191714805,0.8612324039563006,0.42113717991443067,0.37523201239368265
1st2KB_B64-T61,0→-V,-4.25,5.08177809728505e-13,5.622389804163702e-13,5.310977356391131e-19,1.0179658000901716e-13,1.4781136037321763e-20,3.904742955268948e-13,1.4040549530874185e-23,2.463732535562097e-16,9.462340689047623e-18,1.6080875319753475e-16,37825.993524773825,413.18032107650197,0.0015621014422393907,2428.1905540753914,6.996755900158662e-14,0.2698055359917946,0.8293683223999766,0.41231500125054826,0.3649970376381189
1st2KB_B64-T61,0→-V,-4.5,6.01711876938721e-13,6.335416003308113e-13,1.7576879870522653e-18,1.5012888891976467e-13,2.2987113815039282e-20,4.134433717343592e-13,4.6467728227708866e-23,3.633495625556855e-16,1.4715506428369666e-17,1.7026809162091915e-16,37825.993524773825,413.18032107650197,0.0015621014422393907,2428.1905540753914,6.996755900158662e-14,0.25393325206924156,0.798428428878315,0.40374870166940047,0.3550589188012624
1st2KB_B64-T61,0→-V,-4.75,7.32447034881151e-13,7.251154639833168e-13,5.62938276221426e-18,2.1872979239230422e-13,3.526484016743776e-20,4.364124479418236e-13,1.4882313027752574e-22,5.293809536292159e-16,2.2575256135019593e-17,1.7972743004430355e-16,37825.993524773825,413.18032107650197,0.0015621014422393907,2428.1905540753914,6.996755900158662e-14,0.23849607379635307,0.7683366881831135,0.3954172293735169,0.3453932328212054
1st2KB_B64-T61,0→-V,-5.0,8.39286160101566e-13,8.445110708244866e-13,1.7492128943123525e-17,3.1514444211592555e-13,5.342874330026146e-20,4.59381524149288e-13,4.624367349840315e-22,7.627285861409051e-16,3.420312014030748e-17,1.8918676846768795e-16,37825.993524773825,413.18032107650197,0.0015621014422393907,2428.1905540753914,6.996755900158662e-14,0.2234600670060548,0.7390269523345891,0.38730227003317585,0.3359787324857218
1st2KB_B64-T61,0→-V,-5.25,1.01318552072488e-12,1.00179549510447e-12,5.285199056002976e-17,4.4942440373272535e-13,8.002284559137426e-20,4.823506003567523e-13,1.3972399832780276e-21,1.0877197698133175e-15,5.12276881817966e-17,1.9864610689107232e-16,37825.993524773825,413.18032107650197,0.0015621014422393907,2428.1905540753914,6.996755900158662e-14,0.2087954917182856,0.7104412490950398,0.3793877729287717,0.3267967966904076
1st2KB_B64-T61,0→-V,-5.5,1.14186199558219e-12,1.2103176181569744e-12,1.555879690694147e-16,6.348746760353489e-13,1.1858675280918583e-19,5.053196765642167e-13,4.113255319189796e-21,1.5365559385336732e-15,7.591488593671787e-17,2.0810544531445672e-16,37825.993524773825,413.18032107650197,0.0015621014422393907,2428.1905540753914,6.996755900158662e-14,0.1944761103894722,0.6825284335373469,0.3716595776118384,0.31783099731267556
1st2KB_B64-T61,0→-V,-5.75,1.61684879894375e-12,1.4877050940406115e-12,4.470429257382764e-16,8.890015653316312e-13,1.740099743225427e-19,5.282887527716811e-13,1.181840538955016e-20,2.151606744037137e-15,1.113947978135698e-16,2.1756478373784112e-16,37825.993524773825,413.18032107650197,0.0015621014422393907,2428.1905540753914,6.996755900158662e-14,0.18047863628442096,0.655243112754549,0.3641051161903884,0.30906675382064974
1st2KB_B64-T61,0→-V,-6.0,1.84705506098282e-12,1.8571916701703976e-12,1.2556294515812606e-15,1.2347103997366685e-12,2.5300141551067473e-19,5.512578289791454e-13,3.3194883586042397e-20,2.9883088248727532e-15,1.6196221875832726e-16,2.270241221612255e-16,37825.993524773825,413.18032107650197,0.0015621014422393907,2428.1905540753914,6.996755900158662e-14,0.16678228876633094,0.6285447789852514,0.3567131733181494,0.30049105482674154
1st2KB_B64-T61,0→-V,-6.25,2.39386982459067e-12,2.3494602061008594e-12,3.4524158644444484e-15,1.7018129613398389e-12,3.647083796851498e-19,5.742269051866098e-13,9.12709896749524e-20,4.11881417030203e-15,2.334729165618801e-16,2.364834605846099e-16,37825.993524773825,413.18032107650197,0.0015621014422393907,2428.1905540753914,6.996755900158662e-14,0.15336843121733568,0.6023971038109848,0.3494736907796433,0.2920922313787083
1st2KB_B64-T61,0→-V,-6.5,2.82997887277037e-12,3.0053859930416473e-12,9.304303710726609e-15,2.3289176274064146e-12,5.215288450672866e-19,5.971959813940743e-13,2.4597645279648324e-19,5.636564736042224e-15,3.338636217630242e-16,2.459427990079943e-16,37825.993524773825,413.18032107650197,0.0015621014422393907,2428.1905540753914,6.996755900158662e-14,0.1402202735648932,0.5767673582899533,0.3423776069431549,0.28385977070239493
1st2KB_B64-T61,0→-V,-6.75,3.52895880920134e-12,3.8805303309261275e-12,2.4606012514527944e-14,3.16579096163587e-12,7.401726041836596e-19,6.201650576015387e-13,6.505053858905897e-19,7.662008087383502e-15,4.738313301360033e-16,2.554021374313787e-16,37825.993524773825,413.18032107650197,0.0015621014422393907,2428.1905540753914,6.996755900158662e-14,0.12732262585959975,0.5516259326054829,0.3354167237662444,0.2757841619093222
1st2KB_B64-T61,0→-V,-7.0,4.70684559036871e-12,5.053322606732177e-12,6.392149892117763e-14,4.276298371958778e-12,1.043041632418194e-18,6.431341338090032e-13,1.6898828811809735e-18,1.0349714528555691e-14,6.677169639654866e-16,2.648614758547631e-16,37825.993524773825,413.18032107650197,0.0015621014422393907,2428.1905540753914,6.996755900158662e-14,0.11466169258784842,0.5269459351190315,0.3285835957859267,0.26785676720959734
1st2KB_B64-T61,0→-V,-7.25,7.45905507498756e-12,6.641398650215362e-12,1.6327239583697342e-13,5.7420540253418575e-12,1.4600184771249404e-18,6.661032100164676e-13,4.316407333228128e-18,1.3897210811931901e-14,9.346502331064322e-16,2.743208142781475e-16,37825.993524773825,413.18032107650197,0.0015621014422393907,2428.1905540753914,6.996755900158662e-14,0.10222489977964833,0.502702855350913,0.32187143680845737,0.2600697136588708
1st2KB_B64-T61,0→-V,-7.5,7.83109167790119e-12,8.836386475588545e-12,4.104074466773069e-13,7.666937152911353e-12,2.0307743655400417e-18,6.89072286223932e-13,1.0849878838172854e-17,1.8555910729087674e-14,1.300027200940787e-15,2.837801527015319e-16,37825.993524773825,413.18032107650197,0.0015621014422393907,2428.1905540753914,6.996755900158662e-14,0.09000074873849517,0.4788742788554672,0.31527404096708594,0.252415801574168
1st2KB_B64-T61,0→-V,-7.75,1.00202320399423e-11,1.1980689864692566e-11,1.0160141619838908e-12,1.0182663973538557e-11,2.8077371350223706e-18,7.120413624313964e-13,2.6860210857871073e-17,2.4644600563280934e-14,1.7974102443675277e-15,2.932394911249163e-16,37825.993524773825,413.18032107650197,0.0015621014422393907,2428.1905540753914,6.996755900158662e-14,0.07797869154816706,0.45543964454606223,0.3087857155328546,0.2448884265849139
1st2KB_B64-T61,0→-V,-8.0,1.13852200236964e-11,1.673966781721878e-11,2.479043335183767e-12,1.345564262450034e-11,3.859894224620625e-18,7.350104386388608e-13,6.553808913333996e-17,3.256602974082344e-14,2.4709625893995555e-15,3.026988295483007e-16,37825.993524773825,413.18032107650197,0.0015621014422393907,2428.1905540753914,6.996755900158662e-14,0.06614902452018956,0.4323800369918984,0.30240122340800724,0.23748151291715647
1st2KB_B64-T61,0→-V,-8.25,1.77524384081806e-11,2.4489036334542975e-11,5.965700204678148e-12,1.7695383778367597e-11,5.277649322582247e-18,7.579795148463252e-13,1.57714303016812e-16,4.282726663328002e-14,3.3785573586158e-15,3.121581679716851e-16,37825.993524773825,413.18032107650197,0.0015621014422393907,2428.1905540753914,6.996755900158662e-14,0.05450279651969925,0.40967800771732343,0.2961157336492968,0.23018945599360685
1st2KB_B64-T61,0→-V,-8.5,3.69297231683774e-11,3.818352758220557e-11,1.4167810968783853e-11,2.3164793284361703e-11,7.179004639234448e-18,7.809485910537896e-13,3.7455224961916096e-16,5.606460933088014e-14,4.59573523531404e-15,3.216175063950695e-16,37825.993524773825,413.18032107650197,0.0015621014422393907,2428.1905540753914,6.996755900158662e-14,0.04303172970663438,0.3873174207023826,0.28992477869186617,0.22300707280729198
1st2KB_B64-T61,0→-V,-8.75,7.55480122904828e-11,6.429120275444225e-11,3.322457117162069e-11,3.0192736639152395e-11,9.717406337031173e-18,8.03917667261254e-13,8.783529016854649e-16,7.307399481293807e-14,6.220726819828381e-15,3.310768448184539e-16,37825.993524773825,413.18032107650197,0.0015621014422393907,2428.1905540753914,6.996755900158662e-14,0.03172815069704393,0.3652833181953399,0.28382421719688566,0.215929558819561
1st2KB_B64-T61,0→-V,-9.0,1.12338763291753e-10,1.1706387855042527e-10,7.697767111968623e-11,3.9189340036597737e-11,1.309167100842485e-17,8.268867434687184e-13,2.0350469068121196e-15,9.484803132562955e-14,8.38080719627078e-15,3.405361832418383e-16,37825.993524773825,413.18032107650197,0.0015621014422393907,2428.1905540753914,6.996755900158662e-14,0.020584930517523414,0.34356180366566913,0.277810201644856,0.20895245036373394
1st2KB_B64-T61,0→-V,-9.25,1.88859997085622e-10,2.278779018629464e-10,1.7629347982159956e-10,5.0664581104159666e-11,1.7558509381394697e-17,8.498558196761828e-13,4.660643737120549e-15,1.226209926265557e-13,1.1240313149076441e-14,3.499955216652227e-16,37825.993524773825,413.18032107650197,0.0015621014422393907,2428.1905540753914,6.996755900158662e-14,0.009595432017751593,0.3221399392951436,0.27187914995406204,0.20207159171849476
1st2KB_B64-T61,0→-V,-9.5,3.19176574059554e-10,4.654727495060227e-10,3.9927910715585765e-10,6.52508264469964e-11,2.3448283410078115e-17,8.728248958836472e-13,1.0555680629891534e-14,1.579233644937193e-13,1.5010730273997587e-14,3.594548600886071e-16,37825.993524773825,413.18032107650197,0.0015621014422393907,2428.1905540753914,6.996755900158662e-14,0.0,0.3010056558591012,0.26602772052948187,0.1952831061610979
1st2KB_B64-T61,-V→0,-9.25,3.21234483457999e-10,4.137395930926246e-10,5.772762668933881e-17,1.9644130927338784e-17,4.136695480676375e-10,9.422789371197392e-20,4.660643737120549e-15,1.226209926265557e-13,1.1240313149076441e-14,3.499955216652227e-16,0.012386191681968002,0.00016020202174651542,36802.31525414633,0.0002692259982746427,6.996755900158662e-14,0.009595432017751593,0.3221399392951436,0.27187914995406204,0.20207159171849476
1st2KB_B64-T61,-V→0,-9.0,2.64364946600537e-10,3.085031165733856e-10,2.5206481069570987e-17,1.519484637704268e-17,3.084331085213754e-10,9.168119388192057e-20,2.0350469068121196e-15,9.484803132562955e-14,8.38080719627078e-15,3.405361832418383e-16,0.012386191681968002,0.00016020202174651542,36802.31525414633,0.0002692259982746427,6.996755900158662e-14,0.020584930517523414,0.34356180366566913,0.277810201644856,0.20895245036373394
1st2KB_B64-T61,-V→0,-8.75,1.86311188699051e-10,2.2900713976743243e-10,1.0879447404688964e-17,1.1706601706127061e-17,2.2893714953324722e-10,8.913449405186722e-20,8.783529016854649e-16,7.307399481293807e-14,6.220726819828381e-15,3.310768448184539e-16,0.012386191681968002,0.00016020202174651542,36802.31525414633,0.0002692259982746427,6.996755900158662e-14,0.03172815069704393,0.3652833181953399,0.28382421719688566,0.215929558819561
1st2KB_B64-T61,-V→0,-8.5,1.37426556245934e-10,1.6920367822114478e-10,4.639275958695254e-18,8.98166376323555e-18,1.6913369695461567e-10,8.658779422181387e-20,3.7455224961916096e-16,5.606460933088014e-14,4.59573523531404e-15,3.216175063950695e-16,0.012386191681968002,0.00016020202174651542,36802.31525414633,0.0002692259982746427,6.996755900158662e-14,0.04303172970663438,0.3873174207023826,0.28992477869186617,0.22300707280729198
1st2KB_B64-T61,-V→0,-8.25,1.03722364031e-10,1.2440870947353152e-10,1.953479588154218e-18,6.86101470052854e-18,1.2433873301599456e-10,8.404109439176052e-20,1.57714303016812e-16,4.282726663328002e-14,3.3785573586158e-15,3.121581679716851e-16,0.012386191681968002,0.00016020202174651542,36802.31525414633,0.0002692259982746427,6.996755900158662e-14,0.05450279651969925,0.40967800771732343,0.2961157336492968,0.23018945599360685
1st2KB_B64-T61,-V→0,-8.0,8.30587265632232e-11,9.100711786569129e-11,8.1176733447545285e-19,5.217143804737064e-18,9.093714419628417e-11,8.149439456170717e-20,6.553808913333996e-17,3.256602974082344e-14,2.4709625893995555e-15,3.026988295483007e-16,0.012386191681968002,0.00016020202174651542,36802.31525414633,0.0002692259982746427,6.996755900158662e-14,0.06614902452018956,0.4323800369918984,0.30240122340800724,0.23748151291715647
1st2KB_B64-T61,-V→0,-7.75,6.56588325376184e-11,6.621883037300579e-11,3.326957203036693e-19,3.948114835372918e-18,6.614885845424595e-11,7.894769473165382e-20,2.6860210857871073e-17,2.4644600563280934e-14,1.7974102443675277e-15,2.932394911249163e-16,0.012386191681968002,0.00016020202174651542,36802.31525414633,0.0002692259982746427,6.996755900158662e-14,0.07797869154816706,0.45543964454606223,0.3087857155328546,0.2448884265849139
1st2KB_B64-T61,-V→0,-7.5,4.4570257207166e-11,4.791398163047396e-11,1.3438867901573726e-19,2.9726944141477022e-18,4.784401088798828e-11,7.640099490160047e-20,1.0849878838172854e-17,1.8555910729087674e-14,1.300027200940787e-15,2.837801527015319e-16,0.012386191681968002,0.00016020202174651542,36802.31525414633,0.0002692259982746427,6.996755900158662e-14,0.09000074873849517,0.4788742788554672,0.31527404096708594,0.252415801574168
1st2KB_B64-T61,-V→0,-7.25,4.5114433022686e-11,3.446726244382527e-11,5.346384860681592e-20,2.2263612687090235e-18,3.439729253114427e-11,7.385429507154712e-20,4.316407333228128e-18,1.3897210811931901e-14,9.346502331064322e-16,2.743208142781475e-16,0.012386191681968002,0.00016020202174651542,36802.31525414633,0.0002692259982746427,6.996755900158662e-14,0.10222489977964833,0.502702855350913,0.32187143680845737,0.2600697136588708
1st2KB_B64-T61,-V→0,-7.0,2.97709426555492e-11,2.464349951768489e-11,2.0931213286383896e-20,1.6580451919739054e-18,2.4573530208399303e-11,7.130759524149377e-20,1.6898828811809735e-18,1.0349714528555691e-14,6.677169639654866e-16,2.648614758547631e-16,0.012386191681968002,0.00016020202174651542,36802.31525414633,0.0002692259982746427,6.996755900158662e-14,0.11466169258784842,0.5269459351190315,0.3285835957859267,0.26785676720959734
1st2KB_B64-T61,-V→0,-6.75,1.75243812516879e-11,1.750805885224563e-11,8.057284399793408e-21,1.2274691862369888e-18,1.743808998895668e-11,6.876089541144042e-20,6.505053858905897e-19,7.662008087383502e-15,4.738313301360033e-16,2.554021374313787e-16,0.012386191681968002,0.00016020202174651542,36802.31525414633,0.0002692259982746427,6.996755900158662e-14,0.12732262585959975,0.5516259326054829,0.3354167237662444,0.2757841619093222
1st2KB_B64-T61,-V→0,-6.5,1.12506939528578e-11,1.2356922791265445e-11,3.046711493587796e-21,9.029890664190783e-19,1.2286954260013886e-11,6.621419558138707e-20,2.4597645279648324e-19,5.636564736042224e-15,3.338636217630242e-16,2.459427990079943e-16,0.012386191681968002,0.00016020202174651542,36802.31525414633,0.0002692259982746427,6.996755900158662e-14,0.1402202735648932,0.5767673582899533,0.3423776069431549,0.28385977070239493
1st2KB_B64-T61,-V→0,-6.25,7.03271859150978e-12,8.662312162257252e-12,1.1304999731168829e-21,6.598423572805817e-19,8.592343878615312e-12,6.366749575133372e-20,9.12709896749524e-20,4.11881417030203e-15,2.334729165618801e-16,2.364834605846099e-16,0.012386191681968002,0.00016020202174651542,36802.31525414633,0.0002692259982746427,6.996755900158662e-14,0.15336843121733568,0.6023971038109848,0.3494736907796433,0.2920922313787083
1st2KB_B64-T61,-V→0,-6.0,4.41657474481438e-12,6.030552733271628e-12,4.1115819095733453e-22,4.7873311534756875e-19,5.960584634004972e-12,6.112079592128037e-20,3.3194883586042397e-20,2.9883088248727532e-15,1.6196221875832726e-16,2.270241221612255e-16,0.012386191681968002,0.00016020202174651542,36802.31525414633,0.0002692259982746427,6.996755900158662e-14,0.16678228876633094,0.6285447789852514,0.3567131733181494,0.30049105482674154
1st2KB_B64-T61,-V→0,-5.75,3.05998282268405e-12,4.1695544292207035e-12,1.4638503453017201e-22,3.4469175039818666e-19,4.099586466806885e-12,5.857409609122702e-20,1.181840538955016e-20,2.151606744037137e-15,1.113947978135698e-16,2.1756478373784112e-16,0.012386191681968002,0.00016020202174651542,36802.31525414633,0.0002692259982746427,6.996755900158662e-14,0.18047863628442096,0.655243112754549,0.3641051161903884,0.30906675382064974
1st2KB_B64-T61,-V→0,-5.5,1.91097116429562e-12,2.863811425964949e-12,5.094756882035929e-23,2.4615936787970895e-19,2.7938435647256508e-12,5.602739626117367e-20,4.113255319189796e-21,1.5365559385336732e-15,7.591488593671787e-17,2.0810544531445672e-16,0.012386191681968002,0.00016020202174651542,36802.31525414633,0.0002692259982746427,6.996755900158662e-14,0.1944761103894722,0.6825284335373469,0.3716595776118384,0.31783099731267556
1st2KB_B64-T61,-V→0,-5.25,1.26534037154374e-12,1.95526531696208e-12,1.7306482258591416e-23,1.7425490621774784e-19,1.8852975302075845e-12,5.348069643112032e-20,1.3972399832780276e-21,1.0877197698133175e-15,5.12276881817966e-17,1.9864610689107232e-16,0.012386191681968002,0.00016020202174651542,36802.31525414633,0.0002692259982746427,6.996755900158662e-14,0.2087954917182856,0.7104412490950398,0.3793877729287717,0.3267967966904076
1st2KB_B64-T61,-V→0,-5.0,8.12285134987878e-13,1.3287217422110099e-12,5.7278300402956526e-24,1.2219066154363423e-19,1.2587540100790374e-12,5.0933996601066984e-20,4.624367349840315e-22,7.627285861409051e-16,3.420312014030748e-17,1.8918676846768795e-16,0.012386191681968002,0.00016020202174651542,36802.31525414633,0.0002692259982746427,6.996755900158662e-14,0.2234600670060548,0.7390269523345891,0.38730227003317585,0.3359787324857218
1st2KB_B64-T61,-V→0,-4.75,4.77165832887816e-13,9.007893854227178e-13,1.8433518183279296e-24,8.480789904549871e-20,8.30821693224092e-13,4.8387296771013634e-20,1.4882313027752574e-22,5.293809536292159e-16,2.2575256135019593e-17,1.7972743004430355e-16,0.012386191681968002,0.00016020202174651542,36802.31525414633,0.0002692259982746427,6.996755900158662e-14,0.23849607379635307,0.7683366881831135,0.3954172293735169,0.3453932328212054
1st2KB_B64-T61,-V→0,-4.5,3.10726542152723e-13,6.11532369753371e-13,5.755581888539973e-25,5.82093345221328e-20,5.415647067012774e-13,4.5840596940960284e-20,4.6467728227708866e-23,3.633495625556855e-16,1.4715506428369666e-17,1.7026809162091915e-16,0.012386191681968002,0.00016020202174651542,36802.31525414633,0.0002692259982746427,6.996755900158662e-14,0.25393325206924156,0.798428428878315,0.40374870166940047,0.3550589188012624
1st2KB_B64-T61,-V→0,-4.25,2.14417039353688e-13,4.182036868456177e-13,1.7390893780957358e-25,3.9469493323971667e-20,3.482360450804668e-13,4.3293897110906934e-20,1.4040549530874185e-23,2.463732535562097e-16,9.462340689047623e-18,1.6080875319753475e-16,0.012386191681968002,0.00016020202174651542,36802.31525414633,0.0002692259982746427,6.996755900158662e-14,0.2698055359917946,0.8293683223999766,0.41231500125054826,0.3649970376381189
1st2KB_B64-T61,-V→0,-4.0,1.08490541311963e-13,2.9056725369179343e-13,5.070244377586263e-26,2.6407454125317698e-20,2.205996275355047e-13,4.0747197280853585e-20,4.0934651326021365e-24,1.648384573267228e-16,5.994177975274283e-18,1.5134941477415035e-16,0.012386191681968002,0.00016020202174651542,36802.31525414633,0.0002692259982746427,6.996755900158662e-14,0.28615193191714805,0.8612324039563006,0.42113717991443067,0.37523201239368265
1st2KB_B64-T61,-V→0,-3.75,3.7895650972699e-14,2.074267352476652e-13,1.421444102781338e-26,1.740937859862659e-20,1.3745912063618833e-13,3.8200497450800235e-20,1.147603831168459e-24,1.0867140382393623e-16,3.735067201259886e-18,1.4189007635076595e-16,0.012386191681968002,0.00016020202174651542,36802.31525414633,0.0002692259982746427,6.996755900158662e-14,0.30301764785490326,0.8941087976641575,0.4302396365034325,0.3857921491752528
1st2KB_B64-T61,-V→0,-3.5,1.10262183565979e-14,1.540662701061947e-13,3.816741768722738e-27,1.1290614007444855e-20,8.409866416019266e-14,3.5653797620746885e-20,3.081448976992021e-25,7.047735031278055e-17,2.285146018108676e-18,1.3243073792738155e-16,0.012386191681968002,0.00016020202174651542,36802.31525414633,0.0002692259982746427,6.996755900158662e-14,0.32045556848124174,0.9281005917909928,0.43965091297040887,0.3967105606841334
1st2KB_B64-T61,-V→0,-3.25,-2.07194846810243e-14,1.2037645028860362e-13,9.769458979651852e-28,7.18911774319813e-21,5.040885099080051e-14,3.3107097790693535e-20,7.887379131936391e-26,4.487532469829459e-17,1.3697195582041866e-18,1.2297139950399715e-16,0.012386191681968002,0.00016020202174651542,36802.31525414633,0.0002692259982746427,6.996755900158662e-14,0.33852821440761555,0.963329657963516,0.44940475179944783,0.40802639297324256
1st2KB_B64-T61,-V→0,-3.0,-5.71315997982547e-14,9.949217971528394e-14,2.3703539826083697e-28,4.4835616433030304e-21,2.9524585669737486e-14,3.0560397960640185e-20,1.913706846680861e-26,2.7986922976523256e-17,8.022480505872821e-19,1.1351206108061275e-16,0.012386191681968002,0.00016020202174651542,36802.31525414633,0.0002692259982746427,6.996755900158662e-14,0.3573103954785323,0.99994182324951,0.4595415279953563,0.4197864867574082
1st2KB_B64-T61,-V→0,-2.75,-9.20872671736697e-14,8.681046798751767e-14,5.414375018858233e-29,2.7307891850071355e-21,1.684287824144369e-14,2.8013698130586836e-20,4.371299232144582e-27,1.704590962858141e-17,4.576581153965874e-19,1.0405272265722836e-16,0.012386191681968002,0.00016020202174651542,36802.31525414633,0.0002692259982746427,6.996755900158662e-14,0.37689288454522624,1.0381140314565287,0.4701102318257795,0.4320476776745969
1st2KB_B64-T61,-V→0,-2.5,-9.08935131479181e-14,7.928829654371152e-14,1.1545419327181804e-29,1.6183705323015626e-21,9.32071045675606e-15,2.5466998300533492e-20,9.321201886444074e-28,1.0102060602345451e-17,2.5326424145844856e-19,9.459338423384397e-17,0.012386191681968002,0.00016020202174651542,36802.31525414633,0.0002692259982746427,6.996755900158662e-14,0.39738763681442846,1.0780645172250543,0.48117128571292267,0.4448800642786355
1st2KB_B64-T61,-V→0,-2.25,-1.01148961168668e-13,7.494541734257433e-14,2.273983074724676e-30,9.288710554511027e-22,4.977834491818196e-15,2.2920298470480142e-20,1.8359017308243126e-28,5.798123178001071e-18,1.3525873188799905e-19,8.513404581045957e-17,0.012386191681968002,0.00016020202174651542,36802.31525414633,0.0002692259982746427,6.996755900158662e-14,0.41893543261696037,1.1200677041016165,0.49280066904921804,0.45837179340865697
1st2KB_B64-T61,-V→0,-2.0,-1.26309959670376e-13,7.251590217070278e-14,4.080814966162178e-31,5.13153642353273e-22,2.5483222823638863e-15,2.0373598640426792e-20,3.29464864660789e-29,3.2031658324838507e-18,6.924353168451215e-20,7.567470738707517e-17,0.012386191681968002,0.00016020202174651542,36802.31525414633,0.0002692259982746427,6.996755900158662e-14,0.44171747961829344,1.1644768207647311,0.5050961799307936,0.47263632468536826
1st2KB_B64-T61,-V→0,-1.75,-1.3567560974443e-13,7.120672029951691e-14,6.552821218159374e-32,2.7060338212222e-22,1.2391432004280995e-15,1.7826898810373442e-20,5.2904245198296636e-30,1.6891383714894094e-18,3.3670251229329696e-20,6.621536896369077e-17,0.012386191681968002,0.00016020202174651542,36802.31525414633,0.0002692259982746427,6.996755900158662e-14,0.46597381365212287,1.2117597698282978,0.5181873661197534,0.48782395183158866
1st2KB_B64-T61,-V→0,-1.5,-1.67663233015085e-13,7.053258782853759e-14,9.184078578977987e-33,1.346196256867764e-22,5.650134121323701e-16,1.5280198980320093e-20,7.414771880487125e-31,8.403116528690409e-19,1.535265942456468e-20,5.675603054030637e-17,0.012386191681968002,0.00016020202174651542,36802.31525414633,0.0002692259982746427,6.996755900158662e-14,0.49203411174136413,1.2625591917614076,0.5322521548858647,0.5041410956401609
1st2KB_B64-T61,-V→0,-1.25,-1.69201160244228e-13,7.020459678786685e-14,1.0839922545175415e-33,6.208547794126254e-23,2.370249906956181e-16,1.2733499150266746e-20,8.75161859553355e-32,3.8754490901181757e-19,6.440491285909348e-21,4.7296692116921986e-17,0.012386191681968002,0.00016020202174651542,36802.31525414633,0.0002692259982746427,6.996755900158662e-14,0.5203730008612261,1.3178002784360765,0.547546703243378,0.5218849344696509
1st2KB_B64-T61,-V→0,-1.0,-1.68613346483888e-13,7.005631977082912e-14,1.0198717535181199e-34,2.581542511475017e-23,8.875055662775834e-17,1.0186799320213396e-20,8.233941309037418e-33,1.6114294210092693e-19,2.4115481869787873e-21,3.7837353693537587e-17,0.012386191681968002,0.00016020202174651542,36802.31525414633,0.0002692259982746427,6.996755900158662e-14,0.5517189333167727,1.3789030042469324,0.5644641581840053,0.5415115744236314
1st2KB_B64-T61,-V→0,-0.75,-1.90765833034748e-13,6.999568509174985e-14,6.973289912680034e-36,9.212090979159668e-24,2.811844085166219e-17,7.640099490160046e-21,5.629890196864829e-34,5.750296331300852e-20,7.640399974154949e-22,2.8378015270153187e-17,0.012386191681968002,0.00016020202174651542,36802.31525414633,0.0002692259982746427,6.996755900158662e-14,0.5872981650974648,1.4482577138935369,0.5836663322244682,0.5637888116054941
1st2KB_B64-T61,-V→0,-0.5,-2.09998102349181e-13,6.997430908079075e-14,2.8933739647091335e-37,2.5446304761510678e-24,6.7449832598407255e-18,5.093399660106698e-21,2.3359673731848903e-35,1.5883884912372628e-20,1.832760578583654e-22,1.8918676846768793e-17,0.012386191681968002,0.00016020202174651542,36802.31525414633,0.0002692259982746427,6.996755900158662e-14,0.6295017071673454,1.5305252126511475,0.6064436581921868,0.5902137305694741
1st2KB_B64-T61,-V→0,-0.25,-2.42200519622732e-13,6.9968451618858e-14,4.574081510039714e-39,4.0357630436824674e-25,8.900701679634837e-19,2.546699830053349e-21,3.6928877151955657e-37,2.519171106384773e-21,2.4185167748738422e-23,9.459338423384397e-18,0.012386191681968002,0.00016020202174651542,36802.31525414633,0.0002692259982746427,6.996755900158662e-14,0.6845024340165851,1.637738304392248,0.6361276473187927,0.6246513554386057
1st2KB_B64-T61,-V→0,0.0,-2.54692995209707e-13,6.996755900165012e-14,6.349622033583896e-26,0.0,0.0,0.0,5.126371524532248e-24,0.0,0.0,0.0,0.012386191681968002,0.00016020202174651542,36802.31525414633,0.0002692259982746427,6.996755900158662e-14,0.8172859347163973,1.8965736045375639,0.70779113645358,0.70779113645358
1st2KB_B64-T61,0→+V,0.25,-2.5832561458862e-13,1.2509663944911507e-13,1.1361299281147058e-19,1.2213702631795098e-25,2.6399069807201276e-25,5.512896683414951e-14,8.719161294657108e-22,2.519171106384773e-21,2.4185167748738422e-23,9.459338423384397e-18,130.30266211624033,4.848302126377914e-05,0.010915396610626502,5827.993921632552,6.996755900158662e-14,0.6845024340165851,1.637738304392248,0.6361276473187927,0.6246513554386057
1st2KB_B64-T61,0→+V,0.5,-2.82447866093924e-13,1.8022644634578255e-13,9.53673126292615e-19,7.700987299579828e-25,2.0005308607561883e-24,1.1025793366829902e-13,7.318907463623904e-21,1.5883884912372628e-20,1.832760578583654e-22,1.8918676846768793e-17,130.30266211624033,4.848302126377914e-05,0.010915396610626502,5827.993921632552,6.996755900158662e-14,0.6295017071673454,1.5305252126511475,0.6064436581921868,0.5902137305694741
1st2KB_B64-T61,0→+V,0.75,-3.35547236697542e-13,2.3535933915588507e-13,4.879640722185416e-18,2.7879173930349035e-24,8.339799598172174e-24,1.6538690050244853e-13,3.744851135759904e-20,5.750296331300852e-20,7.640399974154949e-22,2.8378015270153187e-17,130.30266211624033,4.848302126377914e-05,0.010915396610626502,5827.993921632552,6.996755900158662e-14,0.5872981650974648,1.4482577138935369,0.5836663322244682,0.5637888116054941
1st2KB_B64-T61,0→+V,1.0,-3.43382657377878e-13,2.905027501767842e-13,1.9323804463866313e-17,7.81269668838717e-24,2.632300490651074e-23,2.2051586733659803e-13,1.4829938352777431e-19,1.6114294210092693e-19,2.4115481869787873e-21,3.7837353693537587e-17,130.30266211624033,4.848302126377914e-05,0.010915396610626502,5827.993921632552,6.996755900158662e-14,0.5517189333167727,1.3789030042469324,0.5644641581840053,0.5415115744236314
1st2KB_B64-T61,0→+V,1.25,-3.91057818722659e-13,3.456773585127443e-13,6.49652513202508e-17,1.8789348064289302e-23,7.030051675298441e-23,2.7564483417074757e-13,4.985719421625986e-19,3.8754490901181757e-19,6.440491285909348e-21,4.7296692116921986e-17,130.30266211624033,4.848302126377914e-05,0.010915396610626502,5827.993921632552,6.996755900158662e-14,0.5203730008612261,1.3178002784360765,0.547546703243378,0.5218849344696509
1st2KB_B64-T61,0→+V,1.5,-4.02873752154004e-13,4.009357858411943e-13,1.9442562638939254e-16,4.07408477342511e-23,1.6758036664699632e-22,3.3077380100489705e-13,1.4921078605128531e-18,8.403116528690409e-19,1.535265942456468e-20,5.675603054030637e-17,130.30266211624033,4.848302126377914e-05,0.010915396610626502,5827.993921632552,6.996755900158662e-14,0.49203411174136413,1.2625591917614076,0.5322521548858647,0.5041410956401609
1st2KB_B64-T61,0→+V,1.75,-4.5394916124708e-13,4.56403106471406e-13,5.327791813541849e-16,8.18945315823863e-23,3.675241461475682e-22,3.859027678390466e-13,4.0887820148977735e-18,1.6891383714894094e-18,3.3670251229329696e-20,6.621536896369077e-17,130.30266211624033,4.848302126377914e-05,0.010915396610626502,5827.993921632552,6.996755900158662e-14,0.46597381365212287,1.2117597698282978,0.5181873661197534,0.48782395183158866
1st2KB_B64-T61,0→+V,2.0,-5.09298766354638e-13,5.123608512597562e-13,1.361556673853727e-15,1.5529915716772535e-22,7.558206110569327e-22,4.4103173467319607e-13,1.044918539453254e-17,3.2031658324838507e-18,6.924353168451215e-20,7.567470738707517e-17,130.30266211624033,4.848302126377914e-05,0.010915396610626502,5827.993921632552,6.996755900158662e-14,0.44171747961829344,1.1644768207647311,0.5050961799307936,0.47263632468536826
1st2KB_B64-T61,0→+V,2.25,-5.75720948779029e-13,5.694149411023544e-13,3.286678835908982e-15,2.811105293290366e-22,1.4764027036079035e-21,4.961607015073456e-13,2.522342047760316e-17,5.798123178001071e-18,1.3525873188799905e-19,8.513404581045957e-17,130.30266211624033,4.848302126377914e-05,0.010915396610626502,5827.993921632552,6.996755900158662e-14,0.41893543261696037,1.1200677041016165,0.49280066904921804,0.45837179340865697
1st2KB_B64-T61,0→+V,2.5,-6.57549589864331e-13,6.288211049451077e-13,7.563874347767881e-15,4.897784189915e-22,2.7644796428084413e-21,5.512896683414951e-13,5.804850204073578e-17,1.0102060602345451e-17,2.5326424145844856e-19,9.459338423384397e-17,130.30266211624033,4.848302126377914e-05,0.010915396610626502,5827.993921632552,6.996755900158662e-14,0.39738763681442846,1.0780645172250543,0.48117128571292267,0.4448800642786355
1st2KB_B64-T61,0→+V,2.75,-7.25294932620024e-13,6.930986834544237e-13,1.6712483455235498e-14,8.264371989829701e-22,4.995519841625623e-21,6.064186351756446e-13,1.2825895636979876e-16,1.704590962858141e-17,4.576581153965874e-19,1.0405272265722836e-16,130.30266211624033,4.848302126377914e-05,0.010915396610626502,5827.993921632552,6.996755900158662e-14,0.37689288454522624,1.0381140314565287,0.4701102318257795,0.4320476776745969
1st2KB_B64-T61,0→+V,3.0,-8.3856131673915e-13,7.671612962901259e-13,3.5646125164998956e-14,1.356890581778526e-21,8.756855652262138e-21,6.615476020097941e-13,2.7356405913794593e-16,2.7986922976523256e-17,8.022480505872821e-19,1.1351206108061275e-16,130.30266211624033,4.848302126377914e-05,0.010915396610626502,5827.993921632552,6.996755900158662e-14,0.3573103954785323,0.99994182324951,0.4595415279953563,0.4197864867574082
1st2KB_B64-T61,0→+V,3.25,-9.45727437334787e-13,8.603562956201691e-13,7.371215064791528e-14,2.17569132156641e-21,1.495103222313081e-20,7.166765688439436e-13,5.65699498772774e-16,4.487532469829459e-17,1.3697195582041866e-18,1.2297139950399715e-16,130.30266211624033,4.848302126377914e-05,0.010915396610626502,5827.993921632552,6.996755900158662e-14,0.33852821440761555,0.963329657963516,0.44940475179944783,0.40802639297324256
1st2KB_B64-T61,0→+V,3.5,-1.09413747593351e-12,9.900748373939803e-13,1.4830171435407065e-13,3.416954873829351e-21,2.4943275100850087e-20,7.718055356780932e-13,1.1381326516704145e-15,7.047735031278055e-17,2.285146018108676e-18,1.3243073792738155e-16,130.30266211624033,4.848302126377914e-05,0.010915396610626502,5827.993921632552,6.996755900158662e-14,0.32045556848124174,0.9281005917909928,0.43965091297040887,0.3967105606841334
1st2KB_B64-T61,0→+V,3.75,-1.30147390260682e-12,1.1880343762429512e-12,2.911322686906641e-13,5.26871798236063e-21,4.076973986909437e-20,8.269345025122426e-13,2.2342772124713077e-15,1.0867140382393623e-16,3.735067201259886e-18,1.4189007635076595e-16,130.30266211624033,4.848302126377914e-05,0.010915396610626502,5827.993921632552,6.996755900158662e-14,0.30301764785490326,0.8941087976641575,0.4302396365034325,0.3857921491752528
1st2KB_B64-T61,0→+V,4.0,-1.49627120589468e-12,1.5110440948162503e-12,5.590129930475751e-13,7.991866431660052e-21,6.542882995480093e-20,8.820634693463921e-13,4.290111836309922e-15,1.648384573267228e-16,5.994177975274283e-18,1.5134941477415035e-16,130.30266211624033,4.848302126377914e-05,0.010915396610626502,5827.993921632552,6.996755900158662e-14,0.28615193191714805,0.8612324039563006,0.42113717991443067,0.37523201239368265
1st2KB_B64-T61,0→+V,4.25,-1.76738072961424e-12,2.059192879414642e-12,1.0520327690023924e-12,1.1944919690992165e-20,1.0328520148582366e-19,9.371924361805417e-13,8.073762668516285e-15,2.463732535562097e-16,9.462340689047623e-18,1.6080875319753475e-16,130.30266211624033,4.848302126377914e-05,0.010915396610626502,5827.993921632552,6.996755900158662e-14,0.2698055359917946,0.8293683223999766,0.41231500125054826,0.3649970376381189
1st2KB_B64-T61,0→+V,4.5,-2.17331838289758e-12,3.0061801077245095e-12,1.943890967466358e-12,1.761628456757215e-20,1.6062558899187874e-19,9.923214030146912e-13,1.4918275159507122e-14,3.633495625556855e-16,1.4715506428369666e-17,1.7026809162091915e-16,130.30266211624033,4.848302126377914e-05,0.010915396610626502,5827.993921632552,6.996755900158662e-14,0.25393325206924156,0.798428428878315,0.40374870166940047,0.3550589188012624
1st2KB_B64-T61,0→+V,4.75,-2.81465107297707e-12,4.649291233963796e-12,3.5318730330295065e-12,2.5665988031444952e-20,2.46417874300218e-19,1.0474503698488407e-12,2.7105148702785484e-14,5.293809536292159e-16,2.2575256135019593e-17,1.7972743004430355e-16,130.30266211624033,4.848302126377914e-05,0.010915396610626502,5827.993921632552,6.996755900158662e-14,0.23849607379635307,0.7683366881831135,0.3954172293735169,0.3453932328212054
1st2KB_B64-T61,0→+V,5.0,-5.20593290698201e-12,7.490827471384151e-12,6.318280165379567e-12,3.69793862603617e-20,3.733406216523633e-19,1.1025793366829903e-12,4.848926386279936e-14,7.627285861409051e-16,3.420312014030748e-17,1.8918676846768795e-16,130.30266211624033,4.848302126377914e-05,0.010915396610626502,5827.993921632552,6.996755900158662e-14,0.2234600670060548,0.7390269523345891,0.38730227003317585,0.3359787324857218
1st2KB_B64-T61,0→+V,5.25,-1.01330142193712e-11,1.2369413445015515e-11,1.1141736970590316e-11,5.2735940728892027e-20,5.591705339498139e-19,1.1577083035171396e-12,8.550659510433488e-14,1.0877197698133175e-15,5.12276881817966e-17,1.9864610689107232e-16,130.30266211624033,4.848302126377914e-05,0.010915396610626502,5827.993921632552,6.996755900158662e-14,0.2087954917182856,0.7104412490950398,0.3793877729287717,0.3267967966904076
1st2KB_B64-T61,0→+V,5.5,-2.27022688842338e-11,2.0669685656419435e-11,1.9386879923928596e-11,7.449687424091419e-20,8.286410886497478e-19,1.2128372703512891e-12,1.4878345237976764e-13,1.5365559385336732e-15,7.591488593671787e-17,2.0810544531445672e-16,130.30266211624033,4.848302126377914e-05,0.010915396610626502,5827.993921632552,6.996755900158662e-14,0.1944761103894722,0.6825284335373469,0.3716595776118384,0.31783099731267556
1st2KB_B64-T61,0→+V,5.75,-4.65191288268052e-11,3.4654110214212784e-11,3.331617509779096e-11,1.0431639552244311e-19,1.215918398495664e-18,1.2679662371854387e-12,2.556829964691764e-13,2.151606744037137e-15,1.113947978135698e-16,2.1756478373784112e-16,130.30266211624033,4.848302126377914e-05,0.010915396610626502,5827.993921632552,6.996755900158662e-14,0.18047863628442096,0.655243112754549,0.3641051161903884,0.30906675382064974
1st2KB_B64-T61,0→+V,6.0,-8.59819021536978e-11,5.798357982523459e-11,5.659051514944932e-11,1.4488224029904455e-19,1.767881853684193e-18,1.3230952040195882e-12,4.3430052947779445e-13,2.9883088248727532e-15,1.6196221875832726e-16,2.270241221612255e-16,130.30266211624033,4.848302126377914e-05,0.010915396610626502,5827.993921632552,6.996755900158662e-14,0.16678228876633094,0.6285447789852514,0.3567131733181494,0.30049105482674154
1st2KB_B64-T61,0→+V,6.25,-1.47658565929909e-10,9.652761720156982e-11,9.507942272357247e-11,1.9969255500030814e-19,2.54844948211263e-18,1.3782241708537377e-12,7.296813524711725e-13,4.11881417030203e-15,2.334729165618801e-16,2.364834605846099e-16,130.30266211624033,4.848302126377914e-05,0.010915396610626502,5827.993921632552,6.996755900158662e-14,0.15336843121733568,0.6023971038109848,0.3494736907796433,0.2920922313787083
1st2KB_B64-T61,0→+V,6.5,-2.15221063193383e-10,1.5961569999442228e-10,1.5811237538020128e-10,2.732776879522028e-19,3.644253845403603e-18,1.4333531376878873e-12,1.2134239839179377e-12,5.636564736042224e-15,3.338636217630242e-16,2.459427990079943e-16,130.30266211624033,4.848302126377914e-05,0.010915396610626502,5827.993921632552,6.996755900158662e-14,0.1402202735648932,0.5767673582899533,0.3423776069431549,0.28385977070239493
1st2KB_B64-T61,0→+V,6.75,-3.91652793529929e-10,2.619559540437551e-10,2.6039749883669726e-10,3.7147730102386206e-19,5.172056894975177e-18,1.4884821045220368e-12,1.9984050564093772e-12,7.662008087383502e-15,4.738313301360033e-16,2.554021374313787e-16,130.30266211624033,4.848302126377914e-05,0.010915396610626502,5827.993921632552,6.996755900158662e-14,0.12732262585959975,0.5516259326054829,0.3354167237662444,0.2757841619093222
1st2KB_B64-T61,0→+V,7.0,-5.9839039279197e-10,4.2655702335407716e-10,4.2494343693353844e-10,5.017854295620094e-19,7.28839548532669e-18,1.5436110713561863e-12,3.261203033246206e-12,1.0349714528555691e-14,6.677169639654866e-16,2.648614758547631e-16,130.30266211624033,4.848302126377914e-05,0.010915396610626502,5827.993921632552,6.996755900158662e-14,0.11466169258784842,0.5269459351190315,0.3285835957859267,0.26785676720959734
1st2KB_B64-T61,0→+V,7.25,-8.59142923470557e-10,6.891486891495053e-10,6.874799706764567e-10,6.737787673021157e-19,1.020207798657122e-17,1.5987400381903357e-12,5.276023985320959e-12,1.3897210811931901e-14,9.346502331064322e-16,2.743208142781475e-16,130.30266211624033,4.848302126377914e-05,0.010915396610626502,5827.993921632552,6.996755900158662e-14,0.10222489977964833,0.502702855350913,0.32187143680845737,0.2600697136588708
1st2KB_B64-T61,0→+V,7.5,-1.17235399166304e-09,1.104828587094022e-09,1.1031047354400367e-09,8.996466144471451e-19,1.4190312502871326e-17,1.6538690050244852e-12,8.465711425419534e-12,1.8555910729087674e-14,1.300027200940787e-15,2.837801527015319e-16,130.30266211624033,4.848302126377914e-05,0.010915396610626502,5827.993921632552,6.996755900158662e-14,0.09000074873849517,0.4788742788554672,0.31527404096708594,0.252415801574168
1st2KB_B64-T61,0→+V,7.75,-1.67482416824072e-09,1.7579969733778568e-09,1.7562179870327062e-09,1.1948446931468929e-18,1.9619445689274664e-17,1.7089979718586347e-12,1.3477990077179085e-11,2.4644600563280934e-14,1.7974102443675277e-15,2.932394911249163e-16,130.30266211624033,4.848302126377914e-05,0.010915396610626502,5827.993921632552,6.996755900158662e-14,0.07797869154816706,0.45543964454606223,0.3087857155328546,0.2448884265849139
1st2KB_B64-T61,0→+V,8.0,-2.48164422345099e-09,2.7771222663628715e-09,2.775288143314741e-09,1.5788995124012066e-18,2.6971536673316793e-17,1.7641269386927843e-12,2.129878314258049e-11,3.256602974082344e-14,2.4709625893995555e-15,3.026988295483007e-16,130.30266211624033,4.848302126377914e-05,0.010915396610626502,5827.993921632552,6.996755900158662e-14,0.06614902452018956,0.4323800369918984,0.30240122340800724,0.23748151291715647
1st2KB_B64-T61,0→+V,8.25,-4.02110611474882e-09,4.356567787590408e-09,4.354678525171191e-09,2.076395278850854e-18,3.687829354104213e-17,1.819255905526934e-12,3.341972032226381e-11,4.282726663328002e-14,3.3785573586158e-15,3.121581679716851e-16,130.30266211624033,4.848302126377914e-05,0.010915396610626502,5827.993921632552,6.996755900158662e-14,0.05450279651969925,0.40967800771732343,0.2961157336492968,0.23018945599360685
1st2KB_B64-T61,0→+V,8.5,-7.56089235665058e-09,6.788689545571378e-09,6.7867451402575615e-09,2.718181646334532e-18,5.016427281088366e-17,1.8743848723610833e-12,5.208447034031619e-11,5.606460933088014e-14,4.59573523531404e-15,3.216175063950695e-16,130.30266211624033,4.848302126377914e-05,0.010915396610626502,5827.993921632552,6.996755900158662e-14,0.04303172970663438,0.3873174207023826,0.28992477869186617,0.22300707280729198
1st2KB_B64-T61,0→+V,8.75,-1.10273337128319e-08,1.0510803994300928e-08,1.0508804441458185e-08,3.542848044344963e-18,6.790170044478808e-17,1.929513839195233e-12,8.064919220210173e-11,7.307399481293807e-14,6.220726819828381e-15,3.310768448184539e-16,130.30266211624033,4.848302126377914e-05,0.010915396610626502,5827.993921632552,6.996755900158662e-14,0.03172815069704393,0.3652833181953399,0.28382421719688566,0.215929558819561
1st2KB_B64-T61,0→+V,9.0,-1.71657816849802e-08,1.6173586921041445e-08,1.6171532214598064e-08,4.5985191195880875e-18,9.147983446448826e-17,1.9846428060293824e-12,1.241074583738878e-10,9.484803132562955e-14,8.38080719627078e-15,3.405361832418383e-16,130.30266211624033,4.848302126377914e-05,0.010915396610626502,5827.993921632552,6.996755900158662e-14,0.020584930517523414,0.34356180366566913,0.277810201644856,0.20895245036373394
1st2KB_B64-T61,0→+V,9.25,-3.94776691337029e-08,2.4740225750800258e-08,2.473811588283088e-08,5.945036192899005e-18,1.2269247604980949e-16,2.039771772863532e-12,1.8985119322245707e-10,1.226209926265557e-13,1.1240313149076441e-14,3.499955216652227e-16,130.30266211624033,4.848302126377914e-05,0.010915396610626502,5827.993921632552,6.996755900158662e-14,0.009595432017751593,0.3221399392951436,0.27187914995406204,0.20207159171849476
1st2KB_B64-T61,0→+V,9.5,-3.66459964595833e-08,3.585824294551331e-08,3.585607790570993e-08,7.656601838796536e-18,1.6384807435582187e-16,2.0949007396976815e-12,2.751753289101911e-10,1.579233644937193e-13,1.5010730273997587e-14,3.594548600886071e-16,130.30266211624033,4.848302126377914e-05,0.010915396610626502,5827.993921632552,6.996755900158662e-14,0.0,0.3010056558591012,0.26602772052948187,0.1952831061610979
1st2KB_B64-T61,+V→0,9.25,-3.18823154543679e-08,3.8209254551179476e-08,3.1097960098600617e-15,3.8209163561302215e-08,1.7912430386339773e-14,9.186363705551551e-20,1.8985119322245707e-10,1.226209926265557e-13,1.1240313149076441e-14,3.499955216652227e-16,1.6380176268980178e-05,311603.7698183448,1.5935881989027632,0.0002624708928229796,6.996755900158662e-14,0.009595432017751593,0.3221399392951436,0.27187914995406204,0.20207159171849476
1st2KB_B64-T61,+V→0,9.0,-2.55516727776239e-08,2.9555089477020502e-08,2.0329020444594023e-15,2.955500412091463e-08,1.3355555445256467e-14,8.938083605401509e-20,1.241074583738878e-10,9.484803132562955e-14,8.38080719627078e-15,3.405361832418383e-16,1.6380176268980178e-05,311603.7698183448,1.5935881989027632,0.0002624708928229796,6.996755900158662e-14,0.020584930517523414,0.34356180366566913,0.277810201644856,0.20895245036373394
1st2KB_B64-T61,+V→0,8.75,-1.92296472079079e-08,2.2770213461368407e-08,1.321047984221288e-15,2.2770132259397676e-08,9.913276848676423e-15,8.689803505251467e-20,8.064919220210173e-11,7.307399481293807e-14,6.220726819828381e-15,3.310768448184539e-16,1.6380176268980178e-05,311603.7698183448,1.5935881989027632,0.0002624708928229796,6.996755900158662e-14,0.03172815069704393,0.3652833181953399,0.28382421719688566,0.215929558819561
1st2KB_B64-T61,+V→0,8.5,-1.50829428946508e-08,1.747002176540066e-08,8.531528050508492e-16,1.7469943620895e-08,7.323709436278068e-15,8.441523405101425e-20,5.208447034031619e-11,5.606460933088014e-14,4.59573523531404e-15,3.216175063950695e-16,1.6380176268980178e-05,311603.7698183448,1.5935881989027632,0.0002624708928229796,6.996755900158662e-14,0.04303172970663438,0.3873174207023826,0.28992477869186617,0.22300707280729198
1st2KB_B64-T61,+V→0,8.25,-1.17360832163627e-08,1.3345213633036446e-08,5.474209097387002e-16,1.3345137733945466e-08,5.384029136006229e-15,8.193243304951382e-20,3.341972032226381e-11,4.282726663328002e-14,3.3785573586158e-15,3.121581679716851e-16,1.6380176268980178e-05,311603.7698183448,1.5935881989027632,0.0002624708928229796,6.996755900158662e-14,0.05450279651969925,0.40967800771732343,0.2961157336492968,0.23018945599360685
1st2KB_B64-T61,+V→0,8.0,-9.3162695335991e-09,1.0147771889470012e-08,3.48877822190252e-16,1.0147697635256916e-08,3.937696822397346e-15,7.94496320480134e-20,2.129878314258049e-11,3.256602974082344e-14,2.4709625893995555e-15,3.026988295483007e-16,1.6380176268980178e-05,311603.7698183448,1.5935881989027632,0.0002624708928229796,6.996755900158662e-14,0.06614902452018956,0.4323800369918984,0.30240122340800724,0.23748151291715647
1st2KB_B64-T61,+V→0,7.75,-7.22936865926727e-09,7.67942349392522e-09,2.2077185321575916e-16,7.679350441185643e-09,2.864331754011024e-15,7.696683104651298e-20,1.3477990077179085e-11,2.4644600563280934e-14,1.7974102443675277e-15,2.932394911249163e-16,1.6380176268980178e-05,311603.7698183448,1.5935881989027632,0.0002624708928229796,6.996755900158662e-14,0.07797869154816706,0.45543964454606223,0.3087857155328546,0.2448884265849139
1st2KB_B64-T61,+V→0,7.5,-5.51782264324174e-09,5.782163913607728e-09,1.386698453906914e-16,5.78209173559639e-09,2.0717080056718293e-15,7.448403004501256e-20,8.465711425419534e-12,1.8555910729087674e-14,1.300027200940787e-15,2.837801527015319e-16,1.6380176268980178e-05,311603.7698183448,1.5935881989027632,0.0002624708928229796,6.996755900158662e-14,0.09000074873849517,0.4788742788554672,0.31527404096708594,0.252415801574168
1st2KB_B64-T61,+V→0,7.25,-4.18974277494044e-09,4.330494822459028e-09,8.642220287892461e-17,4.330423278958241e-09,1.4894475815801269e-15,7.200122904351214e-20,5.276023985320959e-12,1.3897210811931901e-14,9.346502331064322e-16,2.743208142781475e-16,1.6380176268980178e-05,311603.7698183448,1.5935881989027632,0.0002624708928229796,6.996755900158662e-14,0.10222489977964833,0.502702855350913,0.32187143680845737,0.2600697136588708
1st2KB_B64-T61,+V→0,7.0,-2.9323046213392e-09,3.225081148755121e-09,5.3419080533505675e-17,3.2250100636416466e-09,1.064065873982581e-15,6.951842804201172e-20,3.261203033246206e-12,1.0349714528555691e-14,6.677169639654866e-16,2.648614758547631e-16,1.6380176268980178e-05,311603.7698183448,1.5935881989027632,0.0002624708928229796,6.996755900158662e-14,0.11466169258784842,0.5269459351190315,0.3285835957859267,0.26785676720959734
1st2KB_B64-T61,+V→0,6.75,-2.25369300999034e-09,2.387581359859625e-09,3.273422708080688e-17,2.387510604407345e-09,7.55092015975134e-16,6.70356270405113e-20,1.9984050564093772e-12,7.662008087383502e-15,4.738313301360033e-16,2.554021374313787e-16,1.6380176268980178e-05,311603.7698183448,1.5935881989027632,0.0002624708928229796,6.996755900158662e-14,0.12732262585959975,0.5516259326054829,0.3354167237662444,0.2757841619093222
1st2KB_B64-T61,+V→0,6.5,-1.73923730972803e-09,1.7564453401166815e-09,1.987609874558399e-17,1.7563748205759007e-09,5.320411276844911e-16,6.455282603901088e-20,1.2134239839179377e-12,5.636564736042224e-15,3.338636217630242e-16,2.459427990079943e-16,1.6380176268980178e-05,311603.7698183448,1.5935881989027632,0.0002624708928229796,6.996755900158662e-14,0.1402202735648932,0.5767673582899533,0.3423776069431549,0.28385977070239493
1st2KB_B64-T61,+V→0,6.25,-1.30543753584789e-09,1.2835083742803958e-09,1.1952309173665662e-17,1.2834380226473305e-09,3.720596845964216e-16,6.207002503751047e-20,7.296813524711725e-13,4.11881417030203e-15,2.334729165618801e-16,2.364834605846099e-16,1.6380176268980178e-05,311603.7698183448,1.5935881989027632,0.0002624708928229796,6.996755900158662e-14,0.15336843121733568,0.6023971038109848,0.3494736907796433,0.2920922313787083
1st2KB_B64-T61,+V→0,6.0,-9.63792934349783e-10,9.312385280453663e-10,7.113919226557695e-18,9.311682952117778e-10,2.5810108048137806e-16,5.958722403601005e-20,4.3430052947779445e-13,2.9883088248727532e-15,1.6196221875832726e-16,2.270241221612255e-16,1.6380176268980178e-05,311603.7698183448,1.5935881989027632,0.0002624708928229796,6.996755900158662e-14,0.16678228876633094,0.6285447789852514,0.3567131733181494,0.30049105482674154
1st2KB_B64-T61,+V→0,5.75,-7.03198610452205e-10,6.705189219302201e-10,4.188132551146146e-18,6.704487726085463e-10,1.7751743521486413e-16,5.710442303450964e-20,2.556829964691764e-13,2.151606744037137e-15,1.113947978135698e-16,2.1756478373784112e-16,1.6380176268980178e-05,311603.7698183448,1.5935881989027632,0.0002624708928229796,6.996755900158662e-14,0.18047863628442096,0.655243112754549,0.3641051161903884,0.30906675382064974
1st2KB_B64-T61,+V→0,5.5,-5.15349041219082e-10,4.788667140116462e-10,2.4370991758880124e-18,4.787966229838575e-10,1.2097706634980294e-16,5.462162203300921e-20,1.4878345237976764e-13,1.5365559385336732e-15,7.591488593671787e-17,2.0810544531445672e-16,1.6380176268980178e-05,311603.7698183448,1.5935881989027632,0.0002624708928229796,6.996755900158662e-14,0.1944761103894722,0.6825284335373469,0.3716595776118384,0.31783099731267556
1st2KB_B64-T61,+V→0,5.25,-3.55303286792008e-10,3.390076314273648e-10,1.4006130999693228e-18,3.38937580779772e-10,8.163583934358161e-17,5.2138821031508795e-20,8.550659510433488e-14,1.0877197698133175e-15,5.12276881817966e-17,1.9864610689107232e-16,1.6380176268980178e-05,311603.7698183448,1.5935881989027632,0.0002624708928229796,6.996755900158662e-14,0.2087954917182856,0.7104412490950398,0.3793877729287717,0.3267967966904076
1st2KB_B64-T61,+V→0,5.0,-2.49463477652867e-10,2.3773912569833113e-10,7.942626892257442e-19,2.376691027897222e-10,5.4505688621247414e-17,4.965602003000838e-20,4.848926386279936e-14,7.627285861409051e-16,3.420312014030748e-17,1.8918676846768795e-16,1.6380176268980178e-05,311603.7698183448,1.5935881989027632,0.0002624708928229796,6.996755900158662e-14,0.2234600670060548,0.7390269523345891,0.38730227003317585,0.3359787324857218
1st2KB_B64-T61,+V→0,4.75,-1.76003558949311e-10,1.6502710484671772e-10,4.439871135485457e-19,1.6495710082089404e-10,3.597566176397443e-17,4.7173219028507963e-20,2.7105148702785484e-14,5.293809536292159e-16,2.2575256135019593e-17,1.7972743004430355e-16,1.6380176268980178e-05,311603.7698183448,1.5935881989027632,0.0002624708928229796,6.996755900158662e-14,0.23849607379635307,0.7683366881831135,0.3954172293735169,0.3453932328212054
1st2KB_B64-T61,+V→0,4.5,-1.21415766329847e-10,1.1329108475271148e-10,2.4436397674187505e-19,1.132210934541981e-10,2.3450457385127648e-17,4.4690418027007544e-20,1.4918275159507122e-14,3.633495625556855e-16,1.4715506428369666e-17,1.7026809162091915e-16,1.6380176268980178e-05,311603.7698183448,1.5935881989027632,0.0002624708928229796,6.996755900158662e-14,0.25393325206924156,0.798428428878315,0.40374870166940047,0.3550589188012624
1st2KB_B64-T61,+V→0,4.25,-8.47146797156029e-11,7.684081740305919e-11,1.3224965566420853e-19,7.677083459052587e-11,1.5079074456063732e-17,4.2207617025507125e-20,8.073762668516285e-15,2.463732535562097e-16,9.462340689047623e-18,1.6080875319753475e-16,1.6380176268980178e-05,311603.7698183448,1.5935881989027632,0.0002624708928229796,6.996755900158662e-14,0.2698055359917946,0.8293683223999766,0.41231500125054826,0.3649970376381189
1st2KB_B64-T61,+V→0,4.0,-5.70897946972071e-11,5.1434261935297656e-11,7.027278809239476e-20,5.136428471404718e-11,9.552251283519956e-18,3.97248160240067e-20,4.290111836309922e-15,1.648384573267228e-16,5.994177975274283e-18,1.5134941477415035e-16,1.6380176268980178e-05,311603.7698183448,1.5935881989027632,0.0002624708928229796,6.996755900158662e-14,0.28615193191714805,0.8612324039563006,0.42113717991443067,0.37523201239368265
1st2KB_B64-T61,+V→0,3.75,-3.29324970071987e-11,3.393239268799068e-11,3.65978545740457e-20,3.3862419102990216e-11,5.952159014036526e-18,3.724201502250628e-20,2.2342772124713077e-15,1.0867140382393623e-16,3.735067201259886e-18,1.4189007635076595e-16,1.6380176268980178e-05,311603.7698183448,1.5935881989027632,0.0002624708928229796,6.996755900158662e-14,0.30301764785490326,0.8941087976641575,0.4302396365034325,0.3857921491752528
1st2KB_B64-T61,+V→0,3.5,-2.09073001966598e-11,2.2030979298255864e-11,1.8642813451843208e-20,2.196100804427052e-11,3.6415817272276256e-18,3.475921402100586e-20,1.1381326516704145e-15,7.047735031278055e-17,2.285146018108676e-18,1.3243073792738155e-16,1.6380176268980178e-05,311603.7698183448,1.5935881989027632,0.0002624708928229796,6.996755900158662e-14,0.32045556848124174,0.9281005917909928,0.43965091297040887,0.3967105606841334
1st2KB_B64-T61,+V→0,3.25,-1.31504945821703e-11,1.4053290131124054e-11,9.266257505171774e-21,1.3983320347810872e-11,2.1827689237604983e-18,3.227641301950544e-20,5.65699498772774e-16,4.487532469829459e-17,1.3697195582041866e-18,1.2297139950399715e-16,1.6380176268980178e-05,311603.7698183448,1.5935881989027632,0.0002624708928229796,6.996755900158662e-14,0.33852821440761555,0.963329657963516,0.44940475179944783,0.40802639297324256
1st2KB_B64-T61,+V→0,3.0,-7.83435902956819e-12,8.790799576829552e-12,4.481027509537272e-21,8.720830705100298e-12,1.2784530260086397e-18,2.9793612018005023e-20,2.7356405913794593e-16,2.7986922976523256e-17,8.022480505872821e-19,1.1351206108061275e-16,1.6380176268980178e-05,311603.7698183448,1.5935881989027632,0.0002624708928229796,6.996755900158662e-14,0.3573103954785323,0.99994182324951,0.4595415279953563,0.4197864867574082
1st2KB_B64-T61,+V→0,2.75,-4.39296776039155e-12,5.381538017980662e-12,2.1009043134127418e-21,5.311569700248789e-12,7.293185718280807e-19,2.7310811016504604e-20,1.2825895636979876e-16,1.704590962858141e-17,4.576581153965874e-19,1.0405272265722836e-16,1.6380176268980178e-05,311603.7698183448,1.5935881989027632,0.0002624708928229796,6.996755900158662e-14,0.37689288454522624,1.0381140314565287,0.4701102318257795,0.4320476776745969
1st2KB_B64-T61,+V→0,2.5,-2.52576778936309e-12,3.2178081550035692e-12,9.508446955775077e-22,3.1478401666242217e-12,4.0359890639224357e-19,2.482801001500419e-20,5.804850204073578e-17,1.0102060602345451e-17,2.5326424145844856e-19,9.459338423384397e-17,1.6380176268980178e-05,311603.7698183448,1.5935881989027632,0.0002624708928229796,6.996755900158662e-14,0.39738763681442846,1.0780645172250543,0.48117128571292267,0.4448800642786355
1st2KB_B64-T61,+V→0,2.25,-1.33857324096515e-12,1.8766848374429342e-12,4.1316407352974397e-22,1.8067170401362556e-12,2.1554671893526815e-19,2.2345209013503772e-20,2.522342047760316e-17,5.798123178001071e-18,1.3525873188799905e-19,8.513404581045957e-17,1.6380176268980178e-05,311603.7698183448,1.5935881989027632,0.0002624708928229796,6.996755900158662e-14,0.41893543261696037,1.1200677041016165,0.49280066904921804,0.45837179340865697
1st2KB_B64-T61,+V→0,2.0,-6.07187043699664e-13,1.0680862381361138e-12,1.711594986296962e-22,9.981185487552846e-13,1.1034567494278814e-19,1.986240801200335e-20,1.044918539453254e-17,3.2031658324838507e-18,6.924353168451215e-20,7.567470738707517e-17,1.6380176268980178e-05,311603.7698183448,1.5935881989027632,0.0002624708928229796,6.996755900158662e-14,0.44171747961829344,1.1644768207647311,0.5050961799307936,0.47263632468536826
1st2KB_B64-T61,+V→0,1.75,-2.25239626754602e-13,5.963095144056032e-13,6.697497012946147e-23,5.263418843009197e-13,5.365651501315106e-20,1.737960701050293e-20,4.0887820148977735e-18,1.6891383714894094e-18,3.3670251229329696e-20,6.621536896369077e-17,1.6380176268980178e-05,311603.7698183448,1.5935881989027632,0.0002624708928229796,6.996755900158662e-14,0.46597381365212287,1.2117597698282978,0.5181873661197534,0.48782395183158866
1st2KB_B64-T61,+V→0,1.5,-5.04760189334462e-15,3.31811877244928e-13,2.4440989767531423e-23,2.6184427885627746e-13,2.446581688075956e-20,1.4896806009002512e-20,1.4921078605128531e-18,8.403116528690409e-19,1.535265942456468e-20,5.675603054030637e-17,1.6380176268980178e-05,311603.7698183448,1.5935881989027632,0.0002624708928229796,6.996755900158662e-14,0.49203411174136413,1.2625591917614076,0.5322521548858647,0.5041410956401609
1st2KB_B64-T61,+V→0,1.25,5.06422398319824e-14,1.90728036309239e-13,8.166696295391155e-24,1.2076045462198978e-13,1.0263490908361218e-20,1.2414005007502096e-20,4.985719421625986e-19,3.8754490901181757e-19,6.440491285909348e-21,4.7296692116921986e-17,1.6380176268980178e-05,311603.7698183448,1.5935881989027632,0.0002624708928229796,6.996755900158662e-14,0.5203730008612261,1.3178002784360765,0.547546703243378,0.5218849344696509
1st2KB_B64-T61,+V→0,1.0,1.26984062371119e-13,1.2018032101650263e-13,2.429170042766039e-24,5.0212748238268096e-14,3.84301473185475e-21,9.931204006001675e-21,1.4829938352777431e-19,1.6114294210092693e-19,2.4115481869787873e-21,3.7837353693537587e-17,1.6380176268980178e-05,311603.7698183448,1.5935881989027632,0.0002624708928229796,6.996755900158662e-14,0.5517189333167727,1.3789030042469324,0.5644641581840053,0.5415115744236314
1st2KB_B64-T61,+V→0,0.75,1.49431289282569e-13,8.78857078122276e-14,6.134132170483785e-25,1.7918140144059432e-14,1.2175651233710303e-21,7.448403004501256e-21,3.744851135759904e-20,5.750296331300852e-20,7.640399974154949e-22,2.8378015270153187e-17,1.6380176268980178e-05,311603.7698183448,1.5935881989027632,0.0002624708928229796,6.996755900158662e-14,0.5872981650974648,1.4482577138935369,0.5836663322244682,0.5637888116054941
1st2KB_B64-T61,+V→0,0.5,1.83591640154357e-13,7.49170426774311e-14,1.198849943505142e-25,4.94947841805604e-15,2.9206656294451112e-22,4.9656020030008375e-21,7.318907463623904e-21,1.5883884912372628e-20,1.832760578583654e-22,1.8918676846768793e-17,1.6380176268980178e-05,311603.7698183448,1.5935881989027632,0.0002624708928229796,6.996755900158662e-14,0.6295017071673454,1.5305252126511475,0.6064436581921868,0.5902137305694741
1st2KB_B64-T61,+V→0,0.25,2.0442247070443e-13,7.075254473651004e-14,1.4282139892415284e-26,7.849832135669458e-16,3.854119791287326e-23,2.4828010015004187e-21,8.719161294657108e-22,2.519171106384773e-21,2.4185167748738422e-23,9.459338423384397e-18,1.6380176268980178e-05,311603.7698183448,1.5935881989027632,0.0002624708928229796,6.996755900158662e-14,0.6845024340165851,1.637738304392248,0.6361276473187927,0.6246513554386057
1st2KB_B64-T61,+V→0,0.0,2.38123052092448e-13,6.99675590015867e-14,8.397086919211886e-29,0.0,0.0,0.0,5.126371524532248e-24,0.0,0.0,0.0,1.6380176268980178e-05,311603.7698183448,1.5935881989027632,0.0002624708928229796,6.996755900158662e-14,0.8172859347163973,1.8965736045375639,0.70779113645358,0.70779113645358
