voltage_v,voltage_au,temperature_k,thermal_voltage_v,legacy_bias_drive,voltage_sign,field_sign,polarization_uc_cm2,polarization_au,screening_charge_uc_cm2,screening_charge_c_m2,fe_field_mv_cm,il_field_mv_cm,dl_field_mv_cm,fe_built_in_field_mv_cm,il_built_in_field_mv_cm,dl_built_in_field_mv_cm,top_work_function_ev,bottom_work_function_ev,top_fermi_ev,bottom_fermi_ev,top_affinity_ev,fe_affinity_ev,insulator_k,fe_k,top_screening_len_nm,bottom_screening_len_nm,insulator_thickness_nm,fe_thickness_nm,top_m_eff,bottom_m_eff,insulator_m_eff,fe_m_eff,trap_depth_ev,top_field_v_per_m,bottom_field_v_per_m,top_base_barrier_ev,bottom_base_barrier_ev,top_schottky_lowering_ev,bottom_schottky_lowering_ev,top_barrier_ev,bottom_barrier_ev,thermionic_barrier_offset_ev,thermionic_top_barrier_offset_ev,thermionic_bottom_barrier_offset_ev,top_total_barrier_offset_ev,bottom_total_barrier_offset_ev,top_barrier_effective_ev,bottom_barrier_effective_ev,richardson_constant_a_per_m2_k2,thermionic_prefactor_scale,thermionic_top_prefactor_scale,thermionic_bottom_prefactor_scale,top_prefactor_a_per_m2,bottom_prefactor_a_per_m2,top_injection_a_per_m2,bottom_injection_a_per_m2,enable_thermionic,thermionic_raw_a_per_m2,thermionic_a_per_m2,barrier_sampling_points,barrier_profile_min_ev,barrier_profile_max_ev,effective_mass_min,effective_mass_max,flux_top_a_per_m2,flux_bottom_a_per_m2,tunneling_prefactor_scale,enable_tunneling,tunneling_transmission,tunneling_raw_a_per_m2,tunneling_a_per_m2,pf_field_v_per_m,pf_lowering_ev,pf_activation_ev,poole_frenkel_mobility_m2_per_v_s,poole_frenkel_trap_density_m3,poole_frenkel_prefactor_scale,enable_poole_frenkel,poole_frenkel_raw_a_per_m2,poole_frenkel_a_per_m2,tat_reduced_barrier_min_ev,tat_reduced_barrier_max_ev,trap_assisted_prefactor_a_per_m2,field_enhancement,trap_tunneling_transmission,enable_trap_assisted_tunneling,trap_assisted_tunneling_raw_a_per_m2,trap_assisted_tunneling_a_per_m2,sclc_mobility_m2_per_v_s,sclc_prefactor_scale,sclc_voltage_drop_v,sclc_thickness_m,enable_sclc,sclc_raw_a_per_m2,sclc_a_per_m2,total_a_per_m2,experimental_current_a,experimental_current_density_a_per_m2,experimental_current_density_uA_per_um2,model_total_a,model_thermionic_a,model_tunneling_a,model_pf_a,model_tat_a,model_sclc_a
0.0,0.0,300.0,0.025851999786435535,0.0,0.0,-1.0,0.34009276282656925,5.944143186191275e-05,0.24265491209522355,0.0024265491209522357,-0.10489060618745041,0.12997528857374566,0.0,-0.036111111111201626,-0.03472222222230925,0.0,4.33,4.28,4.354,4.354,2.0,1.0,16.64,16.0,0.005291772109038001,0.005291772109038001,4.0,10.0,1.0,1.0,0.11,0.3,0.8,12997528.857374566,10489060.618745042,2.33,3.2800000000000002,0.033537418782959946,0.03072445628173244,2.2964625812170403,3.2492755437182677,0.0,1.549994,2.518931,1.549994,2.518931,0.7464685812170402,0.7303445437182678,1200000.0,1.0,6.588173077926467,22.094440075220636,711522692416.0585,2386199528123.8286,0.20514858067328842,1.2836848768377622,1,-1.0785362961644738,-1.0785362961644738,1500,0.0014502453789097907,7.68737038708834,0.11,0.3,3469911125302822.5,3469911125302822.5,1.0,0,2.3689016042775786e-83,0.0,0.0,10489060.618745042,0.03072445628173244,0.7692755437182676,1e-10,5e+23,504765890.70298094,1,-0.005061120150829386,-0.005061120150829386,0.0,6.88737038708834,500000000.0,1.1048906061874504,8.712474433435678e-79,0,0.0,0.0,5e-10,1.0,0.10489060618718757,1e-08,0,0.0,0.0,-1.0835974163153033,3.64095e-14,1.1589503801008727,1.1589503801008726e-06,-3.404221682545038e-14,-3.388321704660256e-14,0.0,-1.5899977884780866e-16,0.0,0.0
-0.25,-0.00918733054391357,300.0,0.025851999786435535,-0.9998737627781501,-1.0,-1.0,0.34009276282656925,5.944143186191275e-05,-0.010042281167589616,-0.00010042281167589615,-0.28326466954525686,-0.041538233885683555,0.0,-0.036111111111201626,-0.03472222222230925,0.0,4.33,4.28,4.354,4.354,2.0,1.0,16.64,16.0,0.005291772109038001,0.005291772109038001,4.0,10.0,1.0,1.0,0.11,0.3,0.8,4153823.3885683557,28326466.954525687,2.33,3.2800000000000002,0.01895934164009261,0.05049078390688644,2.3110406583599072,3.229509216093114,0.0,1.549994,2.518931,1.549994,2.518931,0.7610466583599071,0.710578216093114,1200000.0,1.0,6.588173077926467,22.094440075220636,711522692416.0585,2386199528123.8286,0.11672599896625295,2.7575164633890603,1,-2.7575164633890603,-2.7575164633890603,1500,0.0,7.617135718902733,0.11,0.3,3469911125302822.5,3469911125302822.5,1.0,0,1.3260035073963762e-82,-4.601114322505249e-67,0.0,28326466.954525687,0.05049078390688644,0.7495092160931136,1e-10,5e+23,504765890.70298094,1,-0.029360412410597347,-0.029360412410597347,0.0,6.817135718902733,500000000.0,1.283264669545257,5.390560762144346e-78,0,-3.4587580875483967e-69,0.0,5e-10,1.0,0.283264669544547,1e-08,0,-6394.0504681682705,0.0,-2.7868768757996576,3.41051e-14,1.0855990499286798,1.0855990499286798e-06,-8.75523191947148e-14,-8.66299346353598e-14,0.0,-9.223845593549922e-16,0.0,0.0
-0.5,-0.01837466108782714,300.0,0.025851999786435535,-0.9999999920310759,-1.0,-1.0,0.34009276282656925,5.944143186191275e-05,-0.26273947443040274,-0.0026273947443040276,-0.4616387329030633,-0.21305175634511284,0.0,-0.036111111111201626,-0.03472222222230925,0.0,4.33,4.28,4.354,4.354,2.0,1.0,16.64,16.0,0.005291772109038001,0.005291772109038001,4.0,10.0,1.0,1.0,0.11,0.3,0.8,21305175.634511285,46163873.29030633,2.33,3.2800000000000002,0.04293799866639262,0.06445654586817166,2.2870620013336076,3.2155434541318284,0.0,1.549994,2.518931,1.549994,2.518931,0.7370680013336075,0.6966124541318286,1200000.0,1.0,6.588173077926467,22.094440075220636,711522692416.0585,2386199528123.8286,0.2951150161916098,4.73295732814702,1,-4.73295732814702,-4.73295732814702,1500,0.0,7.546901050717127,0.11,0.3,3469911125302822.5,3469911125302822.5,1.0,0,7.57046910093678e-82,-2.626885495710179e-66,0.0,46163873.29030633,0.06445654586817166,0.7355434541318284,1e-10,5e+23,504765890.70298094,1,-0.08212709414624325,-0.08212709414624325,0.0,6.746901050717127,500000000.0,1.4616387329030633,3.4143979946507203e-77,0,-2.4953081792640194e-68,0.0,5e-10,1.0,0.46163873290190643,1e-08,0,-16982.26917195227,0.0,-4.815084422293263,1.234048e-13,3.928096784253345,3.928096784253345e-06,-1.512703384749117e-13,-1.4869023971860655e-13,0.0,-2.580098756305151e-15,0.0,0.0
-0.75,-0.027561991631740706,300.0,0.025851999786435535,-0.999999999999497,-1.0,-1.0,0.34009276282656925,5.944143186191275e-05,-0.5154366676932159,-0.005154366676932159,-0.6400127962608698,-0.38456527880454205,0.0,-0.036111111111201626,-0.03472222222230925,0.0,4.33,4.28,4.354,4.354,2.0,1.0,16.64,16.0,0.005291772109038001,0.005291772109038001,4.0,10.0,1.0,1.0,0.11,0.3,0.8,38456527.880454205,64001279.62608698,2.33,3.2800000000000002,0.057687839477003455,0.07589448827800035,2.2723121605229966,3.204105511722,0.0,1.549994,2.518931,1.549994,2.518931,0.7223181605229965,0.6851745117220003,1200000.0,1.0,6.588173077926467,22.094440075220636,711522692416.0585,2386199528123.8286,0.5221288948170619,7.366845544566748,1,-7.366845544566748,-7.366845544566748,1500,0.0,7.47666638253152,0.11,0.3,3469911125302822.5,3469911125302822.5,1.0,0,4.411863004439491e-81,-1.5308772522416528e-65,0.0,64001279.62608698,0.07589448827800035,0.7241055117219997,1e-10,5e+23,504765890.70298094,1,-0.1772237203218088,-0.1772237203218088,0.0,6.67666638253152,500000000.0,1.6400127962608697,2.2163267775107093e-76,0,-1.8174021379065905e-67,0.0,5e-10,1.0,0.640012796259266,1e-08,0,-32641.38320983595,0.0,-7.544069264888557,1.338367e-13,4.260154474421413,4.260154474421413e-06,-2.3700392580746444e-13,-2.3143627842941594e-13,0.0,-5.567647378048467e-15,0.0,0.0
-1.0,-0.03674932217565428,300.0,0.025851999786435535,-1.0,-1.0,-1.0,0.34009276282656925,5.944143186191275e-05,-0.7681338609560292,-0.007681338609560292,-0.8183868596186762,-0.5560788012639712,0.0,-0.036111111111201626,-0.03472222222230925,0.0,4.33,4.28,4.354,4.354,2.0,1.0,16.64,16.0,0.005291772109038001,0.005291772109038001,4.0,10.0,1.0,1.0,0.11,0.3,0.8,55607880.126397125,81838685.96186762,2.33,3.2800000000000002,0.0693693153892548,0.08582132833220042,2.2606306846107453,3.1941786716678,0.0,1.549994,2.518931,1.549994,2.518931,0.7106366846107453,0.6752476716678002,1200000.0,1.0,6.588173077926467,22.094440075220636,711522692416.0585,2386199528123.8286,0.8203853307017205,10.815463539600309,1,-10.815463539600309,-10.815463539600309,1500,0.0,7.4064317143459135,0.11,0.3,3469911125302822.5,3469911125302822.5,1.0,0,2.626664895690464e-80,-9.11429374399872e-65,0.0,81838685.96186762,0.08582132833220042,0.7141786716677996,1e-10,5e+23,504765890.70298094,1,-0.332702000772005,-0.332702000772005,0.0,6.606431714345914,500000000.0,1.818386859618676,1.4759834883491552e-75,0,-1.3419544901141194e-66,0.0,5e-10,1.0,0.8183868596166254,1e-08,0,-53371.392581819295,0.0,-11.148165540372315,3.538931e-13,11.264767238222884,1.1264767238222884e-05,-3.502299496263655e-13,-3.3977780801176595e-13,0.0,-1.0452141614599567e-14,0.0,0.0
-1.25,-0.045936652719567844,300.0,0.025851999786435535,-1.0,-1.0,-1.0,0.34009276282656925,5.944143186191275e-05,-1.0208310542188423,-0.010208310542188424,-0.9967609229764826,-0.7275923237234004,0.0,-0.036111111111201626,-0.03472222222230925,0.0,4.33,4.28,4.354,4.354,2.0,1.0,16.64,16.0,0.005291772109038001,0.005291772109038001,4.0,10.0,1.0,1.0,0.11,0.3,0.8,72759232.37234004,99676092.29764825,2.33,3.2800000000000002,0.07934933529414905,0.09471339631977706,2.250650664705851,3.185286603680223,0.0,1.549994,2.518931,1.549994,2.518931,0.700656664705851,0.6663556036802234,1200000.0,1.0,6.588173077926467,22.094440075220636,711522692416.0585,2386199528123.8286,1.2069098771666729,15.255459916533734,1,-15.255459916533734,-15.255459916533734,1500,0.0,7.336197046160307,0.11,0.3,3469911125302822.5,3469911125302822.5,1.0,0,1.5990429693702663e-79,-5.548536989255148e-64,0.0,99676092.29764825,0.09471339631977706,0.705286603680223,1e-10,5e+23,504765890.70298094,1,-0.571568039400339,-0.571568039400339,0.0,6.536197046160307,500000000.0,1.9967609229764824,1.0096883803417385e-74,0,-1.0080531511248998e-65,0.0,5e-10,1.0,0.9967609229739848,1e-08,0,-79172.29728790229,0.0,-15.827027955934073,3.209781e-13,10.217050247848936,1.0217050247848938e-05,-4.972207475452276e-13,-4.792644080091595e-13,0.0,-1.7956339536068263e-14,0.0,0.0
-1.5,-0.05512398326348141,300.0,0.025851999786435535,-1.0,-1.0,-1.0,0.34009276282656925,5.944143186191275e-05,-1.2735282474816554,-0.012735282474816555,-1.175134986334289,-0.8991058461828296,0.0,-0.036111111111201626,-0.03472222222230925,0.0,4.33,4.28,4.354,4.354,2.0,1.0,16.64,16.0,0.005291772109038001,0.005291772109038001,4.0,10.0,1.0,1.0,0.11,0.3,0.8,89910584.61828296,117513498.6334289,2.33,3.2800000000000002,0.08820732455795646,0.10283945978150107,2.2417926754420434,3.177160540218499,0.0,1.549994,2.518931,1.549994,2.518931,0.6917986754420433,0.6582295402184992,1200000.0,1.0,6.588173077926467,22.094440075220636,711522692416.0585,2386199528123.8286,1.700131490851629,20.88993857757766,1,-20.88993857757766,-20.88993857757766,1500,0.0,7.2659623779747,0.11,0.3,3469911125302822.5,3469911125302822.5,1.0,0,9.963408526228669e-79,-3.4572142091097855e-63,0.0,117513498.6334289,0.10283945978150107,0.6971605402184989,1e-10,5e+23,504765890.70298094,1,-0.9227340499198059,-0.9227340499198059,0.0,6.4659623779747,500000000.0,2.175134986334289,7.104415279639583e-74,0,-7.72653111609598e-65,0.0,5e-10,1.0,1.1751349863313443,1e-08,0,-110044.097328085,0.0,-21.812672627497466,1.11847e-13,3.560200583999843,3.560200583999843e-06,-6.852653208170521e-13,-6.562767756925999e-13,0.0,-2.89885451244522e-14,0.0,0.0
-1.75,-0.06431131380739498,300.0,0.025851999786435535,-1.0,-1.0,-1.0,0.34009276282656925,5.944143186191275e-05,-1.5262254407444686,-0.015262254407444687,-1.3535090496920954,-1.070619368642259,0.0,-0.036111111111201626,-0.03472222222230925,0.0,4.33,4.28,4.354,4.354,2.0,1.0,16.64,16.0,0.005291772109038001,0.005291772109038001,4.0,10.0,1.0,1.0,0.11,0.3,0.8,107061936.8642259,135350904.96920955,2.33,3.2800000000000002,0.09625355681595385,0.11036884313009171,2.2337464431840464,3.1696311568699085,0.0,1.549994,2.518931,1.549994,2.518931,0.6837524431840463,0.6507001568699087,1200000.0,1.0,6.588173077926467,22.094440075220636,711522692416.0585,2386199528123.8286,2.3208830906904416,27.95279478737383,1,-27.95279478737383,-27.95279478737383,1500,0.0,7.195727709789093,0.11,0.3,3469911125302822.5,3469911125302822.5,1.0,0,6.360646926326021e-78,-2.207087953378186e-62,0.0,135350904.96920955,0.11036884313009171,0.6896311568699083,1e-10,5e+23,504765890.70298094,1,-1.4221258396818792,-1.4221258396818792,0.0,6.395727709789093,500000000.0,2.3535090496920956,5.149138976025249e-73,0,-6.059272589098857e-64,0.0,5e-10,1.0,1.3535090496887037,1e-08,0,-145986.79270236735,0.0,-29.374920627055708,1.133132e-13,3.606871179512111,3.606871179512111e-06,-9.22840348417415e-13,-8.78162947513167e-13,0.0,-4.467740090424808e-14,0.0,0.0
-2.0,-0.07349864435130855,300.0,0.025851999786435535,-1.0,-1.0,-1.0,0.34009276282656925,5.944143186191275e-05,-1.7789226340072817,-0.017789226340072815,-1.5318831130499018,-1.2421328911016885,0.0,-0.036111111111201626,-0.03472222222230925,0.0,4.33,4.28,4.354,4.354,2.0,1.0,16.64,16.0,0.005291772109038001,0.005291772109038001,4.0,10.0,1.0,1.0,0.11,0.3,0.8,124213289.11016884,153188311.30499017,2.33,3.2800000000000002,0.10367720238206393,0.11741638974009805,2.2263227976179363,3.1625836102599023,0.0,1.549994,2.518931,1.549994,2.518931,0.6763287976179362,0.6436526102599025,1200000.0,1.0,6.588173077926467,22.094440075220636,711522692416.0585,2386199528123.8286,3.092893892602989,36.71290989604273,1,-36.71290989604273,-36.71290989604273,1500,0.0,7.1254930416034865,0.11,0.3,3469911125302822.5,3469911125302822.5,1.0,0,4.1651552569911906e-77,-1.4452718564847269e-61,0.0,153188311.30499017,0.11741638974009805,0.682583610259902,1e-10,5e+23,504765890.70298094,1,-2.1139565886466403,-2.1139565886466403,0.0,6.325493041603487,500000000.0,2.5318831130499015,3.8503222159696056e-72,0,-4.87428289920716e-63,0.0,5e-10,1.0,1.531883113046063,1e-08,0,-187000.38341074935,0.0,-38.82686648468937,2.59303e-13,8.253870841711546,8.253870841711546e-06,-1.219781985102119e-12,-1.1533700802131188e-12,0.0,-6.641190488900026e-14,0.0,0.0
-2.25,-0.08268597489522213,300.0,0.025851999786435535,-1.0,-1.0,-1.0,0.34009276282656925,5.944143186191275e-05,-2.031619827270095,-0.020316198272700953,-1.7102571764077086,-1.4136464135611178,0.0,-0.036111111111201626,-0.03472222222230925,0.0,4.33,4.28,4.354,4.354,2.0,1.0,16.64,16.0,0.005291772109038001,0.005291772109038001,4.0,10.0,1.0,1.0,0.11,0.3,0.8,141364641.35611176,171025717.64077085,2.33,3.2800000000000002,0.11060369518158436,0.12406423991353198,2.2193963048184155,3.1559357600864684,0.0,1.549994,2.518931,1.549994,2.518931,0.6694023048184155,0.6370047600864686,1200000.0,1.0,6.588173077926467,22.094440075220636,711522692416.0585,2386199528123.8286,4.043197710909801,47.47858596081705,1,-47.47858596081705,-47.47858596081705,1500,0.0,7.055258373417879,0.11,0.3,3469911125302822.5,3469911125302822.5,1.0,0,2.8011171637395723e-76,-9.71962760973663e-61,0.0,171025717.64077085,0.12406423991353198,0.675935760086468,1e-10,5e+23,504765890.70298094,1,-3.052184798059529,-3.052184798059529,0.0,6.255258373417879,500000000.0,2.7102571764077084,2.9756123072308566e-71,0,-4.0323373049397645e-62,0.0,5e-10,1.0,1.7102571764034227,1e-08,0,-233084.86945323108,0.0,-50.53077075887658,9.20097e-14,2.928759713480472,2.9287597134804723e-06,-1.587470981963166e-12,-1.4915837685733436e-12,0.0,-9.588721338982263e-14,0.0,0.0
-2.5,-0.09187330543913569,300.0,0.025851999786435535,-1.0,-1.0,-1.0,0.34009276282656925,5.944143186191275e-05,-2.2843170205329084,-0.022843170205329083,-1.888631239765515,-1.5851599360205468,0.0,-0.036111111111201626,-0.03472222222230925,0.0,4.33,4.28,4.354,4.354,2.0,1.0,16.64,16.0,0.005291772109038001,0.005291772109038001,4.0,10.0,1.0,1.0,0.11,0.3,0.8,158515993.6020547,188863123.9765515,2.33,3.2800000000000002,0.11712127254205451,0.13037355050410432,2.2128787274579453,3.149626449495896,0.0,1.549994,2.518931,1.549994,2.518931,0.6628847274579452,0.6306954494958963,1200000.0,1.0,6.588173077926467,22.094440075220636,711522692416.0585,2386199528123.8286,5.202540375901849,60.602358883517006,1,-60.602358883517006,-60.602358883517006,1500,0.0,6.985023705232272,0.11,0.3,3469911125302822.5,3469911125302822.5,1.0,0,1.9372399971480595e-75,-6.72205061848566e-60,0.0,188863123.9765515,0.13037355050410432,0.6696264494958957,1e-10,5e+23,504765890.70298094,1,-4.3021775085501845,-4.3021775085501845,0.0,6.185023705232272,500000000.0,2.888631239765515,2.3812974433970167e-70,0,-3.439345093085188e-61,0.0,5e-10,1.0,1.888631239760782,1e-08,0,-284240.25082981243,0.0,-64.90453639206719,2.247426e-13,7.153779142664919,7.153779142664919e-06,-2.0390361471396966e-12,-1.903879254586692e-12,0.0,-1.35156892553005e-13,0.0,0.0
-2.75,-0.10106063598304926,300.0,0.025851999786435535,-1.0,-1.0,-1.0,0.34009276282656925,5.944143186191275e-05,-2.5370142137957217,-0.025370142137957217,-2.0670053031233215,-1.7566734584799761,0.0,-0.036111111111201626,-0.03472222222230925,0.0,4.33,4.28,4.354,4.354,2.0,1.0,16.64,16.0,0.005291772109038001,0.005291772109038001,4.0,10.0,1.0,1.0,0.11,0.3,0.8,175667345.8479976,206700530.31233215,2.33,3.2800000000000002,0.12329479946826466,0.13639131100172786,2.2067052005317356,3.143608688998272,0.0,1.549994,2.518931,1.549994,2.518931,0.6567112005317355,0.6246776889982724,1200000.0,1.0,6.588173077926467,22.094440075220636,711522692416.0585,2386199528123.8286,6.605811049847662,76.48626536039339,1,-76.48626536039339,-76.48626536039339,1500,0.0,6.914789037046665,0.11,0.3,3469911125302822.5,3469911125302822.5,1.0,0,1.3798266784440033e-74,-4.787875942522487e-59,0.0,206700530.31233215,0.13639131100172786,0.6636086889982722,1e-10,5e+23,504765890.70298094,1,-5.942602402827429,-5.942602402827429,0.0,6.114789037046665,500000000.0,3.0670053031233215,1.9776254151030792e-69,0,-3.032693817856302e-60,0.0,5e-10,1.0,2.0670053031181417,1e-08,0,-340466.5275404936,0.0,-82.42886776322082,2.355091e-13,7.496487481624698,7.496487481624698e-06,-2.589579254086591e-12,-2.4028868935673135e-12,0.0,-1.8669236051927706e-13,0.0,0.0
-3.0,-0.11024796652696282,300.0,0.025851999786435535,-1.0,-1.0,-1.0,0.34009276282656925,5.944143186191275e-05,-2.789711407058534,-0.02789711407058534,-2.245379366481128,-1.928186980939405,0.0,-0.036111111111201626,-0.03472222222230925,0.0,4.33,4.28,4.354,4.354,2.0,1.0,16.64,16.0,0.005291772109038001,0.005291772109038001,4.0,10.0,1.0,1.0,0.11,0.3,0.8,192818698.0939405,224537936.6481128,2.33,3.2800000000000002,0.1291736144495809,0.1421545523804773,2.2008263855504193,3.1378454476195228,0.0,1.549994,2.518931,1.549994,2.518931,0.6508323855504192,0.618914447619523,1200000.0,1.0,6.588173077926467,22.094440075220636,711522692416.0585,2386199528123.8286,8.292507865648401,95.5876203096153,1,-95.5876203096153,-95.5876203096153,1500,0.0,6.844554368861059,0.11,0.3,3469911125302822.5,3469911125302822.5,1.0,0,1.0138051478505626e-73,-3.51781376141594e-58,0.0,224537936.6481128,0.1421545523804773,0.6578454476195228,1e-10,5e+23,504765890.70298094,1,-8.067574874434868,-8.067574874434868,0.0,6.044554368861059,500000000.0,3.245379366481128,1.7084911376344038e-68,0,-2.772350942947281e-59,0.0,5e-10,1.0,2.245379366475501,1e-08,0,-401763.6995852742,0.0,-103.65519518405017,2.527495e-13,8.045266457801,8.045266457801e-06,-3.2564239969662814e-12,-3.00297365738818e-12,0.0,-2.534503395781018e-13,0.0,0.0
-3.25,-0.1194352970708764,300.0,0.025851999786435535,-1.0,-1.0,-1.0,0.34009276282656925,5.944143186191275e-05,-3.0424086003213473,-0.030424086003213474,-2.4237534298389343,-2.0997005033988345,0.0,-0.036111111111201626,-0.03472222222230925,0.0,4.33,4.28,4.354,4.354,2.0,1.0,16.64,16.0,0.005291772109038001,0.005291772109038001,4.0,10.0,1.0,1.0,0.11,0.3,0.8,209970050.33988345,242375342.98389342,2.33,3.2800000000000002,0.13479628245622488,0.1476930729865747,2.1952037175437753,3.1323069270134254,0.0,1.549994,2.518931,1.549994,2.518931,0.6452097175437752,0.6133759270134256,1200000.0,1.0,6.588173077926467,22.094440075220636,711522692416.0585,2386199528123.8286,10.307244006251404,118.42535653793192,1,-118.42535653793192,-118.42535653793192,1500,0.0,6.774319700675452,0.11,0.3,3469911125302822.5,3469911125302822.5,1.0,0,7.697431309645967e-73,-2.6709402537594816e-57,0.0,242375342.98389342,0.1476930729865747,0.6523069270134254,1e-10,5e+23,504765890.70298094,1,-10.789088736691792,-10.789088736691792,0.0,5.974319700675452,500000000.0,3.4237534298389343,1.5395557905212716e-67,0,-2.6355297091127977e-58,0.0,5e-10,1.0,2.42375342983286,1e-08,0,-468131.7669641545,0.0,-129.2144452746237,3.983859e-13,12.6810170486227,1.26810170486227e-05,-4.059391520124382e-12,-3.720442300983189e-12,0.0,-3.3894921914119316e-13,0.0,0.0
-3.5,-0.12862262761478996,300.0,0.025851999786435535,-1.0,-1.0,-1.0,0.34009276282656925,5.944143186191275e-05,-3.2951057935841606,-0.032951057935841604,-2.60212749319674,-2.271214025858264,0.0,-0.036111111111201626,-0.03472222222230925,0.0,4.33,4.28,4.354,4.354,2.0,1.0,16.64,16.0,0.005291772109038001,0.005291772109038001,4.0,10.0,1.0,1.0,0.11,0.3,0.8,227121402.5858264,260212749.31967402,2.33,3.2800000000000002,0.14019362631042737,0.15303127410415654,2.1898063736895725,3.1269687258958436,0.0,1.549994,2.518931,1.549994,2.518931,0.6398123736895724,0.6080377258958438,1200000.0,1.0,6.588173077926467,22.094440075220636,711522692416.0585,2386199528123.8286,12.70029893649032,145.58697846658515,1,-145.58697846658515,-145.58697846658515,1500,0.0,6.7040850324898456,0.11,0.3,3469911125302822.5,3469911125302822.5,1.0,0,6.051393898793659e-72,-2.099779901301374e-56,0.0,260212749.31967402,0.15303127410415654,0.6469687258958435,1e-10,5e+23,504765890.70298094,1,-14.239762028064547,-14.239762028064547,0.0,5.904085032489846,500000000.0,3.60212749319674,1.451523194596203e-66,0,-2.614285803133872e-57,0.0,5e-10,1.0,2.6021274931902196,1e-08,0,-539570.7296771347,0.0,-159.8267404946497,3.885232e-13,12.367077557176215,1.2367077557176214e-05,-5.021105137851938e-12,-4.573749820089593e-12,0.0,-4.473553177623448e-13,0.0,0.0
-3.75,-0.13780995815870353,300.0,0.025851999786435535,-1.0,-1.0,-1.0,0.34009276282656925,5.944143186191275e-05,-3.5478029868469734,-0.035478029868469735,-2.7805015565545466,-2.4427275483176927,0.0,-0.036111111111201626,-0.03472222222230925,0.0,4.33,4.28,4.354,4.354,2.0,1.0,16.64,16.0,0.005291772109038001,0.005291772109038001,4.0,10.0,1.0,1.0,0.11,0.3,0.8,244272754.83176926,278050155.65545464,2.33,3.2800000000000002,0.14539074231916257,0.15818943675121075,2.1846092576808376,3.1218105632487894,0.0,1.549994,2.518931,1.549994,2.518931,0.6346152576808375,0.6028795632487896,1200000.0,1.0,6.588173077926467,22.094440075220636,711522692416.0585,2386199528123.8286,15.52821908047139,177.73618388312943,1,-177.73618388312943,-177.73618388312943,1500,0.0,6.660514887957694,0.11,0.3,3469911125302822.5,3469911125302822.5,1.0,0,4.936725046390324e-71,-1.712999716103088e-55,0.0,278050155.65545464,0.15818943675121075,0.6418105632487893,1e-10,5e+23,504765890.70298094,1,-18.57593237408743,-18.57593237408743,0.0,5.860514887957694,500000000.0,3.7805015565545466,1.4368758385367123e-65,0,-2.71605567208183e-56,0.0,5e-10,1.0,2.780501556547579,1e-08,0,-616080.5877242141,0.0,-196.31211625721687,3.191865e-13,10.160021848640248,1.016002184864025e-05,-6.16732702244338e-12,-5.58374689564324e-12,0.0,-5.835801268001388e-13,0.0,0.0
-4.0,-0.1469972887026171,300.0,0.025851999786435535,-1.0,-1.0,-1.0,0.34009276282656925,5.944143186191275e-05,-3.800500180109787,-0.03800500180109787,-2.958875619912353,-2.614241070777122,0.0,-0.036111111111201626,-0.03472222222230925,0.0,4.33,4.28,4.354,4.354,2.0,1.0,16.64,16.0,0.005291772109038001,0.005291772109038001,4.0,10.0,1.0,1.0,0.11,0.3,0.8,261424107.0777122,295887561.9912353,2.33,3.2800000000000002,0.15040838755257804,0.16318463452601512,2.179591612447422,3.116815365473985,0.0,1.549994,2.518931,1.549994,2.518931,0.6295976124474219,0.5978843654739854,1200000.0,1.0,6.588173077926467,22.094440075220636,711522692416.0585,2386199528123.8286,18.85447220420556,215.62121087009024,1,-215.62121087009024,-215.62121087009024,1500,0.0,6.658844438049827,0.11,0.3,3469911125302822.5,3469911125302822.5,1.0,0,4.1895620083172306e-70,-1.4537407822805995e-54,0.0,295887561.9912353,0.16318463452601512,0.636815365473985,1e-10,5e+23,504765890.70298094,1,-23.981139614774925,-23.981139614774925,0.0,5.858844438049827,500000000.0,3.9588756199123534,1.49945681516753e-64,0,-2.9680815143390793e-55,0.0,5e-10,1.0,2.9588756199049384,1e-08,0,-697661.3411053936,0.0,-239.60235048486516,4.737446e-13,15.079758970618542,1.5079758970618542e-05,-7.527329840660992e-12,-6.773940120276112e-12,0.0,-7.533897203848807e-13,0.0,0.0
-4.25,-0.15618461924653068,300.0,0.025851999786435535,-1.0,-1.0,-1.0,0.34009276282656925,5.944143186191275e-05,-4.0531973733726,-0.040531973733726,-3.1372496832701597,-2.7857545932365513,0.0,-0.036111111111201626,-0.03472222222230925,0.0,4.33,4.28,4.354,4.354,2.0,1.0,16.64,16.0,0.005291772109038001,0.005291772109038001,4.0,10.0,1.0,1.0,0.11,0.3,0.8,278575459.3236551,313724968.327016,2.33,3.2800000000000002,0.15526396278665536,0.16803140180071385,2.1747360372133446,3.1119685981992866,0.0,1.549994,2.518931,1.549994,2.518931,0.6247420372133445,0.5930375981992868,1200000.0,1.0,6.588173077926467,22.094440075220636,711522692416.0585,2386199528123.8286,22.75015990009799,260.08397086927226,1,-260.08397086927226,-260.08397086927226,1500,0.0,6.657173988141959,0.11,0.3,3469911125302822.5,3469911125302822.5,1.0,0,3.7089910374458685e-69,-1.2869869264481877e-53,0.0,313724968.327016,0.16803140180071385,0.6319685981992862,1e-10,5e+23,504765890.70298094,1,-30.67003692097058,-30.67003692097058,0.0,5.857173988141959,500000000.0,4.137249683270159,1.6573327796088942e-63,0,-3.428399758755075e-54,0.0,5e-10,1.0,3.137249683262298,1e-08,0,-784312.9898206728,0.0,-290.75400779024284,5.273173e-13,16.78503097457438,1.678503097457438e-05,-9.134306548756164e-12,-8.170778921993676e-12,0.0,-9.635276267624891e-13,0.0,0.0
-4.5,-0.16537194979044426,300.0,0.025851999786435535,-1.0,-1.0,-1.0,0.34009276282656925,5.944143186191275e-05,-4.305894566635414,-0.04305894566635413,-3.315623746627967,-2.9572681156959812,0.0,-0.036111111111201626,-0.03472222222230925,0.0,4.33,4.28,4.354,4.354,2.0,1.0,16.64,16.0,0.005291772109038001,0.005291772109038001,4.0,10.0,1.0,1.0,0.11,0.3,0.8,295726811.56959814,331562374.6627967,2.33,3.2800000000000002,0.15997222644654693,0.17274223292766813,2.170027773553453,3.107257767072332,0.0,1.549994,2.518931,1.549994,2.518931,0.6200337735534529,0.5883267670723322,1200000.0,1.0,6.588173077926467,22.094440075220636,711522692416.0585,2386199528123.8286,27.2947927932078,312.0700331014662,1,-312.0700331014662,-312.0700331014662,1500,0.0,6.655503538234091,0.11,0.3,3469911125302822.5,3469911125302822.5,1.0,0,3.4362079609869365e-68,-1.1923336232682697e-52,0.0,331562374.6627967,0.17274223292766813,0.6272577670723319,1e-10,5e+23,504765890.70298094,1,-38.89277542382618,-38.89277542382618,0.0,5.855503538234091,500000000.0,4.315623746627967,1.950986985409151e-62,0,-4.2098628817969205e-53,0.0,5e-10,1.0,3.3156237466196585,1e-08,0,-876035.5338700522,0.0,-350.9628085252924,5.80208e-13,18.46859424429248,1.846859424429248e-05,-1.1025821809463e-11,-9.803969233970899e-12,0.0,-1.2218525754921e-12,0.0,0.0
-4.75,-0.1745592803343578,300.0,0.025851999786435535,-1.0,-1.0,-1.0,0.1634843319677963,2.857380056661089e-05,-4.684601213640012,-0.04684601213640012,-3.4582809702632247,-3.2143082124532283,0.0,-0.036111111111201626,-0.03472222222230925,0.0,4.33,4.28,4.354,4.354,2.0,1.0,16.64,16.0,0.005291772109038001,0.005291772109038001,4.0,10.0,1.0,1.0,0.11,0.3,0.8,321430821.2453228,345828097.0263225,2.33,3.2800000000000002,0.16677962681960787,0.17641928023679657,2.1632203731803923,3.1035807197632037,0.0,1.549994,2.518931,1.549994,2.518931,0.6132263731803922,0.5846497197632039,1200000.0,1.0,6.588173077926467,22.094440075220636,711522692416.0585,2386199528123.8286,35.51723057796409,359.7690033474229,1,-359.7690033474229,-359.7690033474229,1500,0.0,6.6530001052698005,0.11,0.3,3469911125302822.5,3469911125302822.5,1.0,0,4.348865358342483e-67,-1.5090176289356628e-51,0.0,345828097.0263225,0.17641928023679657,0.6235807197632035,1e-10,5e+23,504765890.70298094,1,-46.76658365731372,-46.76658365731372,0.0,5.853000105269801,500000000.0,4.458280970263225,3.278400013697499e-61,0,-7.308014196989128e-52,0.0,5e-10,1.0,3.4582809702545583,1e-08,0,-953041.4497762572,0.0,-406.5355870047366,7.698526e-13,24.50516934842953,2.450516934842953e-05,-1.2771692135568948e-11,-1.1302476579055855e-11,0.0,-1.4692155565130926e-12,0.0,0.0
-5.0,-0.18374661087827138,300.0,0.025851999786435535,-1.0,-1.0,-1.0,-0.48549349328943087,-8.485457955917189e-05,-5.400341653782642,-0.05400341653782642,-3.505407409396706,-3.7001037310755946,0.0,-0.036111111111201626,-0.03472222222230925,0.0,4.33,4.28,4.354,4.354,2.0,1.0,16.64,16.0,0.005291772109038001,0.005291772109038001,4.0,10.0,1.0,1.0,0.11,0.3,0.8,370010373.10755944,350540740.93967056,2.33,3.2800000000000002,0.17893948725484987,0.17761725690116983,2.15106051274515,3.1023827430988304,0.0,1.549994,2.518931,1.549994,2.518931,0.60106651274515,0.5834517430988306,1200000.0,1.0,6.588173077926467,22.094440075220636,711522692416.0585,2386199528123.8286,56.84807449540432,376.832945742169,1,-376.832945742169,-376.832945742169,1500,0.0,6.648268716935583,0.11,0.3,3469911125302822.5,3469911125302822.5,1.0,0,1.1965150911534537e-65,-4.1518010263860895e-50,0.0,350540740.93967056,0.17761725690116983,0.6223827430988302,1e-10,5e+23,504765890.70298094,1,-49.652256817943965,-49.652256817943965,0.0,5.848268716935583,500000000.0,4.505407409396706,1.3152093996853493e-59,0,-2.9627770871252833e-50,0.0,5e-10,1.0,3.5054074093879213,1e-08,0,-979192.8648518748,0.0,-426.48520256011295,9.875052e-13,31.43326678179014,3.1433266781790136e-05,-1.3398427792276058e-11,-1.1838556139741992e-11,0.0,-1.559871652534065e-12,0.0,0.0
-5.25,-0.19293394142218495,300.0,0.025851999786435535,-1.0,-1.0,-1.0,-1.3961117136139765,-0.0002440124823788817,-6.3027615355516,-0.063027615355516,-3.4996203607078744,-4.312604450458903,0.0,-0.036111111111201626,-0.03472222222230925,0.0,4.33,4.28,4.354,4.354,2.0,1.0,16.64,16.0,0.005291772109038001,0.005291772109038001,4.0,10.0,1.0,1.0,0.11,0.3,0.8,431260445.04589033,349962036.07078743,2.33,3.2800000000000002,0.19318306497846927,0.1774705828953153,2.136816935021531,3.102529417104685,0.0,1.549994,2.518931,1.549994,2.518931,0.5868229350215308,0.5835984171046853,1200000.0,1.0,6.588173077926467,22.094440075220636,711522692416.0585,2386199528123.8286,98.62734302000683,374.7009985164127,1,-374.7009985164127,-374.7009985164127,1500,0.0,6.642303287763636,0.11,0.3,3469911125302822.5,3469911125302822.5,1.0,0,5.424299544784212e-64,-1.8821837337421775e-48,0.0,349962036.07078743,0.1774705828953153,0.6225294171046847,1e-10,5e+23,504765890.70298094,1,-49.28984046319529,-49.28984046319529,0.0,5.842303287763636,500000000.0,4.499620360707874,9.438886913129059e-58,0,-2.1235703868367305e-48,0.0,5e-10,1.0,3.4996203606991045,1e-08,0,-975962.4504543359,0.0,-423.990838979608,1.3257e-12,42.19834161138513,4.2198341611385126e-05,-1.3320065049277095e-11,-1.1771579042319223e-11,0.0,-1.5484860069578726e-12,0.0,0.0
-5.5,-0.20212127196609853,300.0,0.025851999786435535,-1.0,-1.0,-1.0,-2.0386759783206942,-0.00035631990003758094,-7.013925924270299,-0.07013925924270299,-3.5480438620094503,-4.795294059242936,0.0,-0.036111111111201626,-0.03472222222230925,0.0,4.33,4.28,4.354,4.354,2.0,1.0,16.64,16.0,0.005291772109038001,0.005291772109038001,4.0,10.0,1.0,1.0,0.11,0.3,0.8,479529405.9242936,354804386.200945,2.33,3.2800000000000002,0.2037074259010995,0.17869417610861552,2.1262925740989007,3.101305823891385,0.0,1.549994,2.518931,1.549994,2.518931,0.5762985740989006,0.5823748238913851,1200000.0,1.0,6.588173077926467,22.094440075220636,711522692416.0585,2386199528123.8286,148.1831476088045,392.8622609378446,1,-392.8622609378446,-392.8622609378446,1500,0.0,6.637602149328836,0.11,0.3,3469911125302822.5,3469911125302822.5,1.0,0,1.8101589567516846e-62,-6.281090702599221e-47,0.0,354804386.200945,0.17869417610861552,0.6213058238913846,1e-10,5e+23,504765890.70298094,1,-52.39392320998323,-52.39392320998323,0.0,5.837602149328836,500000000.0,4.54804386200945,5.053004625981601e-56,0,-1.149064333695049e-46,0.0,5e-10,1.0,3.5480438620005588,1e-08,0,-1003157.6739544134,0.0,-445.25618414782787,1.5421e-12,49.08656754840236,4.9086567548402356e-05,-1.3988135570842403e-11,-1.2342131928350091e-11,0.0,-1.6460036424923108e-12,0.0,0.0
-5.75,-0.2113086025100121,300.0,0.025851999786435535,-1.0,-1.0,-1.0,-3.0504541148554156,-0.0005331585385971169,-7.988523027252454,-0.07988523027252455,-3.5217984892414336,-5.456783725799607,0.0,-0.036111111111201626,-0.03472222222230925,0.0,4.33,4.28,4.354,4.354,2.0,1.0,16.64,16.0,0.005291772109038001,0.005291772109038001,4.0,10.0,1.0,1.0,0.11,0.3,0.8,545678372.5799607,352179848.9241434,2.33,3.2800000000000002,0.21730394436642397,0.17803203654322755,2.112696055633576,3.1019679634567727,0.0,1.549994,2.518931,1.549994,2.518931,0.562702055633576,0.5830369634567729,1200000.0,1.0,6.588173077926467,22.094440075220636,711522692416.0585,2386199528123.8286,250.73229319083822,382.9277646747995,1,-382.9277646747995,-382.9277646747995,1500,0.0,6.631159594032262,0.11,0.3,3469911125302822.5,3469911125302822.5,1.0,0,1.2379516150487651e-60,-4.295582081644307e-45,0.0,352179848.9241434,0.17803203654322755,0.6219679634567725,1e-10,5e+23,504765890.70298094,1,-50.69124838996682,-50.69124838996682,0.0,5.831159594032262,500000000.0,4.521798489241434,6.342423167128376e-54,0,-1.4339579747625476e-44,0.0,5e-10,1.0,3.5217984892326077,1e-08,0,-988371.5713752586,0.0,-433.6190130647663,2.2889e-12,72.85794984860784,7.285794984860785e-05,-1.3622543059011265e-11,-1.2030030523579114e-11,0.0,-1.5925125354321522e-12,0.0,0.0
-6.0,-0.22049593305392565,300.0,0.025851999786435535,-1.0,-1.0,-1.0,-3.7149034738842226,-0.0006492910342496144,-8.71530234877591,-0.08715302348775911,-3.5657960047482535,-5.950071679953967,0.0,-0.036111111111201626,-0.03472222222230925,0.0,4.33,4.28,4.354,4.354,2.0,1.0,16.64,16.0,0.005291772109038001,0.005291772109038001,4.0,10.0,1.0,1.0,0.11,0.3,0.8,595007167.9953967,356579600.4748254,2.33,3.2800000000000002,0.2269135015864465,0.1791406540298136,2.1030864984135538,3.1008593459701865,0.0,1.549994,2.518931,1.549994,2.518931,0.5530924984135537,0.5819283459701867,1200000.0,1.0,6.588173077926467,22.094440075220636,711522692416.0585,2386199528123.8286,363.61662283425574,399.70613173935,1,-399.70613173935,-399.70613173935,1500,0.0,6.626355233386212,0.11,0.3,3469911125302822.5,3469911125302822.5,1.0,0,5.535730593618792e-59,-1.9208493173477046e-43,0.0,356579600.4748254,0.1791406540298136,0.6208593459701864,1e-10,5e+23,504765890.70298094,1,-53.573365795034846,-53.573365795034846,0.0,5.826355233386212,500000000.0,4.565796004748254,5.359605817635906e-52,0,-1.223543341459376e-42,0.0,5e-10,1.0,3.565796004739318,1e-08,0,-1013221.1057101829,0.0,-453.27949753438486,1.9781e-12,62.96487858601562,6.296487858601562e-05,-1.4240195394768964e-11,-1.255713847067136e-11,0.0,-1.683056924097602e-12,0.0,0.0
-6.25,-0.22968326359783922,300.0,0.025851999786435535,-1.0,-1.0,-1.0,-4.659988277861243,-0.0008144730084628583,-9.642314008849423,-0.09642314008849423,-3.5530385218728244,-6.579263611717177,0.0,-0.036111111111201626,-0.03472222222230925,0.0,4.33,4.28,4.354,4.354,2.0,1.0,16.64,16.0,0.005291772109038001,0.005291772109038001,4.0,10.0,1.0,1.0,0.11,0.3,0.8,657926361.1717178,355303852.18728244,2.33,3.2800000000000002,0.23860958347371838,0.17881990774849463,2.0913904165262815,3.101180092251506,0.0,1.549994,2.518931,1.549994,2.518931,0.5413964165262815,0.582249092251506,1200000.0,1.0,6.588173077926467,22.094440075220636,711522692416.0585,2386199528123.8286,571.6487480933351,394.77760709781967,1,-394.77760709781967,-394.77760709781967,1500,0.0,6.6202272407394895,0.11,0.3,3469911125302822.5,3469911125302822.5,1.0,0,4.671318679676236e-57,-1.6209060656443463e-41,0.0,355303852.18728244,0.17881990774849463,0.6211800922515054,1e-10,5e+23,504765890.70298094,1,-52.72347828136439,-52.72347828136439,0.0,5.82022724073949,500000000.0,4.553038521872825,1.0325718647357283e-49,0,-2.3506697383719136e-40,0.0,5e-10,1.0,3.5530385218639204,1e-08,0,-1005983.9964088701,0.0,-447.5010853791841,2.3602e-12,75.12749933709827,7.512749933709827e-05,-1.4058661223007036e-11,-1.2402304302602681e-11,0.0,-1.656356920404354e-12,0.0,0.0
-6.5,-0.2388705941417528,300.0,0.025851999786435535,-1.0,-1.0,-1.0,-5.461705457884376,-0.0009545971814467208,-10.467033406368758,-0.10467033406368759,-3.56927534250411,-7.139026571814825,0.0,-0.036111111111201626,-0.03472222222230925,0.0,4.33,4.28,4.354,4.354,2.0,1.0,16.64,16.0,0.005291772109038001,0.005291772109038001,4.0,10.0,1.0,1.0,0.11,0.3,0.8,713902657.1814826,356927534.25041103,2.33,3.2800000000000002,0.24855284468676375,0.17922803127600653,2.0814471553132363,3.100771968723994,0.0,1.549994,2.518931,1.549994,2.518931,0.5314531553132362,0.581840968723994,1200000.0,1.0,6.588173077926467,22.094440075220636,711522692416.0585,2386199528123.8286,839.7861217431391,401.05938525339604,1,-401.05938525339604,-401.05938525339604,1500,0.0,6.614775449115631,0.11,0.3,3469911125302822.5,3469911125302822.5,1.0,0,3.732477279547072e-55,-1.2951364437240398e-39,0.0,356927534.25041103,0.17922803127600653,0.6207719687239935,1e-10,5e+23,504765890.70298094,1,-53.80719629058961,-53.80719629058961,0.0,5.814775449115631,500000000.0,4.56927534250411,2.227890739302693e-47,0,-5.089923110444523e-38,0.0,5e-10,1.0,3.5692753424951658,1e-08,0,-1015199.3783730102,0.0,-454.86658154398566,3.0564e-12,97.28823361321378,9.728823361321378e-05,-1.429005510942088e-11,-1.2599652183653077e-11,0.0,-1.690402925767803e-12,0.0,0.0
-6.75,-0.24805792468566637,300.0,0.025851999786435535,-1.0,-1.0,-1.0,-6.114992603226643,-0.0010687787447748662,-11.18584853024689,-0.1118584853024689,-3.6155302757075387,-7.626908974866399,0.0,-0.036111111111201626,-0.03472222222230925,0.0,4.33,4.28,4.354,4.354,2.0,1.0,16.64,16.0,0.005291772109038001,0.005291772109038001,4.0,10.0,1.0,1.0,0.11,0.3,0.8,762690897.48664,361553027.5707539,2.33,3.2800000000000002,0.25690557002716713,0.18038561845291215,2.073094429972833,3.099614381547088,0.0,1.549994,2.518931,1.549994,2.518931,0.523100429972833,0.5806833815470882,1200000.0,1.0,6.588173077926467,22.094440075220636,711522692416.0585,2386199528123.8286,1160.0809711362376,419.42594573129253,1,-419.42594573129253,-419.42594573129253,1500,0.0,6.610023735644055,0.11,0.3,3469911125302822.5,3469911125302822.5,1.0,0,2.825062718709926e-53,-9.802716557329812e-38,0.0,361553027.5707539,0.18038561845291215,0.6196143815470879,1e-10,5e+23,504765890.70298094,1,-57.00053376436797,-57.00053376436797,0.0,5.810023735644055,500000000.0,4.615530275707538,6.244448067612402e-45,0,-1.4410719555574238e-35,0.0,5e-10,1.0,3.6155302756984784,1e-08,0,-1041682.2039848039,0.0,-476.4264794956605,3.6799e-12,117.13485501677313,0.00011713485501677313,-1.4967379279592153e-11,-1.31766546983438e-11,0.0,-1.790724581248354e-12,0.0,0.0
-7.0,-0.2572452552295799,300.0,0.025851999786435535,-1.0,-1.0,-1.0,-7.34117912167359,-0.0012830916921616022,-12.313425210427287,-0.12313425210427287,-3.5459234972880918,-8.39223068566084,0.0,-0.036111111111201626,-0.03472222222230925,0.0,4.33,4.28,4.354,4.354,2.0,1.0,16.64,16.0,0.005291772109038001,0.005291772109038001,4.0,10.0,1.0,1.0,0.11,0.3,0.8,839223068.566084,354592349.7288092,2.33,3.2800000000000002,0.2694870779744123,0.17864077295645442,2.0605129220255876,3.1013592270435457,0.0,1.549994,2.518931,1.549994,2.518931,0.5105189220255875,0.5824282270435459,1200000.0,1.0,6.588173077926467,22.094440075220636,711522692416.0585,2386199528123.8286,1887.3321328607901,392.0515527283263,1,-392.0515527283263,-392.0515527283263,1500,0.0,6.6025699118116625,0.11,0.3,3469911125302822.5,3469911125302822.5,1.0,0,8.318342473122747e-51,-2.886390909156761e-35,0.0,354592349.7288092,0.17864077295645442,0.6213592270435456,1e-10,5e+23,504765890.70298094,1,-52.25455663612497,-52.25455663612497,0.0,5.802569911811663,500000000.0,4.545923497288092,2.1170116382170207e-41,0,-4.8118864751015555e-32,0.0,5e-10,1.0,3.5459234972792055,1e-08,0,-1001959.027802988,0.0,-444.3061093644513,4.4193e-12,140.6706880012026,0.0001406706880012026,-1.3958288091244235e-11,-1.2316662778797815e-11,0.0,-1.64162531244642e-12,0.0,0.0
-7.25,-0.2664325857734935,300.0,0.025851999786435535,-1.0,-1.0,-1.0,-8.165456933011747,-0.0014271590135321818,-13.15424153386489,-0.1315424153386489,-3.557597713241898,-8.962919134994685,0.0,-0.036111111111201626,-0.03472222222230925,0.0,4.33,4.28,4.354,4.354,2.0,1.0,16.64,16.0,0.005291772109038001,0.005291772109038001,4.0,10.0,1.0,1.0,0.11,0.3,0.8,896291913.4994686,355759771.3241898,2.33,3.2800000000000002,0.27849921659996146,0.1789346001176594,2.0515007834000385,3.1010653998823408,0.0,1.549994,2.518931,1.549994,2.518931,0.5015067834000384,0.582134399882341,1200000.0,1.0,6.588173077926467,22.094440075220636,711522692416.0585,2386199528123.8286,2674.5184584226877,396.53292838725736,1,-396.53292838725736,-396.53292838725736,1500,0.0,6.597011711770401,0.11,0.3,3469911125302822.5,3469911125302822.5,1.0,0,1.6566861648672474e-48,-5.7485537546081276e-33,0.0,355759771.3241898,0.1789346001176594,0.6210653998823407,1e-10,5e+23,504765890.70298094,1,-53.025860145504424,-53.025860145504424,0.0,5.797011711770401,500000000.0,4.557597713241898,3.226863350901598e-38,0,-7.353372514506606e-29,0.0,5e-10,1.0,3.557597713232983,1e-08,0,-1008567.371828732,0.0,-449.5587885327618,8.9524e-12,284.96374250717673,0.00028496374250717673,-1.4123305874112519e-11,-1.2457449347278554e-11,0.0,-1.6658565268339652e-12,0.0,0.0
-7.5,-0.27561991631740707,300.0,0.025851999786435535,-1.0,-1.0,-1.0,-8.675671128702945,-0.0015163342788218597,-13.770974644199887,-0.13770974644199888,-3.6327873557707604,-9.381515268988554,0.0,-0.036111111111201626,-0.03472222222230925,0.0,4.33,4.28,4.354,4.354,2.0,1.0,16.64,16.0,0.005291772109038001,0.005291772109038001,4.0,10.0,1.0,1.0,0.11,0.3,0.8,938151526.8988554,363278735.577076,2.33,3.2800000000000002,0.28492839627703903,0.1808156001050486,2.045071603722961,3.0991843998949515,0.0,1.549994,2.518931,1.549994,2.518931,0.49507760372296095,0.5802533998949517,1200000.0,1.0,6.588173077926467,22.094440075220636,711522692416.0585,2386199528123.8286,3429.659970040622,426.4603571594663,1,-426.4603571594663,-426.4603571594663,1500,0.0,6.592934809474669,0.11,0.3,3469911125302822.5,3469911125302822.5,1.0,0,2.82379929265003e-46,-9.79833258118858e-31,0.0,363278735.577076,0.1808156001050486,0.6191843998949514,1e-10,5e+23,504765890.70298094,1,-58.23314840080253,-58.23314840080253,0.0,5.792934809474669,500000000.0,4.632787355770761,1.594088496490874e-35,0,-3.692536515261272e-26,0.0,5e-10,1.0,3.6327873557616566,1e-08,0,-1051649.922612975,0.0,-484.6935055602688,1.09581e-11,348.8071563790596,0.0003488071563790597,-1.522709556310824e-11,-1.3397647250994589e-11,0.0,-1.8294483121136544e-12,0.0,0.0
-7.75,-0.28480724686132064,300.0,0.025851999786435535,-1.0,-1.0,-1.0,-9.509967753608185,-0.001662152688980791,-14.618939353581416,-0.14618939353581417,-3.6424353923590314,-9.957055552398243,0.0,-0.036111111111201626,-0.03472222222230925,0.0,4.33,4.28,4.354,4.354,2.0,1.0,16.64,16.0,0.005291772109038001,0.005291772109038001,4.0,10.0,1.0,1.0,0.11,0.3,0.8,995705555.2398243,364243539.23590314,2.33,3.2800000000000002,0.2935382521044518,0.18105554792055187,2.0364617478955482,3.0989444520794485,0.0,1.549994,2.518931,1.549994,2.518931,0.48646774789554814,0.5800134520794487,1200000.0,1.0,6.588173077926467,22.094440075220636,711522692416.0585,2386199528123.8286,4785.0918274413,430.4370161892782,1,-430.4370161892782,-430.4370161892782,1500,0.0,6.587329355166405,0.11,0.3,3469911125302822.5,3469911125302822.5,1.0,0,2.7252230313642035e-43,-9.456281715462133e-28,0.0,364243539.23590314,0.18105554792055187,0.6189444520794481,1e-10,5e+23,504765890.70298094,1,-58.932260088414864,-58.932260088414864,0.0,5.787329355166405,500000000.0,4.642435392359031,1.3780767901207087e-32,0,-3.198816231922453e-23,0.0,5e-10,1.0,3.6424353923499035,1e-08,0,-1057243.3303164416,0.0,-489.3692762776931,9.6035e-12,305.68889919660336,0.0003056888991966034,-1.5373989232465547e-11,-1.3522577678933475e-11,0.0,-1.851411553532071e-12,0.0,0.0
-8.0,-0.2939945774052342,300.0,0.025851999786435535,-1.0,-1.0,-1.0,-10.448426148458477,-0.001826176499041049,-15.541223095569315,-0.15541223095569315,-3.631018017606213,-10.583038497649603,0.0,-0.036111111111201626,-0.03472222222230925,0.0,4.33,4.28,4.354,4.354,2.0,1.0,16.64,16.0,0.005291772109038001,0.005291772109038001,4.0,10.0,1.0,1.0,0.11,0.3,0.8,1058303849.7649603,363101801.7606213,2.33,3.2800000000000002,0.30262473821539804,0.18077156189489973,2.027375261784602,3.0992284381051007,0.0,1.549994,2.518931,1.549994,2.518931,0.47738126178460205,0.5802974381051009,1200000.0,1.0,6.588173077926467,22.094440075220636,711522692416.0585,2386199528123.8286,6800.432351026891,425.7345114232477,1,-425.7345114232477,-425.7345114232477,1500,0.0,6.5812326163307295,0.11,0.3,3469911125302822.5,3469911125302822.5,1.0,0,5.3109386199632014e-40,-1.8428485003210732e-24,0.0,363101801.7606213,0.18077156189489973,0.6192284381051003,1e-10,5e+23,504765890.70298094,1,-58.105720181627454,-58.105720181627454,0.0,5.78123261633073,500000000.0,4.631018017606213,1.2348335033496632e-29,0,-2.859268101378046e-20,0.0,5e-10,1.0,3.6310180175971136,1e-08,0,-1050625.7662109947,0.0,-483.84023160487516,1.34826e-11,429.16448714615757,0.0004291644871461576,-1.52002891712106e-11,-1.3374844134669149e-11,0.0,-1.82544503654145e-12,0.0,0.0
-8.25,-0.3031819079491478,300.0,0.025851999786435535,-1.0,-1.0,-1.0,-11.42634634214083,-0.001997097444479694,-16.49166268317748,-0.1649166268317748,-3.611619989057909,-11.228131699717837,0.0,-0.036111111111201626,-0.03472222222230925,0.0,4.33,4.28,4.354,4.354,2.0,1.0,16.64,16.0,0.005291772109038001,0.005291772109038001,4.0,10.0,1.0,1.0,0.11,0.3,0.8,1122813169.9717836,361161998.9057909,2.33,3.2800000000000002,0.3117116168226136,0.18028804627939812,2.0182883831773863,3.099711953720602,0.0,1.549994,2.518931,1.549994,2.518931,0.46829438317738625,0.5807809537206023,1200000.0,1.0,6.588173077926467,22.094440075220636,711522692416.0585,2386199528123.8286,9664.722007217173,417.8459066983279,1,-417.8459066983279,-417.8459066983279,1500,0.0,6.574949753822231,0.11,0.3,3469911125302822.5,3469911125302822.5,1.0,0,9.216319952216448e-37,-3.1979811136546228e-21,0.0,361161998.9057909,0.18028804627939812,0.619711953720602,1e-10,5e+23,504765890.70298094,1,-56.72438912506124,-56.72438912506124,0.0,5.774949753822231,500000000.0,4.611619989057909,9.630941138580001e-27,0,-2.2207120334057833e-17,0.0,5e-10,1.0,3.611619989048858,1e-08,0,-1039430.2115909467,0.0,-474.57029582338913,1.91266e-11,608.818586908289,0.000608818586908289,-1.4909065549706944e-11,-1.3127016308160331e-11,0.0,-1.7820492415466118e-12,0.0,0.0
-8.5,-0.31236923849306136,300.0,0.025851999786435535,-1.0,-1.0,-1.0,-12.312771552385854,-0.0021520268916621114,-17.37682094289552,-0.1737682094289552,-3.6107256731747213,-11.82891641401581,0.0,-0.036111111111201626,-0.03472222222230925,0.0,4.33,4.28,4.354,4.354,2.0,1.0,16.64,16.0,0.005291772109038001,0.005291772109038001,4.0,10.0,1.0,1.0,0.11,0.3,0.8,1182891641.401581,361072567.3174721,2.33,3.2800000000000002,0.31994234253733456,0.18026572327111462,2.0100576574626654,3.099734276728886,0.0,1.549994,2.518931,1.549994,2.518931,0.4600636574626653,0.580803276728886,1200000.0,1.0,6.588173077926467,22.094440075220636,711522692416.0585,2386199528123.8286,13287.995519319124,417.4852556181136,1,-417.4852556181136,-417.4852556181136,1500,0.0,6.569098432268942,0.11,0.3,3469911125302822.5,3469911125302822.5,1.0,0,9.907106768439507e-34,-3.437677999537114e-18,0.0,361072567.3174721,0.18026572327111462,0.6197342767288854,1e-10,5e+23,504765890.70298094,1,-56.6613951085879,-56.6613951085879,0.0,5.769098432268942,500000000.0,4.610725673174721,4.292026430491568e-24,0,-9.894678226505964e-15,0.0,5e-10,1.0,3.6107256731656734,1e-08,0,-1038915.5041419378,0.0,-474.1466507267015,3.62616e-11,1154.2425768842143,0.0011542425768842142,-1.4895756346472113e-11,-1.3115686120319228e-11,0.0,-1.7800702261528838e-12,0.0,0.0
-8.75,-0.32155656903697494,300.0,0.025851999786435535,-1.0,-1.0,-1.0,-13.038253146564458,-0.002278826604743422,-18.14714653553678,-0.18147146535536782,-3.6423801847255355,-12.351760590196031,0.0,-0.036111111111201626,-0.03472222222230925,0.0,4.33,4.28,4.354,4.354,2.0,1.0,16.64,16.0,0.005291772109038001,0.005291772109038001,4.0,10.0,1.0,1.0,0.11,0.3,0.8,1235176059.019603,364238018.47255355,2.33,3.2800000000000002,0.32693669756445903,0.18105417580476518,2.003063302435541,3.0989458241952352,0.0,1.549994,2.518931,1.549994,2.518931,0.453069302435541,0.5800148241952354,1200000.0,1.0,6.588173077926467,22.094440075220636,711522692416.0585,2386199528123.8286,17416.44312761105,430.4141710029586,1,-430.4141710029586,-430.4141710029586,1500,0.0,6.564006209840031,0.11,0.3,3469911125302822.5,3469911125302822.5,1.0,0,5.109329692146336e-31,-1.7728919941618615e-15,0.0,364238018.47255355,0.18105417580476518,0.6189458241952348,1e-10,5e+23,504765890.70298094,1,-58.928239117510785,-58.928239117510785,0.0,5.764006209840031,500000000.0,4.6423801847255355,8.4544228882637e-22,0,-1.9624322644882714e-12,0.0,5e-10,1.0,3.642380184716408,1e-08,0,-1057211.281726049,0.0,-489.34241012046937,8.20693e-11,2612.346954218337,0.002612346954218337,-1.5373145207243902e-11,-1.3521859976238358e-11,0.0,-1.8512852310055457e-12,0.0,0.0
-9.0,-0.3307438995808885,300.0,0.025851999786435535,-1.0,-1.0,-1.0,-14.03262618081833,-0.002452623178565449,-19.10932516325099,-0.1910932516325099,-3.6196547755600292,-13.004821447515535,0.0,-0.036111111111201626,-0.03472222222230925,0.0,4.33,4.28,4.354,4.354,2.0,1.0,16.64,16.0,0.005291772109038001,0.005291772109038001,4.0,10.0,1.0,1.0,0.11,0.3,0.8,1300482144.7515535,361965477.5560029,2.33,3.2800000000000002,0.3354682596934462,0.18048847866109555,1.994531740306554,3.0995115213389046,0.0,1.549994,2.518931,1.549994,2.518931,0.4445377403065538,0.5805805213389048,1200000.0,1.0,6.588173077926467,22.094440075220636,711522692416.0585,2386199528123.8286,24226.094202775646,421.0980864474885,1,-421.0980864474885,-421.0980864474885,1500,0.0,6.557645746633992,0.11,0.3,3469911125302822.5,3469911125302822.5,1.0,0,4.394383606620649e-28,-1.524812056546133e-12,0.0,361965477.5560029,0.18048847866109555,0.6195115213389045,1e-10,5e+23,504765890.70298094,1,-57.29306378596036,-57.29306378596036,0.0,5.757645746633992,500000000.0,4.619654775560029,2.8611323525233247e-19,0,-6.608721867921839e-10,0.0,5e-10,1.0,3.6196547755509587,1e-08,0,-1044060.2057649348,0.0,-478.3911502334489,1.373866e-10,4373.151300917797,0.004373151300917798,-1.5029101231157742e-11,-1.3229186548241498e-11,0.0,-1.7999146829162451e-12,0.0,0.0
-9.25,-0.33993123012480203,300.0,0.025851999786435535,-1.0,-1.0,-1.0,-14.765697200348017,-0.0025807493718286024,-19.885065782445935,-0.19885065782445935,-3.649774421037161,-13.531340972307433,0.0,-0.036111111111201626,-0.03472222222230925,0.0,4.33,4.28,4.354,4.354,2.0,1.0,16.64,16.0,0.005291772109038001,0.005291772109038001,4.0,10.0,1.0,1.0,0.11,0.3,0.8,1353134097.2307434,364977442.1037161,2.33,3.2800000000000002,0.3421918468435586,0.18123785770284628,1.9878081531564415,3.098762142297154,0.0,1.549994,2.518931,1.549994,2.518931,0.43781415315644145,0.579831142297154,1200000.0,1.0,6.588173077926467,22.094440075220636,711522692416.0585,2386199528123.8286,31422.06295859411,433.483211012013,1,-433.483211012013,-433.483211012013,1500,0.0,6.552517728276796,0.11,0.3,3469911125302822.5,3469911125302822.5,1.0,0,1.2831965434159482e-25,-4.452577961949125e-10,0.0,364977442.1037161,0.18123785770284628,0.6187621422971538,1e-10,5e+23,504765890.70298094,1,-59.46890369205948,-59.46890369205948,0.0,5.752517728276796,500000000.0,4.6497744210371605,3.026990086734232e-17,0,-7.037410539014943e-08,0.0,5e-10,1.0,3.649774421028015,1e-08,0,-1061508.0351675493,0.0,-492.95211470407247,2.775039e-10,8833.223482455802,0.008833223482455802,-1.548654742125867e-11,-1.3618276711698542e-11,0.0,-1.86827070956013e-12,0.0,0.0
-9.5,-0.3491185606687156,300.0,0.025851999786435535,-1.0,-1.0,-1.0,-15.804451537338801,-0.0027623029121930914,-20.87891030338525,-0.2087891030338525,-3.618073450122854,-14.205894466006216,0.0,-0.036111111111201626,-0.03472222222230925,0.0,4.33,4.28,4.354,4.354,2.0,1.0,16.64,16.0,0.005291772109038001,0.005291772109038001,4.0,10.0,1.0,1.0,0.11,0.3,0.8,1420589446.6006215,361807345.0122854,2.33,3.2800000000000002,0.3506174531922971,0.18044904918246468,1.9793825468077029,3.0995509508175356,0.0,1.549994,2.518931,1.549994,2.518931,0.4293885468077028,0.5806199508175358,1200000.0,1.0,6.588173077926467,22.094440075220636,711522692416.0585,2386199528123.8286,43528.996114129644,420.45631704452217,1,-420.45631704452217,-420.45631704452217,1500,0.0,6.54594793829614,0.11,0.3,3469911125302822.5,3469911125302822.5,1.0,0,7.217833097954351e-23,-2.5045239367170737e-07,0.0,361807345.0122854,0.18044904918246468,0.6195509508175354,1e-10,5e+23,504765890.70298094,1,-57.18075540780809,-57.18075540780809,0.0,5.7459479382961405,500000000.0,4.6180734501228535,6.050589376104829e-15,0,-1.3971033077692556e-05,0.0,5e-10,1.0,3.6180734501137874,1e-08,0,-1043148.1639122466,0.0,-477.63707245233024,6.294106e-10,20034.761644887138,0.02003476164488714,-1.5005411178983766e-11,-1.320902476782492e-11,0.0,-1.7963864111588475e-12,0.0,0.0
-9.25,-0.33993123012480203,300.0,0.025851999786435535,-1.0,-1.0,-1.0,-15.804451537338801,-0.0027623029121930914,-20.62621311012244,-0.20626213110122438,-3.4396993867650485,-14.034380943546783,0.0,-0.036111111111201626,-0.03472222222230925,0.0,4.33,4.28,4.354,4.354,2.0,1.0,16.64,16.0,0.005291772109038001,0.005291772109038001,4.0,10.0,1.0,1.0,0.11,0.3,0.8,1403438094.3546782,343969938.67650485,2.33,3.2800000000000002,0.34849445245082916,0.17594468535631233,1.981505547549171,3.104055314643688,0.0,1.549994,2.518931,1.549994,2.518931,0.43151154754917087,0.585124314643688,1200000.0,1.0,6.588173077926467,22.094440075220636,711522692416.0585,2386199528123.8286,40097.17801366802,353.22456583137193,1,-353.22456583137193,-353.22456583137193,1500,0.0,6.5476183882040075,0.11,0.3,3469911125302822.5,3469911125302822.5,1.0,0,3.438984495188322e-24,-1.193297055959787e-08,0.0,343969938.67650485,0.17594468535631233,0.6240553146436877,1e-10,5e+23,504765890.70298094,1,-45.66915924268034,-45.66915924268034,0.0,5.747618388204008,500000000.0,4.4396993867650485,8.544313291079713e-16,0,-1.8967091239367527e-06,0.0,5e-10,1.0,3.4396993867564287,1e-08,0,-942827.4483496947,0.0,-398.89372507405227,5.328221e-10,16960.254200720832,0.016960254200720833,-1.2531615962557094e-11,-1.1096877010832825e-11,0.0,-1.4347389517242695e-12,0.0,0.0
-9.0,-0.3307438995808885,300.0,0.025851999786435535,-1.0,-1.0,-1.0,-15.804451537338801,-0.0027623029121930914,-20.373515916859628,-0.20373515916859627,-3.2613253234072435,-13.862867421087357,0.0,-0.036111111111201626,-0.03472222222230925,0.0,4.33,4.28,4.354,4.354,2.0,1.0,16.64,16.0,0.005291772109038001,0.005291772109038001,4.0,10.0,1.0,1.0,0.11,0.3,0.8,1386286742.1087356,326132532.34072435,2.33,3.2800000000000002,0.34635843904105157,0.1713219345542419,1.9836415609589486,3.1086780654457584,0.0,1.549994,2.518931,1.549994,2.518931,0.4336475609589485,0.5897470654457586,1200000.0,1.0,6.588173077926467,22.094440075220636,711522692416.0585,2386199528123.8286,36917.336714539124,295.38749407770746,1,-295.38749407770746,-295.38749407770746,1500,0.0,6.549288838111876,0.11,0.3,3469911125302822.5,3469911125302822.5,1.0,0,1.1616372563549105e-25,-4.0307780393921506e-10,0.0,326132532.34072435,0.1713219345542419,0.6286780654457581,1e-10,5e+23,504765890.70298094,1,-36.210777896555626,-36.210777896555626,0.0,5.749288838111876,500000000.0,4.2613253234072435,9.677309034869204e-17,0,-2.0619081026362926e-07,0.0,5e-10,1.0,3.261325323399071,1e-08,0,-847577.6281212432,0.0,-331.59827197426307,4.357024e-10,13868.838135400443,0.013868838135400442,-1.0417466951774152e-11,-9.279871813568243e-12,0.0,-1.1375951382059083e-12,0.0,0.0
-8.75,-0.32155656903697494,300.0,0.025851999786435535,-1.0,-1.0,-1.0,-15.804451537338801,-0.0027623029121930914,-20.120818723596813,-0.20120818723596812,-3.0829512600494353,-13.691353898627927,0.0,-0.036111111111201626,-0.03472222222230925,0.0,4.33,4.28,4.354,4.354,2.0,1.0,16.64,16.0,0.005291772109038001,0.005291772109038001,4.0,10.0,1.0,1.0,0.11,0.3,0.8,1369135389.8627927,308295126.00494355,2.33,3.2800000000000002,0.344209170710056,0.16657094048387946,1.985790829289944,3.113429059516121,0.0,1.549994,2.518931,1.549994,2.518931,0.4357968292899439,0.5944980595161211,1200000.0,1.0,6.588173077926467,22.094440075220636,711522692416.0585,2386199528123.8286,33972.244717229754,245.79832378901637,1,-245.79832378901637,-245.79832378901637,1500,0.0,6.550959288019743,0.11,0.3,3469911125302822.5,3469911125302822.5,1.0,0,2.621468118472247e-27,-9.096261388913508e-12,0.0,308295126.00494355,0.16657094048387946,0.6334290595161206,1e-10,5e+23,504765890.70298094,1,-28.48375248168273,-28.48375248168273,0.0,5.750959288019743,500000000.0,4.082951260049436,8.448618431904421e-18,0,-1.7247648636110524e-08,0.0,5e-10,1.0,3.0829512600417095,1e-08,0,-757398.7032268897,0.0,-274.2820762706991,2.985269e-10,9502.406356179985,0.009502406356179986,-8.616825558233838e-12,-7.721982082802591e-12,0.0,-8.948434754312451e-13,0.0,0.0
-8.5,-0.31236923849306136,300.0,0.025851999786435535,-1.0,-1.0,-1.0,-15.804451537338801,-0.0027623029121930914,-19.868121530334005,-0.19868121530334004,-2.9045771966916307,-13.5198403761685,0.0,-0.036111111111201626,-0.03472222222230925,0.0,4.33,4.28,4.354,4.354,2.0,1.0,16.64,16.0,0.005291772109038001,0.005291772109038001,4.0,10.0,1.0,1.0,0.11,0.3,0.8,1351984037.61685,290457719.66916305,2.33,3.2800000000000002,0.34204639759374034,0.16168039821809047,1.9879536024062596,3.1183196017819097,0.0,1.549994,2.518931,1.549994,2.518931,0.43795960240625953,0.5993886017819099,1200000.0,1.0,6.588173077926467,22.094440075220636,711522692416.0585,2386199528123.8286,31245.771654952645,203.4330089912455,1,-203.4330089912455,-203.4330089912455,1500,0.0,6.552629737927611,0.11,0.3,3469911125302822.5,3469911125302822.5,1.0,0,3.666400136210093e-29,-1.2722082622447185e-13,0.0,290457719.66916305,0.16168039821809047,0.6383196017819096,1e-10,5e+23,504765890.70298094,1,-22.210379220577074,-22.210379220577074,0.0,5.752629737927611,500000000.0,3.9045771966916303,5.397945177631101e-19,0,-1.0538346824784974e-09,0.0,5e-10,1.0,2.904577196684352,1e-08,0,-672290.6736666375,0.0,-225.64338821182255,2.499255e-10,7955.375745942697,0.007955375745942695,-7.088796107373715e-12,-6.391036465445632e-12,0.0,-6.977596419280833e-13,0.0,0.0
-8.25,-0.3031819079491478,300.0,0.025851999786435535,-1.0,-1.0,-1.0,-15.804451537338801,-0.0027623029121930914,-19.615424337071186,-0.19615424337071186,-2.726203133333822,-13.348326853709068,0.0,-0.036111111111201626,-0.03472222222230925,0.0,4.33,4.28,4.354,4.354,2.0,1.0,16.64,16.0,0.005291772109038001,0.005291772109038001,4.0,10.0,1.0,1.0,0.11,0.3,0.8,1334832685.3709068,272620313.3333822,2.33,3.2800000000000002,0.33986986187775714,0.156637237342327,1.990130138122243,3.123362762657673,0.0,1.549994,2.518931,1.549994,2.518931,0.44013613812224284,0.6044317626576734,1200000.0,1.0,6.588173077926467,22.094440075220636,711522692416.0585,2386199528123.8286,28722.819157947695,167.3786454593625,1,-167.3786454593625,-167.3786454593625,1500,0.0,6.554300187835479,0.11,0.3,3469911125302822.5,3469911125302822.5,1.0,0,2.895222258078092e-31,-1.004616392352953e-15,0.0,272620313.3333822,0.156637237342327,0.643362762657673,1e-10,5e+23,504765890.70298094,1,-17.15180731044746,-17.15180731044746,0.0,5.754300187835479,500000000.0,3.7262031333338217,2.3764456505448964e-20,0,-4.4275596146289623e-11,0.0,5e-10,1.0,2.7262031333269903,1e-08,0,-592253.5394404831,0.0,-184.53045276980995,1.892083e-10,6022.687243802852,0.006022687243802852,-5.797195147852333e-12,-5.2583552294294386e-12,0.0,-5.388399184228945e-13,0.0,0.0
-8.0,-0.2939945774052342,300.0,0.025851999786435535,-1.0,-1.0,-1.0,-15.804451537338801,-0.0027623029121930914,-19.36272714380837,-0.1936272714380837,-2.5478290699760158,-13.17681333124964,0.0,-0.036111111111201626,-0.03472222222230925,0.0,4.33,4.28,4.354,4.354,2.0,1.0,16.64,16.0,0.005291772109038001,0.005291772109038001,4.0,10.0,1.0,1.0,0.11,0.3,0.8,1317681333.124964,254782906.99760157,2.33,3.2800000000000002,0.33767929743879227,0.15142621000511328,1.9923207025612077,3.128573789994887,0.0,1.549994,2.518931,1.549994,2.518931,0.44232670256120765,0.6096427899948873,1200000.0,1.0,6.588173077926467,22.094440075220636,711522692416.0585,2386199528123.8286,26389.259327061238,136.82285319326346,1,-136.82285319326346,-136.82285319326346,1500,0.0,6.555970637743346,0.11,0.3,3469911125302822.5,3469911125302822.5,1.0,0,1.14527781424022e-33,-3.974012229194639e-18,0.0,254782906.99760157,0.15142621000511328,0.6485737899948868,1e-10,5e+23,504765890.70298094,1,-13.103296206048753,-13.103296206048753,0.0,5.755970637743347,500000000.0,3.5478290699760158,6.659105322967441e-22,0,-1.1812683722427955e-12,0.0,5e-10,1.0,2.547829069969631,1e-08,0,-517287.3005484296,0.0,-149.9261493993122,1.306524e-10,4158.795057363909,0.0041587950573639095,-4.71006889533885e-12,-4.298416704351513e-12,0.0,-4.1165219098733774e-13,0.0,0.0
-7.75,-0.28480724686132064,300.0,0.025851999786435535,-1.0,-1.0,-1.0,-15.804451537338801,-0.0027623029121930914,-19.110029950545563,-0.19110029950545562,-2.369455006618209,-13.00529980879021,0.0,-0.036111111111201626,-0.03472222222230925,0.0,4.33,4.28,4.354,4.354,2.0,1.0,16.64,16.0,0.005291772109038001,0.005291772109038001,4.0,10.0,1.0,1.0,0.11,0.3,0.8,1300529980.8790212,236945500.6618209,2.33,3.2800000000000002,0.3354744294647611,0.14602934647114205,1.994525570535239,3.1339706535288583,0.0,1.549994,2.518931,1.549994,2.518931,0.44453157053523884,0.6150396535288585,1200000.0,1.0,6.588173077926467,22.094440075220636,711522692416.0585,2386199528123.8286,24231.876629657014,111.04405833288365,1,-111.04405833288365,-111.04405833288365,1500,0.0,6.557641087651214,0.11,0.3,3469911125302822.5,3469911125302822.5,1.0,0,1.9395619423738278e-36,-6.7301075620568966e-21,0.0,236945500.6618209,0.14602934647114205,0.653970653528858,1e-10,5e+23,504765890.70298094,1,-9.889980137598835,-9.889980137598835,0.0,5.757641087651214,500000000.0,3.369455006618209,1.0717276104677353e-23,0,-1.80556898141074e-14,0.0,5e-10,1.0,2.369455006612271,1e-08,0,-447391.9569904753,0.0,-120.93403847048249,9.89885e-11,3150.9018168504163,0.003150901816850416,-3.799254868278133e-12,-3.4885519788338376e-12,0.0,-3.107028894442947e-13,0.0,0.0
-7.5,-0.27561991631740707,300.0,0.025851999786435535,-1.0,-1.0,-1.0,-15.804451537338801,-0.0027623029121930914,-18.857332757282748,-0.1885733275728275,-2.1910809432604026,-12.833786286330783,0.0,-0.036111111111201626,-0.03472222222230925,0.0,4.33,4.28,4.354,4.354,2.0,1.0,16.64,16.0,0.005291772109038001,0.005291772109038001,4.0,10.0,1.0,1.0,0.11,0.3,0.8,1283378628.6330783,219108094.32604027,2.33,3.2800000000000002,0.3332549740523877,0.14042522204029104,1.9967450259476123,3.139574777959709,0.0,1.549994,2.518931,1.549994,2.518931,0.4467510259476122,0.6206437779597094,1200000.0,1.0,6.588173077926467,22.094440075220636,711522692416.0585,2386199528123.8286,22238.313039980625,89.40260610048945,1,-89.40260610048945,-89.40260610048945,1500,0.0,6.559311537559082,0.11,0.3,3469911125302822.5,3469911125302822.5,1.0,0,5.078916000971764e-39,-1.7623387136250445e-23,0.0,219108094.32604027,0.14042522204029104,0.659574777959709,1e-10,5e+23,504765890.70298094,1,-7.363092015751739,-7.363092015751739,0.0,5.759311537559082,500000000.0,3.1910809432604026,8.649774722092773e-26,0,-1.3801065639582898e-16,0.0,5e-10,1.0,2.191080943254912,1e-08,0,-382567.5087666212,0.0,-96.7656981162412,7.36117e-11,2343.1331848795344,0.0023431331848795343,-3.0399840632147104e-12,-2.8086657053707972e-12,0.0,-2.313183578439133e-13,0.0,0.0
-7.25,-0.2664325857734935,300.0,0.025851999786435535,-1.0,-1.0,-1.0,-15.804451537338801,-0.0027623029121930914,-18.604635564019937,-0.18604635564019936,-2.012706879902598,-12.662272763871355,0.0,-0.036111111111201626,-0.03472222222230925,0.0,4.33,4.28,4.354,4.354,2.0,1.0,16.64,16.0,0.005291772109038001,0.005291772109038001,4.0,10.0,1.0,1.0,0.11,0.3,0.8,1266227276.3871355,201270687.9902598,2.33,3.2800000000000002,0.33102063778049884,0.1345879487151106,1.9989793622195013,3.1454120512848895,0.0,1.549994,2.518931,1.549994,2.518931,0.44898536221950125,0.6264810512848897,1200000.0,1.0,6.588173077926467,22.094440075220636,711522692416.0585,2386199528123.8286,20397.01625474765,71.33264089009673,1,-71.33264089009673,-71.33264089009673,1500,0.0,6.56098198746695,0.11,0.3,3469911125302822.5,3469911125302822.5,1.0,0,4.4456746194884425e-41,-1.5426095821639338e-25,0.0,201270687.9902598,0.1345879487151106,0.6654120512848894,1e-10,5e+23,504765890.70298094,1,-5.396602887967582,-5.396602887967582,0.0,5.76098198746695,500000000.0,3.012706879902598,2.914464783908014e-28,0,-4.390214052856755e-19,0.0,5e-10,1.0,2.012706879897554,1e-08,0,-322813.955876867,0.0,-76.7292437780643,5.35863e-11,1705.7049054010463,0.0017057049054010464,-2.4105202856866717e-12,-2.240981005814868e-12,0.0,-1.6953927987180418e-13,0.0,0.0
-7.0,-0.2572452552295799,300.0,0.025851999786435535,-1.0,-1.0,-1.0,-15.804451537338801,-0.0027623029121930914,-18.35193837075712,-0.1835193837075712,-1.8343328165447896,-12.490759241411922,0.0,-0.036111111111201626,-0.03472222222230925,0.0,4.33,4.28,4.354,4.354,2.0,1.0,16.64,16.0,0.005291772109038001,0.005291772109038001,4.0,10.0,1.0,1.0,0.11,0.3,0.8,1249075924.1411922,183433281.65447897,2.33,3.2800000000000002,0.3287711172572171,0.12848575366015255,2.001228882742783,3.151514246339848,0.0,1.549994,2.518931,1.549994,2.518931,0.451234882742783,0.632583246339848,1200000.0,1.0,6.588173077926467,22.094440075220636,711522692416.0585,2386199528123.8286,18697.190822994307,56.334693757425256,1,-56.334693757425256,-56.334693757425256,1500,0.0,6.562652437374817,0.11,0.3,3469911125302822.5,3469911125302822.5,1.0,0,6.454981876079953e-43,-2.2398213425437915e-27,0.0,183433281.65447897,0.12848575366015255,0.6715142463398475,1e-10,5e+23,504765890.70298094,1,-3.884236822025857,-3.884236822025857,0.0,5.762652437374817,500000000.0,2.83433281654479,3.1785901352818086e-31,0,-4.504591165387387e-22,0.0,5e-10,1.0,1.8343328165401929,1e-08,0,-268131.2983212115,0.0,-60.21893057945111,4.15831e-11,1323.6311828169185,0.0013236311828169185,-1.891833499154374e-12,-1.7698066005055798e-12,0.0,-1.22026898648794e-13,0.0,0.0
-6.75,-0.24805792468566637,300.0,0.025851999786435535,-1.0,-1.0,-1.0,-15.804451537338801,-0.0027623029121930914,-18.09924117749431,-0.1809924117749431,-1.6559587531869853,-12.319245718952494,0.0,-0.036111111111201626,-0.03472222222230925,0.0,4.33,4.28,4.354,4.354,2.0,1.0,16.64,16.0,0.005291772109038001,0.005291772109038001,4.0,10.0,1.0,1.0,0.11,0.3,0.8,1231924571.8952494,165595875.31869853,2.33,3.2800000000000002,0.32650609863907504,0.12207891647575192,2.003493901360925,3.1579210835242484,0.0,1.549994,2.518931,1.549994,2.518931,0.4534999013609251,0.6389900835242486,1200000.0,1.0,6.588173077926467,22.094440075220636,711522692416.0585,2386199528123.8286,17128.752037100494,43.96892120708936,1,-43.96892120708936,-43.96892120708936,1500,0.0,6.564322887282685,0.11,0.3,3469911125302822.5,3469911125302822.5,1.0,0,1.309738168870202e-44,-4.544675043396461e-29,0.0,165595875.31869853,0.12207891647575192,0.6779210835242482,1e-10,5e+23,504765890.70298094,1,-2.7368245238959816,-2.7368245238959816,0.0,5.7643228872826855,500000000.0,2.6559587531869853,2.614353472207863e-34,0,-3.4718074942176313e-25,0.0,5e-10,1.0,1.6559587531828355,1e-08,0,-218519.53609965672,0.0,-46.70574573098534,2.67706e-11,852.1346639071786,0.0008521346639071785,-1.4673042766889641e-12,-1.381324398504604e-12,0.0,-8.597987818436e-14,0.0,0.0
-6.5,-0.2388705941417528,300.0,0.025851999786435535,-1.0,-1.0,-1.0,-15.804451537338801,-0.0027623029121930914,-17.846543984231495,-0.17846543984231494,-1.4775846898291771,-12.147732196493063,0.0,-0.036111111111201626,-0.03472222222230925,0.0,4.33,4.28,4.354,4.354,2.0,1.0,16.64,16.0,0.005291772109038001,0.005291772109038001,4.0,10.0,1.0,1.0,0.11,0.3,0.8,1214773219.6493063,147758468.98291773,2.33,3.2800000000000002,0.3242252571198919,0.115316671830962,2.0057747428801083,3.1646833281690383,0.0,1.549994,2.518931,1.549994,2.518931,0.45578074288010817,0.6457523281690385,1200000.0,1.0,6.588173077926467,22.094440075220636,711522692416.0585,2386199528123.8286,15682.28243942692,33.84894210389579,1,-33.84894210389579,-33.84894210389579,1500,0.0,6.565993337190553,0.11,0.3,3469911125302822.5,3469911125302822.5,1.0,0,3.411702748237699e-46,-1.1838305322336206e-30,0.0,147758468.98291773,0.115316671830962,0.6846833281690381,1e-10,5e+23,504765890.70298094,1,-1.8799621691939004,-1.8799621691939004,0.0,5.765993337190553,500000000.0,2.477584689829177,1.2087607446001287e-36,0,-1.4974035572438974e-27,0.0,5e-10,1.0,1.4775846898254743,1e-08,0,-173978.66921220065,0.0,-35.72890427308969,1.89724e-11,603.9102484633349,0.0006039102484633349,-1.1224566318515155e-12,-1.0633958784538526e-12,0.0,-5.90607533976629e-14,0.0,0.0
-6.25,-0.22968326359783922,300.0,0.025851999786435535,-1.0,-1.0,-1.0,-15.804451537338801,-0.0027623029121930914,-17.593846790968684,-0.17593846790968684,-1.2992106264713708,-11.976218674033635,0.0,-0.036111111111201626,-0.03472222222230925,0.0,4.33,4.28,4.354,4.354,2.0,1.0,16.64,16.0,0.005291772109038001,0.005291772109038001,4.0,10.0,1.0,1.0,0.11,0.3,0.8,1197621867.4033635,129921062.64713708,2.33,3.2800000000000002,0.3219282563870569,0.1081323622069081,2.008071743612943,3.1718676377930923,0.0,1.549994,2.518931,1.549994,2.518931,0.45807774361294284,0.6529366377930925,1200000.0,1.0,6.588173077926467,22.094440075220636,711522692416.0585,2386199528123.8286,14348.990806172022,25.636221205817513,1,-25.636221205817513,-25.636221205817513,1500,0.0,6.56766378709842,0.11,0.3,3469911125302822.5,3469911125302822.5,1.0,0,1.0838308009200955e-47,-3.760796554058508e-32,0.0,129921062.64713708,0.1081323622069081,0.6918676377930919,1e-10,5e+23,504765890.70298094,1,-1.2519448611464052,-1.2519448611464052,0.0,5.76766378709842,500000000.0,2.2992106264713708,1.113760778036631e-38,0,-1.2803853081044218e-29,0.0,5e-10,1.0,1.299210626468115,1e-08,0,-134508.69765884467,0.0,-26.88816606696392,1.26038e-11,401.1914143483261,0.00040119141434832606,-8.447166498447622e-13,-8.053856420599917e-13,0.0,-3.9331007784770406e-14,0.0,0.0
-6.0,-0.22049593305392565,300.0,0.025851999786435535,-1.0,-1.0,-1.0,-15.804451537338801,-0.0027623029121930914,-17.34114959770587,-0.17341149597705868,-1.120836563113564,-11.804705151574206,0.0,-0.036111111111201626,-0.03472222222230925,0.0,4.33,4.28,4.354,4.354,2.0,1.0,16.64,16.0,0.005291772109038001,0.005291772109038001,4.0,10.0,1.0,1.0,0.11,0.3,0.8,1180470515.1574206,112083656.3113564,2.33,3.2800000000000002,0.31961474804264156,0.10043545544638183,2.0103852519573584,3.1795645445536183,0.0,1.549994,2.518931,1.549994,2.518931,0.4603912519573583,0.6606335445536184,1200000.0,1.0,6.588173077926467,22.094440075220636,711522692416.0585,2386199528123.8286,13120.673476902117,19.034946814007505,1,-19.034946814007505,-19.034946814007505,1500,0.0,6.569334237006289,0.11,0.3,3469911125302822.5,3469911125302822.5,1.0,0,4.056568751059389e-49,-1.407593303985675e-33,0.0,112083656.3113564,0.10043545544638183,0.6995645445536183,1e-10,5e+23,504765890.70298094,1,-0.8019468482552587,-0.8019468482552587,0.0,5.769334237006289,500000000.0,2.120836563113564,1.5727149371394049e-40,0,-1.66773567102005e-31,0.0,5e-10,1.0,1.1208365631107553,1e-08,0,-100109.62143958837,0.0,-19.836893662262764,9.4227e-12,299.9338564544004,0.0002999338564544004,-6.231943939940663e-13,-5.980004907235842e-13,0.0,-2.51939032704821e-14,0.0,0.0
-5.75,-0.2113086025100121,300.0,0.025851999786435535,-1.0,-1.0,-1.0,-15.804451537338801,-0.0027623029121930914,-17.088452404443053,-0.17088452404443052,-0.9424624997557578,-11.633191629114776,0.0,-0.036111111111201626,-0.03472222222230925,0.0,4.33,4.28,4.354,4.354,2.0,1.0,16.64,16.0,0.005291772109038001,0.005291772109038001,4.0,10.0,1.0,1.0,0.11,0.3,0.8,1163319162.9114776,94246249.97557577,2.33,3.2800000000000002,0.31728437098652035,0.09209752257796264,2.0127156290134796,3.1879024774220377,0.0,1.549994,2.518931,1.549994,2.518931,0.46272162901347946,0.6689714774220379,1200000.0,1.0,6.588173077926467,22.094440075220636,711522692416.0585,2386199528123.8286,11989.67790473482,13.787342376351791,1,-13.787342376351791,-13.787342376351791,1500,0.0,6.571004686914156,0.11,0.3,3469911125302822.5,3469911125302822.5,1.0,0,1.7449339416159394e-50,-6.054765696931654e-35,0.0,94246249.97557577,0.09209752257796264,0.7079024774220374,1e-10,5e+23,504765890.70298094,1,-0.48842317978218186,-0.48842317978218186,0.0,5.771004686914156,500000000.0,1.9424624997557578,3.0232419478936316e-42,0,-2.936267055735965e-33,0.0,5e-10,1.0,0.9424624997533959,1e-08,0,-70781.44055443176,0.0,-14.275765556133972,6.4708e-12,205.97196115180725,0.00020597196115180726,-4.48486401955207e-13,-4.331421352207403e-13,0.0,-1.5344266734466695e-14,0.0,0.0
-5.5,-0.20212127196609853,300.0,0.025851999786435535,-1.0,-1.0,-1.0,-15.804451537338801,-0.0027623029121930914,-16.835755211180246,-0.16835755211180245,-0.7640884363979529,-11.461678106655349,0.0,-0.036111111111201626,-0.03472222222230925,0.0,4.33,4.28,4.354,4.354,2.0,1.0,16.64,16.0,0.005291772109038001,0.005291772109038001,4.0,10.0,1.0,1.0,0.11,0.3,0.8,1146167810.665535,76408843.63979529,2.33,3.2800000000000002,0.31493675075840627,0.08292542806205186,2.0150632492415936,3.1970745719379483,0.0,1.549994,2.518931,1.549994,2.518931,0.46506924924159354,0.6781435719379485,1200000.0,1.0,6.588173077926467,22.094440075220636,711522692416.0585,2386199528123.8286,10948.868308372523,9.66932492168879,1,-9.66932492168879,-9.66932492168879,1500,0.0,6.572675136822023,0.11,0.3,3469911125302822.5,3469911125302822.5,1.0,0,8.466383690573943e-52,-2.9377598959004896e-36,0.0,76408843.63979529,0.08292542806205186,0.7170745719379482,1e-10,5e+23,504765890.70298094,1,-0.27770992993796306,-0.27770992993796306,0.0,5.7726751368220235,500000000.0,1.764088436397953,7.387466243654809e-44,0,-6.516071887355835e-35,0.0,5e-10,1.0,0.7640884363960381,1e-08,0,-46524.15500337501,0.0,-9.947034851626753,4.7689e-12,151.79880162218794,0.00015179880162218793,-3.124953161487225e-13,-3.037708013915021e-13,0.0,-8.72451475722041e-15,0.0,0.0
-5.25,-0.19293394142218495,300.0,0.025851999786435535,-1.0,-1.0,-1.0,-15.804451537338801,-0.0027623029121930914,-16.58305801791743,-0.1658305801791743,-0.5857143730401465,-11.290164584195917,0.0,-0.036111111111201626,-0.03472222222230925,0.0,4.33,4.28,4.354,4.354,2.0,1.0,16.64,16.0,0.005291772109038001,0.005291772109038001,4.0,10.0,1.0,1.0,0.11,0.3,0.8,1129016458.4195917,58571437.30401465,2.33,3.2800000000000002,0.3125714988354074,0.07260371597618626,2.0174285011645927,3.207396284023814,0.0,1.549994,2.518931,1.549994,2.518931,0.4674345011645926,0.6884652840238141,1200000.0,1.0,6.588173077926467,22.094440075220636,711522692416.0585,2386199528123.8286,9991.593313123452,6.486329741763692,1,-6.486329741763692,-6.486329741763692,1500,0.0,6.5743455867298914,0.11,0.3,3469911125302822.5,3469911125302822.5,1.0,0,4.566479803958113e-53,-1.5845279075224906e-37,0.0,58571437.30401465,0.07260371597618626,0.7273962840238137,1e-10,5e+23,504765890.70298094,1,-0.14280273715269545,-0.14280273715269545,0.0,5.774345586729892,500000000.0,1.5857143730401466,2.1941405872027247e-45,0,-1.739640132799054e-36,0.0,5e-10,1.0,0.5857143730386787,1e-08,0,-27337.764786417698,0.0,-6.629132478916388,3.3149e-12,105.51654417106477,0.00010551654417106476,-2.082603389543722e-13,-2.0377405865485796e-13,0.0,-4.4862802995142226e-15,0.0,0.0
-5.0,-0.18374661087827138,300.0,0.025851999786435535,-1.0,-1.0,-1.0,-15.804451537338801,-0.0027623029121930914,-16.33036082465462,-0.1633036082465462,-0.40734030968234003,-11.118651061736491,0.0,-0.036111111111201626,-0.03472222222230925,0.0,4.33,4.28,4.354,4.354,2.0,1.0,16.64,16.0,0.005291772109038001,0.005291772109038001,4.0,10.0,1.0,1.0,0.11,0.3,0.8,1111865106.173649,40734030.968234,2.33,3.2800000000000002,0.3101882118813733,0.060547275147828976,2.0198117881186266,3.219452724852171,0.0,1.549994,2.518931,1.549994,2.518931,0.4698177881186265,0.7005217248521713,1200000.0,1.0,6.588173077926467,22.094440075220636,711522692416.0585,2386199528123.8286,9111.655473698573,4.068738058396566,1,-4.068738058396566,-4.068738058396566,1500,0.0,6.576016036637759,0.11,0.3,3469911125302822.5,3469911125302822.5,1.0,0,2.7061885089860654e-54,-9.390233614497406e-39,0.0,40734030.968234,0.060547275147828976,0.7394527248521711,1e-10,5e+23,504765890.70298094,1,-0.06229723164579075,-0.06229723164579075,0.0,5.776016036637759,500000000.0,1.40734030968234,7.675009308243931e-47,0,-5.400674988339428e-38,0.0,5e-10,1.0,0.40734030968131923,1e-08,0,-13222.269903560049,0.0,-4.131035290042357,2.3554e-12,74.97471059173004,7.497471059173005e-05,-1.297803011891725e-13,-1.2782317593639854e-13,0.0,-1.957125252773978e-15,0.0,0.0
-4.75,-0.1745592803343578,300.0,0.025851999786435535,-1.0,-1.0,-1.0,-15.804451537338801,-0.0027623029121930914,-16.0776636313918,-0.160776636313918,-0.22896624632453177,-10.94713753927706,0.0,-0.036111111111201626,-0.03472222222230925,0.0,4.33,4.28,4.354,4.354,2.0,1.0,16.64,16.0,0.005291772109038001,0.005291772109038001,4.0,10.0,1.0,1.0,0.11,0.3,0.8,1094713753.927706,22896624.632453177,2.33,3.2800000000000002,0.307786470943923,0.04539433314966832,2.022213529056077,3.234605666850332,0.0,1.549994,2.518931,1.549994,2.518931,0.4722195290560769,0.7156746668503322,1200000.0,1.0,6.588173077926467,22.094440075220636,711522692416.0585,2386199528123.8286,8303.282576962294,2.2641307836581217,1,-2.2641307836581217,-2.2641307836581217,1500,0.0,6.577686486545627,0.11,0.3,3469911125302822.5,3469911125302822.5,1.0,0,1.745337817641004e-55,-6.056167110844269e-40,0.0,22896624.632453177,0.04539433314966832,0.7546056668503317,1e-10,5e+23,504765890.70298094,1,-0.019486085391031433,-0.019486085391031433,0.0,5.777686486545627,500000000.0,1.2289662463245317,3.088750236052452e-48,0,-1.897984891717697e-39,0.0,5e-10,1.0,0.228966246323958,1e-08,0,-4177.670354802003,0.0,-2.283616869049153,1.4452e-12,46.00214475128142,4.600214475128142e-05,-7.174193979418544e-14,-7.112976636706857e-14,0.0,-6.121734271168775e-16,0.0,0.0
-4.5,-0.16537194979044426,300.0,0.025851999786435535,-1.0,-1.0,-1.0,-15.804451537338801,-0.0027623029121930914,-15.824966438128993,-0.15824966438128993,-0.05059218296672711,-10.775624016817632,0.0,-0.036111111111201626,-0.03472222222230925,0.0,4.33,4.28,4.354,4.354,2.0,1.0,16.64,16.0,0.005291772109038001,0.005291772109038001,4.0,10.0,1.0,1.0,0.11,0.3,0.8,1077562401.6817632,5059218.296672711,2.33,3.2800000000000002,0.30536584059462996,0.02133819196603307,2.02463415940537,3.2586618080339673,0.0,1.549994,2.518931,1.549994,2.518931,0.47464015940536997,0.7397308080339675,1200000.0,1.0,6.588173077926467,22.094440075220636,711522692416.0585,2386199528123.8286,7561.100627958346,0.8928451098543717,1,-0.8928451098543717,-0.8928451098543717,1500,0.0,6.579356936453494,0.11,0.3,3469911125302822.5,3469911125302822.5,1.0,0,1.215329651469344e-56,-4.2170858785438785e-41,0.0,5059218.296672711,0.02133819196603307,0.778661808033967,1e-10,5e+23,504765890.70298094,1,-0.0016978963341837845,-0.0016978963341837845,0.0,5.779356936453494,500000000.0,1.050592182966727,1.4046240434826571e-49,0,-7.378435200449979e-41,0.0,5e-10,1.0,0.05059218296660032,1e-08,0,-203.9661401437613,0.0,-0.8945430061885555,9.432925e-13,30.02593283130233,3.0025932831302333e-05,-2.8102897365620953e-14,-2.8049556379120662e-14,0.0,-5.334098650028818e-17,0.0,0.0
-4.25,-0.15618461924653068,300.0,0.025851999786435535,-1.0,-1.0,1.0,-15.804451537338801,-0.0027623029121930914,-15.572269244866176,-0.15572269244866177,0.12778188039108107,-10.6041104943582,0.0,-0.036111111111201626,-0.03472222222230925,0.0,4.33,4.28,4.354,4.354,2.0,1.0,16.64,16.0,0.005291772109038001,0.005291772109038001,4.0,10.0,1.0,1.0,0.11,0.3,0.8,1060411049.4358199,12778188.039108107,2.33,3.2800000000000002,0.30292586800736504,0.03391177685324896,2.027074131992635,3.246088223146751,0.0,1.549994,2.518931,1.549994,2.518931,0.47708013199263477,0.7271572231467514,1200000.0,1.0,6.588173077926467,22.094440075220636,711522692416.0585,2386199528123.8286,6880.108427418813,1.4521218281404809,1,-1.4521218281404809,-1.4521218281404809,1500,0.0,6.581027386361362,0.11,0.3,3469911125302822.5,3469911125302822.5,1.0,0,9.075853572272822e-58,-3.149240528204883e-42,0.0,12778188.039108107,0.03391177685324896,0.7660882231467511,1e-10,5e+23,504765890.70298094,1,0.006974674685920697,0.006974674685920697,0.0,5.781027386361362,500000000.0,1.127781880391081,7.11574503766712e-51,0,-4.012504159481864e-42,0.0,5e-10,1.0,0.12778188039076085,1e-08,0,-1301.1572595851615,0.0,-1.4451471534545601,5.996871e-13,19.088633254688748,1.9088633254688746e-05,-4.540063680649048e-14,-4.561975267403515e-14,0.0,2.1911586754467162e-16,0.0,0.0
-4.0,-0.1469972887026171,300.0,0.025851999786435535,-1.0,-1.0,1.0,-15.804451537338801,-0.0027623029121930914,-15.319572051603362,-0.1531957205160336,0.3061559437488876,-10.432596971898771,0.0,-0.036111111111201626,-0.03472222222230925,0.0,4.33,4.28,4.354,4.354,2.0,1.0,16.64,16.0,0.005291772109038001,0.005291772109038001,4.0,10.0,1.0,1.0,0.11,0.3,0.8,1043259697.1898772,30615594.37488876,2.33,3.2800000000000002,0.3004660819692735,0.05249129123072101,2.029533918030727,3.227508708769279,0.0,1.549994,2.518931,1.549994,2.518931,0.4795399180307267,0.7085777087692793,1200000.0,1.0,6.588173077926467,22.094440075220636,711522692416.0585,2386199528123.8286,6255.653653634326,2.9793749221207313,1,-2.9793749221207313,-2.9793749221207313,1500,0.0,6.582697836269229,0.11,0.3,3469911125302822.5,3469911125302822.5,1.0,0,7.227177536301394e-59,-2.507766373775085e-43,0.0,30615594.37488876,0.05249129123072101,0.747508708769279,1e-10,5e+23,504765890.70298094,1,0.034286209989368994,0.034286209989368994,0.0,5.78269783626923,500000000.0,1.3061559437488877,3.9696079519854526e-52,0,-2.5924635104193236e-43,0.0,5e-10,1.0,0.3061559437481204,1e-08,0,-7469.24371312625,0.0,-2.9450887121313625,3.903802e-13,12.426187703040544,1.2426187703040544e-05,-9.252269062202114e-14,-9.359982367624152e-14,0.0,1.0771330542203862e-15,0.0,0.0
-3.75,-0.13780995815870353,300.0,0.025851999786435535,-1.0,-1.0,1.0,-15.804451537338801,-0.0027623029121930914,-15.066874858340553,-0.15066874858340554,0.48453000710669225,-10.261083449439344,0.0,-0.036111111111201626,-0.03472222222230925,0.0,4.33,4.28,4.354,4.354,2.0,1.0,16.64,16.0,0.005291772109038001,0.005291772109038001,4.0,10.0,1.0,1.0,0.11,0.3,0.8,1026108344.9439343,48453000.71066923,2.33,3.2800000000000002,0.29798599181826785,0.06603531404326148,2.0320140081817324,3.213964685956739,0.0,1.549994,2.518931,1.549994,2.518931,0.4820200081817323,0.695033685956739,1200000.0,1.0,6.588173077926467,22.094440075220636,711522692416.0585,2386199528123.8286,5683.410366003059,5.031004745330369,1,-5.031004745330369,-5.031004745330369,1500,0.0,6.584368286177097,0.11,0.3,3469911125302822.5,3469911125302822.5,1.0,0,6.106413899211423e-60,-2.1188713524577505e-44,0.0,48453000.71066923,0.06603531404326148,0.7339646859567386,1e-10,5e+23,504765890.70298094,1,0.09162775220337022,0.09162775220337022,0.0,5.784368286177097,500000000.0,1.4845300071066923,2.415468152256101e-53,0,-1.7929174766173692e-44,0.0,5e-10,1.0,0.484530007105478,1e-08,0,-18708.225500766872,0.0,-4.939376993126999,1.372696e-13,4.369427075249447,4.369427075249446e-06,-1.5517510474918224e-13,-1.5805367548105278e-13,0.0,2.8785707318705387e-15,0.0,0.0
-3.5,-0.12862262761478996,300.0,0.025851999786435535,-1.0,-1.0,1.0,-15.804451537338801,-0.0027623029121930914,-14.814177665077738,-0.14814177665077738,0.6629040704644987,-10.089569926979914,0.0,-0.036111111111201626,-0.03472222222230925,0.0,4.33,4.28,4.354,4.354,2.0,1.0,16.64,16.0,0.005291772109038001,0.005291772109038001,4.0,10.0,1.0,1.0,0.11,0.3,0.8,1008956992.6979914,66290407.04644987,2.33,3.2800000000000002,0.29548508630025205,0.07723981969499916,2.034514913699748,3.202760180305001,0.0,1.549994,2.518931,1.549994,2.518931,0.4845209136997479,0.6838291803050014,1200000.0,1.0,6.588173077926467,22.094440075220636,711522692416.0585,2386199528123.8286,5159.357851805124,7.760364807160752,1,-7.760364807160752,-7.760364807160752,1500,0.0,6.586038736084966,0.11,0.3,3469911125302822.5,3469911125302822.5,1.0,0,5.450852980307345e-61,-1.8913975398758503e-45,0.0,66290407.04644987,0.07723981969499916,0.7227601803050009,1e-10,5e+23,504765890.70298094,1,0.19336793114766412,0.19336793114766412,0.0,5.786038736084966,500000000.0,1.6629040704644988,1.5904154489932866e-54,0,-1.32235416193028e-45,0.0,5e-10,1.0,0.6629040704628375,1e-08,0,-35018.10262250726,0.0,-7.5669968760130875,9.59233e-14,3.0533334705373605,3.0533334705373604e-06,-2.3772421795419634e-13,-2.4379905067352993e-13,0.0,6.074832719333586e-15,0.0,0.0
-3.25,-0.1194352970708764,300.0,0.025851999786435535,-1.0,-1.0,1.0,-15.804451537338801,-0.0027623029121930914,-14.561480471814926,-0.14561480471814925,0.8412781338223052,-9.918056404520485,0.0,-0.036111111111201626,-0.03472222222230925,0.0,4.33,4.28,4.354,4.354,2.0,1.0,16.64,16.0,0.005291772109038001,0.005291772109038001,4.0,10.0,1.0,1.0,0.11,0.3,0.8,991805640.4520484,84127813.38223052,2.33,3.2800000000000002,0.2929628323385375,0.08701331387919779,2.0370371676614627,3.1929866861208023,0.0,1.549994,2.518931,1.549994,2.518931,0.4870431676614626,0.6740556861208025,1200000.0,1.0,6.588173077926467,22.094440075220636,711522692416.0585,2386199528123.8286,4679.760741781655,11.325818912320548,1,-11.325818912320548,-11.325818912320548,1500,0.0,6.587709185992833,0.11,0.3,3469911125302822.5,3469911125302822.5,1.0,0,5.121006068540234e-62,-1.7769435929971027e-46,0.0,84127813.38223052,0.08701331387919779,0.7129866861208023,1e-10,5e+23,504765890.70298094,1,0.3581466077072204,0.3581466077072204,0.0,5.787709185992833,500000000.0,1.8412781338223052,1.1254538973198722e-55,0,-1.0361368258800872e-46,0.0,5e-10,1.0,0.841278133820197,1e-08,0,-56398.87507834731,0.0,-10.967672304613327,2.54115e-14,0.8088731672759396,8.088731672759396e-07,-3.445595873915347e-13,-3.558110949083458e-13,0.0,1.1251507516811092e-14,0.0,0.0
-3.0,-0.11024796652696282,300.0,0.025851999786435535,-1.0,-1.0,1.0,-15.804451537338801,-0.0027623029121930914,-14.308783278552111,-0.14308783278552112,1.0196521971801134,-9.746542882061055,0.0,-0.036111111111201626,-0.03472222222230925,0.0,4.33,4.28,4.354,4.354,2.0,1.0,16.64,16.0,0.005291772109038001,0.005291772109038001,4.0,10.0,1.0,1.0,0.11,0.3,0.8,974654288.2061055,101965219.71801133,2.33,3.2800000000000002,0.2904186737070615,0.09579480068335457,2.0395813262929385,3.184205199316646,0.0,1.549994,2.518931,1.549994,2.518931,0.48958732629293844,0.665274199316646,1200000.0,1.0,6.588173077926467,22.094440075220636,711522692416.0585,2386199528123.8286,4241.150323929931,15.907139836197791,1,-15.907139836197791,-15.907139836197791,1500,0.0,6.5893796359007,0.11,0.3,3469911125302822.5,3469911125302822.5,1.0,0,5.04661414106289e-63,-1.751130255318467e-47,0.0,101965219.71801133,0.09579480068335457,0.7042051993166455,1e-10,5e+23,504765890.70298094,1,0.6096713483887618,0.6096713483887618,0.0,5.7893796359007,500000000.0,2.0196521971801134,8.509835916440294e-57,0,-8.593454403140442e-48,0.0,5e-10,1.0,1.019652197177558,1e-08,0,-82850.54286828732,0.0,-15.297468487809029,-3.112657e-13,-9.907894953991793,-9.907894953991791e-06,-4.805841461982221e-13,-4.997375364902453e-13,0.0,1.9153390292023175e-14,0.0,0.0
-2.75,-0.10106063598304926,300.0,0.025851999786435535,-1.0,-1.0,1.0,-15.804451537338801,-0.0027623029121930914,-14.0560860852893,-0.140560860852893,1.1980262605379182,-9.575029359601626,0.0,-0.036111111111201626,-0.03472222222230925,0.0,4.33,4.28,4.354,4.354,2.0,1.0,16.64,16.0,0.005291772109038001,0.005291772109038001,4.0,10.0,1.0,1.0,0.11,0.3,0.8,957502935.9601625,119802626.05379182,2.33,3.2800000000000002,0.2878520295980545,0.10383626959635746,2.0421479704019454,3.1761637304036427,0.0,1.549994,2.518931,1.549994,2.518931,0.4921539704019453,0.6572327304036429,1200000.0,1.0,6.588173077926467,22.094440075220636,711522692416.0585,2386199528123.8286,3840.3069885781674,21.711150152365192,1,-21.711150152365192,-21.711150152365192,1500,0.0,6.591050085808568,0.11,0.3,3469911125302822.5,3469911125302822.5,1.0,0,5.2011552103245187e-64,-1.804754632873179e-48,0.0,119802626.05379182,0.10383626959635746,0.6961637304036425,1e-10,5e+23,504765890.70298094,1,0.9776891513627307,0.9776891513627307,0.0,5.7910500858085685,500000000.0,2.198026260537918,6.840625634581078e-58,0,-7.517937391659033e-49,0.0,5e-10,1.0,1.198026260534916,1e-08,0,-114373.10599232644,0.0,-20.73346100100246,-4.5601e-14,-1.4515249119867037,-1.4515249119867036e-06,-6.513608876423981e-13,-6.820758981965541e-13,0.0,3.0715010554155944e-14,0.0,0.0
-2.5,-0.09187330543913569,300.0,0.025851999786435535,-1.0,-1.0,1.0,-15.804451537338801,-0.0027623029121930914,-13.803388892026485,-0.13803388892026486,1.3764003238957263,-9.403515837142194,0.0,-0.036111111111201626,-0.03472222222230925,0.0,4.33,4.28,4.354,4.354,2.0,1.0,16.64,16.0,0.005291772109038001,0.005291772109038001,4.0,10.0,1.0,1.0,0.11,0.3,0.8,940351583.7142195,137640032.38957262,2.33,3.2800000000000002,0.2852622930737076,0.11129823866266372,2.0447377069262926,3.1687017613373367,0.0,1.549994,2.518931,1.549994,2.518931,0.49474370692629255,0.6497707613373369,1200000.0,1.0,6.588173077926467,22.094440075220636,711522692416.0585,2386199528123.8286,3474.2437412802087,28.97599739756391,1,-28.97599739756391,-28.97599739756391,1500,0.0,6.592720535716436,0.11,0.3,3469911125302822.5,3469911125302822.5,1.0,0,5.591017110402598e-65,-1.940033247314441e-49,0.0,137640032.38957262,0.11129823866266372,0.6887017613373363,1e-10,5e+23,504765890.70298094,1,1.499114440430464,1.499114440430464,0.0,5.792720535716436,500000000.0,2.3764003238957265,5.820118904640192e-59,0,-6.915466225049296e-50,0.0,5e-10,1.0,1.376400323892277,1e-08,0,-150966.56445046587,0.0,-27.476882957133444,7.33967e-14,2.3362895223265827,2.3362895223265827e-06,-8.632117364167702e-13,-9.103078055462375e-13,0.0,4.709606912946719e-14,0.0,0.0
-2.25,-0.08268597489522213,300.0,0.025851999786435535,-1.0,-1.0,1.0,-15.804451537338801,-0.0027623029121930914,-13.55069169876367,-0.1355069169876367,1.5547743872535327,-9.232002314682767,0.0,-0.036111111111201626,-0.03472222222230925,0.0,4.33,4.28,4.354,4.354,2.0,1.0,16.64,16.0,0.005291772109038001,0.005291772109038001,4.0,10.0,1.0,1.0,0.11,0.3,0.8,923200231.4682766,155477438.72535327,2.33,3.2800000000000002,0.28264882939014707,0.1182904263883391,2.047351170609853,3.161709573611661,0.0,1.549994,2.518931,1.549994,2.518931,0.49735717060985274,0.6427785736116611,1200000.0,1.0,6.588173077926467,22.094440075220636,711522692416.0585,2386199528123.8286,3140.1907233754646,37.97536684351218,1,-37.97536684351218,-37.97536684351218,1500,0.0,6.594390985624304,0.11,0.3,3469911125302822.5,3469911125302822.5,1.0,0,6.25353366475836e-66,-2.1699206035800763e-50,0.0,155477438.72535327,0.1182904263883391,0.681709573611661,1e-10,5e+23,504765890.70298094,1,2.2193253964293973,2.2193253964293973,0.0,5.794390985624304,500000000.0,2.5547743872535325,5.220808660820433e-60,0,-6.66899412370773e-51,0.0,5e-10,1.0,1.5547743872496365,1e-08,0,-192630.91824270468,0.0,-35.75604144708278,4.88036e-14,1.5534668361359245,1.5534668361359244e-06,-1.1233091713160743e-12,-1.1930313349295528e-12,0.0,6.972216361347851e-14,0.0,0.0
-2.0,-0.07349864435130855,300.0,0.025851999786435535,-1.0,-1.0,1.0,-15.804451537338801,-0.0027623029121930914,-13.297994505500856,-0.13297994505500857,1.733148450611339,-9.060488792223337,0.0,-0.036111111111201626,-0.03472222222230925,0.0,4.33,4.28,4.354,4.354,2.0,1.0,16.64,16.0,0.005291772109038001,0.005291772109038001,4.0,10.0,1.0,1.0,0.11,0.3,0.8,906048879.2223337,173314845.0611339,2.33,3.2800000000000002,0.2800109741806044,0.12489176122090233,2.0499890258193956,3.155108238779098,0.0,1.549994,2.518931,1.549994,2.518931,0.4999950258193955,0.6361772387790983,1200000.0,1.0,6.588173077926467,22.094440075220636,711522692416.0585,2386199528123.8286,2835.5806832065587,49.022959072302406,1,-49.022959072302406,-49.022959072302406,1500,0.0,6.596061435532172,0.11,0.3,3469911125302822.5,3469911125302822.5,1.0,0,7.261999419847021e-67,-2.519849257886982e-51,0.0,173314845.0611339,0.12489176122090233,0.6751082387790978,1e-10,5e+23,504765890.70298094,1,3.193647013299817,3.193647013299817,0.0,5.796061435532172,500000000.0,2.733148450611339,4.920545111550748e-61,0,-6.724290123899062e-52,0.0,5e-10,1.0,1.7331484506069958,1e-08,0,-239366.16736904313,0.0,-45.82931205900259,-1.015524e-13,-3.2325132885690784,-3.232513288569078e-06,-1.4397703008363666e-12,-1.5401016807877836e-12,0.0,1.0033137995141691e-13,0.0,0.0
-1.75,-0.06431131380739498,300.0,0.025851999786435535,-1.0,-1.0,1.0,-15.804451537338801,-0.0027623029121930914,-13.045297312238047,-0.13045297312238047,1.911522513969144,-8.88897526976391,0.0,-0.036111111111201626,-0.03472222222230925,0.0,4.33,4.28,4.354,4.354,2.0,1.0,16.64,16.0,0.005291772109038001,0.005291772109038001,4.0,10.0,1.0,1.0,0.11,0.3,0.8,888897526.976391,191152251.39691442,2.33,3.2800000000000002,0.2773480314830479,0.13116127121442017,2.052651968516952,3.14883872878558,0.0,1.549994,2.518931,1.549994,2.518931,0.5026579685169519,0.6299077287855801,1200000.0,1.0,6.588173077926467,22.094440075220636,711522692416.0585,2386199528123.8286,2558.0353439819364,62.47735776305769,1,-62.47735776305769,-62.47735776305769,1500,0.0,6.597731885440039,0.11,0.3,3469911125302822.5,3469911125302822.5,1.0,0,8.738203884919056e-68,-3.032079087544498e-52,0.0,191152251.39691442,0.13116127121442017,0.6688387287855799,1e-10,5e+23,504765890.70298094,1,4.48904231755635,4.48904231755635,0.0,5.797731885440039,500000000.0,2.9115225139691443,4.85757356427417e-62,0,-7.071467397822794e-53,0.0,5e-10,1.0,1.911522513964354,1e-08,0,-291172.31182948087,0.0,-57.98831544550134,-2.230171e-13,-7.098854771803906,-7.0988547718039065e-06,-1.8217566579763457e-12,-1.962784081641233e-12,0.0,1.4102742366488728e-13,0.0,0.0
-1.5,-0.05512398326348141,300.0,0.025851999786435535,-1.0,-1.0,1.0,-15.804451537338801,-0.0027623029121930914,-12.792600118975233,-0.12792600118975234,2.0898965773269507,-8.71746174730448,0.0,-0.036111111111201626,-0.03472222222230925,0.0,4.33,4.28,4.354,4.354,2.0,1.0,16.64,16.0,0.005291772109038001,0.005291772109038001,4.0,10.0,1.0,1.0,0.11,0.3,0.8,871746174.730448,208989657.73269507,2.33,3.2800000000000002,0.27465927159568515,0.137144471679709,2.055340728404315,3.1428555283202915,0.0,1.549994,2.518931,1.549994,2.518931,0.5053467284043147,0.6239245283202917,1200000.0,1.0,6.588173077926467,22.094440075220636,711522692416.0585,2386199528123.8286,2305.352617114903,78.74735916477596,1,-78.74735916477596,-78.74735916477596,1500,0.0,6.599402335347906,0.11,0.3,3469911125302822.5,3469911125302822.5,1.0,0,1.0875228625979658e-68,-3.7736076799498545e-53,0.0,208989657.73269507,0.137144471679709,0.662855528320291,1e-10,5e+23,504765890.70298094,1,6.186035679826129,6.186035679826129,0.0,5.7994023353479065,500000000.0,3.0898965773269507,5.009048157396737e-63,0,-7.738720378603023e-54,0.0,5e-10,1.0,2.089896577321713,1e-08,0,-348049.3516240185,0.0,-72.56132348494982,3.04684e-14,0.9698392936202207,9.698392936202207e-07,-2.279581207950709e-12,-2.47392125041657e-12,0.0,1.943400424658611e-13,0.0,0.0
-1.25,-0.045936652719567844,300.0,0.025851999786435535,-1.0,-1.0,1.0,-15.804451537338801,-0.0027623029121930914,-12.53990292571242,-0.1253990292571242,2.268270640684757,-8.54594822484505,0.0,-0.036111111111201626,-0.03472222222230925,0.0,4.33,4.28,4.354,4.354,2.0,1.0,16.64,16.0,0.005291772109038001,0.005291772109038001,4.0,10.0,1.0,1.0,0.11,0.3,0.8,854594822.484505,226827064.0684757,2.33,3.2800000000000002,0.271943928741612,0.14287733605449926,2.058056071258388,3.137122663945501,0.0,1.549994,2.518931,1.549994,2.518931,0.5080620712583881,0.6181916639455012,1200000.0,1.0,6.588173077926467,22.094440075220636,711522692416.0585,2386199528123.8286,2075.494612580505,98.29781881210418,1,-98.29781881210418,-98.29781881210418,1500,0.0,6.6010727852557745,0.11,0.3,3469911125302822.5,3469911125302822.5,1.0,0,1.3976114767771692e-69,-4.8495876121200064e-54,0.0,226827064.0684757,0.14287733605449926,0.6571226639455008,1e-10,5e+23,504765890.70298094,1,8.38089462370231,8.38089462370231,0.0,5.801072785255775,500000000.0,3.268270640684757,5.3819279494640215e-64,0,-8.794798553756989e-55,0.0,5e-10,1.0,2.2682706406790727,1e-08,0,-409997.286752656,0.0,-89.91692418840188,-6.97053e-14,-2.2187886109406985,-2.2187886109406985e-06,-2.8248234846367374e-12,-3.0881170544400707e-12,0.0,2.6329356980333375e-13,0.0,0.0
-1.0,-0.03674932217565428,300.0,0.025851999786435535,-1.0,-1.0,1.0,-15.804451537338801,-0.0027623029121930914,-12.287205732449607,-0.12287205732449608,2.4466447040425634,-8.37443470238562,0.0,-0.036111111111201626,-0.03472222222230925,0.0,4.33,4.28,4.354,4.354,2.0,1.0,16.64,16.0,0.005291772109038001,0.005291772109038001,4.0,10.0,1.0,1.0,0.11,0.3,0.8,837443470.2385621,244664470.40425634,2.33,3.2800000000000002,0.26920119852142854,0.1483888816716203,2.0607988014785716,3.13161111832838,0.0,1.549994,2.518931,1.549994,2.518931,0.5108048014785715,0.6126801183283801,1200000.0,1.0,6.588173077926467,22.094440075220636,711522692416.0585,2386199528123.8286,1866.576400404341,121.65606706661988,1,-121.65606706661988,-121.65606706661988,1500,0.0,6.657435411545288,0.11,0.3,3469911125302822.5,3469911125302822.5,1.0,0,1.8518537886966253e-70,-6.425768063832603e-55,0.0,244664470.40425634,0.1483888816716203,0.6516111183283797,1e-10,5e+23,504765890.70298094,1,11.188099151640913,11.188099151640913,0.0,5.857435411545288,500000000.0,3.4466447040425634,6.011555731341704e-65,0,-1.0359848362242804e-55,0.0,5e-10,1.0,2.446644704036432,1e-08,0,-477016.11721539294,0.0,-110.46796791497897,-1.784002e-13,-5.678654735716549,-5.6786547357165485e-06,-3.4704535645869093e-12,-3.821938065611202e-12,0.0,3.514845010242929e-13,0.0,0.0
-0.75,-0.027561991631740706,300.0,0.025851999786435535,-0.999999999999497,-1.0,1.0,-15.804451537338801,-0.0027623029121930914,-12.03450853918679,-0.1203450853918679,2.6250187674003715,-8.202921179926191,0.0,-0.036111111111201626,-0.03472222222230925,0.0,4.33,4.28,4.354,4.354,2.0,1.0,16.64,16.0,0.005291772109038001,0.005291772109038001,4.0,10.0,1.0,1.0,0.11,0.3,0.8,820292117.9926192,262501876.74003714,2.33,3.2800000000000002,0.2664302351298069,0.15370291880598091,2.063569764870193,3.126297081194019,0.0,1.549994,2.518931,1.549994,2.518931,0.5135757648701931,0.6073660811940194,1200000.0,1.0,6.588173077926467,22.094440075220636,711522692416.0585,2386199528123.8286,1676.8554798448515,149.41894549479832,1,-149.41894549479832,-149.41894549479832,1500,0.0,6.905925147715769,0.11,0.3,3469911125302822.5,3469911125302822.5,1.0,0,2.5263384362113803e-71,-8.766169846090005e-56,0.0,262501876.74003714,0.15370291880598091,0.6462970811940192,1e-10,5e+23,504765890.70298094,1,14.743130416702641,14.743130416702641,0.0,6.105925147715769,500000000.0,3.6250187674003715,6.966436271804431e-66,0,-1.262673111359487e-56,0.0,5e-10,1.0,2.6250187673937937,1e-08,0,-549105.8430122307,0.0,-134.6758150780957,-3.788501e-13,-12.05917322117177,-1.2059173221171772e-05,-4.2309655126556294e-12,-4.6941346147359214e-12,0.0,4.631691020802925e-13,0.0,0.0
-0.5,-0.01837466108782714,300.0,0.025851999786435535,-0.9999999920310759,-1.0,1.0,-15.804451537338801,-0.0027623029121930914,-11.781811345923979,-0.11781811345923979,2.8033928307581775,-8.031407657466762,0.0,-0.036111111111201626,-0.03472222222230925,0.0,4.33,4.28,4.354,4.354,2.0,1.0,16.64,16.0,0.005291772109038001,0.005291772109038001,4.0,10.0,1.0,1.0,0.11,0.3,0.8,803140765.7466762,280339283.07581776,2.33,3.2800000000000002,0.26363014830871445,0.1588392718920663,2.0663698516912854,3.121160728107934,0.0,1.549994,2.518931,1.549994,2.518931,0.5163758516912853,0.6022297281079343,1200000.0,1.0,6.588173077926467,22.094440075220636,711522692416.0585,2386199528123.8286,1504.7219151568138,182.2605184123858,1,-182.2605184123858,-182.2605184123858,1500,0.0,7.15441488388625,0.11,0.3,3469911125302822.5,3469911125302822.5,1.0,0,3.543886286295539e-72,-1.2296970451624994e-56,0.0,280339283.07581776,0.1588392718920663,0.6411607281079337,1e-10,5e+23,504765890.70298094,1,19.205613603044924,19.205613603044924,0.0,6.35441488388625,500000000.0,3.8033928307581775,8.359794396718869e-67,0,-1.5897791037546464e-57,0.0,5e-10,1.0,2.803392830751152,1e-08,0,-626266.4641431667,0.0,-163.05490480934088,4.73721e-14,1.5079007759287149,1.507900775928715e-06,-5.122520910808084e-12,-5.725883056838185e-12,0.0,6.033621460301013e-13,0.0,0.0
-0.25,-0.00918733054391357,300.0,0.025851999786435535,-0.9998737627781501,-1.0,1.0,-15.804451537338801,-0.0027623029121930914,-11.529114152661165,-0.11529114152661166,2.9817668941159847,-7.859894135007332,0.0,-0.036111111111201626,-0.03472222222230925,0.0,4.33,4.28,4.354,4.354,2.0,1.0,16.64,16.0,0.005291772109038001,0.005291772109038001,4.0,10.0,1.0,1.0,0.11,0.3,0.8,785989413.5007333,298176689.41159844,2.33,3.2800000000000002,0.2608000000061837,0.1638146554522079,2.0691999999938164,3.1161853445477923,0.0,1.549994,2.518931,1.549994,2.518931,0.5192059999938163,0.5972543445477925,1200000.0,1.0,6.588173077926467,22.094440075220636,711522692416.0585,2386199528123.8286,1348.6890990331326,220.9405172050689,1,-220.9405172050689,-220.9405172050689,1500,0.0,7.402904620056729,0.11,0.3,3469911125302822.5,3469911125302822.5,1.0,0,5.105658115330289e-73,-1.771617989637721e-57,0.0,298176689.41159844,0.1638146554522079,0.6361853445477921,1e-10,5e+23,504765890.70298094,1,24.762853159841804,24.762853159841804,0.0,6.602904620056729,500000000.0,3.9817668941159843,1.03704240521238e-67,0,-2.0646305584345345e-58,0.0,5e-10,1.0,2.9817668941085125,1e-08,0,-708497.9806082033,0.0,-196.1776640452271,-2.246412e-13,-7.150551480419015,-7.150551480419015e-06,-6.16310308162892e-12,-6.941051057317738e-12,0.0,7.779479756888182e-13,0.0,0.0
0.0,0.0,300.0,0.025851999786435535,0.0,0.0,1.0,-15.804451537338801,-0.0027623029121930914,-11.276416959398354,-0.11276416959398354,3.160140957473789,-7.688380612547905,0.0,-0.036111111111201626,-0.03472222222230925,0.0,4.33,4.28,4.354,4.354,2.0,1.0,16.64,16.0,0.005291772109038001,0.005291772109038001,4.0,10.0,1.0,1.0,0.11,0.3,0.8,768838061.2547905,316014095.7473789,2.33,3.2800000000000002,0.257938800705082,0.16864331705303173,2.072061199294918,3.1113566829469685,0.0,1.549994,2.518931,1.549994,2.518931,0.522067199294918,0.5924256829469687,1200000.0,1.0,6.588173077926467,22.094440075220636,711522692416.0585,2386199528123.8286,1207.3851069227242,266.31357890776985,1,941.0715280149543,941.0715280149543,1500,0.0,7.651394356227206,0.11,0.3,3469911125302822.5,3469911125302822.5,1.0,0,7.546140697684222e-74,0.0,0.0,316014095.7473789,0.16864331705303173,0.6313566829469683,1e-10,5e+23,504765890.70298094,1,31.633802083390872,31.633802083390872,0.0,6.851394356227206,500000000.0,4.160140957473789,1.3277883088399636e-68,0,0.0,0.0,5e-10,1.0,3.16014095746587,1e-08,0,0.0,0.0,972.7053300983451,-2.45361e-13,-7.810083198394106,-7.810083198394105e-06,3.0558439191445963e-11,2.956463398914302e-11,0.0,9.938052023029428e-13,0.0,0.0
0.25,0.00918733054391357,300.0,0.025851999786435535,0.9998737627781501,1.0,1.0,-15.760598645371548,-0.002754638301314122,-10.992430892014859,-0.1099243089201486,3.3296463235324447,-7.495630348417797,0.0,-0.036111111111201626,-0.03472222222230925,0.0,4.33,4.28,4.354,4.354,2.0,1.0,16.64,16.0,0.005291772109038001,0.005291772109038001,4.0,10.0,1.0,1.0,0.11,0.3,0.8,749563034.8417797,332964632.3532445,2.33,3.2800000000000002,0.25468497176824806,0.17310713192074226,2.075315028231752,3.106892868079258,0.0,1.549994,2.518931,1.549994,2.518931,0.5253210282317518,0.5879618680792582,1200000.0,1.0,6.588173077926467,22.094440075220636,711522692416.0585,2386199528123.8286,1064.5937059347998,316.50611147284053,1,1064.5937059347998,1064.5937059347998,1500,0.0,7.8996970920822465,0.11,0.3,3469911125302822.5,3469911125302822.5,1.0,0,1.0715304783837612e-74,3.7181155280448686e-59,0.0,332964632.3532445,0.17310713192074226,0.6268928680792578,1e-10,5e+23,504765890.70298094,1,39.61246174493297,39.61246174493297,0.0,7.099697092082247,500000000.0,4.329646323532445,1.6333773798337474e-69,0,3.535973183769121e-60,0.0,5e-10,1.0,3.3296463235241007,1e-08,0,883461.1365173145,0.0,1104.2061676797327,-2.741196e-13,-8.725497867674623,-8.725497867674622e-06,3.468965984431188e-11,3.3445197656227e-11,0.0,1.2444621880848815e-12,0.0,0.0
0.5,0.01837466108782714,300.0,0.025851999786435535,0.9999999920310759,1.0,1.0,-15.359859638540817,-0.0026845971155771385,-10.453807918775285,-0.10453807918775285,3.4269759497252323,-7.13005001796351,0.0,-0.036111111111201626,-0.03472222222230925,0.0,4.33,4.28,4.354,4.354,2.0,1.0,16.64,16.0,0.005291772109038001,0.005291772109038001,4.0,10.0,1.0,1.0,0.11,0.3,0.8,713005001.796351,342697594.9725232,2.33,3.2800000000000002,0.2483965313735345,0.1756189744619273,2.0816034686264655,3.104381025538073,0.0,1.549994,2.518931,1.549994,2.518931,0.5316094686264654,0.5854500255380732,1200000.0,1.0,6.588173077926467,22.094440075220636,711522692416.0585,2386199528123.8286,834.7237013656943,348.80218577577665,1,834.7237013656943,834.7237013656943,1500,0.0,8.146477971269192,0.11,0.3,3469911125302822.5,3469911125302822.5,1.0,0,9.284332555852557e-76,3.2215808826563974e-60,0.0,342697594.9725232,0.1756189744619273,0.6243810255380727,1e-10,5e+23,504765890.70298094,1,44.93056520558236,44.93056520558236,0.0,7.346477971269192,500000000.0,4.426975949725232,1.1802778610409439e-70,0,2.6125308524106993e-61,0.0,5e-10,1.0,3.4269759497166445,1e-08,0,935865.3172220595,0.0,879.6542665712767,-3.022379e-13,-9.620531154942789,-9.62053115494279e-06,2.7635153815592408e-11,2.6223618479877458e-11,0.0,1.4115353357149473e-12,0.0,0.0
0.75,0.027561991631740706,300.0,0.025851999786435535,0.999999999999497,1.0,1.0,-14.777254776831557,-0.0025827694056844404,-9.785424339453138,-0.09785424339453139,3.4875254881378703,-6.676397088291446,0.0,-0.036111111111201626,-0.03472222222230925,0.0,4.33,4.28,4.354,4.354,2.0,1.0,16.64,16.0,0.005291772109038001,0.005291772109038001,4.0,10.0,1.0,1.0,0.11,0.3,0.8,667639708.8291446,348752548.81378704,2.33,3.2800000000000002,0.24036449569962373,0.17716364361820966,2.0896355043003765,3.1028363563817907,0.0,1.549994,2.518931,1.549994,2.518931,0.5396415043003764,0.5839053563817909,1200000.0,1.0,6.588173077926467,22.094440075220636,711522692416.0585,2386199528123.8286,611.8014255190419,370.2785015149628,1,611.8014255190419,611.8014255190419,1500,0.0,8.392483326409621,0.11,0.3,3469911125302822.5,3469911125302822.5,1.0,0,6.4353938092851514e-77,2.233024457454346e-61,0.0,348752548.81378704,0.17716364361820966,0.6228363563817904,1e-10,5e+23,504765890.70298094,1,48.539747771093616,48.539747771093616,0.0,7.592483326409622,500000000.0,4.48752548813787,6.739087450385142e-72,0,1.5120913350196693e-62,0.0,5e-10,1.0,3.487525488129131,1e-08,0,969228.1522225264,0.0,660.3411732901355,-2.939467e-13,-9.356614062110085,-9.356614062110086e-06,2.0745229788711546e-11,1.9220308638663853e-11,0.0,1.5249211500476925e-12,0.0,0.0
1.0,0.03674932217565428,300.0,0.025851999786435535,1.0,1.0,1.0,-13.978935587089726,-0.0024432391336295326,-8.963129395268705,-0.08963129395268706,3.50444950967834,-6.118279680825936,0.0,-0.036111111111201626,-0.03472222222230925,0.0,4.33,4.28,4.354,4.354,2.0,1.0,16.64,16.0,0.005291772109038001,0.005291772109038001,4.0,10.0,1.0,1.0,0.11,0.3,0.8,611827968.0825937,350444950.967834,2.33,3.2800000000000002,0.2300985604589237,0.17759298709094423,2.0999014395410764,3.102407012909056,0.0,1.549994,2.518931,1.549994,2.518931,0.5499074395410763,0.5834760129090562,1200000.0,1.0,6.588173077926467,22.094440075220636,711522692416.0585,2386199528123.8286,411.2920954660937,376.4793416677399,1,411.2920954660937,411.2920954660937,1500,0.0,8.637568818672657,0.11,0.3,3469911125302822.5,3469911125302822.5,1.0,0,3.4406439151153874e-78,1.1938728599264343e-62,0.0,350444950.967834,0.17759298709094423,0.6224070129090558,1e-10,5e+23,504765890.70298094,1,49.59210982814417,49.59210982814417,0.0,7.837568818672657,500000000.0,4.50444950967834,2.9284451241231244e-73,0,6.595516601738167e-64,0.0,5e-10,1.0,3.5044495096695583,1e-08,0,978657.782732353,0.0,460.88420529423786,-3.256465e-13,-10.365650035114978,-1.0365650035114977e-05,1.4479104335079479e-11,1.292112225595832e-11,0.0,1.557982079121159e-12,0.0,0.0
1.25,0.045936652719567844,300.0,0.025851999786435535,1.0,1.0,1.0,-13.132102318225835,-0.002295229568147414,-8.106219837392102,-0.08106219837392102,3.5115621672886514,-5.536668247778824,0.0,-0.036111111111201626,-0.03472222222230925,0.0,4.33,4.28,4.354,4.354,2.0,1.0,16.64,16.0,0.005291772109038001,0.005291772109038001,4.0,10.0,1.0,1.0,0.11,0.3,0.8,553666824.7778823,351156216.72886515,2.33,3.2800000000000002,0.2188887744502118,0.17777311778314403,2.1111112255497884,3.1022268822168564,0.0,1.549994,2.518931,1.549994,2.518931,0.5611172255497883,0.5832958822168566,1200000.0,1.0,6.588173077926467,22.094440075220636,711522692416.0585,2386199528123.8286,266.584102041606,379.11172198234016,1,266.584102041606,266.584102041606,1500,0.0,8.882447434086934,0.11,0.3,3469911125302822.5,3469911125302822.5,1.0,0,1.810510458792899e-79,6.282310383442598e-64,0.0,351156216.72886515,0.17777311778314403,0.622226882216856,1e-10,5e+23,504765890.70298094,1,50.04021900086316,50.04021900086316,0.0,8.082447434086934,500000000.0,4.511562167288652,1.260912979746845e-74,0,2.8443436478345338e-65,0.0,5e-10,1.0,3.5115621672798514,1e-08,0,982634.3968123217,0.0,316.62432104246915,-2.92595e-13,-9.313588114794621,-9.313588114794622e-06,9.947046409348774e-12,8.374986565377412e-12,0.0,1.572059843971361e-12,0.0,0.0
1.5,0.05512398326348141,300.0,0.025851999786435535,1.0,1.0,1.0,-12.240781432569243,-0.0021394444545462933,-7.217568531609903,-0.07217568531609903,3.5096777624660054,-4.933512693398134,0.0,-0.036111111111201626,-0.03472222222230925,0.0,4.33,4.28,4.354,4.354,2.0,1.0,16.64,16.0,0.005291772109038001,0.005291772109038001,4.0,10.0,1.0,1.0,0.11,0.3,0.8,493351269.3398134,350967776.2466005,2.33,3.2800000000000002,0.20662238192898116,0.17772541230923092,2.123377618071019,3.1022745876907694,0.0,1.549994,2.518931,1.549994,2.518931,0.5733836180710188,0.5833435876907695,1200000.0,1.0,6.588173077926467,22.094440075220636,711522692416.0585,2386199528123.8286,165.8700293646859,378.4127807892203,1,165.8700293646859,165.8700293646859,1500,0.0,9.12713634255145,0.11,0.3,3469911125302822.5,3469911125302822.5,1.0,0,9.436638576999136e-81,3.27442971837911e-65,0.0,350967776.2466005,0.17772541230923092,0.6222745876907692,1e-10,5e+23,504765890.70298094,1,49.92115991704134,49.92115991704134,0.0,8.32713634255145,500000000.0,4.509677762466005,5.414561840855198e-76,0,1.220896456360084e-66,0.0,5e-10,1.0,3.50967776245721,1e-08,0,981580.0602660574,0.0,215.79118928172724,-3.842566e-13,-12.231267461137037,-1.2231267461137036e-05,6.779280149568789e-12,5.210960657028206e-12,0.0,1.5683194925405832e-12,0.0,0.0
1.75,0.06431131380739498,300.0,0.025851999786435535,1.0,1.0,1.0,-11.453221856365861,-0.0020017947483396284,-6.4029505313735,-0.064029505313735,3.5287777808734466,-4.380605868928222,0.0,-0.036111111111201626,-0.03472222222230925,0.0,4.33,4.28,4.354,4.354,2.0,1.0,16.64,16.0,0.005291772109038001,0.005291772109038001,4.0,10.0,1.0,1.0,0.11,0.3,0.8,438060586.8928222,352877778.08734465,2.33,3.2800000000000002,0.19470016928547035,0.1782083559037882,2.13529983071453,3.101791644096212,0.0,1.549994,2.518931,1.549994,2.518931,0.5853058307145298,0.5828606440962121,1200000.0,1.0,6.588173077926467,22.094440075220636,711522692416.0585,2386199528123.8286,104.58841084206013,385.54838783150393,1,104.58841084206013,104.58841084206013,1500,0.0,9.372267716648851,0.11,0.3,3469911125302822.5,3469911125302822.5,1.0,0,5.933058163872364e-82,2.0587184529889452e-66,0.0,352877778.08734465,0.1782083559037882,0.6217916440962119,1e-10,5e+23,504765890.70298094,1,51.13930589896177,51.13930589896177,0.0,8.57226771664885,500000000.0,4.528777780873447,2.861118646440164e-77,0,6.478685277220463e-68,0.0,5e-10,1.0,3.5287777808646035,1e-08,0,992292.8454712242,0.0,155.7277167410219,-4.29687e-13,-13.677362006465446,-1.3677362006465445e-05,4.892330508739067e-12,3.285741831520472e-12,0.0,1.606588677218595e-12,0.0,0.0
2.0,0.07349864435130855,300.0,0.025851999786435535,1.0,1.0,1.0,-10.745170550227385,-0.0018780415019642237,-5.645061383945065,-0.05645061383945065,3.5639573495306487,-3.866202698751208,0.0,-0.036111111111201626,-0.03472222222230925,0.0,4.33,4.28,4.354,4.354,2.0,1.0,16.64,16.0,0.005291772109038001,0.005291772109038001,4.0,10.0,1.0,1.0,0.11,0.3,0.8,386620269.8751208,356395734.95306486,2.33,3.2800000000000002,0.18291172631247743,0.17909446232835893,2.1470882736875225,3.1009055376716415,0.0,1.549994,2.518931,1.549994,2.518931,0.5970942736875224,0.5819745376716416,1200000.0,1.0,6.588173077926467,22.094440075220636,711522692416.0585,2386199528123.8286,66.28975874110903,398.99258456417147,1,66.28975874110903,66.28975874110903,1500,0.0,9.617738135012553,0.11,0.3,3469911125302822.5,3469911125302822.5,1.0,0,4.319864009546797e-83,1.498954418652169e-67,0.0,356395734.95306486,0.17909446232835893,0.6209055376716411,1e-10,5e+23,504765890.70298094,1,53.45015264494166,53.45015264494166,0.0,8.817738135012553,500000000.0,4.563957349530648,1.7780593313230808e-78,0,4.0574934765467623e-69,0.0,5e-10,1.0,3.5639573495217176,1e-08,0,1012176.4671701408,0.0,119.7399113860507,-6.957439e-13,-22.14621616220666,-2.2146216162206662e-05,3.761740259519097e-12,2.082554190693079e-12,0.0,1.6791860688260178e-12,0.0,0.0
2.25,0.08268597489522213,300.0,0.025851999786435535,1.0,1.0,1.0,-9.792781541331065,-0.0017115828984119502,-4.712838201027351,-0.04712838201027351,3.549722682835996,-3.233473542736134,0.0,-0.036111111111201626,-0.03472222222230925,0.0,4.33,4.28,4.354,4.354,2.0,1.0,16.64,16.0,0.005291772109038001,0.005291772109038001,4.0,10.0,1.0,1.0,0.11,0.3,0.8,323347354.2736134,354972268.28359956,2.33,3.2800000000000002,0.16727610008152438,0.1787364472920372,2.1627238999184755,3.1012635527079633,0.0,1.549994,2.518931,1.549994,2.518931,0.6127298999184754,0.5823325527079635,1200000.0,1.0,6.588173077926467,22.094440075220636,711522692416.0585,2386199528123.8286,36.2059109110382,393.5051642825916,1,36.2059109110382,36.2059109110382,1500,0.0,9.862166632867943,0.11,0.3,3469911125302822.5,3469911125302822.5,1.0,0,2.38579202704104e-84,8.278486297288477e-69,0.0,354972268.28359956,0.1787364472920372,0.6212635527079629,1e-10,5e+23,504765890.70298094,1,52.50449546312317,52.50449546312317,0.0,9.062166632867942,500000000.0,4.549722682835995,8.275521331314523e-80,0,1.8825663556687408e-70,0.0,5e-10,1.0,3.5497226828271002,1e-08,0,1004107.2227746526,0.0,88.71040637416138,-7.248421e-13,-23.07244063522198,-2.307244063522198e-05,2.7869196096203058e-12,1.1374422373464416e-12,0.0,1.649477372273864e-12,0.0,0.0
2.5,0.09187330543913569,300.0,0.025851999786435535,1.0,1.0,1.0,-8.890742252489058,-0.0015539244217103653,-3.8165393547296116,-0.03816539354729612,3.5456706154233286,-2.62512736239306,0.0,-0.036111111111201626,-0.03472222222230925,0.0,4.33,4.28,4.354,4.354,2.0,1.0,16.64,16.0,0.005291772109038001,0.005291772109038001,4.0,10.0,1.0,1.0,0.11,0.3,0.8,262512736.239306,354567061.5423329,2.33,3.2800000000000002,0.1507212294919557,0.17863440285043283,2.1792787705080445,3.1013655971495675,0.0,1.549994,2.518931,1.549994,2.518931,0.6292847705080444,0.5824345971495677,1200000.0,1.0,6.588173077926467,22.094440075220636,711522692416.0585,2386199528123.8286,19.084021313565504,391.95496049896354,1,19.084021313565504,19.084021313565504,1500,0.0,10.106809835229926,0.11,0.3,3469911125302822.5,3469911125302822.5,1.0,0,1.4699973335417737e-85,5.1007601018220847e-70,0.0,354567061.5423329,0.17863440285043283,0.6213655971495672,1e-10,5e+23,504765890.70298094,1,52.237956669973464,52.237956669973464,0.0,9.306809835229926,500000000.0,4.5456706154233295,4.351157346055973e-81,0,9.889464045524999e-72,0.0,5e-10,1.0,3.545670615414443,1e-08,0,1001816.1210354808,0.0,71.32197798353897,-5.852308e-13,-18.628474933924874,-1.8628474933924872e-05,2.24064602072579e-12,5.995422115964843e-13,0.0,1.6411038091293058e-12,0.0,0.0
2.75,0.10106063598304926,300.0,0.025851999786435535,1.0,1.0,1.0,-7.860056671281509,-0.0013737811389271121,-2.8284518608114686,-0.028284518608114685,3.5156014491497656,-1.9544813437657143,0.0,-0.036111111111201626,-0.03472222222230925,0.0,4.33,4.28,4.354,4.354,2.0,1.0,16.64,16.0,0.005291772109038001,0.005291772109038001,4.0,10.0,1.0,1.0,0.11,0.3,0.8,195448134.37657142,351560144.91497654,2.33,3.2800000000000002,0.1300513915277816,0.17787533288249144,2.1999486084722184,3.1021246671175087,0.0,1.549994,2.518931,1.549994,2.518931,0.6499546084722183,0.5831936671175089,1200000.0,1.0,6.588173077926467,22.094440075220636,711522692416.0585,2386199528123.8286,8.578905778580804,380.61364258989346,1,8.578905778580804,8.578905778580804,1500,0.0,10.350904455818315,0.11,0.3,3469911125302822.5,3469911125302822.5,1.0,0,8.046561466830577e-87,2.7920853154188415e-71,0.0,351560144.91497654,0.17787533288249144,0.6221246671175086,1e-10,5e+23,504765890.70298094,1,50.296250833874126,50.296250833874126,0.0,9.550904455818314,500000000.0,4.515601449149766,2.0285557955105188e-82,0,4.5800747449442274e-73,0.0,5e-10,1.0,3.5156014491409557,1e-08,0,984896.3075613179,0.0,58.87515661245493,-6.896741e-13,-21.953008427490825,-2.1953008427490827e-05,1.8496175949263695e-12,2.695142736982848e-13,0.0,1.5801033212280847e-12,0.0,0.0
3.0,0.11024796652696282,300.0,0.025851999786435535,1.0,1.0,1.0,-7.342156428060868,-0.0012832625058259235,-2.206234784360534,-0.02206234784360534,3.5892366849814263,-1.5321630697138258,0.0,-0.036111111111201626,-0.03472222222230925,0.0,4.33,4.28,4.354,4.354,2.0,1.0,16.64,16.0,0.005291772109038001,0.005291772109038001,4.0,10.0,1.0,1.0,0.11,0.3,0.8,153216306.9713826,358923668.49814266,2.33,3.2800000000000002,0.11514676307092639,0.17972850317713432,2.214853236929074,3.1002714968228657,0.0,1.549994,2.518931,1.549994,2.518931,0.6648592369290738,0.5813404968228659,1200000.0,1.0,6.588173077926467,22.094440075220636,711522692416.0585,2386199528123.8286,4.819979156414933,408.89918193875315,1,4.819979156414933,4.819979156414933,1500,0.0,10.597185728544218,0.11,0.3,3469911125302822.5,3469911125302822.5,1.0,0,8.635078563373042e-88,2.996295517491203e-72,0.0,358923668.49814266,0.17972850317713432,0.6202714968228658,1e-10,5e+23,504765890.70298094,1,55.16580591003392,55.16580591003392,0.0,9.797185728544218,500000000.0,4.589236684981427,1.937097854685133e-83,0,4.444900268559916e-74,0.0,5e-10,1.0,3.5892366849724318,1e-08,0,1026586.2321702262,0.0,59.98578506644885,-8.102244e-13,-25.790243654733008,-2.5790243654733006e-05,1.8845090168457204e-12,1.5142411108249082e-13,0.0,1.7330849057632296e-12,0.0,0.0
3.25,0.1194352970708764,300.0,0.025851999786435535,1.0,1.0,1.0,-6.363365921865548,-0.001112189447118216,-1.2551742320350576,-0.012551742320350577,3.569662646644783,-0.8866483993870248,0.0,-0.036111111111201626,-0.03472222222230925,0.0,4.33,4.28,4.354,4.354,2.0,1.0,16.64,16.0,0.005291772109038001,0.005291772109038001,4.0,10.0,1.0,1.0,0.11,0.3,0.8,88664839.93870248,356966264.6644783,2.33,3.2800000000000002,0.08759412041805012,0.17923775508112003,2.24240587958195,3.1007622449188803,0.0,1.549994,2.518931,1.549994,2.518931,0.69241187958195,0.5818312449188805,1200000.0,1.0,6.588173077926467,22.094440075220636,711522692416.0585,2386199528123.8286,1.6602792323005264,401.21026552775044,1,1.6602792323005264,1.6602792323005264,1500,0.0,10.841501643440958,0.11,0.3,3469911125302822.5,3469911125302822.5,1.0,0,5.4388862300571346e-89,1.8872451838931577e-73,0.0,356966264.6644783,0.17923775508112003,0.62076224491888,1e-10,5e+23,504765890.70298094,1,53.83327963707076,53.83327963707076,0.0,10.041501643440958,500000000.0,4.569662646644783,1.056738585639777e-84,0,2.414469421033164e-75,0.0,5e-10,1.0,3.569662646635838,1e-08,0,1015419.7100749989,0.0,55.493558869371284,-9.473983e-13,-30.156624504371674,-3.0156624504371675e-05,1.7433815686556954e-12,5.215921039103036e-14,0.0,1.6912223582646651e-12,0.0,0.0
3.5,0.12862262761478996,300.0,0.025851999786435535,1.0,1.0,1.0,-5.502512535182432,-0.0009617294446696615,-0.3882613726217985,-0.003882613726217985,3.573939911297887,-0.29824741137642763,0.0,-0.036111111111201626,-0.03472222222230925,0.0,4.33,4.28,4.354,4.354,2.0,1.0,16.64,16.0,0.005291772109038001,0.005291772109038001,4.0,10.0,1.0,1.0,0.11,0.3,0.8,29824741.137642764,357393991.1297887,2.33,3.2800000000000002,0.05080279194426248,0.1793451066537147,2.2791972080557374,3.1006548933462854,0.0,1.549994,2.518931,1.549994,2.518931,0.7292032080557374,0.5817238933462856,1200000.0,1.0,6.588173077926467,22.094440075220636,711522692416.0585,2386199528123.8286,0.4000497653724954,402.87977285410545,1,0.4000497653724954,0.4000497653724954,1500,0.0,11.086320473369328,0.11,0.3,3469911125302822.5,3469911125302822.5,1.0,0,4.101160568764797e-90,1.423066268421022e-74,0.0,357393991.1297887,0.1793451066537147,0.6206548933462853,1e-10,5e+23,504765890.70298094,1,54.12206237637467,54.12206237637467,0.0,10.286320473369328,500000000.0,4.573939911297887,6.998890375484027e-86,0,1.6006252011612524e-76,0.0,5e-10,1.0,3.5739399112889307,1e-08,0,1017854.5737269862,0.0,54.522112141747165,-1.0878e-12,-34.62574941907275,-3.4625749419072746e-05,1.7128626696271178e-12,1.2567934039645522e-14,0.0,1.7002947355874723e-12,0.0,0.0
3.75,0.13780995815870353,300.0,0.025851999786435535,1.0,1.0,1.0,-4.481912624609102,-0.0007833489359566444,0.5926300330855048,0.005926300330855048,3.5459104453930164,0.36751439614816045,0.0,-0.036111111111201626,-0.03472222222230925,0.0,4.33,4.28,4.354,4.354,2.0,1.0,16.64,16.0,0.005291772109038001,0.005291772109038001,4.0,10.0,1.0,1.0,0.11,0.3,0.8,36751439.61481605,354591044.53930163,2.33,3.2800000000000002,0.056394456652092716,0.17864044418416533,2.2736055433479074,3.101359555815835,0.0,1.549994,2.518931,1.549994,2.518931,0.7236115433479073,0.5824285558158353,1200000.0,1.0,6.588173077926467,22.094440075220636,711522692416.0585,2386199528123.8286,0.4966493286511483,392.04656685226183,1,0.4966493286511483,0.4966493286511483,1500,0.0035418980784866104,11.330458101921513,0.11,0.3,3469911125302822.5,3469911125302822.5,1.0,0,2.6506201742561223e-91,9.197416431603425e-76,0.0,354591044.53930163,0.17864044418416533,0.6213595558158347,1e-10,5e+23,504765890.70298094,1,52.25369975706584,52.25369975706584,0.0,10.530458101921512,500000000.0,4.545910445393016,3.955273626757241e-87,0,8.990159847131629e-78,0.0,5e-10,1.0,3.5459104453841306,1e-08,0,1001951.6517611515,0.0,52.750349085716984,-1.2874e-12,-40.97921474730121,-4.097921474730121e-05,1.6572010916198555e-12,1.5602698823007505e-14,0.0,1.641598392796848e-12,0.0,0.0
4.0,0.1469972887026171,300.0,0.025851999786435535,1.0,1.0,1.0,-3.7980304851931623,-0.0006638199778752821,1.3332745706088998,0.013332745706088998,3.585977924836012,0.8702131079176125,0.0,-0.036111111111201626,-0.03472222222230925,0.0,4.33,4.28,4.354,4.354,2.0,1.0,16.64,16.0,0.005291772109038001,0.005291772109038001,4.0,10.0,1.0,1.0,0.11,0.3,0.8,87021310.79176125,358597792.4836012,2.33,3.2800000000000002,0.08677848206577558,0.17964689458787567,2.2432215179342245,3.1003531054121245,0.0,1.549994,2.518931,1.549994,2.518931,0.6932275179342244,0.5814221054121247,1200000.0,1.0,6.588173077926467,22.094440075220636,711522692416.0585,2386199528123.8286,1.6087146406932544,407.61042010302606,1,1.6087146406932544,1.6087146406932544,1500,0.007968416003401207,11.576031583996599,0.11,0.3,3469911125302822.5,3469911125302822.5,1.0,0,2.628869308078635e-92,9.12194285906919e-77,0.0,358597792.4836012,0.17964689458787567,0.6203531054121244,1e-10,5e+23,504765890.70298094,1,54.94200662420684,54.94200662420684,0.0,10.776031583996598,500000000.0,4.585977924836012,3.519154461482181e-88,0,8.069382337222724e-79,0.0,5e-10,1.0,3.5859779248270254,1e-08,0,1024722.9504163576,0.0,56.5507212649001,-1.5745e-12,-50.11789157963784,-5.011789157963784e-05,1.7765933048101426e-12,5.053926096924272e-14,0.0,1.7260540438408998e-12,0.0,0.0
4.25,0.15618461924653068,300.0,0.025851999786435535,1.0,1.0,1.0,-2.7668633553717985,-0.00048359252999872224,2.321705647658843,0.02321705647658843,3.555811371395967,1.5410923272086925,0.0,-0.036111111111201626,-0.03472222222230925,0.0,4.33,4.28,4.354,4.354,2.0,1.0,16.64,16.0,0.005291772109038001,0.005291772109038001,4.0,10.0,1.0,1.0,0.11,0.3,0.8,154109232.72086924,355581137.1395967,2.33,3.2800000000000002,0.11548180620286398,0.17888967113412288,2.214518193797136,3.1011103288658775,0.0,1.549994,2.518931,1.549994,2.518931,0.664524193797136,0.5821793288658776,1200000.0,1.0,6.588173077926467,22.094440075220636,711522692416.0585,2386199528123.8286,4.882852855772431,395.84438014373166,1,4.882852855772431,4.882852855772431,1500,0.01387584886550614,11.820124151134493,0.11,0.3,3469911125302822.5,3469911125302822.5,1.0,0,1.7969613283848426e-93,6.235296105101504e-78,0.0,355581137.1395967,0.17888967113412288,0.6211103288658771,1e-10,5e+23,504765890.70298094,1,52.907205784548566,52.907205784548566,0.0,11.020124151134493,500000000.0,4.555811371395967,2.123867104426514e-89,0,4.837968952840068e-80,0.0,5e-10,1.0,3.5558113713870565,1e-08,0,1007554.7819158589,0.0,57.790058640321,-1.9015e-12,-60.52662485784779,-6.052662485784779e-05,1.8155282367495582e-12,1.5339934660254613e-13,0.0,1.662128890147012e-12,0.0,0.0
4.5,0.16537194979044426,300.0,0.025851999786435535,1.0,1.0,1.0,-1.950965668129058,-0.0003409898871801709,3.1565427839510947,0.03156542783951095,3.569180362325778,2.1077225144166243,0.0,-0.036111111111201626,-0.03472222222230925,0.0,4.33,4.28,4.354,4.354,2.0,1.0,16.64,16.0,0.005291772109038001,0.005291772109038001,4.0,10.0,1.0,1.0,0.11,0.3,0.8,210772251.44166243,356918036.2325778,2.33,3.2800000000000002,0.1350535349557484,0.17922564658696058,2.194946465044252,3.1007743534130396,0.0,1.549994,2.518931,1.549994,2.518931,0.6449524650442517,0.5818433534130398,1200000.0,1.0,6.588173077926467,22.094440075220636,711522692416.0585,2386199528123.8286,10.410323110188049,401.02239168149254,1,10.410323110188049,10.410323110188049,1500,0.018865315959314677,12.065134684040684,0.11,0.3,3469911125302822.5,3469911125302822.5,1.0,0,1.6228976140643859e-94,5.631310486269418e-79,0.0,356918036.2325778,0.17922564658696058,0.6207743534130394,1e-10,5e+23,504765890.70298094,1,53.80080143038767,53.80080143038767,0.0,11.265134684040683,500000000.0,4.569180362325778,1.7222563399779243e-90,0,3.9346499237591e-81,0.0,5e-10,1.0,3.5691803623168337,1e-08,0,1015145.349178955,0.0,64.21112454057572,-2.8518e-12,-90.77561334189342,-9.077561334189341e-05,2.01725197135412e-12,3.270499460446282e-13,0.0,1.6902020253094915e-12,0.0,0.0
4.75,0.1745592803343578,300.0,0.025851999786435535,1.0,1.0,1.0,-0.9740425699305575,-0.00017024321414523902,4.106270947667215,0.04106270947667215,3.5499839838312766,2.7523328507430165,0.0,-0.036111111111201626,-0.03472222222230925,0.0,4.33,4.28,4.354,4.354,2.0,1.0,16.64,16.0,0.005291772109038001,0.005291772109038001,4.0,10.0,1.0,1.0,0.11,0.3,0.8,275233285.07430166,354998398.3831276,2.33,3.2800000000000002,0.15432977238144832,0.17874302571467535,2.1756702276185518,3.101256974285325,0.0,1.549994,2.518931,1.549994,2.518931,0.6256762276185517,0.5823259742853253,1200000.0,1.0,6.588173077926467,22.094440075220636,711522692416.0585,2386199528123.8286,21.942734351024495,393.60531021673586,1,21.942734351024495,21.942734351024495,1500,0.02454143794158588,12.309458562058413,0.11,0.3,3469911125302822.5,3469911125302822.5,1.0,0,1.2585694622968595e-95,4.3671241791902645e-80,0.0,354998398.3831276,0.17874302571467535,0.6212569742853247,1e-10,5e+23,504765890.70298094,1,52.52172363334629,52.52172363334629,0.0,11.509458562058413,500000000.0,4.549983983831276,1.1937270567636283e-91,0,2.7157194946702785e-82,0.0,5e-10,1.0,3.5499839838223806,1e-08,0,1004255.0562236429,0.0,74.46445798437078,-4.2229e-12,-134.41908183655295,-0.00013441908183655296,2.339369941572451e-12,6.893513303685096e-13,0.0,1.6500186112039413e-12,0.0,0.0
5.0,0.18374661087827138,300.0,0.025851999786435535,1.0,1.0,1.0,-0.2147469395255412,-3.7533481945545587e-05,4.9007227284693515,0.04900722728469351,3.574800030726702,3.291552228648124,0.0,-0.036111111111201626,-0.03472222222230925,0.0,4.33,4.28,4.354,4.354,2.0,1.0,16.64,16.0,0.005291772109038001,0.005291772109038001,4.0,10.0,1.0,1.0,0.11,0.3,0.8,329155222.8648124,357480003.07267016,2.33,3.2800000000000002,0.1687716957814816,0.17936668632972114,2.1612283042185183,3.1006333136702793,0.0,1.549994,2.518931,1.549994,2.518931,0.6112343042185182,0.5817023136702795,1200000.0,1.0,6.588173077926467,22.094440075220636,711522692416.0585,2386199528123.8286,38.36227730891228,403.21621276848697,1,38.36227730891228,38.36227730891228,1500,0.02928953891315336,12.554710461086845,0.11,0.3,3469911125302822.5,3469911125302822.5,1.0,0,1.280254044208383e-96,4.4423677512126e-81,0.0,357480003.07267016,0.17936668632972114,0.6206333136702789,1e-10,5e+23,504765890.70298094,1,54.18029516179258,54.18029516179258,0.0,11.754710461086844,500000000.0,4.574800030726702,1.1019361576655604e-92,0,2.520568783973635e-83,0.0,5e-10,1.0,3.5748000307177437,1e-08,0,1018344.5550161136,0.0,92.54257247070487,-5.9038e-12,-187.92379060518633,-0.00018792379060518632,2.9073106581826746e-12,1.2051864856865326e-12,0.0,1.7021241724961419e-12,0.0,0.0
5.25,0.19293394142218495,300.0,0.025851999786435535,1.0,1.0,1.0,0.6421145811444104,0.00011222882194085397,5.764787406438026,0.05764787406438025,3.5798846002060403,3.8780200664489506,0.0,-0.036111111111201626,-0.03472222222230925,0.0,4.33,4.28,4.354,4.354,2.0,1.0,16.64,16.0,0.005291772109038001,0.005291772109038001,4.0,10.0,1.0,1.0,0.11,0.3,0.8,387802006.6448951,357988460.020604,2.33,3.2800000000000002,0.18319105542248942,0.17949420091905233,2.1468089445775105,3.100505799080948,0.0,1.549994,2.518931,1.549994,2.518931,0.5968149445775104,0.5815747990809483,1200000.0,1.0,6.588173077926467,22.094440075220636,711522692416.0585,2386199528123.8286,67.00989862815712,405.2099835847219,1,67.00989862815712,67.00989862815712,1500,0.03445368661361902,12.799546313386381,0.11,0.3,3469911125302822.5,3469911125302822.5,1.0,0,1.1994994025259382e-97,4.1621563216188416e-82,0.0,357988460.020604,0.17949420091905233,0.6205057990809477,1e-10,5e+23,504765890.70298094,1,54.525642476749624,54.525642476749624,0.0,11.99954631338638,500000000.0,4.57988460020604,9.354311974607424e-94,0,2.142083467901375e-84,0.0,5e-10,1.0,3.5798846001970692,1e-08,0,1021243.4729516704,0.0,121.53554110490674,-1.24506e-11,-396.3149068919904,-0.0003963149068919904,3.818151630852354e-12,2.105178052480152e-12,0.0,1.712973578372202e-12,0.0,0.0
5.5,0.20212127196609853,300.0,0.025851999786435535,1.0,1.0,1.0,1.3746911065235095,0.00024026858748906862,6.540175205909182,0.06540175205909182,3.6101042509220767,4.404300121412008,0.0,-0.036111111111201626,-0.03472222222230925,0.0,4.33,4.28,4.354,4.354,2.0,1.0,16.64,16.0,0.005291772109038001,0.005291772109038001,4.0,10.0,1.0,1.0,0.11,0.3,0.8,440430012.1412008,361010425.0922077,2.33,3.2800000000000002,0.19522601590778232,0.18025021032964236,2.1347739840922175,3.099749789670358,0.0,1.549994,2.518931,1.549994,2.518931,0.5847799840922174,0.5808187896703583,1200000.0,1.0,6.588173077926467,22.094440075220636,711522692416.0585,2386199528123.8286,106.73759145014864,417.2348114887393,1,106.73759145014864,106.73759145014864,1500,0.03908785026329117,13.044912149736708,0.11,0.3,3469911125302822.5,3469911125302822.5,1.0,0,1.319132831129465e-98,4.57727368648834e-83,0.0,361010425.0922077,0.18025021032964236,0.6197497896703577,1e-10,5e+23,504765890.70298094,1,56.61765882066907,56.61765882066907,0.0,12.244912149736708,500000000.0,4.610104250922077,9.406977223573402e-95,0,2.1683572843361448e-85,0.0,5e-10,1.0,3.61010425091303,1e-08,0,1038557.9307810504,0.0,163.35525027081772,-2.90187e-11,-923.6939094201566,-0.0009236939094201566,5.1319565417612305e-12,3.353260331616557e-12,0.0,1.7786962101446732e-12,0.0,0.0
5.75,0.2113086025100121,300.0,0.025851999786435535,1.0,1.0,1.0,2.429220549569295,0.00042457930176072753,7.5452752059161945,0.07545275205916195,3.5752129626948697,5.08649306229634,0.0,-0.036111111111201626,-0.03472222222230925,0.0,4.33,4.28,4.354,4.354,2.0,1.0,16.64,16.0,0.005291772109038001,0.005291772109038001,4.0,10.0,1.0,1.0,0.11,0.3,0.8,508649306.229634,357521296.26948696,2.33,3.2800000000000002,0.20980144112245455,0.17937704552455913,2.1201985588775454,3.1006229544754413,0.0,1.549994,2.518931,1.549994,2.518931,0.5702045588775453,0.5816919544754415,1200000.0,1.0,6.588173077926467,22.094440075220636,711522692416.0585,2386199528123.8286,187.57448617418547,403.37781853753137,1,187.57448617418547,187.57448617418547,1500,0.04509490620032651,13.288905093799674,0.11,0.3,3469911125302822.5,3469911125302822.5,1.0,0,1.0513811869377993e-99,3.6481992774895565e-84,0.0,357521296.26948696,0.17937704552455913,0.6206229544754409,1e-10,5e+23,504765890.70298094,1,54.208271159696366,54.208271159696366,0.0,12.488905093799673,500000000.0,4.57521296269487,6.774774350584045e-96,0,1.5498017714062423e-86,0.0,5e-10,1.0,3.57521296268591,1e-08,0,1018579.8304466524,0.0,241.78275733388182,-5.5206e-11,-1757.2615576662347,-0.0017572615576662348,7.595829342048068e-12,5.892826277657013e-12,0.0,1.7030030643910557e-12,0.0,0.0
6.0,0.22049593305392565,300.0,0.025851999786435535,1.0,1.0,1.0,3.1670727621197288,0.0005535411522039965,8.324427188418362,0.08324427188418362,3.6043656718599917,5.615327986518114,0.0,-0.036111111111201626,-0.03472222222230925,0.0,4.33,4.28,4.354,4.354,2.0,1.0,16.64,16.0,0.005291772109038001,0.005291772109038001,4.0,10.0,1.0,1.0,0.11,0.3,0.8,561532798.6518114,360436567.18599916,2.33,3.2800000000000002,0.22043817296159782,0.18010689155023427,2.1095618270384024,3.099893108449766,0.0,1.549994,2.518931,1.549994,2.518931,0.5595678270384024,0.580962108449766,1200000.0,1.0,6.588173077926467,22.094440075220636,711522692416.0585,2386199528123.8286,283.04989345285617,414.92813746655145,1,283.04989345285617,283.04989345285617,1500,0.049751566773712085,13.534248433226288,0.11,0.3,3469911125302822.5,3469911125302822.5,1.0,0,1.2054036367675103e-100,4.182643489700066e-85,0.0,360436567.18599916,0.18010689155023427,0.6198931084497658,1e-10,5e+23,504765890.70298094,1,56.215148060166015,56.215148060166015,0.0,12.734248433226288,500000000.0,4.604365671859991,7.142590913255821e-97,0,1.6443550204567105e-87,0.0,5e-10,1.0,3.6043656718509594,1e-08,0,1035258.7961680833,0.0,339.2650415130222,-1.029157e-10,-3275.9084753525144,-0.003275908475352515,1.0658325620371468e-11,8.892274658708666e-12,0.0,1.7660509616628008e-12,0.0,0.0
6.25,0.22968326359783922,300.0,0.025851999786435535,1.0,1.0,1.0,4.068726629897664,0.0007111322649907257,9.220451038230895,0.09220451038230895,3.6003915510227174,6.223487518108848,0.0,-0.036111111111201626,-0.03472222222230925,0.0,4.33,4.28,4.354,4.354,2.0,1.0,16.64,16.0,0.005291772109038001,0.005291772109038001,4.0,10.0,1.0,1.0,0.11,0.3,0.8,622348751.8108848,360039155.10227174,2.33,3.2800000000000002,0.23206847598875738,0.18000757255445216,2.097931524011243,3.099992427445548,0.0,1.549994,2.518931,1.549994,2.518931,0.5479375240112427,0.5810614274455483,1200000.0,1.0,6.588173077926467,22.094440075220636,711522692416.0585,2386199528123.8286,443.85742301053926,413.3371121622474,1,443.85742301053926,443.85742301053926,1500,0.055106720874502135,13.7788932791255,0.11,0.3,3469911125302822.5,3469911125302822.5,1.0,0,1.1889184413564437e-101,4.1254413267404155e-86,0.0,360039155.10227174,0.18000757255445216,0.6199924274455479,1e-10,5e+23,504765890.70298094,1,55.93784899717341,55.93784899717341,0.0,12.978893279125499,500000000.0,4.600391551022717,6.449189580896424e-98,0,1.4834398629449827e-88,0.0,5e-10,1.0,3.600391551013695,1e-08,0,1032977.1323327168,0.0,499.7952720077127,-1.608126e-10,-5118.824040291945,-0.005118824040291945,1.5701531548383426e-11,1.3944192193712074e-11,0.0,1.7573393546713517e-12,0.0,0.0
6.5,0.2388705941417528,300.0,0.025851999786435535,1.0,1.0,1.0,4.909648224180935,0.0008581085876632851,10.073142638442732,0.10073142638442732,3.6086997706594923,6.802236090799947,0.0,-0.036111111111201626,-0.03472222222230925,0.0,4.33,4.28,4.354,4.354,2.0,1.0,16.64,16.0,0.005291772109038001,0.005291772109038001,4.0,10.0,1.0,1.0,0.11,0.3,0.8,680223609.0799947,360869977.06594926,2.33,3.2800000000000002,0.2426191570127491,0.18021514451545054,2.087380842987251,3.0997848554845495,0.0,1.549994,2.518931,1.549994,2.518931,0.537386842987251,0.5808538554845497,1200000.0,1.0,6.588173077926467,22.094440075220636,711522692416.0585,2386199528123.8286,667.5551144356623,416.6692552297391,1,667.5551144356623,667.5551144356623,1500,0.06020289651819624,14.023797103481806,0.11,0.3,3469911125302822.5,3469911125302822.5,1.0,0,1.2787911632922661e-102,4.437291684446773e-87,0.0,360869977.06594926,0.18021514451545054,0.6197848554845495,1e-10,5e+23,504765890.70298094,1,56.51891757387224,56.51891757387224,0.0,13.223797103481806,500000000.0,4.608699770659493,6.383889546967609e-99,0,1.4710715145512578e-89,0.0,5e-10,1.0,3.608699770650449,1e-08,0,1037750.0037632193,0.0,724.0740320095346,-2.316351e-10,-7373.1742317170965,-0.007373174231717097,2.2747456596162946e-11,2.0971862433773706e-11,0.0,1.7755941623892409e-12,0.0,0.0
6.75,0.24805792468566637,300.0,0.025851999786435535,1.0,1.0,1.0,5.590785565684131,0.0009771578098139294,10.811828772938963,0.10811828772938963,3.649322351048934,7.30360557292008,0.0,-0.036111111111201626,-0.03472222222230925,0.0,4.33,4.28,4.354,4.354,2.0,1.0,16.64,16.0,0.005291772109038001,0.005291772109038001,4.0,10.0,1.0,1.0,0.11,0.3,0.8,730360557.292008,364932235.1048934,2.33,3.2800000000000002,0.2514015172835067,0.18122663307304954,2.0785984827164934,3.0987733669269506,0.0,1.549994,2.518931,1.549994,2.518931,0.5286044827164933,0.5798423669269508,1200000.0,1.0,6.588173077926467,22.094440075220636,711522692416.0585,2386199528123.8286,937.6144387067275,433.29503862891534,1,937.6144387067275,937.6144387067275,1500,0.06461770989975062,14.269382290100252,0.11,0.3,3469911125302822.5,3469911125302822.5,1.0,0,1.6560671433638647e-103,5.746405805006739e-88,0.0,364932235.1048934,0.18122663307304954,0.6187733669269505,1e-10,5e+23,504765890.70298094,1,59.43572584209726,59.43572584209726,0.0,13.469382290100251,500000000.0,4.649322351048934,7.67652996388125e-100,0,1.7845331169784982e-90,0.0,5e-10,1.0,3.649322351039789,1e-08,0,1061245.0894891026,0.0,997.0501645488247,-3.75288e-10,-11945.788056614243,-0.011945788056614242,3.132325472207082e-11,2.945602632540773e-11,0.0,1.867228396663098e-12,0.0,0.0
7.0,0.2572452552295799,300.0,0.025851999786435535,1.0,1.0,1.0,6.762306853581124,0.001181916365187308,11.900402015929108,0.11900402015929108,3.5907709297744126,8.042454425768813,0.0,-0.036111111111201626,-0.03472222222230925,0.0,4.33,4.28,4.354,4.354,2.0,1.0,16.64,16.0,0.005291772109038001,0.005291772109038001,4.0,10.0,1.0,1.0,0.11,0.3,0.8,804245442.5768813,359077092.97744125,2.33,3.2800000000000002,0.26381139053694563,0.17976691218761284,2.0661886094630546,3.1002330878123874,0.0,1.549994,2.518931,1.549994,2.518931,0.5161946094630545,0.5813020878123876,1200000.0,1.0,6.588173077926467,22.094440075220636,711522692416.0585,2386199528123.8286,1515.308228695604,409.50714595896795,1,1515.308228695604,1515.308228695604,1500,0.07112364996756093,14.512876350032439,0.11,0.3,3469911125302822.5,3469911125302822.5,1.0,0,1.3271155518361615e-104,4.6049730178786914e-89,0.0,359077092.97744125,0.17976691218761284,0.6202330878123872,1e-10,5e+23,504765890.70298094,1,55.27144422364493,55.27144422364493,0.0,13.712876350032438,500000000.0,4.590770929774413,5.615256652172493e-101,0,1.2889178501007937e-91,0.0,5e-10,1.0,3.5907709297654145,1e-08,0,1027464.062945626,0.0,1570.5796729192489,-6.157396e-10,-19599.600199485278,-0.019599600199485277,4.934121562320573e-11,4.760481199194272e-11,0.0,1.7364036312630093e-12,0.0,0.0
7.25,0.2664325857734935,300.0,0.025851999786435535,1.0,1.0,1.0,7.578903263335745,0.0013246411307650595,12.735737688115776,0.12735737688115775,3.6039986128411408,8.60942298494764,0.0,-0.036111111111201626,-0.03472222222230925,0.0,4.33,4.28,4.354,4.354,2.0,1.0,16.64,16.0,0.005291772109038001,0.005291772109038001,4.0,10.0,1.0,1.0,0.11,0.3,0.8,860942298.494764,360399861.28411406,2.33,3.2800000000000002,0.27295198783685387,0.18009772051320333,2.057048012163146,3.099902279486797,0.0,1.549994,2.518931,1.549994,2.518931,0.5070540121631459,0.5809712794867972,1200000.0,1.0,6.588173077926467,22.094440075220636,711522692416.0585,2386199528123.8286,2158.023938276075,414.78096717205335,1,2158.023938276075,2158.023938276075,1500,0.07611609659873327,14.75788390340127,0.11,0.3,3469911125302822.5,3469911125302822.5,1.0,0,1.5611171157861209e-105,5.4169376479669155e-90,0.0,360399861.28411406,0.18009772051320333,0.6199022794867968,1e-10,5e+23,504765890.70298094,1,56.18948641533726,56.18948641533726,0.0,13.95788390340127,500000000.0,4.60399861284114,6.129108149719374e-102,0,1.4109202709630665e-92,0.0,5e-10,1.0,3.603998612832109,1e-08,0,1035047.9508968638,0.0,2214.2134246914125,-8.639535e-10,-27500.49402530876,-0.027500494025308755,6.956156628490439e-11,6.779632150759031e-11,0.0,1.7652447773140703e-12,0.0,0.0
7.5,0.27561991631740707,300.0,0.025851999786435535,1.0,1.0,1.0,8.332345028179699,0.0014563277240188233,13.526012757772012,0.13526012757772013,3.6299985306139915,9.145807497804665,0.0,-0.036111111111201626,-0.03472222222230925,0.0,4.33,4.28,4.354,4.354,2.0,1.0,16.64,16.0,0.005291772109038001,0.005291772109038001,4.0,10.0,1.0,1.0,0.11,0.3,0.8,914580749.7804664,362999853.06139916,2.33,3.2800000000000002,0.2813262562146303,0.18074618234665876,2.0486737437853697,3.0992538176533415,0.0,1.549994,2.518931,1.549994,2.518931,0.4986797437853696,0.5803228176533417,1200000.0,1.0,6.588173077926467,22.094440075220636,711522692416.0585,2386199528123.8286,2983.5806015829294,425.3167624037677,1,2983.5806015829294,2983.5806015829294,1500,0.08083923514120306,15.003160764858794,0.11,0.3,3469911125302822.5,3469911125302822.5,1.0,0,1.9939791079730709e-106,6.918930290377157e-91,0.0,362999853.06139916,0.18074618234665876,0.6192538176533413,1e-10,5e+23,504765890.70298094,1,58.03240591737969,58.03240591737969,0.0,14.203160764858794,500000000.0,4.6299985306139915,7.296129991950746e-103,0,1.6890535570950315e-93,0.0,5e-10,1.0,3.6299985306048943,1e-08,0,1050035.8771330656,0.0,3041.613007500309,-1.2674e-09,-40342.59497493363,-0.04034259497493362,9.555509079426128e-11,9.373194899325948e-11,0.0,1.823141801001809e-12,0.0,0.0
7.75,0.28480724686132064,300.0,0.025851999786435535,1.0,1.0,1.0,9.318581618730315,0.0016287022097612163,14.482386063387713,0.14482386063387712,3.608918615121965,9.794928100666763,0.0,-0.036111111111201626,-0.03472222222230925,0.0,4.33,4.28,4.354,4.354,2.0,1.0,16.64,16.0,0.005291772109038001,0.005291772109038001,4.0,10.0,1.0,1.0,0.11,0.3,0.8,979492810.0666763,360891861.5121965,2.33,3.2800000000000002,0.2911386507607033,0.18022060887810515,2.038861349239297,3.099779391121895,0.0,1.549994,2.518931,1.549994,2.518931,0.48886734923929676,0.5808483911218953,1200000.0,1.0,6.588173077926467,22.094440075220636,711522692416.0585,2386199528123.8286,4360.926309700118,416.7573363291269,1,4360.926309700118,4360.926309700118,1500,0.08655507231509701,15.247444927684906,0.11,0.3,3469911125302822.5,3469911125302822.5,1.0,0,2.0606272093021047e-107,7.15019327865908e-92,0.0,360891861.5121965,0.18022060887810515,0.619779391121895,1e-10,5e+23,504765890.70298094,1,56.534293529681065,56.534293529681065,0.0,14.447444927684906,500000000.0,4.608918615121965,6.982114998191335e-104,0,1.6089999894043154e-94,0.0,5e-10,1.0,3.608918615112921,1e-08,0,1037875.8733242489,0.0,4417.460603229799,-2.0226e-09,-64381.3575795335,-0.06438135757953349,1.3877861778629073e-10,1.3700254057400339e-10,0.0,1.7760772122873502e-12,0.0,0.0
8.0,0.2939945774052342,300.0,0.025851999786435535,1.0,1.0,1.0,10.20820029512024,0.0017841898111327374,15.369822849235595,0.15369822849235595,3.607378460770579,10.397259322219128,0.0,-0.036111111111201626,-0.03472222222230925,0.0,4.33,4.28,4.354,4.354,2.0,1.0,16.64,16.0,0.005291772109038001,0.005291772109038001,4.0,10.0,1.0,1.0,0.11,0.3,0.8,1039725932.2219127,360737846.0770579,2.33,3.2800000000000002,0.299956775818165,0.18018214899512963,2.030043224181835,3.099817851004871,0.0,1.549994,2.518931,1.549994,2.518931,0.4800492241818348,0.580886851004871,1200000.0,1.0,6.588173077926467,22.094440075220636,711522692416.0585,2386199528123.8286,6133.618061295144,416.13778961260044,1,6133.618061295144,6133.618061295144,1500,0.09185890518061675,15.492141094819388,0.11,0.3,3469911125302822.5,3469911125302822.5,1.0,0,2.3911968592326857e-108,8.297240584640663e-93,0.0,360737846.0770579,0.18018214899512963,0.6198178510048704,1e-10,5e+23,504765890.70298094,1,56.42615939154729,56.42615939154729,0.0,14.692141094819387,500000000.0,4.607378460770579,7.54466323381592e-105,0,1.7380559438625583e-95,0.0,5e-10,1.0,3.6073784607615393,1e-08,0,1036990.207492108,0.0,6190.044220686691,-3.0518e-09,-97141.81106556924,-0.09714181106556924,1.9446597449105266e-10,1.9269329441290495e-10,0.0,1.7726800781477168e-12,0.0,0.0
8.25,0.3031819079491478,300.0,0.025851999786435535,1.0,1.0,1.0,10.803229116530149,0.001888188981387789,16.04707087725691,0.1604707087725691,3.665415409182899,10.856928831661724,0.0,-0.036111111111201626,-0.03472222222230925,0.0,4.33,4.28,4.354,4.354,2.0,1.0,16.64,16.0,0.005291772109038001,0.005291772109038001,4.0,10.0,1.0,1.0,0.11,0.3,0.8,1085692883.1661725,366541540.9182899,2.33,3.2800000000000002,0.3065157070013112,0.1816257869694336,2.0234842929986887,3.0983742130305667,0.0,1.549994,2.518931,1.549994,2.518931,0.4734902929986886,0.5794432130305669,1200000.0,1.0,6.588173077926467,22.094440075220636,711522692416.0585,2386199528123.8286,7905.0008944866,440.0370115620889,1,7905.0008944866,7905.0008944866,1500,0.0959065290862406,15.738093470913762,0.11,0.3,3469911125302822.5,3469911125302822.5,1.0,0,3.7627224671865687e-109,1.305631255031756e-93,0.0,366541540.9182899,0.1816257869694336,0.6183742130305665,1e-10,5e+23,504765890.70298094,1,60.62671475911646,60.62671475911646,0.0,14.938093470913762,500000000.0,4.6654154091828985,1.118712007854276e-105,0,2.6096281199406396e-96,0.0,5e-10,1.0,3.6654154091737134,1e-08,0,1070625.645493208,0.0,7965.6276092457165,-4.5241e-09,-144006.57560840872,-0.14400657560840874,2.5024757178438375e-10,2.483429273673985e-10,0.0,1.904644416985242e-12,0.0,0.0
8.5,0.31236923849306136,300.0,0.025851999786435535,1.0,1.0,1.0,11.830113324910778,0.0020676678600184953,17.032446105905155,0.17032446105905155,3.636115022878246,11.525733950656281,0.0,-0.036111111111201626,-0.03472222222230925,0.0,4.33,4.28,4.354,4.354,2.0,1.0,16.64,16.0,0.005291772109038001,0.005291772109038001,4.0,10.0,1.0,1.0,0.11,0.3,0.8,1152573395.065628,363611502.28782463,2.33,3.2800000000000002,0.3158155676178468,0.18089839553728723,2.0141844323821534,3.099101604462713,0.0,1.549994,2.518931,1.549994,2.518931,0.4641904323821533,0.5801706044627131,1200000.0,1.0,6.588173077926467,22.094440075220636,711522692416.0585,2386199528123.8286,11327.464391286281,427.82835854426577,1,11327.464391286281,11327.464391286281,1500,0.10179569843995437,15.98220430156005,0.11,0.3,3469911125302822.5,3469911125302822.5,1.0,0,3.964528595262298e-110,1.375656187928182e-94,0.0,363611502.28782463,0.18089839553728723,0.6191016044627128,1e-10,5e+23,504765890.70298094,1,58.473462165234864,58.473462165234864,0.0,15.182204301560049,500000000.0,4.636115022878246,1.0965245865558753e-106,0,2.541807054343526e-97,0.0,5e-10,1.0,3.636115022869134,1e-08,0,1053577.447303647,0.0,11385.937853451516,-8.7346e-09,-278030.9531860938,-0.2780309531860938,3.5769978714633226e-10,3.558627891546496e-10,0.0,1.836997991682626e-12,0.0,0.0
8.75,0.32155656903697494,300.0,0.025851999786435535,1.0,1.0,1.0,12.72704700865166,0.0022244339787786467,17.925102122091754,0.17925102122091754,3.6330955000513434,12.131607627779132,0.0,-0.036111111111201626,-0.03472222222230925,0.0,4.33,4.28,4.354,4.354,2.0,1.0,16.64,16.0,0.005291772109038001,0.005291772109038001,4.0,10.0,1.0,1.0,0.11,0.3,0.8,1213160762.7779133,363309550.00513434,2.33,3.2800000000000002,0.32401000177927874,0.18082326861218623,2.005989998220721,3.0991767313878142,0.0,1.549994,2.518931,1.549994,2.518931,0.4559959982207211,0.5802457313878144,1200000.0,1.0,6.588173077926467,22.094440075220636,711522692416.0585,2386199528123.8286,15552.246843511697,426.58687732835494,1,15552.246843511697,15552.246843511697,1500,0.10713072442913614,16.22686927557087,0.11,0.3,3469911125302822.5,3469911125302822.5,1.0,0,4.825525997240633e-111,1.674414634326327e-95,0.0,363309550.00513434,0.18082326861218623,0.6191767313878138,1e-10,5e+23,504765890.70298094,1,58.25536570742678,58.25536570742678,0.0,15.42686927557087,500000000.0,4.633095500051343,1.2492922066202127e-107,0,2.8940450503706603e-98,0.0,5e-10,1.0,3.633095500042239,1e-08,0,1051828.3385900054,0.0,15610.502209219123,-1.16194e-08,-369856.9891523937,-0.36985698915239373,4.904183905933004e-10,4.88588244303914e-10,0.0,1.8301462893863875e-12,0.0,0.0
9.0,0.3307438995808885,300.0,0.025851999786435535,1.0,1.0,1.0,13.65951464344835,0.002387410723466012,18.843111479226213,0.18843111479226213,3.6228896813698297,12.754689413769105,0.0,-0.036111111111201626,-0.03472222222230925,0.0,4.33,4.28,4.354,4.354,2.0,1.0,16.64,16.0,0.005291772109038001,0.005291772109038001,4.0,10.0,1.0,1.0,0.11,0.3,0.8,1275468941.3769104,362288968.136983,2.33,3.2800000000000002,0.33222643244723016,0.18056911243312845,1.99777356755277,3.099430887566872,0.0,1.549994,2.518931,1.549994,2.518931,0.4477795675527698,0.5804998875668721,1200000.0,1.0,6.588173077926467,22.094440075220636,711522692416.0585,2386199528123.8286,21370.914206843834,422.41356439081704,1,21370.914206843834,21370.914206843834,1500,0.11261727657219661,16.471382723427805,0.11,0.3,3469911125302822.5,3469911125302822.5,1.0,0,5.7822706150142935e-112,2.006396513654969e-96,0.0,362288968.136983,0.18056911243312845,0.6194308875668716,1e-10,5e+23,504765890.70298094,1,57.52340598593309,57.52340598593309,0.0,15.671382723427804,500000000.0,4.62288968136983,1.4020824064676644e-108,0,3.2408361446447723e-99,0.0,5e-10,1.0,3.6228896813607507,1e-08,0,1045927.2046097857,0.0,21428.437612829766,-1.67453e-08,-533019.4537113429,-0.5330194537113428,6.73194221823732e-10,6.713870707271833e-10,0.0,1.8071510965487055e-12,0.0,0.0
9.25,0.33993123012480203,300.0,0.025851999786435535,1.0,1.0,1.0,14.460520564531352,0.0025274105825730526,19.667323396156544,0.19667323396156544,3.6392703451995523,13.314107930850685,0.0,-0.036111111111201626,-0.03472222222230925,0.0,4.33,4.28,4.354,4.354,2.0,1.0,16.64,16.0,0.005291772109038001,0.005291772109038001,4.0,10.0,1.0,1.0,0.11,0.3,0.8,1331410793.0850685,363927034.5199552,2.33,3.2800000000000002,0.339433947933191,0.18097686788563253,1.9905660520668091,3.0990231321143678,0.0,1.549994,2.518931,1.549994,2.518931,0.44057205206680905,0.5800921321143679,1200000.0,1.0,6.588173077926467,22.094440075220636,711522692416.0585,2386199528123.8286,28242.5581685627,429.12898139390245,1,28242.5581685627,28242.5581685627,1500,0.11754324124132115,16.71645675875868,0.11,0.3,3469911125302822.5,3469911125302822.5,1.0,0,7.9776543871878e-113,2.768175171192382e-97,0.0,363927034.5199552,0.18097686788563253,0.6190231321143675,1e-10,5e+23,504765890.70298094,1,58.70212080525045,58.70212080525045,0.0,15.916456758758681,500000000.0,4.639270345199552,1.8220959956057454e-109,0,4.2265979592602944e-100,0.0,5e-10,1.0,3.6392703451904325,1e-08,0,1055406.7727335512,0.0,28301.26028936795,-2.59294e-08,-825358.436281398,-0.825358436281398,8.89110314124109e-10,8.872661326093899e-10,0.0,1.844181514719154e-12,0.0,0.0
9.5,0.3491185606687156,300.0,0.025851999786435535,1.0,1.0,1.0,15.296612796243185,0.0026735428289887675,20.51656926426721,0.20516569264267212,3.648555242835713,13.890517776931908,0.0,-0.036111111111201626,-0.03472222222230925,0.0,4.33,4.28,4.354,4.354,2.0,1.0,16.64,16.0,0.005291772109038001,0.005291772109038001,4.0,10.0,1.0,1.0,0.11,0.3,0.8,1389051777.6931908,364855524.2835713,2.33,3.2800000000000002,0.34670368375509847,0.1812075846399708,1.9832963162449015,3.0987924153600295,0.0,1.549994,2.518931,1.549994,2.518931,0.43330231624490145,0.5798614153600297,1200000.0,1.0,6.588173077926467,22.094440075220636,711522692416.0585,2386199528123.8286,37413.66201274582,432.9758930452105,1,37413.66201274582,37413.66201274582,1500,0.12261882320729599,16.961381176792706,0.11,0.3,3469911125302822.5,3469911125302822.5,1.0,0,1.082045572019715e-113,3.7546019684358655e-98,0.0,364855524.2835713,0.1812075846399708,0.6187924153600293,1e-10,5e+23,504765890.70298094,1,59.379463643351876,59.379463643351876,0.0,16.161381176792705,500000000.0,4.648555242835712,2.3287874185972854e-110,0,5.4127484820851274e-101,0.0,5e-10,1.0,3.64855524282657,1e-08,0,1060798.9769328856,0.0,37473.041476389175,-4.13482e-08,-1316154.0835904612,-1.3161540835904613,1.1772503180988987e-09,1.175384857231338e-09,0.0,1.8654608675605647e-12,0.0,0.0
9.25,0.33993123012480203,300.0,0.025851999786435535,1.0,1.0,1.0,15.296612796243185,0.0026735428289887675,20.263872071004393,0.20263872071004393,3.4701811794779047,13.719004254472479,0.0,-0.036111111111201626,-0.03472222222230925,0.0,4.33,4.28,4.354,4.354,2.0,1.0,16.64,16.0,0.005291772109038001,0.005291772109038001,4.0,10.0,1.0,1.0,0.11,0.3,0.8,1371900425.4472477,347018117.94779044,2.33,3.2800000000000002,0.344556568991662,0.17672255567789966,1.985443431008338,3.1032774443221007,0.0,1.549994,2.518931,1.549994,2.518931,0.4354494310083379,0.5843464443221009,1200000.0,1.0,6.588173077926467,22.094440075220636,711522692416.0585,2386199528123.8286,34431.843691631526,364.01438495827745,1,34431.843691631526,34431.843691631526,1500,0.12110855937777555,16.712891440622226,0.11,0.3,3469911125302822.5,3469911125302822.5,1.0,0,3.6541891149926423e-113,1.2679711464073445e-97,0.0,347018117.94779044,0.17672255567789966,0.6232774443221004,1e-10,5e+23,504765890.70298094,1,47.48126968277444,47.48126968277444,0.0,15.912891440622225,500000000.0,4.470181179477905,8.13858359519289e-110,0,1.819047160741944e-100,0.0,5e-10,1.0,3.470181179469209,1e-08,0,959611.711730027,0.0,34479.3249613143,-3.75224e-08,-1194375.0873342666,-1.1943750873342667,1.0831999399920019e-09,1.0817082719118168e-09,0.0,1.4916680801851996e-12,0.0,0.0
9.0,0.3307438995808885,300.0,0.025851999786435535,1.0,1.0,1.0,15.296612796243185,0.0026735428289887675,20.01117487774158,0.2001117487774158,3.2918071161201,13.547490732013053,0.0,-0.036111111111201626,-0.03472222222230925,0.0,4.33,4.28,4.354,4.354,2.0,1.0,16.64,16.0,0.005291772109038001,0.005291772109038001,4.0,10.0,1.0,1.0,0.11,0.3,0.8,1354749073.2013052,329180711.61201,2.33,3.2800000000000002,0.3423959902528892,0.17212069788263276,1.9876040097471108,3.1078793021173676,0.0,1.549994,2.518931,1.549994,2.518931,0.43761000974711073,0.5889483021173678,1200000.0,1.0,6.588173077926467,22.094440075220636,711522692416.0585,2386199528123.8286,31671.17330855416,304.6567029884068,1,31671.17330855416,31671.17330855416,1500,0.11959829554825518,16.464401704451745,0.11,0.3,3469911125302822.5,3469911125302822.5,1.0,0,1.242238585367052e-112,4.310457487645574e-97,0.0,329180711.61201,0.17212069788263276,0.6278793021173673,1e-10,5e+23,504765890.70298094,1,37.69612813697293,37.69612813697293,0.0,15.664401704451745,500000000.0,4.291807116120101,2.86469080611431e-109,0,6.147350193582612e-100,0.0,5e-10,1.0,3.291807116111851,1e-08,0,863495.3418612693,0.0,31708.869436691133,-3.06008e-08,-974053.7165132941,-0.9740537165132941,9.96163512759468e-10,9.94979253967229e-10,0.0,1.1842587922389367e-12,0.0,0.0
8.75,0.32155656903697494,300.0,0.025851999786435535,1.0,1.0,1.0,15.296612796243185,0.0026735428289887675,19.758477684478766,0.19758477684478767,3.113433052762292,13.375977209553618,0.0,-0.036111111111201626,-0.03472222222230925,0.0,4.33,4.28,4.354,4.354,2.0,1.0,16.64,16.0,0.005291772109038001,0.005291772109038001,4.0,10.0,1.0,1.0,0.11,0.3,0.8,1337597720.9553618,311343305.2762292,2.33,3.2800000000000002,0.3402216910298448,0.1673923761522033,1.9897783089701553,3.112607623847797,0.0,1.549994,2.518931,1.549994,2.518931,0.4397843089701552,0.5936766238477973,1200000.0,1.0,6.588173077926467,22.094440075220636,711522692416.0585,2386199528123.8286,29116.39037361863,253.7338614224587,1,29116.39037361863,29116.39037361863,1500,0.11808803171873476,16.21591196828127,0.11,0.3,3469911125302822.5,3469911125302822.5,1.0,0,4.25146433427397e-112,1.4752203392325405e-96,0.0,311343305.2762292,0.1673923761522033,0.6326076238477968,1e-10,5e+23,504765890.70298094,1,29.69406042195523,29.69406042195523,0.0,15.415911968281268,500000000.0,4.113433052762292,1.0157220340295757e-108,0,2.089052293598101e-99,0.0,5e-10,1.0,3.11343305275449,1e-08,0,772449.8673266097,0.0,29146.084434040586,-2.42547e-08,-772051.0796421987,-0.7720510796421988,9.156512473888974e-10,9.147183809681287e-10,0.0,9.3286642076866e-13,0.0,0.0
8.5,0.31236923849306136,300.0,0.025851999786435535,1.0,1.0,1.0,15.296612796243185,0.0026735428289887675,19.505780491215955,0.19505780491215954,2.9350589894044874,13.20446368709419,0.0,-0.036111111111201626,-0.03472222222230925,0.0,4.33,4.28,4.354,4.354,2.0,1.0,16.64,16.0,0.005291772109038001,0.005291772109038001,4.0,10.0,1.0,1.0,0.11,0.3,0.8,1320446368.709419,293505898.94044876,2.33,3.2800000000000002,0.3380334065638451,0.1625265533633102,1.991966593436155,3.1174734466366902,0.0,1.549994,2.518931,1.549994,2.518931,0.4419725934361549,0.5985424466366904,1200000.0,1.0,6.588173077926467,22.094440075220636,711522692416.0585,2386199528123.8286,26753.214550275985,210.2016901167641,1,26753.214550275985,26753.214550275985,1500,0.11657776788921435,15.967422232110788,0.11,0.3,3469911125302822.5,3469911125302822.5,1.0,0,1.4650221988778841e-111,5.083496826701974e-96,0.0,293505898.94044876,0.1625265533633102,0.6374734466366898,1e-10,5e+23,504765890.70298094,1,23.19020913941502,23.19020913941502,0.0,15.167422232110788,500000000.0,3.9350589894044874,3.6282764679207406e-108,0,7.138740965568136e-99,0.0,5e-10,1.0,2.935058989397132,1e-08,0,686475.2881260515,0.0,26776.4047594154,-1.87059e-08,-595427.2899965369,-0.595427289996537,8.41205564817262e-10,8.40477022910586e-10,0.0,7.285419066759712e-13,0.0,0.0
8.25,0.3031819079491478,300.0,0.025851999786435535,1.0,1.0,1.0,15.296612796243185,0.0026735428289887675,19.253083297953143,0.19253083297953144,2.7566849260466806,13.032950164634764,0.0,-0.036111111111201626,-0.03472222222230925,0.0,4.33,4.28,4.354,4.354,2.0,1.0,16.64,16.0,0.005291772109038001,0.005291772109038001,4.0,10.0,1.0,1.0,0.11,0.3,0.8,1303295016.4634764,275668492.6046681,2.33,3.2800000000000002,0.33583086347015284,0.15751048696018022,1.9941691365298473,3.1224895130398203,0.0,1.549994,2.518931,1.549994,2.518931,0.4441751365298472,0.6035585130398204,1200000.0,1.0,6.588173077926467,22.094440075220636,711522692416.0585,2386199528123.8286,24568.287011766046,173.129070286935,1,24568.287011766046,24568.287011766046,1500,0.11506750405969396,15.718932495940308,0.11,0.3,3469911125302822.5,3469911125302822.5,1.0,0,5.083657725694967e-111,1.763984049962061e-95,0.0,275668492.6046681,0.15751048696018022,0.6424895130398198,1e-10,5e+23,504765890.70298094,1,17.939434789707196,17.939434789707196,0.0,14.918932495940307,500000000.0,3.756684926046681,1.3059196688141722e-107,0,2.4529643672310374e-98,0.0,5e-10,1.0,2.7566849260397728,1e-08,0,605571.6042595924,0.0,24586.226446555753,-1.49223e-08,-474991.5614600379,-0.4749915614600379,7.723990838399464e-10,7.718354998744975e-10,0.0,5.635839654489729e-13,0.0,0.0
8.0,0.2939945774052342,300.0,0.025851999786435535,1.0,1.0,1.0,15.296612796243185,0.0026735428289887675,19.000386104690328,0.19000386104690328,2.5783108626888747,12.861436642175331,0.0,-0.036111111111201626,-0.03472222222230925,0.0,4.33,4.28,4.354,4.354,2.0,1.0,16.64,16.0,0.005291772109038001,0.005291772109038001,4.0,10.0,1.0,1.0,0.11,0.3,0.8,1286143664.217533,257831086.26888746,2.33,3.2800000000000002,0.3336137793393118,0.15232933550931443,1.9963862206606882,3.1276706644906858,0.0,1.549994,2.518931,1.549994,2.518931,0.44639222066068807,0.608739664490686,1200000.0,1.0,6.588173077926467,22.094440075220636,711522692416.0585,2386199528123.8286,22549.11507009396,141.68715608800582,1,22549.11507009396,22549.11507009396,1500,0.11355724023017355,15.470442759769828,0.11,0.3,3469911125302822.5,3469911125302822.5,1.0,0,1.7766050164609723e-110,6.164661511886732e-95,0.0,257831086.26888746,0.15232933550931443,0.6476706644906856,1e-10,5e+23,504765890.70298094,1,13.731481279137128,13.731481279137128,0.0,14.670442759769827,500000000.0,3.5783108626888747,4.736826620525981e-107,0,8.474919075450975e-98,0.0,5e-10,1.0,2.578310862682413,1e-08,0,529738.8157272326,0.0,22562.8465513731,-1.10291e-08,-351067.15657096455,-0.35106715657096454,7.088327296986754e-10,7.084013424915809e-10,0.0,4.3138720709442983e-13,0.0,0.0
7.75,0.28480724686132064,300.0,0.025851999786435535,1.0,1.0,1.0,15.296612796243185,0.0026735428289887675,18.747688911427517,0.18747688911427518,2.399936799331068,12.689923119715903,0.0,-0.036111111111201626,-0.03472222222230925,0.0,4.33,4.28,4.354,4.354,2.0,1.0,16.64,16.0,0.005291772109038001,0.005291772109038001,4.0,10.0,1.0,1.0,0.11,0.3,0.8,1268992311.9715903,239993679.93310678,2.33,3.2800000000000002,0.331381862314475,0.14696564023942968,1.9986181376855252,3.1330343597605705,0.0,1.549994,2.518931,1.549994,2.518931,0.4486241376855251,0.6141033597605707,1200000.0,1.0,6.588173077926467,22.094440075220636,711522692416.0585,2386199528123.8286,20684.019906944905,115.13950780447672,1,20684.019906944905,20684.019906944905,1500,0.11204697640065316,15.22195302359935,0.11,0.3,3469911125302822.5,3469911125302822.5,1.0,0,6.253826772540663e-110,2.170022309375549e-94,0.0,239993679.93310678,0.14696564023942968,0.6530343597605703,1e-10,5e+23,504765890.70298094,1,10.386657263367661,10.386657263367661,0.0,14.421953023599348,500000000.0,3.399936799331068,1.7317293915385165e-106,0,2.9438852423875005e-97,0.0,5e-10,1.0,2.399936799325054,1e-08,0,458976.9225289727,0.0,20694.40656420827,-8.439e-09,-268621.71295050095,-0.26862171295050097,6.50133956325171e-10,6.498076498636316e-10,0.0,3.2630646153950914e-13,0.0,0.0
7.5,0.27561991631740707,300.0,0.025851999786435535,1.0,1.0,1.0,15.296612796243185,0.0026735428289887675,18.494991718164698,0.184949917181647,2.2215627359732597,12.518409597256474,0.0,-0.036111111111201626,-0.03472222222230925,0.0,4.33,4.28,4.354,4.354,2.0,1.0,16.64,16.0,0.005291772109038001,0.005291772109038001,4.0,10.0,1.0,1.0,0.11,0.3,0.8,1251840959.7256474,222156273.59732598,2.33,3.2800000000000002,0.3291348106429344,0.14139862929060396,2.0008651893570657,3.1386013707093965,0.0,1.549994,2.518931,1.549994,2.518931,0.4508711893570656,0.6196703707093967,1200000.0,1.0,6.588173077926467,22.094440075220636,711522692416.0585,2386199528123.8286,18962.087244267423,92.83306742691609,1,18962.087244267423,18962.087244267423,1500,0.11053671257113273,14.973463287428869,0.11,0.3,3469911125302822.5,3469911125302822.5,1.0,0,2.217690947992934e-109,7.695190492924045e-94,0.0,222156273.59732598,0.14139862929060396,0.6586013707093961,1e-10,5e+23,504765890.70298094,1,7.751984761592217,7.751984761592217,0.0,14.173463287428868,500000000.0,3.2215627359732597,6.382091251155382e-106,0,1.028015367615157e-96,0.0,5e-10,1.0,2.2215627359676926,1e-08,0,393285.9246648117,0.0,18969.839229029014,-6.5918e-09,-209823.51077463114,-0.20982351077463113,5.959550756169702e-10,5.957115398331927e-10,0.0,2.4353578377758135e-13,0.0,0.0
7.25,0.2664325857734935,300.0,0.025851999786435535,1.0,1.0,1.0,15.296612796243185,0.0026735428289887675,18.242294524901887,0.18242294524901886,2.0431886726154547,12.346896074797046,0.0,-0.036111111111201626,-0.03472222222230925,0.0,4.33,4.28,4.354,4.354,2.0,1.0,16.64,16.0,0.005291772109038001,0.005291772109038001,4.0,10.0,1.0,1.0,0.11,0.3,0.8,1234689607.4797046,204318867.26154548,2.33,3.2800000000000002,0.32687231219990304,0.13560326441327966,2.003127687800097,3.1443967355867204,0.0,1.549994,2.518931,1.549994,2.518931,0.4531336878000969,0.6254657355867206,1200000.0,1.0,6.588173077926467,22.094440075220636,711522692416.0585,2386199528123.8286,17373.120800191133,74.18991198736771,1,17373.120800191133,17373.120800191133,1500,0.10902644874161233,14.724973551258389,0.11,0.3,3469911125302822.5,3469911125302822.5,1.0,0,7.923522103841815e-109,2.7493917499703543e-93,0.0,204318867.26154548,0.13560326441327966,0.6643967355867204,1e-10,5e+23,504765890.70298094,1,5.6977705420696285,5.6977705420696285,0.0,13.924973551258388,500000000.0,3.0431886726154547,2.37141648341437e-105,0,3.6083338901900923e-96,0.0,5e-10,1.0,2.0431886726103348,1e-08,0,332665.8221347516,0.0,17378.8185707332,-5.2496e-09,-167099.95785104274,-0.16709995785104276,5.45971687498853e-10,5.457926867580849e-10,0.0,1.790007407680628e-13,0.0,0.0
7.0,0.2572452552295799,300.0,0.025851999786435535,1.0,1.0,1.0,15.296612796243185,0.0026735428289887675,17.989597331639075,0.17989597331639076,1.864814609257647,12.175382552337613,0.0,-0.036111111111201626,-0.03472222222230925,0.0,4.33,4.28,4.354,4.354,2.0,1.0,16.64,16.0,0.005291772109038001,0.005291772109038001,4.0,10.0,1.0,1.0,0.11,0.3,0.8,1217538255.2337613,186481460.9257647,2.33,3.2800000000000002,0.3245940439824204,0.12954890302049651,2.0054059560175794,3.150451096979504,0.0,1.549994,2.518931,1.549994,2.518931,0.45541195601757933,0.6315200969795041,1200000.0,1.0,6.588173077926467,22.094440075220636,711522692416.0585,2386199528123.8286,15907.598383531811,58.699724231735864,1,15907.598383531811,15907.598383531811,1500,0.10751618491209193,14.47648381508791,0.11,0.3,3469911125302822.5,3469911125302822.5,1.0,0,2.852736034837109e-108,9.898740504833545e-93,0.0,186481460.9257647,0.12954890302049651,0.6704510969795036,1e-10,5e+23,504765890.70298094,1,4.114559540938972,4.114559540938972,0.0,13.67648381508791,500000000.0,2.864814609257647,8.88563576097963e-105,0,1.2727849570298314e-95,0.0,5e-10,1.0,1.8648146092529738,1e-08,0,277116.6149387902,0.0,15911.712943072751,-4.0049e-09,-127479.92631774631,-0.1274799263177463,4.998812048798698e-10,4.997519421796041e-10,0.0,1.2926270026571667e-13,0.0,0.0
6.75,0.24805792468566637,300.0,0.025851999786435535,1.0,1.0,1.0,15.296612796243185,0.0026735428289887675,17.736900138376264,0.17736900138376263,1.686440545899842,12.003869029878187,0.0,-0.036111111111201626,-0.03472222222230925,0.0,4.33,4.28,4.354,4.354,2.0,1.0,16.64,16.0,0.005291772109038001,0.005291772109038001,4.0,10.0,1.0,1.0,0.11,0.3,0.8,1200386902.9878187,168644054.5899842,2.33,3.2800000000000002,0.32229967157105843,0.12319736696898279,2.0077003284289416,3.1568026330310173,0.0,1.549994,2.518931,1.549994,2.518931,0.45770632842894154,0.6378716330310175,1200000.0,1.0,6.588173077926467,22.094440075220636,711522692416.0585,2386199528123.8286,14556.630487354721,45.91292394510577,1,14556.630487354721,14556.630487354721,1500,0.10600592108257154,14.22799407891743,0.11,0.3,3469911125302822.5,3469911125302822.5,1.0,0,1.0351354823376167e-107,3.591828126359e-92,0.0,168644054.5899842,0.12319736696898279,0.6768026330310173,1e-10,5e+23,504765890.70298094,1,2.910433054081159,2.910433054081159,0.0,13.427994078917429,500000000.0,2.686440545899842,3.3580083672174906e-104,0,4.510544915581996e-95,0.0,5e-10,1.0,1.686440545895616,1e-08,0,226638.30307692935,0.0,14559.540920408803,-2.8406e-09,-90419.10626936756,-0.09041910626936757,4.5740146795196276e-10,4.5731003400094805e-10,0.0,9.143395101466275e-14,0.0,0.0
6.5,0.2388705941417528,300.0,0.025851999786435535,1.0,1.0,1.0,15.296612796243185,0.0026735428289887675,17.484202945113445,0.17484202945113445,1.5080664825420338,11.832355507418754,0.0,-0.036111111111201626,-0.03472222222230925,0.0,4.33,4.28,4.354,4.354,2.0,1.0,16.64,16.0,0.005291772109038001,0.005291772109038001,4.0,10.0,1.0,1.0,0.11,0.3,0.8,1183235550.7418754,150806648.25420338,2.33,3.2800000000000002,0.31998884855688753,0.11650006086850934,2.0100111514431127,3.163499939131491,0.0,1.549994,2.518931,1.549994,2.518931,0.4600171514431126,0.6445689391314913,1200000.0,1.0,6.588173077926467,22.094440075220636,711522692416.0585,2386199528123.8286,13311.921248971295,35.434406323725106,1,13311.921248971295,13311.921248971295,1500,0.10449565725305113,13.97950434274695,0.11,0.3,3469911125302822.5,3469911125302822.5,1.0,0,3.7861139376842095e-107,1.3137478874034515e-91,0.0,150806648.25420338,0.11650006086850934,0.6834999391314907,1e-10,5e+23,504765890.70298094,1,2.0086176566897063,2.0086176566897063,0.0,13.179504342746949,500000000.0,2.508066482542034,1.2801689105119846e-103,0,1.6053743682237304e-94,0.0,5e-10,1.0,1.5080664825382548,1e-08,0,181230.88654916725,0.0,13313.929866627985,-2.1706e-09,-69092.3438950536,-0.0690923438950536,4.1826944259408217e-10,4.182063400093409e-10,0.0,6.310258474127127e-14,0.0,0.0
6.25,0.22968326359783922,300.0,0.025851999786435535,1.0,1.0,1.0,15.296612796243185,0.0026735428289887675,17.231505751850637,0.17231505751850637,1.3296924191842292,11.660841984959328,0.0,-0.036111111111201626,-0.03472222222230925,0.0,4.33,4.28,4.354,4.354,2.0,1.0,16.64,16.0,0.005291772109038001,0.005291772109038001,4.0,10.0,1.0,1.0,0.11,0.3,0.8,1166084198.4959328,132969241.91842292,2.33,3.2800000000000002,0.31766121593092433,0.10939349677491154,2.0123387840690756,3.1706065032250885,0.0,1.549994,2.518931,1.549994,2.518931,0.46234478406907553,0.6516755032250887,1200000.0,1.0,6.588173077926467,22.094440075220636,711522692416.0585,2386199528123.8286,12165.73165031269,26.91783573802857,1,12165.73165031269,12165.73165031269,1500,0.10298539342353073,13.73101460657647,0.11,0.3,3469911125302822.5,3469911125302822.5,1.0,0,1.3961179123811102e-106,4.8444050764057656e-91,0.0,132969241.91842292,0.10939349677491154,0.6906065032250885,1e-10,5e+23,504765890.70298094,1,1.3453737780382877,1.3453737780382877,0.0,12.93101460657647,500000000.0,2.329692419184229,4.924109551347969e-103,0,5.73583034650401e-94,0.0,5e-10,1.0,1.329692419180897,1e-08,0,140894.3653555057,0.0,12167.077024090728,-1.6734e-09,-53265.97635399553,-0.05326597635399553,3.8223999794544597e-10,3.8219773178167177e-10,0.0,4.22661637741743e-14,0.0,0.0
6.0,0.22049593305392565,300.0,0.025851999786435535,1.0,1.0,1.0,15.296612796243185,0.0026735428289887675,16.978808558587822,0.1697880855858782,1.1513183558264226,11.4893284624999,0.0,-0.036111111111201626,-0.03472222222230925,0.0,4.33,4.28,4.354,4.354,2.0,1.0,16.64,16.0,0.005291772109038001,0.005291772109038001,4.0,10.0,1.0,1.0,0.11,0.3,0.8,1148932846.24999,115131835.58264226,2.33,3.2800000000000002,0.3153164014330114,0.10179199423785136,2.0146835985669886,3.1782080057621487,0.0,1.549994,2.518931,1.549994,2.518931,0.46468959856698855,0.6592770057621489,1200000.0,1.0,6.588173077926467,22.094440075220636,711522692416.0585,2386199528123.8286,11110.844838898614,20.060442858977726,1,11110.844838898614,11110.844838898614,1500,0.10147512959401032,13.48252487040599,0.11,0.3,3469911125302822.5,3469911125302822.5,1.0,0,5.19106090603774e-106,1.8012519989984904e-90,0.0,115131835.58264226,0.10179199423785136,0.6982080057621487,1e-10,5e+23,504765890.70298094,1,0.8681356135450927,0.8681356135450927,0.0,12.68252487040599,500000000.0,2.1513183558264224,1.9113885771852376e-102,0,2.056002665607775e-93,0.0,5e-10,1.0,1.1513183558235374,1e-08,0,105628.73949594337,0.0,11111.71297451216,-1.2556e-09,-39966.98930923676,-0.03996698930923676,3.490847584952579e-10,3.490574852105996e-10,0.0,2.727328465832931e-14,0.0,0.0
5.75,0.2113086025100121,300.0,0.025851999786435535,1.0,1.0,1.0,15.296612796243185,0.0026735428289887675,16.72611136532501,0.1672611136532501,0.9729442924686161,11.317814940040469,0.0,-0.036111111111201626,-0.03472222222230925,0.0,4.33,4.28,4.354,4.354,2.0,1.0,16.64,16.0,0.005291772109038001,0.005291772109038001,4.0,10.0,1.0,1.0,0.11,0.3,0.8,1131781494.004047,97294429.2468616,2.33,3.2800000000000002,0.3129540188567876,0.09357501293184495,2.0170459811432124,3.1864249870681554,0.0,1.549994,2.518931,1.549994,2.518931,0.46705198114321234,0.6674939870681555,1200000.0,1.0,6.588173077926467,22.094440075220636,711522692416.0585,2386199528123.8286,10140.533455600893,14.598267112941087,1,10140.533455600893,10140.533455600893,1500,0.09996486576448993,13.234035134235508,0.11,0.3,3469911125302822.5,3469911125302822.5,1.0,0,1.9465796323492515e-105,6.754458322576546e-90,0.0,97294429.2468616,0.09357501293184495,0.7064249870681552,1e-10,5e+23,504765890.70298094,1,0.5338766272117281,0.5338766272117281,0.0,12.434035134235508,500000000.0,1.972944292468616,7.488941680884127e-102,0,7.3876323729653315e-93,0.0,5e-10,1.0,0.9729442924661781,1e-08,0,75434.00897048078,0.0,10141.067332228105,-9.446192e-10,-30068.163003902337,-0.030068163003902335,3.185910263048726e-10,3.1857425407597287e-10,0.0,1.677222889971662e-14,0.0,0.0
5.5,0.20212127196609853,300.0,0.025851999786435535,1.0,1.0,1.0,15.296612796243185,0.0026735428289887675,16.4734141720622,0.16473414172062198,0.7945702291108098,11.14630141758104,0.0,-0.036111111111201626,-0.03472222222230925,0.0,4.33,4.28,4.354,4.354,2.0,1.0,16.64,16.0,0.005291772109038001,0.005291772109038001,4.0,10.0,1.0,1.0,0.11,0.3,0.8,1114630141.7581038,79457022.91108097,2.33,3.2800000000000002,0.31057366730707414,0.08456332538087144,2.019426332692926,3.195436674619129,0.0,1.549994,2.518931,1.549994,2.518931,0.4694323326929257,0.6765056746191291,1200000.0,1.0,6.588173077926467,22.094440075220636,711522692416.0585,2386199528123.8286,9248.52886109312,10.30176451266005,1,9248.52886109312,9248.52886109312,1500,0.09845460193496954,12.985545398065032,0.11,0.3,3469911125302822.5,3469911125302822.5,1.0,0,7.362911374307865e-105,2.5548648092329555e-89,0.0,79457022.91108097,0.08456332538087144,0.7154366746191286,1e-10,5e+23,504765890.70298094,1,0.3076773557888922,0.3076773557888922,0.0,12.185545398065031,500000000.0,1.7945702291108097,2.962340938834139e-101,0,2.6580644286539557e-92,0.0,5e-10,1.0,0.7945702291088187,1e-08,0,50310.17377911783,0.0,9248.83653844891,-6.94736e-10,-22114.133708778198,-0.022114133708778197,2.905607692344395e-10,2.9055110326523326e-10,0.0,9.665969206223169e-15,0.0,0.0
5.25,0.19293394142218495,300.0,0.025851999786435535,1.0,1.0,1.0,15.296612796243185,0.0026735428289887675,16.220716978799384,0.16220716978799385,0.6161961657530033,10.974787895121612,0.0,-0.036111111111201626,-0.03472222222230925,0.0,4.33,4.28,4.354,4.354,2.0,1.0,16.64,16.0,0.005291772109038001,0.005291772109038001,4.0,10.0,1.0,1.0,0.11,0.3,0.8,1097478789.5121613,61619616.57530033,2.33,3.2800000000000002,0.3081749304056315,0.07446897980869163,2.0218250695943687,3.2055310201913088,0.0,1.549994,2.518931,1.549994,2.518931,0.4718310695943686,0.686600020191309,1200000.0,1.0,6.588173077926467,22.094440075220636,711522692416.0585,2386199528123.8286,8428.992158317178,6.971625923349531,1,8428.992158317178,8428.992158317178,1500,0.0969443381054491,12.737055661894551,0.11,0.3,3469911125302822.5,3469911125302822.5,1.0,0,2.809769582301793e-104,9.749650733166456e-89,0.0,61619616.57530033,0.07446897980869163,0.7255310201913084,1e-10,5e+23,504765890.70298094,1,0.16147477765419052,0.16147477765419052,0.0,11.93705566189455,500000000.0,1.6161961657530033,1.1832854889781272e-100,0,9.562107351388084e-92,0.0,5e-10,1.0,0.6161961657514592,1e-08,0,30257.233921854542,0.0,8429.153633094833,-5.056253e-10,-16094.5531694645,-0.0160945531694645,2.648096712971044e-10,2.6480459841735226e-10,0.0,5.072879752184503e-15,0.0,0.0
5.0,0.18374661087827138,300.0,0.025851999786435535,1.0,1.0,1.0,15.296612796243185,0.0026735428289887675,15.96801978553657,0.15968019785536572,0.43782210239519687,10.803274372662182,0.0,-0.036111111111201626,-0.03472222222230925,0.0,4.33,4.28,4.354,4.354,2.0,1.0,16.64,16.0,0.005291772109038001,0.005291772109038001,4.0,10.0,1.0,1.0,0.11,0.3,0.8,1080327437.2662182,43782210.239519686,2.33,3.2800000000000002,0.30575737544083287,0.06277182415720853,2.024242624559167,3.217228175842792,0.0,1.549994,2.518931,1.549994,2.518931,0.47424862455916705,0.698297175842792,1200000.0,1.0,6.588173077926467,22.094440075220636,711522692416.0585,2386199528123.8286,7676.486913472936,4.4343555255386375,1,7676.486913472936,7676.486913472936,1500,0.0954340742759287,12.488565925724071,0.11,0.3,3469911125302822.5,3469911125302822.5,1.0,0,1.08198491210776e-103,3.754391483932513e-88,0.0,43782210.239519686,0.06277182415720853,0.7372281758427915,1e-10,5e+23,504765890.70298094,1,0.07297596043048216,0.07297596043048216,0.0,11.68856592572407,500000000.0,1.437822102395197,4.774026041953331e-100,0,3.4321000802653795e-91,0.0,5e-10,1.0,0.43782210239409974,1e-08,0,15275.189398690934,0.0,7676.559889433366,-3.509725e-10,-11171.801652864047,-0.011171801652864048,2.411662415348594e-10,2.411639489274476e-10,0.0,2.292607411770622e-15,0.0,0.0
4.75,0.1745592803343578,300.0,0.025851999786435535,1.0,1.0,1.0,15.296612796243185,0.0026735428289887675,15.715322592273754,0.15715322592273753,0.25944803903738867,10.63176085020275,0.0,-0.036111111111201626,-0.03472222222230925,0.0,4.33,4.28,4.354,4.354,2.0,1.0,16.64,16.0,0.005291772109038001,0.005291772109038001,4.0,10.0,1.0,1.0,0.11,0.3,0.8,1063176085.0202751,25944803.903738867,2.33,3.2800000000000002,0.3033205524563362,0.04832157760565851,2.026679447543664,3.2316784223943418,0.0,1.549994,2.518931,1.549994,2.518931,0.47668544754366393,0.712747422394342,1200000.0,1.0,6.588173077926467,22.094440075220636,711522692416.0585,2386199528123.8286,6985.953482967519,2.5355784500201635,1,6985.953482967519,6985.953482967519,1500,0.0939238104464083,12.24007618955359,0.11,0.3,3469911125302822.5,3469911125302822.5,1.0,0,4.2052336013940044e-103,1.459178685797431e-87,0.0,25944803.903738867,0.04832157760565851,0.7516784223943416,1e-10,5e+23,504765890.70298094,1,0.02472743517841551,0.02472743517841551,0.0,11.44007618955359,500000000.0,1.2594480390373888,1.945924262551826e-99,0,1.225395248293087e-90,0.0,5e-10,1.0,0.2594480390367385,1e-08,0,5364.0402096269245,0.0,6985.978210402698,-2.557643e-10,-8141.2305222876885,-0.008141230522287688,2.1947097823939489e-10,2.194702014041079e-10,0.0,7.7683528698628e-16,0.0,0.0
4.5,0.16537194979044426,300.0,0.025851999786435535,1.0,1.0,1.0,15.296612796243185,0.0026735428289887675,15.462625399010946,0.15462625399010946,0.08107397567958573,10.460247327743325,0.0,-0.036111111111201626,-0.03472222222230925,0.0,4.33,4.28,4.354,4.354,2.0,1.0,16.64,16.0,0.005291772109038001,0.005291772109038001,4.0,10.0,1.0,1.0,0.11,0.3,0.8,1046024732.7743325,8107397.567958573,2.33,3.2800000000000002,0.30086399327331886,0.02701199393928361,2.0291360067266813,3.2529880060607166,0.0,1.549994,2.518931,1.549994,2.518931,0.47914200672668117,0.7340570060607168,1200000.0,1.0,6.588173077926467,22.094440075220636,711522692416.0585,2386199528123.8286,6352.684858466805,1.1119667530309816,1,6352.684858466805,6352.684858466805,1500,0.09241354661688793,11.991586453383116,0.11,0.3,3469911125302822.5,3469911125302822.5,1.0,0,1.6499476402848217e-102,5.725171673191442e-87,0.0,8107397.567958573,0.02701199393928361,0.7729880060607164,1e-10,5e+23,504765890.70298094,1,0.003388635842429671,0.003388635842429671,0.0,11.191586453383115,500000000.0,1.0810739756795857,8.015354506122914e-99,0,4.332595581207791e-90,0.0,5e-10,1.0,0.08107397567938257,1e-08,0,523.7863546627541,0.0,6352.688247102647,-1.767845e-10,-5627.225407405834,-0.0056272254074058335,1.99575587276439e-10,1.995754808193043e-10,0.0,1.0645713468268115e-16,0.0,0.0
4.25,0.15618461924653068,300.0,0.025851999786435535,1.0,1.0,-1.0,15.296612796243185,0.0026735428289887675,15.209928205748131,0.1520992820574813,-0.09730008767822247,10.288733805283893,0.0,-0.036111111111201626,-0.03472222222230925,0.0,4.33,4.28,4.354,4.354,2.0,1.0,16.64,16.0,0.005291772109038001,0.005291772109038001,4.0,10.0,1.0,1.0,0.11,0.3,0.8,1028873380.5283893,9730008.767822247,2.33,3.2800000000000002,0.29838721044025707,0.029591877756369837,2.031612789559743,3.2504081222436305,0.0,1.549994,2.518931,1.549994,2.518931,0.4816187895597428,0.7314771222436307,1200000.0,1.0,6.588173077926467,22.094440075220636,711522692416.0585,2386199528123.8286,5772.303946661313,1.2286606316404207,1,5772.303946661313,5772.303946661313,1500,0.09090328278736752,11.840331894892161,0.11,0.3,3469911125302822.5,3469911125302822.5,1.0,0,6.536689560887794e-102,2.2681731829975377e-86,0.0,9730008.767822247,0.029591877756369837,0.7704081222436302,1e-10,5e+23,504765890.70298094,1,-0.004493624741464209,-0.004493624741464209,0.0,11.04033189489216,500000000.0,1.0973000876782224,3.3372583471931304e-98,0,1.830986938489951e-89,0.0,5e-10,1.0,0.09730008767797865,1e-08,0,754.4278337981387,0.0,5772.299453036571,-1.203296e-10,-3830.210128054105,-0.003830210128054105,1.8134213555980075e-10,1.8134227673118551e-10,0.0,-1.4117138475773296e-16,0.0,0.0
4.0,0.1469972887026171,300.0,0.025851999786435535,1.0,1.0,-1.0,15.296612796243185,0.0026735428289887675,14.957231012485318,0.14957231012485317,-0.27567415103602894,10.117220282824466,0.0,-0.036111111111201626,-0.03472222222230925,0.0,4.33,4.28,4.354,4.354,2.0,1.0,16.64,16.0,0.005291772109038001,0.005291772109038001,4.0,10.0,1.0,1.0,0.11,0.3,0.8,1011722028.2824466,27567415.103602894,2.33,3.2800000000000002,0.29588969610357996,0.049809700610139694,2.03411030389642,3.2301902993898604,0.0,1.549994,2.518931,1.549994,2.518931,0.48411630389642,0.7112592993898605,1200000.0,1.0,6.588173077926467,22.094440075220636,711522692416.0585,2386199528123.8286,5240.742204629858,2.685816998935452,1,5240.742204629858,5240.742204629858,1500,0.0893930189578471,11.770097226706554,0.11,0.3,3469911125302822.5,3469911125302822.5,1.0,0,2.6154947693830548e-101,9.075534398453602e-86,0.0,27567415.103602894,0.049809700610139694,0.7501902993898604,1e-10,5e+23,504765890.70298094,1,-0.027830697539488712,-0.027830697539488712,0.0,10.970097226706553,500000000.0,1.275674151036029,1.40490533603732e-97,0,8.961007109176976e-89,0.0,5e-10,1.0,0.2756741510353381,1e-08,0,6055.964647033218,0.0,5240.714373932318,-8.12169e-11,-2585.214219520031,-0.002585214219520031,1.6464189776708205e-10,1.646427720942314e-10,0.0,-8.743271493433728e-16,0.0,0.0
3.75,0.13780995815870353,300.0,0.025851999786435535,1.0,1.0,-1.0,15.296612796243185,0.0026735428289887675,14.704533819222505,0.14704533819222504,-0.4540482143938354,9.945706760365036,0.0,-0.036111111111201626,-0.03472222222230925,0.0,4.33,4.28,4.354,4.354,2.0,1.0,16.64,16.0,0.005291772109038001,0.005291772109038001,4.0,10.0,1.0,1.0,0.11,0.3,0.8,994570676.0365037,45404821.439383544,2.33,3.2800000000000002,0.2933709207917845,0.06392443445659543,2.0366290792082156,3.216075565543405,0.0,1.549994,2.518931,1.549994,2.518931,0.48663507920821547,0.6971445655434052,1200000.0,1.0,6.588173077926467,22.094440075220636,711522692416.0585,2386199528123.8286,4754.219555740327,4.636534659894851,1,4754.219555740327,4754.219555740327,1500,0.08788275512832669,11.699862558520948,0.11,0.3,3469911125302822.5,3469911125302822.5,1.0,0,1.0572145616792368e-100,3.6684405694029306e-85,0.0,45404821.439383544,0.06392443445659543,0.7360755655434046,1e-10,5e+23,504765890.70298094,1,-0.07913108311465482,-0.07913108311465482,0.0,10.899862558520947,500000000.0,1.4540482143938354,5.981634246520764e-97,0,4.3487922976552657e-88,0.0,5e-10,1.0,0.45404821439269755,1e-08,0,16428.39679436797,0.0,4754.140424657213,-5.2245e-11,-1663.0100003672144,-0.0016630100003672144,1.493557263223736e-10,1.4935821229866743e-10,0.0,-2.485976293836029e-15,0.0,0.0
3.5,0.12862262761478996,300.0,0.025851999786435535,1.0,1.0,-1.0,15.296612796243185,0.0026735428289887675,14.451836625959693,0.14451836625959694,-0.632422277751642,9.774193237905605,0.0,-0.036111111111201626,-0.03472222222230925,0.0,4.33,4.28,4.354,4.354,2.0,1.0,16.64,16.0,0.005291772109038001,0.005291772109038001,4.0,10.0,1.0,1.0,0.11,0.3,0.8,977419323.7905605,63242227.775164194,2.33,3.2800000000000002,0.2908303321047688,0.07544309356276015,2.0391696678952314,3.20455690643724,0.0,1.549994,2.518931,1.549994,2.518931,0.48917566789523126,0.6856259064372403,1200000.0,1.0,6.588173077926467,22.094440075220636,711522692416.0585,2386199528123.8286,4309.2255148944605,7.239331547574583,1,4309.2255148944605,4309.2255148944605,1500,0.0863724912988063,11.62962789033534,0.11,0.3,3469911125302822.5,3469911125302822.5,1.0,0,4.3181260621150664e-100,1.4983513663393137e-84,0.0,63242227.775164194,0.07544309356276015,0.7245569064372399,1e-10,5e+23,504765890.70298094,1,-0.17209064186846082,-0.17209064186846082,0.0,10.82962789033534,500000000.0,1.632422277751642,2.576555918881415e-96,0,2.1030136409274376e-87,0.0,5e-10,1.0,0.6324222777500572,1e-08,0,31871.724275802415,0.0,4309.053424252592,-3.21559e-11,-1023.5540869137354,-0.0010235540869137354,1.3537290581557887e-10,1.353783122025413e-10,0.0,-5.406386962455086e-15,0.0,0.0
3.25,0.1194352970708764,300.0,0.025851999786435535,1.0,1.0,-1.0,15.296612796243185,0.0026735428289887675,14.199139432696878,0.14199139432696878,-0.8107963411094483,9.602679715446177,0.0,-0.036111111111201626,-0.03472222222230925,0.0,4.33,4.28,4.354,4.354,2.0,1.0,16.64,16.0,0.005291772109038001,0.005291772109038001,4.0,10.0,1.0,1.0,0.11,0.3,0.8,960267971.5446178,81079634.11094484,2.33,3.2800000000000002,0.28826735329919123,0.08542240579639042,2.041732646700809,3.1945775942036096,0.0,1.549994,2.518931,1.549994,2.518931,0.4917386467008089,0.6756465942036098,1200000.0,1.0,6.588173077926467,22.094440075220636,711522692416.0585,2386199528123.8286,3902.501455604719,10.649851055280841,1,3902.501455604719,3902.501455604719,1500,0.0848622274692859,11.559393222149735,0.11,0.3,3469911125302822.5,3469911125302822.5,1.0,0,1.7826453301806235e-99,6.185620863662869e-84,0.0,81079634.11094484,0.08542240579639042,0.7145775942036097,1e-10,5e+23,504765890.70298094,1,-0.3245689283623745,-0.3245689283623745,0.0,10.759393222149734,500000000.0,1.8107963411094485,1.1231660245995709e-95,0,1.016912463901674e-86,0.0,5e-10,1.0,0.8107963411074166,1e-08,0,52385.94709133651,0.0,3902.176886676357,-1.96015e-11,-623.9351234031573,-0.0006239351234031572,1.2259050240190334e-10,1.2260069903551261e-10,0.0,-1.0196633609267477e-14,0.0,0.0
3.0,0.11024796652696282,300.0,0.025851999786435535,1.0,1.0,-1.0,15.296612796243185,0.0026735428289887675,13.946442239434063,0.13946442239434062,-0.9891704044672565,9.431166192986748,0.0,-0.036111111111201626,-0.03472222222230925,0.0,4.33,4.28,4.354,4.354,2.0,1.0,16.64,16.0,0.005291772109038001,0.005291772109038001,4.0,10.0,1.0,1.0,0.11,0.3,0.8,943116619.2986748,98917040.44672565,2.33,3.2800000000000002,0.2856813817595948,0.09435207712481493,2.044318618240405,3.1856479228751855,0.0,1.549994,2.518931,1.549994,2.518931,0.4943246182404051,0.6667169228751857,1200000.0,1.0,6.588173077926467,22.094440075220636,711522692416.0585,2386199528123.8286,3531.02395489311,15.043725828564872,1,3531.02395489311,3531.02395489311,1500,0.08335196363976548,11.489158553964128,0.11,0.3,3469911125302822.5,3469911125302822.5,1.0,0,7.440323788784735e-99,2.58172622905594e-83,0.0,98917040.44672565,0.09435207712481493,0.7056479228751851,1e-10,5e+23,504765890.70298094,1,-0.5593429277302604,-0.5593429277302604,0.0,10.689158553964127,500000000.0,1.9891704044672567,4.956528247988982e-95,0,4.929689649902813e-86,0.0,5e-10,1.0,0.9891704044647777,1e-08,0,77971.06524097054,0.0,3530.46461196538,-1.24079e-11,-394.9557236779856,-0.0003949557236779856,1.1091281688709178e-10,1.1093038916341772e-10,0.0,-1.7572276325947928e-14,0.0,0.0
2.75,0.10106063598304926,300.0,0.025851999786435535,1.0,1.0,-1.0,15.296612796243185,0.0026735428289887675,13.693745046171252,0.13693745046171252,-1.1675444678250613,9.25965267052732,0.0,-0.036111111111201626,-0.03472222222230925,0.0,4.33,4.28,4.354,4.354,2.0,1.0,16.64,16.0,0.005291772109038001,0.005291772109038001,4.0,10.0,1.0,1.0,0.11,0.3,0.8,925965267.052732,116754446.78250612,2.33,3.2800000000000002,0.2830717873438149,0.10250678759716757,2.0469282126561854,3.177493212402833,0.0,1.549994,2.518931,1.549994,2.518931,0.4969342126561853,0.658562212402833,1200000.0,1.0,6.588173077926467,22.094440075220636,711522692416.0585,2386199528123.8286,3191.9891553360585,20.622842086679174,1,3191.9891553360585,3191.9891553360585,1500,0.08184169981024508,11.418923885778522,0.11,0.3,3469911125302822.5,3469911125302822.5,1.0,0,3.140518989227451e-98,1.0897321779945107e-82,0.0,116754446.78250612,0.10250678759716757,0.6974932124028325,1e-10,5e+23,504765890.70298094,1,-0.9050520869373316,-0.9050520869373316,0.0,10.618923885778521,500000000.0,2.1675444678250613,2.2150950848651776e-94,0,2.400658548453e-85,0.0,5e-10,1.0,1.1675444678221354,1e-08,0,108627.07872470371,0.0,3191.084103249121,-7.5174e-12,-239.2862738398028,-0.0002392862738398028,1.0025086375754614e-10,1.0027929680742052e-10,0.0,-2.843304987438432e-14,0.0,0.0
2.5,0.09187330543913569,300.0,0.025851999786435535,1.0,1.0,-1.0,15.296612796243185,0.0026735428289887675,13.441047852908438,0.1344104785290844,-1.3459185311828674,9.08813914806789,0.0,-0.036111111111201626,-0.03472222222230925,0.0,4.33,4.28,4.354,4.354,2.0,1.0,16.64,16.0,0.005291772109038001,0.005291772109038001,4.0,10.0,1.0,1.0,0.11,0.3,0.8,908813914.806789,134591853.11828673,2.33,3.2800000000000002,0.2804379105897999,0.11005893216461186,2.0495620894102,3.1699410678353885,0.0,1.549994,2.518931,1.549994,2.518931,0.4995680894101999,0.6510100678353887,1200000.0,1.0,6.588173077926467,22.094440075220636,711522692416.0585,2386199528123.8286,2882.798086752272,27.619700259178444,1,2882.798086752272,2882.798086752272,1500,0.08033143598072467,11.348689217592915,0.11,0.3,3469911125302822.5,3469911125302822.5,1.0,0,1.3409888515415133e-97,4.653112134870952e-82,0.0,134591853.11828673,0.11005893216461186,0.6899410678353882,1e-10,5e+23,504765890.70298094,1,-1.3972990420412723,-1.3972990420412723,0.0,10.548689217592914,500000000.0,2.345918531182867,1.0028780790519527e-93,0,1.1763351350825261e-84,0.0,5e-10,1.0,1.3459185311794943,1e-08,0,144353.9875425367,0.0,2881.400787710231,-3.9771e-12,-126.59502483415538,-0.0001265950248341554,9.052187546718305e-11,9.05657729112365e-11,0.0,-4.389744405344917e-14,0.0,0.0
2.25,0.08268597489522213,300.0,0.025851999786435535,1.0,1.0,-1.0,15.296612796243185,0.0026735428289887675,13.188350659645627,0.13188350659645626,-1.5242925945406742,8.916625625608459,0.0,-0.036111111111201626,-0.03472222222230925,0.0,4.33,4.28,4.354,4.354,2.0,1.0,16.64,16.0,0.005291772109038001,0.005291772109038001,4.0,10.0,1.0,1.0,0.11,0.3,0.8,891662562.5608459,152429259.4540674,2.33,3.2800000000000002,0.2777790607693877,0.11712512793990218,2.0522209392306126,3.162874872060098,0.0,1.549994,2.518931,1.549994,2.518931,0.5022269392306125,0.6439438720600981,1200000.0,1.0,6.588173077926467,22.094440075220636,711522692416.0585,2386199528123.8286,2601.0428930449953,36.30160488594413,1,2601.0428930449953,2601.0428930449953,1500,0.07882117215120428,11.278454549407309,0.11,0.3,3469911125302822.5,3469911125302822.5,1.0,0,5.794299979755566e-97,2.0105705963095758e-81,0.0,152429259.4540674,0.11712512793990218,0.6828748720600979,1e-10,5e+23,504765890.70298094,1,-2.0799159851981304,-2.0799159851981304,0.0,10.478454549407308,500000000.0,2.524292594540674,4.601646095781601e-93,0,5.80795058113925e-84,0.0,5e-10,1.0,1.5242925945368544,1e-08,0,185151.79169446963,0.0,2598.962977059797,-2.1132e-12,-67.26524514835864,-6.726524514835864e-05,8.164882995682918e-11,8.1714172444621e-11,0.0,-6.534248779182424e-14,0.0,0.0
2.0,0.07349864435130855,300.0,0.025851999786435535,1.0,1.0,-1.0,15.296612796243185,0.0026735428289887675,12.935653466382812,0.12935653466382813,-1.7026666578984806,8.745112103149031,0.0,-0.036111111111201626,-0.03472222222230925,0.0,4.33,4.28,4.354,4.354,2.0,1.0,16.64,16.0,0.005291772109038001,0.005291772109038001,4.0,10.0,1.0,1.0,0.11,0.3,0.8,874511210.3149031,170266665.78984806,2.33,3.2800000000000002,0.27509451377276467,0.12378862080442721,2.0549054862272356,3.156211379195573,0.0,1.549994,2.518931,1.549994,2.518931,0.5049114862272355,0.6372803791955732,1200000.0,1.0,6.588173077926467,22.094440075220636,711522692416.0585,2386199528123.8286,2344.493912585082,46.97508545035676,1,2344.493912585082,2344.493912585082,1500,0.07731090832168387,11.208219881221702,0.11,0.3,3469911125302822.5,3469911125302822.5,1.0,0,2.534391385732637e-96,8.794112865225314e-81,0.0,170266665.78984806,0.12378862080442721,0.6762113791955728,1e-10,5e+23,504765890.70298094,1,-3.006414365115503,-3.006414365115503,0.0,10.4082198812217,500000000.0,2.7026666578984804,2.1407459614537236e-92,0,2.892861366525902e-83,0.0,5e-10,1.0,1.702666657894214,1e-08,0,231020.49118050214,0.0,2341.4874982199663,-1.0418e-12,-33.16152394262731,-3.316152394262732e-05,7.35599992288019e-11,7.365444852163285e-11,0.0,-9.444929283093687e-14,0.0,0.0
1.75,0.06431131380739498,300.0,0.025851999786435535,1.0,1.0,-1.0,15.296612796243185,0.0026735428289887675,12.682956273119999,0.1268295627312,-1.8810407212562872,8.573598580689602,0.0,-0.036111111111201626,-0.03472222222230925,0.0,4.33,4.28,4.354,4.354,2.0,1.0,16.64,16.0,0.005291772109038001,0.005291772109038001,4.0,10.0,1.0,1.0,0.11,0.3,0.8,857359858.0689602,188104072.1256287,2.33,3.2800000000000002,0.2723835098052458,0.13011129730498458,2.0576164901947545,3.1498887026950158,0.0,1.549994,2.518931,1.549994,2.518931,0.5076224901947544,0.6309577026950159,1200000.0,1.0,6.588173077926467,22.094440075220636,711522692416.0585,2386199528123.8286,2111.0875632452126,59.99069165576507,1,2111.0875632452126,2111.0875632452126,1500,0.07580064449216348,11.137985213036094,0.11,0.3,3469911125302822.5,3469911125302822.5,1.0,0,1.1225238452134559e-95,3.895057978923874e-80,0.0,188104072.1256287,0.13011129730498458,0.6698887026950154,1e-10,5e+23,504765890.70298094,1,-4.241638906292412,-4.241638906292412,0.0,10.337985213036093,500000000.0,2.881040721256287,1.010162817598173e-91,0,1.455160106299662e-82,0.0,5e-10,1.0,1.8810407212515734,1e-08,0,281960.08600063424,0.0,2106.84592433892,-4.005795e-13,-12.750841505255977,-1.2750841505255977e-05,6.61885167814875e-11,6.632177179775938e-11,0.0,-1.3325501627188887e-13,0.0,0.0
1.5,0.05512398326348141,300.0,0.025851999786435535,1.0,1.0,-1.0,15.296612796243185,0.0026735428289887675,12.430259079857187,0.12430259079857187,-2.0594147846140936,8.402085058230172,0.0,-0.036111111111201626,-0.03472222222230925,0.0,4.33,4.28,4.354,4.354,2.0,1.0,16.64,16.0,0.005291772109038001,0.005291772109038001,4.0,10.0,1.0,1.0,0.11,0.3,0.8,840208505.8230172,205941478.46140936,2.33,3.2800000000000002,0.26964525087561814,0.13614065054975277,2.060354749124382,3.1438593494502474,0.0,1.549994,2.518931,1.549994,2.518931,0.5103607491243818,0.6249283494502476,1200000.0,1.0,6.588173077926467,22.094440075220636,711522692416.0585,2386199528123.8286,1898.9149857955922,75.74823984501077,1,1898.9149857955922,1898.9149857955922,1500,0.07429038066264308,11.067750544850487,0.11,0.3,3469911125302822.5,3469911125302822.5,1.0,0,5.036478175405408e-95,1.7476131653184085e-79,0.0,205941478.46140936,0.13614065054975277,0.6638593494502473,1e-10,5e+23,504765890.70298094,1,-5.86364945822346,-5.86364945822346,0.0,10.267750544850486,500000000.0,3.0594147846140936,4.837157507679166e-91,0,7.39943559725035e-82,0.0,5e-10,1.0,2.059414784608933,1e-08,0,337970.576154866,0.0,1893.0513363373686,-1.745637e-13,-5.556535147882138,-5.556535147882138e-06,5.947196171105818e-11,5.965617369167e-11,0.0,-1.8421198061180594e-13,0.0,0.0
1.25,0.045936652719567844,300.0,0.025851999786435535,1.0,1.0,-1.0,15.296612796243185,0.0026735428289887675,12.177561886594372,0.12177561886594372,-2.2377888479719,8.230571535770743,0.0,-0.036111111111201626,-0.03472222222230925,0.0,4.33,4.28,4.354,4.354,2.0,1.0,16.64,16.0,0.005291772109038001,0.005291772109038001,4.0,10.0,1.0,1.0,0.11,0.3,0.8,823057153.5770743,223778884.79718998,2.33,3.2800000000000002,0.26687889805251674,0.14191407181049281,2.063121101947483,3.1380859281895073,0.0,1.549994,2.518931,1.549994,2.518931,0.513127101947483,0.6191549281895075,1200000.0,1.0,6.588173077926467,22.094440075220636,711522692416.0585,2386199528123.8286,1706.2114018353273,94.70256763937881,1,1706.2114018353273,1706.2114018353273,1500,0.07278011683312266,10.997515876664881,0.11,0.3,3469911125302822.5,3469911125302822.5,1.0,0,2.290006905404929e-94,7.946120438084851e-79,0.0,223778884.79718998,0.14191407181049281,0.6580859281895073,1e-10,5e+23,504765890.70298094,1,-7.965856649162346,-7.965856649162346,0.0,10.19751587666488,500000000.0,3.2377888479719,2.351644626273293e-90,0,3.807064372670357e-81,0.0,5e-10,1.0,2.2377888479662924,1e-08,0,399051.9616431976,0.0,1698.245545186165,5.01748e-14,1.597113487729446,1.597113487729446e-06,5.335195728748449e-11,5.360221205477007e-11,0.0,-2.5025476728557835e-13,0.0,0.0
1.0,0.03674932217565428,300.0,0.025851999786435535,1.0,1.0,-1.0,15.296612796243185,0.0026735428289887675,11.92486469333156,0.1192486469333156,-2.4161629113297063,8.059058013311313,0.0,-0.036111111111201626,-0.03472222222230925,0.0,4.33,4.28,4.354,4.354,2.0,1.0,16.64,16.0,0.005291772109038001,0.005291772109038001,4.0,10.0,1.0,1.0,0.11,0.3,0.8,805905801.3311313,241616291.13297063,2.33,3.2800000000000002,0.26408356846209924,0.14746162491834114,2.065916431537901,3.1325383750816593,0.0,1.549994,2.518931,1.549994,2.518931,0.515922431537901,0.6136073750816595,1200000.0,1.0,6.588173077926467,22.094440075220636,711522692416.0585,2386199528123.8286,1531.3461447805787,117.36984863398604,1,1531.3461447805787,1531.3461447805787,1500,0.07126985300360227,10.927281208479274,0.11,0.3,3469911125302822.5,3469911125302822.5,1.0,0,1.0556097909848786e-93,3.6628721577170174e-78,0.0,241616291.13297063,0.14746162491834114,0.6525383750816589,1e-10,5e+23,504765890.70298094,1,-10.65943990467214,-10.65943990467214,0.0,10.127281208479273,500000000.0,3.4161629113297063,1.1613377902466566e-89,0,1.9836595432831132e-80,0.0,5e-10,1.0,2.4161629113236516,1e-08,0,465204.2424656286,0.0,1520.6867048759066,7.64001e-14,2.4318907135430226,2.4318907135430223e-06,4.777378180449818e-11,4.810865798545718e-11,0.0,-3.3487618095899883e-13,0.0,0.0
0.75,0.027561991631740706,300.0,0.025851999786435535,0.999999999999497,1.0,-1.0,15.296612796243185,0.0026735428289887675,11.672167500068747,0.11672167500068747,-2.5945369746875127,7.887544490851884,0.0,-0.036111111111201626,-0.03472222222230925,0.0,4.33,4.28,4.354,4.354,2.0,1.0,16.64,16.0,0.005291772109038001,0.005291772109038001,4.0,10.0,1.0,1.0,0.11,0.3,0.8,788754449.0851884,259453697.46875125,2.33,3.2800000000000002,0.261258331996564,0.15280791167109556,2.068741668003436,3.1271920883289046,0.0,1.549994,2.518931,1.549994,2.518931,0.5187476680034357,0.6082610883289048,1200000.0,1.0,6.588173077926467,22.094440075220636,711522692416.0585,2386199528123.8286,1372.813324657985,144.33451891333277,1,1372.813324657985,1372.813324657985,1500,0.06975958917408187,10.857046540293666,0.11,0.3,3469911125302822.5,3469911125302822.5,1.0,0,4.9353196096628235e-93,1.7125120420494215e-77,0.0,259453697.46875125,0.15280791167109556,0.6471920883289045,1e-10,5e+23,504765890.70298094,1,-14.07607916448142,-14.07607916448142,0.0,10.057046540293666,500000000.0,3.5945369746875127,5.828912936647002e-89,0,1.0476121536506011e-79,0.0,5e-10,1.0,2.594536974681011,1e-08,0,536427.4186221595,0.0,1358.7372454935037,1.001286e-13,3.18719232697423,3.1871923269742303e-06,4.2685989486012226e-11,4.3128202554957056e-11,0.0,-4.422130689448319e-13,0.0,0.0
0.5,0.01837466108782714,300.0,0.025851999786435535,0.9999999920310759,1.0,-1.0,15.296612796243185,0.0026735428289887675,11.419470306805932,0.11419470306805932,-2.7729110380453195,7.716030968392454,0.0,-0.036111111111201626,-0.03472222222230925,0.0,4.33,4.28,4.354,4.354,2.0,1.0,16.64,16.0,0.005291772109038001,0.005291772109038001,4.0,10.0,1.0,1.0,0.11,0.3,0.8,771603096.8392454,277291103.80453193,2.33,3.2800000000000002,0.2584022076987298,0.15797336773964515,2.0715977923012705,3.122026632260355,0.0,1.549994,2.518931,1.549994,2.518931,0.5216037923012704,0.6030956322603553,1200000.0,1.0,6.588173077926467,22.094440075220636,711522692416.0585,2386199528123.8286,1229.2230895692076,176.2568692367766,1,1229.2230895692076,1229.2230895692076,1500,0.06824932534456146,10.786811872108059,0.11,0.3,3469911125302822.5,3469911125302822.5,1.0,0,2.3413799802416564e-92,8.124380442001826e-77,0.0,277291103.80453193,0.15797336773964515,0.642026632260355,1e-10,5e+23,504765890.70298094,1,-18.371034625100247,-18.371034625100247,0.0,9.986811872108058,500000000.0,3.7729110380453195,2.9751628893102765e-88,0,5.612512452530774e-79,0.0,5e-10,1.0,2.772911038038371,1e-08,0,612721.49011279,0.0,1210.8520549441073,1.559759e-13,4.964867097641431,4.964867097641431e-06,3.8040039203965124e-11,3.8617182278135713e-11,0.0,-5.771430741705866e-13,0.0,0.0
0.25,0.00918733054391357,300.0,0.025851999786435535,0.9998737627781501,1.0,-1.0,15.296612796243185,0.0026735428289887675,11.16677311354312,0.11166773113543121,-2.9512851014031254,7.544517445933026,0.0,-0.036111111111201626,-0.03472222222230925,0.0,4.33,4.28,4.354,4.354,2.0,1.0,16.64,16.0,0.005291772109038001,0.005291772109038001,4.0,10.0,1.0,1.0,0.11,0.3,0.8,754451744.5933026,295128510.14031255,2.33,3.2800000000000002,0.2555141597828349,0.1629751881751605,2.0744858402171653,3.1170248118248396,0.0,1.549994,2.518931,1.549994,2.518931,0.5244918402171652,0.5980938118248398,1200000.0,1.0,6.588173077926467,22.094440075220636,711522692416.0585,2386199528123.8286,1099.293448704827,213.8813598949318,1,1099.293448704827,1099.293448704827,1500,0.06673906151504107,10.716577203922453,0.11,0.3,3469911125302822.5,3469911125302822.5,1.0,0,1.1276770567755014e-91,3.9129391650540546e-76,0.0,295128510.14031255,0.1629751881751605,0.6370248118248396,1e-10,5e+23,504765890.70298094,1,-23.726612073619116,-23.726612073619116,0.0,9.916577203922452,500000000.0,3.9512851014031254,1.54524341276248e-87,0,3.0528486374448536e-78,0.0,5e-10,1.0,2.95128510139573,1e-08,0,694086.4569375201,0.0,1075.5668366312077,1.910554e-13,6.0814822628798595,6.081482262879859e-06,3.3789928724054155e-11,3.4535322225904724e-11,0.0,-7.453935018505671e-13,0.0,0.0
0.0,0.0,300.0,0.025851999786435535,0.0,0.0,-1.0,15.296612796243185,0.0026735428289887675,10.914075920280307,0.10914075920280307,-3.129659164760932,7.373003923473596,0.0,-0.036111111111201626,-0.03472222222230925,0.0,4.33,4.28,4.354,4.354,2.0,1.0,16.64,16.0,0.005291772109038001,0.005291772109038001,4.0,10.0,1.0,1.0,0.11,0.3,0.8,737300392.3473597,312965916.47609323,2.33,3.2800000000000002,0.2525930932457947,0.16782800423782912,2.0774069067542054,3.112171995762171,0.0,1.549994,2.518931,1.549994,2.518931,0.5274129067542053,0.5932409957621712,1200000.0,1.0,6.588173077926467,22.094440075220636,711522692416.0585,2386199528123.8286,981.8426236940791,258.0457190237142,1,723.7969046703649,723.7969046703649,1500,0.06522879768552065,10.646342535736846,0.11,0.3,3469911125302822.5,3469911125302822.5,1.0,0,5.516687439863353e-91,0.0,0.0,312965916.47609323,0.16782800423782912,0.632171995762171,1e-10,5e+23,504765890.70298094,1,-30.356054880895908,-30.356054880895908,0.0,9.846342535736845,500000000.0,4.129659164760932,8.172093168582343e-87,0,0.0,0.0,5e-10,1.0,3.1296591647530896,1e-08,0,0.0,0.0,693.440849789469,2.280248e-13,7.258254813508163,7.258254813508164e-06,2.178508679397659e-11,2.2738750384034506e-11,0.0,-9.536635900579117e-13,0.0,0.0
