sweep_name,voltage_v,experimental_current_a,model_total_a,model_thermionic_a,model_pf_fe_a,model_pf_il_a,model_background_a,top_effective_barrier_ev,bottom_effective_barrier_ev,pf_fe_activation_ev,pf_il_activation_ev
1st2KB_B64-T51,0.0,3.64094910091598e-14,1.9949872644800355e-13,4.365378908345626e-18,0.0,0.0,0.0,0.5874319856199902,1.3311699700647,0.5106759916789181,0.5106759916789181
1st2KB_B64-T51,-0.25,3.41051277117591e-14,2.0553157062007962e-13,1.0059511932385783e-28,1.814204430488482e-18,3.7084699444273223e-19,6.035024499559389e-15,0.49242362028176834,1.1183648523297847,0.43784030208896996,0.4378159516421719
1st2KB_B64-T51,-0.5,1.23404812844147e-13,2.115784493931391e-13,3.0435287125552204e-27,1.1655798304528457e-17,2.3835266175457382e-18,1.2070048999118778e-14,0.45306986681977895,1.0302180864215793,0.4076707716360166,0.40763633490390494
1st2KB_B64-T51,-0.75,1.33836735097259e-13,2.1765100023949124e-13,4.165197369105003e-26,4.280893276689131e-17,8.756738909301808e-18,1.8105073498678167e-14,0.42287266971012405,0.9625806940371499,0.3845208767048124,0.3844787004937711
1st2KB_B64-T51,-1.0,3.53893102973332e-13,2.2378073633553556e-13,3.780467803684519e-25,1.2143166398782133e-16,2.4845603836944544e-17,2.4140097998237555e-14,0.39741525494354646,0.9055597345948693,0.36500461249902183,0.36495591160542573
1st2KB_B64-T51,-1.25,3.20978080269388e-13,2.300250761296297e-13,2.6392538193867524e-24,2.9518301765136096e-16,6.04095424469145e-17,3.0175122497796946e-14,0.3749868222925913,0.8553232608495831,0.3478104385677203,0.34775598931339735
1st2KB_B64-T51,-1.5,1.11846980516226e-13,2.364830617792416e-13,1.5291753030751892e-23,6.462676856601431e-16,1.3228601183813104e-16,3.6210146997356334e-14,0.3547099692454189,0.8099060169612583,0.3322657171198007,0.33220607095013666
1st2KB_B64-T51,-1.75,1.13313153890342e-13,2.4331856801313136e-13,7.692831605572653e-23,1.3106963359452554e-15,2.6833903424684266e-16,4.224517149691572e-14,0.3360634784642861,0.7681405508162931,0.3179708704540193,0.31790644522747824
1st2KB_B64-T51,-2.0,2.59303022847115e-13,2.50793925247066e-13,3.4605611667221083e-22,2.5061874534969165e-15,5.131803819426489e-16,4.828019599647511e-14,0.3187077480195677,0.7292662027784589,0.30466555159311515,0.30459667812889174
1st2KB_B64-T51,-2.25,9.20096518506469e-14,2.593178451036946e-13,1.420738591569594e-21,4.571936565533822e-15,9.363255522924785e-16,5.43152204960345e-14,0.3024068896053246,0.6927546168599539,0.29216892290907376,0.2920958715686795
1st2KB_B64-T51,-2.5,2.24742614926207e-13,2.6951277535258924e-13,5.403208449233906e-21,8.024506185523503e-15,1.6436576991681698e-15,6.035024499559389e-14,0.2869891543818154,0.6582211002820754,0.28034931762566656,0.28027231475174186
1st2KB_B64-T51,-2.75,2.35509121969749e-13,2.8230839408992117e-13,1.9250316378648048e-20,1.36354020366579e-14,2.793342238698405e-15,6.638526949515328e-14,0.27232488584810083,0.6253752410705802,0.26910733796226544,0.2690265766667587
1st2KB_B64-T51,-3.0,2.52749535710473e-13,2.99069964980568e-13,6.481311494255758e-20,2.2537567839562003e-14,4.6176772640831245e-15,7.242029399471267e-14,0.25831335380025794,0.5939914180095998,0.2583657617307067,0.25828140930862414
1st2KB_B64-T51,-3.25,3.9838588699638e-13,3.2177282209333606e-13,2.0765433085187884e-19,3.6370137201445655e-14,7.452797674192268e-15,7.845531849427206e-14,0.24487445279501568,0.5638902063903116,0.24806317817858148,0.24797538139407055
1st2KB_B64-T51,-3.5,3.88523197988877e-13,3.532374663084852e-13,6.366724711842878e-19,5.747343027111076e-14,1.177869530197661e-14,8.449034299383145e-14,0.23194323364691505,0.5349261293485557,0.23814979570391487,0.23805868467478158
1st2KB_B64-T51,-3.75,3.19186517494519e-13,3.9744380444837644e-13,1.876731993813004e-18,8.914950006794972e-14,1.8272699085946876e-14,9.052536749339083e-14,0.21946616891466686,0.5069792930896642,0.2285845788875161,0.22849027001259442
1st2KB_B64-T51,-4.0,4.73744632932538e-13,4.599481720513545e-13,5.339281407469901e-18,1.360076701070812e-13,2.7880409600820414e-14,9.656039199295022e-14,0.2073985242671027,0.4799494991250386,0.21933323331912563,0.21923583153193332
1st2KB_B64-T51,-4.25,5.273172848895e-13,5.484332686496993e-13,1.4708946258713515e-17,2.0441964355341467e-13,4.1909138588421124e-14,1.0259541649250961e-13,0.19570246001322966,0.45375199197164195,0.21036675018486134,0.2102663507206819
1st2KB_B64-T51,-4.5,5.80207973679969e-13,6.734294850360115e-13,3.934736524490009e-17,3.031151239691682e-13,6.215021164043419e-14,1.08630440992069e-13,0.1843456292193565,0.42831431913533846,0.20166033155021368,0.20155702135387865
1st2KB_B64-T51,-4.75,7.69852606143095e-13,8.492571189028824e-13,1.0245549993231807e-16,4.439567318243216e-13,9.103810501790485e-14,1.146654654916284e-13,0.1733001223196885,0.4035739671899288,0.1931925812732368,0.1930864401364139
1st2KB_B64-T51,-5.0,9.87505216487605e-13,1.0952540936980703e-12,2.602280101854598e-16,6.429426440911295e-13,1.318563705364722e-13,1.2070048999118779e-13,0.16254165896519235,0.37947655163446636,0.18494488545652255,0.18483598694787656
1st2KB_B64-T51,-5.25,1.32566917512844e-12,1.4373757216536451e-12,6.459109501060047e-16,9.214972022787025e-13,1.8900273286499415e-13,1.2673551449074717e-13,0.15204895980356975,0.355974409770461,0.17690093083867375,0.17678934307301558
1st2KB_B64-T51,-5.5,1.54214466717428e-12,1.910287058069407e-12,1.569269364730283e-15,1.3081241749813037e-12,2.6832871366397105e-13,1.3277053899030656e-13,0.14180325152253226,0.3330254920697726,0.16904632534861813,0.1689321116291977
1st2KB_B64-T51,-5.75,2.28889585236758e-12,2.5601249169964506e-12,3.737279206075922e-15,1.8405149568775567e-12,3.775727563538571e-13,1.3880556348986595e-13,0.13178787215253424,0.31059247810931834,0.1613682955212249,0.16125151488086392
1st2KB_B64-T51,-6.0,1.9781023607307e-12,3.4482064143944886e-12,8.735872244465659e-15,2.568225369030072e-12,5.269102240614303e-13,1.4484058798942534e-13,0.12198795287084763,0.28864206385781666,0.1538554425606833,0.15373615022135517
1st2KB_B64-T51,-6.25,2.36019060198545e-12,4.6561451603306305e-12,2.0065567386790745e-14,3.5560606438078116e-12,7.296489755779479e-13,1.5087561248898473e-13,0.11239015892888082,0.2671443813901233,0.1464975437291775,0.14637579149518715
1st2KB_B64-T51,-6.5,3.05637307997098e-12,6.293186176709238e-12,4.5335989582845666e-14,4.888339516829466e-12,1.0031056722392876e-12,1.5691063698854411e-13,0.10298247680584455,0.24607252214195663,0.1392853891737858,0.13916122577039775
1st2KB_B64-T51,-6.75,3.67990273669738e-12,8.507245243775228e-12,1.0085332089460699e-13,6.6742461526647486e-12,1.369705747658674e-12,1.629456614881035e-13,0.09375403789039177,0.22540214198204955,0.132210646756601,0.13208411812347715
1st2KB_B64-T51,-7.0,4.41931083741687e-12,1.1502446007591265e-11,2.2108749314600678e-13,9.054524131629819e-12,1.85835933575868e-12,1.689806859876629e-13,0.08469497130858195,0.20511113156788618,0.12526574922912054,0.12513689877603845
1st2KB_B64-T51,-7.25,8.95244035153953e-12,1.5568481343343537e-11,4.779732028064961e-13,1.220982137009966e-11,2.506176698881063e-12,1.7501571048722228e-13,0.07579628021722007,0.18517933926051922,0.11844379939575655,0.11831266822662156
1st2KB_B64-T51,-7.5,1.09580833990153e-11,2.1132012418177456e-11,1.0198068073257622e-12,1.6371060337453516e-11,3.360600177342302e-12,1.8105073498678167e-13,0.06704973714562956,0.16558833670514184,0.11173848988033025,0.11160511699036385
1st2KB_B64-T51,-7.75,9.60346385747712e-12,2.8849688627796872e-11,2.1487764373227184e-12,2.183228626422119e-11,4.48204580569753e-12,1.8708575948634105e-13,0.058447794919103346,0.14632121931239128,0.1051440348378554,0.10500845728795405
1st2KB_B64-T51,-8.0,1.34826455555626e-11,3.978020633996406e-11,4.4738846595278615e-12,2.896653954477851e-11,5.947166990602696e-12,1.9312078398590044e-13,0.04998351041914517,0.12736243549221782,0.09865511150731215,0.0985173645788654
1st2KB_B64-T51,-8.25,1.91266273652513e-11,5.57065099203085e-11,9.209574210601177e-12,3.824540995657591e-11,7.852875583576859e-12,1.9915580848545983e-13,0.04165047898940244,0.10869763973257784,0.09226680992566338,0.09212692725856064
1st2KB_B64-T51,-8.5,3.62615978910519e-11,7.97423613801644e-11,1.8753330381776167e-11,5.0263062837556165e-11,1.0321282966777958e-11,2.0519083298501922e-13,0.03344277772493076,0.09031356557551806,0.085974589452046,0.08583260316814839
1st2KB_B64-T51,-8.75,8.20692888647834e-11,1.1747486240325105e-10,3.7792701310613966e-11,6.576568470594645e-11,1.3505756168136975e-11,2.112258574845786e-13,0.025354916217193435,0.07219791529303365,0.07977424100770686,0.07963018182169534
1st2KB_B64-T51,-9.0,1.37386643728199e-10,1.7911102112178733e-10,7.540846114433109e-11,8.568748230707915e-11,1.7598322427323847e-11,2.17260881984138e-13,0.017381793590658945,0.0543392636552078,0.07366185413922943,0.07351575145844091
1st2KB_B64-T51,-9.25,2.77503853229888e-10,2.8349288488509913e-10,1.4903680375874928e-10,1.1119458977330017e-10,2.2838701085496925e-11,2.2329590648369738e-13,0.009518660875770024,0.036726973651055816,0.06763378817274962,0.06748567018737028
1st2KB_B64-T51,-9.5,6.29410579211509e-10,4.655663322638517e-10,2.9187371224970346e-10,1.4373849934466993e-10,2.952529537742596e-11,2.293309309832568e-13,0.001761087929862959,0.01935112239612624,0.061686646854740235,0.06153654061951963
1st2KB_B64-T51,-9.25,5.32822119758691e-10,2.8349288488509913e-10,1.4903680375874928e-10,1.1119458977330017e-10,2.2838701085496925e-11,2.2329590648369738e-13,0.009518660875770024,0.036726973651055816,0.06763378817274962,0.06748567018737028
1st2KB_B64-T51,-9.0,4.35702390833015e-10,1.7911102112178733e-10,7.540846114433109e-11,8.568748230707915e-11,1.7598322427323847e-11,2.17260881984138e-13,0.017381793590658945,0.0543392636552078,0.07366185413922943,0.07351575145844091
1st2KB_B64-T51,-8.75,2.98526925401887e-10,1.1747486240325105e-10,3.7792701310613966e-11,6.576568470594645e-11,1.3505756168136975e-11,2.112258574845786e-13,0.025354916217193435,0.07219791529303365,0.07977424100770686,0.07963018182169534
1st2KB_B64-T51,-8.5,2.49925496964565e-10,7.97423613801644e-11,1.8753330381776167e-11,5.0263062837556165e-11,1.0321282966777958e-11,2.0519083298501922e-13,0.03344277772493076,0.09031356557551806,0.085974589452046,0.08583260316814839
1st2KB_B64-T51,-8.25,1.89208260170659e-10,5.57065099203085e-11,9.209574210601177e-12,3.824540995657591e-11,7.852875583576859e-12,1.9915580848545983e-13,0.04165047898940244,0.10869763973257784,0.09226680992566338,0.09212692725856064
1st2KB_B64-T51,-8.0,1.30652433316669e-10,3.978020633996406e-11,4.4738846595278615e-12,2.896653954477851e-11,5.947166990602696e-12,1.9312078398590044e-13,0.04998351041914517,0.12736243549221782,0.09865511150731215,0.0985173645788654
1st2KB_B64-T51,-7.75,9.89884771374072e-11,2.8849688627796872e-11,2.1487764373227184e-12,2.183228626422119e-11,4.48204580569753e-12,1.8708575948634105e-13,0.058447794919103346,0.14632121931239128,0.1051440348378554,0.10500845728795405
1st2KB_B64-T51,-7.5,7.3611679252128e-11,2.1132012418177456e-11,1.0198068073257622e-12,1.6371060337453516e-11,3.360600177342302e-12,1.8105073498678167e-13,0.06704973714562956,0.16558833670514184,0.11173848988033025,0.11160511699036385
1st2KB_B64-T51,-7.25,5.35862534900566e-11,1.5568481343343537e-11,4.779732028064961e-13,1.220982137009966e-11,2.506176698881063e-12,1.7501571048722228e-13,0.07579628021722007,0.18517933926051922,0.11844379939575655,0.11831266822662156
1st2KB_B64-T51,-7.0,4.15831188926852e-11,1.1502446007591265e-11,2.2108749314600678e-13,9.054524131629819e-12,1.85835933575868e-12,1.689806859876629e-13,0.08469497130858195,0.20511113156788618,0.12526574922912054,0.12513689877603845
1st2KB_B64-T51,-6.75,2.67706221773745e-11,8.507245243775228e-12,1.0085332089460699e-13,6.6742461526647486e-12,1.369705747658674e-12,1.629456614881035e-13,0.09375403789039177,0.22540214198204955,0.132210646756601,0.13208411812347715
1st2KB_B64-T51,-6.5,1.89723532023622e-11,6.293186176709238e-12,4.5335989582845666e-14,4.888339516829466e-12,1.0031056722392876e-12,1.5691063698854411e-13,0.10298247680584455,0.24607252214195663,0.1392853891737858,0.13916122577039775
1st2KB_B64-T51,-6.25,1.26037678557789e-11,4.6561451603306305e-12,2.0065567386790745e-14,3.5560606438078116e-12,7.296489755779479e-13,1.5087561248898473e-13,0.11239015892888082,0.2671443813901233,0.1464975437291775,0.14637579149518715
1st2KB_B64-T51,-6.0,9.42270046710991e-12,3.4482064143944886e-12,8.735872244465659e-15,2.568225369030072e-12,5.269102240614303e-13,1.4484058798942534e-13,0.12198795287084763,0.28864206385781666,0.1538554425606833,0.15373615022135517
1st2KB_B64-T51,-5.75,6.47078918225574e-12,2.5601249169964506e-12,3.737279206075922e-15,1.8405149568775567e-12,3.775727563538571e-13,1.3880556348986595e-13,0.13178787215253424,0.31059247810931834,0.1613682955212249,0.16125151488086392
1st2KB_B64-T51,-5.5,4.76890315431744e-12,1.910287058069407e-12,1.569269364730283e-15,1.3081241749813037e-12,2.6832871366397105e-13,1.3277053899030656e-13,0.14180325152253226,0.3330254920697726,0.16904632534861813,0.1689321116291977
1st2KB_B64-T51,-5.25,3.31491865207534e-12,1.4373757216536451e-12,6.459109501060047e-16,9.214972022787025e-13,1.8900273286499415e-13,1.2673551449074717e-13,0.15204895980356975,0.355974409770461,0.17690093083867375,0.17678934307301558
1st2KB_B64-T51,-5.0,2.35540731884087e-12,1.0952540936980703e-12,2.602280101854598e-16,6.429426440911295e-13,1.318563705364722e-13,1.2070048999118779e-13,0.16254165896519235,0.37947655163446636,0.18494488545652255,0.18483598694787656
1st2KB_B64-T51,-4.75,1.44523986961992e-12,8.492571189028824e-13,1.0245549993231807e-16,4.439567318243216e-13,9.103810501790485e-14,1.146654654916284e-13,0.1733001223196885,0.4035739671899288,0.1931925812732368,0.1930864401364139
1st2KB_B64-T51,-4.5,9.43292536095819e-13,6.734294850360115e-13,3.934736524490009e-17,3.031151239691682e-13,6.215021164043419e-14,1.08630440992069e-13,0.1843456292193565,0.42831431913533846,0.20166033155021368,0.20155702135387865
1st2KB_B64-T51,-4.25,5.99687075171496e-13,5.484332686496993e-13,1.4708946258713515e-17,2.0441964355341467e-13,4.1909138588421124e-14,1.0259541649250961e-13,0.19570246001322966,0.45375199197164195,0.21036675018486134,0.2102663507206819
1st2KB_B64-T51,-4.0,3.90380165259802e-13,4.599481720513545e-13,5.339281407469901e-18,1.360076701070812e-13,2.7880409600820414e-14,9.656039199295022e-14,0.2073985242671027,0.4799494991250386,0.21933323331912563,0.21923583153193332
1st2KB_B64-T51,-3.75,1.37269563120837e-13,3.9744380444837644e-13,1.876731993813004e-18,8.914950006794972e-14,1.8272699085946876e-14,9.052536749339083e-14,0.21946616891466686,0.5069792930896642,0.2285845788875161,0.22849027001259442
1st2KB_B64-T51,-3.5,9.5923309985195e-14,3.532374663084852e-13,6.366724711842878e-19,5.747343027111076e-14,1.177869530197661e-14,8.449034299383145e-14,0.23194323364691505,0.5349261293485557,0.23814979570391487,0.23805868467478158
1st2KB_B64-T51,-3.25,2.54115372949788e-14,3.2177282209333606e-13,2.0765433085187884e-19,3.6370137201445655e-14,7.452797674192268e-15,7.845531849427206e-14,0.24487445279501568,0.5638902063903116,0.24806317817858148,0.24797538139407055
1st2KB_B64-T51,-3.0,-3.11265742998154e-13,2.99069964980568e-13,6.481311494255758e-20,2.2537567839562003e-14,4.6176772640831245e-15,7.242029399471267e-14,0.25831335380025794,0.5939914180095998,0.2583657617307067,0.25828140930862414
1st2KB_B64-T51,-2.75,-4.56009775567316e-14,2.8230839408992117e-13,1.9250316378648048e-20,1.36354020366579e-14,2.793342238698405e-15,6.638526949515328e-14,0.27232488584810083,0.6253752410705802,0.26910733796226544,0.2690265766667587
1st2KB_B64-T51,-2.5,7.33966720408742e-14,2.6951277535258924e-13,5.403208449233906e-21,8.024506185523503e-15,1.6436576991681698e-15,6.035024499559389e-14,0.2869891543818154,0.6582211002820754,0.28034931762566656,0.28027231475174186
1st2KB_B64-T51,-2.25,4.88035921896411e-14,2.593178451036946e-13,1.420738591569594e-21,4.571936565533822e-15,9.363255522924785e-16,5.43152204960345e-14,0.3024068896053246,0.6927546168599539,0.29216892290907376,0.2920958715686795
1st2KB_B64-T51,-2.0,-1.0155241312584e-13,2.50793925247066e-13,3.4605611667221083e-22,2.5061874534969165e-15,5.131803819426489e-16,4.828019599647511e-14,0.3187077480195677,0.7292662027784589,0.30466555159311515,0.30459667812889174
1st2KB_B64-T51,-1.75,-2.23017066511115e-13,2.4331856801313136e-13,7.692831605572653e-23,1.3106963359452554e-15,2.6833903424684266e-16,4.224517149691572e-14,0.3360634784642861,0.7681405508162931,0.3179708704540193,0.31790644522747824
1st2KB_B64-T51,-1.5,3.04683510951413e-14,2.364830617792416e-13,1.5291753030751892e-23,6.462676856601431e-16,1.3228601183813104e-16,3.6210146997356334e-14,0.3547099692454189,0.8099060169612583,0.3322657171198007,0.33220607095013666
1st2KB_B64-T51,-1.25,-6.970530245674e-14,2.300250761296297e-13,2.6392538193867524e-24,2.9518301765136096e-16,6.04095424469145e-17,3.0175122497796946e-14,0.3749868222925913,0.8553232608495831,0.3478104385677203,0.34775598931339735
1st2KB_B64-T51,-1.0,-1.78400209101953e-13,2.2378073633553556e-13,3.780467803684519e-25,1.2143166398782133e-16,2.4845603836944544e-17,2.4140097998237555e-14,0.39741525494354646,0.9055597345948693,0.36500461249902183,0.36495591160542573
1st2KB_B64-T51,-0.75,-3.78850108836287e-13,2.1765100023949124e-13,4.165197369105003e-26,4.280893276689131e-17,8.756738909301808e-18,1.8105073498678167e-14,0.42287266971012405,0.9625806940371499,0.3845208767048124,0.3844787004937711
1st2KB_B64-T51,-0.5,4.73721200613085e-14,2.115784493931391e-13,3.0435287125552204e-27,1.1655798304528457e-17,2.3835266175457382e-18,1.2070048999118778e-14,0.45306986681977895,1.0302180864215793,0.4076707716360166,0.40763633490390494
1st2KB_B64-T51,-0.25,-2.24641201365498e-13,2.0553157062007962e-13,1.0059511932385783e-28,1.814204430488482e-18,3.7084699444273223e-19,6.035024499559389e-15,0.49242362028176834,1.1183648523297847,0.43784030208896996,0.4378159516421719
1st2KB_B64-T51,0.0,-2.45360996060581e-13,1.9949872644800355e-13,4.365378908345626e-18,0.0,0.0,0.0,0.5874319856199902,1.3311699700647,0.5106759916789181,0.5106759916789181
1st2KB_B64-T51,0.25,-2.74119594211031e-13,2.0570379405070958e-13,1.7222343063004796e-16,1.814204430488482e-18,3.7084699444273223e-19,6.035024499559389e-15,0.49242362028176834,1.1183648523297847,0.43784030208896996,0.4378159516421719
1st2KB_B64-T51,0.5,-3.02237916768519e-13,2.1236768413893165e-13,7.892347457955922e-16,1.1655798304528457e-17,2.3835266175457382e-18,1.2070048999118778e-14,0.45306986681977895,1.0302180864215793,0.4076707716360166,0.40763633490390494
1st2KB_B64-T51,0.75,-2.93946724599925e-13,2.201890304124863e-13,2.538030173036728e-15,4.280893276689131e-17,8.756738909301808e-18,1.8105073498678167e-14,0.42287266971012405,0.9625806940371499,0.3845208767048124,0.3844787004937711
1st2KB_B64-T51,1.0,-3.25646546403893e-13,2.305753149228897e-13,6.794578587732171e-15,1.2143166398782133e-16,2.4845603836944544e-17,2.4140097998237555e-14,0.39741525494354646,0.9055597345948693,0.36500461249902183,0.36495591160542573
1st2KB_B64-T51,1.25,-2.92594995541379e-13,2.4620377573616586e-13,1.617869960917544e-14,2.9518301765136096e-16,6.04095424469145e-17,3.0175122497796946e-14,0.3749868222925913,0.8553232608495831,0.3478104385677203,0.34775598931339735
1st2KB_B64-T51,1.5,-3.84256618494658e-13,2.719300834016134e-13,3.544702163766354e-14,6.462676856601431e-16,1.3228601183813104e-16,3.6210146997356334e-14,0.3547099692454189,0.8099060169612583,0.3322657171198007,0.33220607095013666
1st2KB_B64-T51,1.75,-4.29687047661526e-13,3.1623526845512866e-13,7.291670051892564e-14,1.3106963359452554e-15,2.6833903424684266e-16,4.224517149691572e-14,0.3360634784642861,0.7681405508162931,0.3179708704540193,0.31790644522747824
1st2KB_B64-T51,2.0,-6.95743918206759e-13,3.9348290953421133e-13,1.4268898463320146e-13,2.5061874534969165e-15,5.131803819426489e-16,4.828019599647511e-14,0.3187077480195677,0.7292662027784589,0.30466555159311515,0.30459667812889174
1st2KB_B64-T51,2.25,-7.24842115582686e-13,5.273783393772853e-13,2.680604956943293e-13,4.571936565533822e-15,9.363255522924785e-16,5.43152204960345e-14,0.3024068896053246,0.6927546168599539,0.29216892290907376,0.2920958715686795
1st2KB_B64-T51,2.5,-5.85230811294551e-13,7.561881408185501e-13,4.866753708691692e-13,8.024506185523503e-15,1.6436576991681698e-15,6.035024499559389e-14,0.2869891543818154,0.6582211002820754,0.28034931762566656,0.28027231475174186
1st2KB_B64-T51,2.75,-6.89674120764316e-13,1.140507835713171e-12,8.581994608735664e-13,1.36354020366579e-14,2.793342238698405e-15,6.638526949515328e-14,0.27232488584810083,0.6253752410705802,0.26910733796226544,0.2690265766667587
1st2KB_B64-T51,3.0,-8.10224446128743e-13,1.774679989117562e-12,1.475610088950109e-12,2.2537567839562003e-14,4.6176772640831245e-15,7.242029399471267e-14,0.25831335380025794,0.5939914180095998,0.2583657617307067,0.25828140930862414
1st2KB_B64-T51,3.25,-9.47398301302804e-13,2.8033922471788972e-12,2.481619632739892e-12,3.6370137201445655e-14,7.452797674192268e-15,7.845531849427206e-14,0.24487445279501568,0.5638902063903116,0.24806317817858148,0.24797538139407055
1st2KB_B64-T51,3.5,-1.08777732914928e-12,4.445562019211422e-12,4.092325189575408e-12,5.747343027111076e-14,1.177869530197661e-14,8.449034299383145e-14,0.23194323364691505,0.5349261293485557,0.23814979570391487,0.23805868467478158
1st2KB_B64-T51,3.75,-1.28735759032106e-12,7.028389574644652e-12,6.630947646928269e-12,8.914950006794972e-14,1.8272699085946876e-14,9.052536749339083e-14,0.21946616891466686,0.5069792930896642,0.2285845788875161,0.22849027001259442
1st2KB_B64-T51,4.0,-1.5744818643304e-12,1.1035496330911629e-11,1.0575553498141682e-11,1.360076701070812e-13,2.7880409600820414e-14,9.656039199295022e-14,0.2073985242671027,0.4799494991250386,0.21933323331912563,0.21923583153193332
1st2KB_B64-T51,4.25,-1.90146401228553e-12,1.717444007353694e-11,1.66260215138335e-11,2.0441964355341467e-13,4.1909138588421124e-14,1.0259541649250961e-13,0.19570246001322966,0.45375199197164195,0.21036675018486134,0.2102663507206819
1st2KB_B64-T51,4.5,-2.85178066057601e-12,2.6470716527716923e-11,2.5797326390046156e-11,3.031151239691682e-13,6.215021164043419e-14,1.08630440992069e-13,0.1843456292193565,0.42831431913533846,0.20166033155021368,0.20155702135387865
1st2KB_B64-T51,4.75,-4.22287378676334e-12,4.039774857968118e-11,3.954859391627823e-11,4.439567318243216e-13,9.103810501790485e-14,1.146654654916284e-13,0.1733001223196885,0.4035739671899288,0.1931925812732368,0.1930864401364139
1st2KB_B64-T51,5.0,-5.90384295270918e-12,6.105549822042454e-11,5.996050435473665e-11,6.429426440911295e-13,1.318563705364722e-13,1.2070048999118779e-13,0.16254165896519235,0.37947655163446636,0.18494488545652255,0.18483598694787656
1st2KB_B64-T51,5.25,-1.24505926402119e-11,9.141442513953181e-11,8.997769532882826e-11,9.214972022787025e-13,1.8900273286499415e-13,1.2673551449074717e-13,0.15204895980356975,0.355974409770461,0.17690093083867375,0.17678934307301558
1st2KB_B64-T51,5.5,-2.90187006368736e-11,1.356468300210867e-10,1.3373811223238206e-10,1.3081241749813037e-12,2.6832871366397105e-13,1.3277053899030656e-13,0.14180325152253226,0.3330254920697726,0.16904632534861813,0.1689321116291977
1st2KB_B64-T51,5.75,-5.5205975207917e-11,1.995745014175447e-10,1.9701811377975431e-10,1.8405149568775567e-12,3.775727563538571e-13,1.3880556348986595e-13,0.13178787215253424,0.31059247810931834,0.1613682955212249,0.16125151488086392
1st2KB_B64-T51,6.0,-1.02915717614671e-10,2.912704628481916e-10,2.878309923060416e-10,2.568225369030072e-12,5.269102240614303e-13,1.4484058798942534e-13,0.12198795287084763,0.28864206385781666,0.1538554425606833,0.15373615022135517
1st2KB_B64-T51,6.25,-1.6081259934797e-10,4.218640321950722e-10,4.1722795260212837e-10,3.5560606438078116e-12,7.296489755779479e-13,1.5087561248898473e-13,0.11239015892888082,0.2671443813901233,0.1464975437291775,0.14637579149518715
1st2KB_B64-T51,6.5,-2.31635141623165e-10,6.066130363235834e-10,6.00365186136457e-10,4.888339516829466e-12,1.0031056722392876e-12,1.5691063698854411e-13,0.10298247680584455,0.24607252214195663,0.1392853891737858,0.13916122577039775
1st2KB_B64-T51,6.75,-3.75288022880227e-10,8.663257176045317e-10,8.579193256816511e-10,6.6742461526647486e-12,1.369705747658674e-12,1.629456614881035e-13,0.09375403789039177,0.22540214198204955,0.132210646756601,0.13208411812347715
1st2KB_B64-T51,7.0,-6.15739570442031e-10,1.2292386827691777e-09,1.2179573242547324e-09,9.054524131629819e-12,1.85835933575868e-12,1.689806859876629e-13,0.08469497130858195,0.20511113156788618,0.12526574922912054,0.12513689877603845
1st2KB_B64-T51,7.25,-8.63953464325107e-10,1.7334874938571874e-09,1.7183969857166504e-09,1.220982137009966e-11,2.506176698881063e-12,1.7501571048722228e-13,0.07579628021722007,0.18517933926051922,0.11844379939575655,0.11831266822662156
1st2KB_B64-T51,7.5,-1.26739829742206e-09,2.4303448194888715e-09,2.41023261387802e-09,1.6371060337453516e-11,3.360600177342302e-12,1.8105073498678167e-13,0.06704973714562956,0.16558833670514184,0.11173848988033025,0.11160511699036385
1st2KB_B64-T51,7.75,-2.02255590053824e-09,3.3884494763821436e-09,3.361748564191669e-09,2.183228626422119e-11,4.48204580569753e-12,1.8708575948634105e-13,0.058447794919103346,0.14632121931239128,0.1051440348378554,0.10500845728795405
1st2KB_B64-T51,8.0,-3.05179614912277e-09,4.6993106986498595e-09,4.664004376969423e-09,2.896653954477851e-11,5.947166990602696e-12,1.9312078398590044e-13,0.04998351041914517,0.12736243549221782,0.09865511150731215,0.0985173645788654
1st2KB_B64-T51,8.25,-4.52408643880631e-09,6.4844486642543025e-09,6.437951728544596e-09,3.824540995657591e-11,7.852875583576859e-12,1.9915580848545983e-13,0.04165047898940244,0.10869763973257784,0.09226680992566338,0.09212692725856064
1st2KB_B64-T51,8.5,-8.7346245791764e-09,8.904628487540718e-09,8.84363945654233e-09,5.0263062837556165e-11,1.0321282966777958e-11,2.0519083298501922e-13,0.03344277772493076,0.09031356557551806,0.085974589452046,0.08583260316814839
1st2KB_B64-T51,8.75,-1.16193596966241e-08,1.2171765229447927e-08,1.209208306835529e-08,6.576568470594645e-11,1.3505756168136975e-11,2.112258574845786e-13,0.025354916217193435,0.07219791529303365,0.07977424100770686,0.07963018182169534
1st2KB_B64-T51,9.0,-1.67453464428036e-08,1.656422771954976e-08,1.64605251595723e-08,8.568748230707915e-11,1.7598322427323847e-11,2.17260881984138e-13,0.017381793590658945,0.0543392636552078,0.07366185413922943,0.07351575145844091
1st2KB_B64-T51,9.25,-2.59294328230908e-08,2.2446456152982698e-08,2.2312000071856348e-08,1.1119458977330017e-10,2.2838701085496925e-11,2.2329590648369738e-13,0.009518660875770024,0.036726973651055816,0.06763378817274962,0.06748567018737028
1st2KB_B64-T51,9.5,-4.13481835437324e-08,3.029404111185917e-08,3.012034849184502e-08,1.4373849934466993e-10,2.952529537742596e-11,2.293309309832568e-13,0.001761087929862959,0.01935112239612624,0.061686646854740235,0.06153654061951963
1st2KB_B64-T51,9.25,-3.75224047388656e-08,2.2446456152982698e-08,2.2312000071856348e-08,1.1119458977330017e-10,2.2838701085496925e-11,2.2329590648369738e-13,0.009518660875770024,0.036726973651055816,0.06763378817274962,0.06748567018737028
1st2KB_B64-T51,9.0,-3.06007521544416e-08,1.656422771954976e-08,1.64605251595723e-08,8.568748230707915e-11,1.7598322427323847e-11,2.17260881984138e-13,0.017381793590658945,0.0543392636552078,0.07366185413922943,0.07351575145844091
1st2KB_B64-T51,8.75,-2.42547475437505e-08,1.2171765229447927e-08,1.209208306835529e-08,6.576568470594645e-11,1.3505756168136975e-11,2.112258574845786e-13,0.025354916217193435,0.07219791529303365,0.07977424100770686,0.07963018182169534
1st2KB_B64-T51,8.5,-1.87058990519517e-08,8.904628487540718e-09,8.84363945654233e-09,5.0263062837556165e-11,1.0321282966777958e-11,2.0519083298501922e-13,0.03344277772493076,0.09031356557551806,0.085974589452046,0.08583260316814839
1st2KB_B64-T51,8.25,-1.49223069456639e-08,6.4844486642543025e-09,6.437951728544596e-09,3.824540995657591e-11,7.852875583576859e-12,1.9915580848545983e-13,0.04165047898940244,0.10869763973257784,0.09226680992566338,0.09212692725856064
1st2KB_B64-T51,8.0,-1.10290638843935e-08,4.6993106986498595e-09,4.664004376969423e-09,2.896653954477851e-11,5.947166990602696e-12,1.9312078398590044e-13,0.04998351041914517,0.12736243549221782,0.09865511150731215,0.0985173645788654
1st2KB_B64-T51,7.75,-8.43901837299654e-09,3.3884494763821436e-09,3.361748564191669e-09,2.183228626422119e-11,4.48204580569753e-12,1.8708575948634105e-13,0.058447794919103346,0.14632121931239128,0.1051440348378554,0.10500845728795405
1st2KB_B64-T51,7.5,-6.59183907458782e-09,2.4303448194888715e-09,2.41023261387802e-09,1.6371060337453516e-11,3.360600177342302e-12,1.8105073498678167e-13,0.06704973714562956,0.16558833670514184,0.11173848988033025,0.11160511699036385
1st2KB_B64-T51,7.25,-5.24962295855858e-09,1.7334874938571874e-09,1.7183969857166504e-09,1.220982137009966e-11,2.506176698881063e-12,1.7501571048722228e-13,0.07579628021722007,0.18517933926051922,0.11844379939575655,0.11831266822662156
1st2KB_B64-T51,7.0,-4.00492217167425e-09,1.2292386827691777e-09,1.2179573242547324e-09,9.054524131629819e-12,1.85835933575868e-12,1.689806859876629e-13,0.08469497130858195,0.20511113156788618,0.12526574922912054,0.12513689877603845
1st2KB_B64-T51,6.75,-2.8406381691326e-09,8.663257176045317e-10,8.579193256816511e-10,6.6742461526647486e-12,1.369705747658674e-12,1.629456614881035e-13,0.09375403789039177,0.22540214198204955,0.132210646756601,0.13208411812347715
1st2KB_B64-T51,6.5,-2.1705903741065e-09,6.066130363235834e-10,6.00365186136457e-10,4.888339516829466e-12,1.0031056722392876e-12,1.5691063698854411e-13,0.10298247680584455,0.24607252214195663,0.1392853891737858,0.13916122577039775
1st2KB_B64-T51,6.25,-1.67335745260289e-09,4.218640321950722e-10,4.1722795260212837e-10,3.5560606438078116e-12,7.296489755779479e-13,1.5087561248898473e-13,0.11239015892888082,0.2671443813901233,0.1464975437291775,0.14637579149518715
1st2KB_B64-T51,6.0,-1.25563026642794e-09,2.912704628481916e-10,2.878309923060416e-10,2.568225369030072e-12,5.269102240614303e-13,1.4484058798942534e-13,0.12198795287084763,0.28864206385781666,0.1538554425606833,0.15373615022135517
1st2KB_B64-T51,5.75,-9.44619160669902e-10,1.995745014175447e-10,1.9701811377975431e-10,1.8405149568775567e-12,3.775727563538571e-13,1.3880556348986595e-13,0.13178787215253424,0.31059247810931834,0.1613682955212249,0.16125151488086392
1st2KB_B64-T51,5.5,-6.94735990958151e-10,1.356468300210867e-10,1.3373811223238206e-10,1.3081241749813037e-12,2.6832871366397105e-13,1.3277053899030656e-13,0.14180325152253226,0.3330254920697726,0.16904632534861813,0.1689321116291977
1st2KB_B64-T51,5.25,-5.05625319391356e-10,9.141442513953181e-11,8.997769532882826e-11,9.214972022787025e-13,1.8900273286499415e-13,1.2673551449074717e-13,0.15204895980356975,0.355974409770461,0.17690093083867375,0.17678934307301558
1st2KB_B64-T51,5.0,-3.5097252881755e-10,6.105549822042454e-11,5.996050435473665e-11,6.429426440911295e-13,1.318563705364722e-13,1.2070048999118779e-13,0.16254165896519235,0.37947655163446636,0.18494488545652255,0.18483598694787656
1st2KB_B64-T51,4.75,-2.55764298628947e-10,4.039774857968118e-11,3.954859391627823e-11,4.439567318243216e-13,9.103810501790485e-14,1.146654654916284e-13,0.1733001223196885,0.4035739671899288,0.1931925812732368,0.1930864401364139
1st2KB_B64-T51,4.5,-1.76784503702621e-10,2.6470716527716923e-11,2.5797326390046156e-11,3.031151239691682e-13,6.215021164043419e-14,1.08630440992069e-13,0.1843456292193565,0.42831431913533846,0.20166033155021368,0.20155702135387865
1st2KB_B64-T51,4.25,-1.20329551878129e-10,1.717444007353694e-11,1.66260215138335e-11,2.0441964355341467e-13,4.1909138588421124e-14,1.0259541649250961e-13,0.19570246001322966,0.45375199197164195,0.21036675018486134,0.2102663507206819
1st2KB_B64-T51,4.0,-8.12168596264762e-11,1.1035496330911629e-11,1.0575553498141682e-11,1.360076701070812e-13,2.7880409600820414e-14,9.656039199295022e-14,0.2073985242671027,0.4799494991250386,0.21933323331912563,0.21923583153193332
1st2KB_B64-T51,3.75,-5.22450312179235e-11,7.028389574644652e-12,6.630947646928269e-12,8.914950006794972e-14,1.8272699085946876e-14,9.052536749339083e-14,0.21946616891466686,0.5069792930896642,0.2285845788875161,0.22849027001259442
1st2KB_B64-T51,3.5,-3.21558751847917e-11,4.445562019211422e-12,4.092325189575408e-12,5.747343027111076e-14,1.177869530197661e-14,8.449034299383145e-14,0.23194323364691505,0.5349261293485557,0.23814979570391487,0.23805868467478158
1st2KB_B64-T51,3.25,-1.960146801816e-11,2.8033922471788972e-12,2.481619632739892e-12,3.6370137201445655e-14,7.452797674192268e-15,7.845531849427206e-14,0.24487445279501568,0.5638902063903116,0.24806317817858148,0.24797538139407055
1st2KB_B64-T51,3.0,-1.24079262489585e-11,1.774679989117562e-12,1.475610088950109e-12,2.2537567839562003e-14,4.6176772640831245e-15,7.242029399471267e-14,0.25831335380025794,0.5939914180095998,0.2583657617307067,0.25828140930862414
1st2KB_B64-T51,2.75,-7.51738688659076e-12,1.140507835713171e-12,8.581994608735664e-13,1.36354020366579e-14,2.793342238698405e-15,6.638526949515328e-14,0.27232488584810083,0.6253752410705802,0.26910733796226544,0.2690265766667587
1st2KB_B64-T51,2.5,-3.97707864904784e-12,7.561881408185501e-13,4.866753708691692e-13,8.024506185523503e-15,1.6436576991681698e-15,6.035024499559389e-14,0.2869891543818154,0.6582211002820754,0.28034931762566656,0.28027231475174186
1st2KB_B64-T51,2.25,-2.1131631600807e-12,5.273783393772853e-13,2.680604956943293e-13,4.571936565533822e-15,9.363255522924785e-16,5.43152204960345e-14,0.3024068896053246,0.6927546168599539,0.29216892290907376,0.2920958715686795
1st2KB_B64-T51,2.0,-1.04179067716287e-12,3.9348290953421133e-13,1.4268898463320146e-13,2.5061874534969165e-15,5.131803819426489e-16,4.828019599647511e-14,0.3187077480195677,0.7292662027784589,0.30466555159311515,0.30459667812889174
1st2KB_B64-T51,1.75,-4.00579499041862e-13,3.1623526845512866e-13,7.291670051892564e-14,1.3106963359452554e-15,2.6833903424684266e-16,4.224517149691572e-14,0.3360634784642861,0.7681405508162931,0.3179708704540193,0.31790644522747824
1st2KB_B64-T51,1.5,-1.74563664846923e-13,2.719300834016134e-13,3.544702163766354e-14,6.462676856601431e-16,1.3228601183813104e-16,3.6210146997356334e-14,0.3547099692454189,0.8099060169612583,0.3322657171198007,0.33220607095013666
1st2KB_B64-T51,1.25,5.01747996178425e-14,2.4620377573616586e-13,1.617869960917544e-14,2.9518301765136096e-16,6.04095424469145e-17,3.0175122497796946e-14,0.3749868222925913,0.8553232608495831,0.3478104385677203,0.34775598931339735
1st2KB_B64-T51,1.0,7.64001288990936e-14,2.305753149228897e-13,6.794578587732171e-15,1.2143166398782133e-16,2.4845603836944544e-17,2.4140097998237555e-14,0.39741525494354646,0.9055597345948693,0.36500461249902183,0.36495591160542573
1st2KB_B64-T51,0.75,1.00128611727878e-13,2.201890304124863e-13,2.538030173036728e-15,4.280893276689131e-17,8.756738909301808e-18,1.8105073498678167e-14,0.42287266971012405,0.9625806940371499,0.3845208767048124,0.3844787004937711
1st2KB_B64-T51,0.5,1.5597587240887e-13,2.1236768413893165e-13,7.892347457955922e-16,1.1655798304528457e-17,2.3835266175457382e-18,1.2070048999118778e-14,0.45306986681977895,1.0302180864215793,0.4076707716360166,0.40763633490390494
1st2KB_B64-T51,0.25,1.91055396329964e-13,2.0570379405070958e-13,1.7222343063004796e-16,1.814204430488482e-18,3.7084699444273223e-19,6.035024499559389e-15,0.49242362028176834,1.1183648523297847,0.43784030208896996,0.4378159516421719
1st2KB_B64-T51,0.0,2.28024820162973e-13,1.9949872644800355e-13,4.365378908345626e-18,0.0,0.0,0.0,0.5874319856199902,1.3311699700647,0.5106759916789181,0.5106759916789181
1st2KB_B64-T53,0.0,2.47765031418951e-14,1.9949872644800355e-13,4.365378908345626e-18,0.0,0.0,0.0,0.5874319856199902,1.3311699700647,0.5106759916789181,0.5106759916789181
1st2KB_B64-T53,-0.25,2.5310235542619e-14,2.0553157062007962e-13,1.0059511932385783e-28,1.814204430488482e-18,3.7084699444273223e-19,6.035024499559389e-15,0.49242362028176834,1.1183648523297847,0.43784030208896996,0.4378159516421719
1st2KB_B64-T53,-0.5,6.71524196926149e-14,2.115784493931391e-13,3.0435287125552204e-27,1.1655798304528457e-17,2.3835266175457382e-18,1.2070048999118778e-14,0.45306986681977895,1.0302180864215793,0.4076707716360166,0.40763633490390494
1st2KB_B64-T53,-0.75,8.63740502732302e-14,2.1765100023949124e-13,4.165197369105003e-26,4.280893276689131e-17,8.756738909301808e-18,1.8105073498678167e-14,0.42287266971012405,0.9625806940371499,0.3845208767048124,0.3844787004937711
1st2KB_B64-T53,-1.0,1.04806185160632e-13,2.2378073633553556e-13,3.780467803684519e-25,1.2143166398782133e-16,2.4845603836944544e-17,2.4140097998237555e-14,0.39741525494354646,0.9055597345948693,0.36500461249902183,0.36495591160542573
1st2KB_B64-T53,-1.25,1.28161465272857e-13,2.300250761296297e-13,2.6392538193867524e-24,2.9518301765136096e-16,6.04095424469145e-17,3.0175122497796946e-14,0.3749868222925913,0.8553232608495831,0.3478104385677203,0.34775598931339735
1st2KB_B64-T53,-1.5,1.55286617982767e-13,2.364830617792416e-13,1.5291753030751892e-23,6.462676856601431e-16,1.3228601183813104e-16,3.6210146997356334e-14,0.3547099692454189,0.8099060169612583,0.3322657171198007,0.33220607095013666
1st2KB_B64-T53,-1.75,2.61340509779759e-13,2.4331856801313136e-13,7.692831605572653e-23,1.3106963359452554e-15,2.6833903424684266e-16,4.224517149691572e-14,0.3360634784642861,0.7681405508162931,0.3179708704540193,0.31790644522747824
1st2KB_B64-T53,-2.0,1.70092862320989e-13,2.50793925247066e-13,3.4605611667221083e-22,2.5061874534969165e-15,5.131803819426489e-16,4.828019599647511e-14,0.3187077480195677,0.7292662027784589,0.30466555159311515,0.30459667812889174
1st2KB_B64-T53,-2.25,1.99537380975862e-13,2.593178451036946e-13,1.420738591569594e-21,4.571936565533822e-15,9.363255522924785e-16,5.43152204960345e-14,0.3024068896053246,0.6927546168599539,0.29216892290907376,0.2920958715686795
1st2KB_B64-T53,-2.5,2.22131449519047e-13,2.6951277535258924e-13,5.403208449233906e-21,8.024506185523503e-15,1.6436576991681698e-15,6.035024499559389e-14,0.2869891543818154,0.6582211002820754,0.28034931762566656,0.28027231475174186
1st2KB_B64-T53,-2.75,2.38471677301011e-13,2.8230839408992117e-13,1.9250316378648048e-20,1.36354020366579e-14,2.793342238698405e-15,6.638526949515328e-14,0.27232488584810083,0.6253752410705802,0.26910733796226544,0.2690265766667587
1st2KB_B64-T53,-3.0,2.55667503227391e-13,2.99069964980568e-13,6.481311494255758e-20,2.2537567839562003e-14,4.6176772640831245e-15,7.242029399471267e-14,0.25831335380025794,0.5939914180095998,0.2583657617307067,0.25828140930862414
1st2KB_B64-T53,-3.25,2.32978838044656e-13,3.2177282209333606e-13,2.0765433085187884e-19,3.6370137201445655e-14,7.452797674192268e-15,7.845531849427206e-14,0.24487445279501568,0.5638902063903116,0.24806317817858148,0.24797538139407055
1st2KB_B64-T53,-3.5,4.00724456872323e-13,3.532374663084852e-13,6.366724711842878e-19,5.747343027111076e-14,1.177869530197661e-14,8.449034299383145e-14,0.23194323364691505,0.5349261293485557,0.23814979570391487,0.23805868467478158
1st2KB_B64-T53,-3.75,4.13658067218228e-13,3.9744380444837644e-13,1.876731993813004e-18,8.914950006794972e-14,1.8272699085946876e-14,9.052536749339083e-14,0.21946616891466686,0.5069792930896642,0.2285845788875161,0.22849027001259442
1st2KB_B64-T53,-4.0,4.66070270484925e-13,4.599481720513545e-13,5.339281407469901e-18,1.360076701070812e-13,2.7880409600820414e-14,9.656039199295022e-14,0.2073985242671027,0.4799494991250386,0.21933323331912563,0.21923583153193332
1st2KB_B64-T53,-4.25,5.46706668651253e-13,5.484332686496993e-13,1.4708946258713515e-17,2.0441964355341467e-13,4.1909138588421124e-14,1.0259541649250961e-13,0.19570246001322966,0.45375199197164195,0.21036675018486134,0.2102663507206819
1st2KB_B64-T53,-4.5,6.59560025952771e-13,6.734294850360115e-13,3.934736524490009e-17,3.031151239691682e-13,6.215021164043419e-14,1.08630440992069e-13,0.1843456292193565,0.42831431913533846,0.20166033155021368,0.20155702135387865
1st2KB_B64-T53,-4.75,7.93011435597929e-13,8.492571189028824e-13,1.0245549993231807e-16,4.439567318243216e-13,9.103810501790485e-14,1.146654654916284e-13,0.1733001223196885,0.4035739671899288,0.1931925812732368,0.1930864401364139
1st2KB_B64-T53,-5.0,9.85658278086776e-13,1.0952540936980703e-12,2.602280101854598e-16,6.429426440911295e-13,1.318563705364722e-13,1.2070048999118779e-13,0.16254165896519235,0.37947655163446636,0.18494488545652255,0.18483598694787656
1st2KB_B64-T53,-5.25,1.33189141139634e-12,1.4373757216536451e-12,6.459109501060047e-16,9.214972022787025e-13,1.8900273286499415e-13,1.2673551449074717e-13,0.15204895980356975,0.355974409770461,0.17690093083867375,0.17678934307301558
1st2KB_B64-T53,-5.5,1.50598262159407e-12,1.910287058069407e-12,1.569269364730283e-15,1.3081241749813037e-12,2.6832871366397105e-13,1.3277053899030656e-13,0.14180325152253226,0.3330254920697726,0.16904632534861813,0.1689321116291977
1st2KB_B64-T53,-5.75,1.85683326353603e-12,2.5601249169964506e-12,3.737279206075922e-15,1.8405149568775567e-12,3.775727563538571e-13,1.3880556348986595e-13,0.13178787215253424,0.31059247810931834,0.1613682955212249,0.16125151488086392
1st2KB_B64-T53,-6.0,2.24442664974178e-12,3.4482064143944886e-12,8.735872244465659e-15,2.568225369030072e-12,5.269102240614303e-13,1.4484058798942534e-13,0.12198795287084763,0.28864206385781666,0.1538554425606833,0.15373615022135517
1st2KB_B64-T53,-6.25,2.88763717798401e-12,4.6561451603306305e-12,2.0065567386790745e-14,3.5560606438078116e-12,7.296489755779479e-13,1.5087561248898473e-13,0.11239015892888082,0.2671443813901233,0.1464975437291775,0.14637579149518715
1st2KB_B64-T53,-6.5,3.92229521431475e-12,6.293186176709238e-12,4.5335989582845666e-14,4.888339516829466e-12,1.0031056722392876e-12,1.5691063698854411e-13,0.10298247680584455,0.24607252214195663,0.1392853891737858,0.13916122577039775
1st2KB_B64-T53,-6.75,4.25128248576767e-12,8.507245243775228e-12,1.0085332089460699e-13,6.6742461526647486e-12,1.369705747658674e-12,1.629456614881035e-13,0.09375403789039177,0.22540214198204955,0.132210646756601,0.13208411812347715
1st2KB_B64-T53,-7.0,4.81671473540057e-12,1.1502446007591265e-11,2.2108749314600678e-13,9.054524131629819e-12,1.85835933575868e-12,1.689806859876629e-13,0.08469497130858195,0.20511113156788618,0.12526574922912054,0.12513689877603845
1st2KB_B64-T53,-7.25,5.52582589061212e-12,1.5568481343343537e-11,4.779732028064961e-13,1.220982137009966e-11,2.506176698881063e-12,1.7501571048722228e-13,0.07579628021722007,0.18517933926051922,0.11844379939575655,0.11831266822662156
1st2KB_B64-T53,-7.5,8.2842144602524e-12,2.1132012418177456e-11,1.0198068073257622e-12,1.6371060337453516e-11,3.360600177342302e-12,1.8105073498678167e-13,0.06704973714562956,0.16558833670514184,0.11173848988033025,0.11160511699036385
1st2KB_B64-T53,-7.75,1.2438899736622e-11,2.8849688627796872e-11,2.1487764373227184e-12,2.183228626422119e-11,4.48204580569753e-12,1.8708575948634105e-13,0.058447794919103346,0.14632121931239128,0.1051440348378554,0.10500845728795405
1st2KB_B64-T53,-8.0,1.56207234647265e-11,3.978020633996406e-11,4.4738846595278615e-12,2.896653954477851e-11,5.947166990602696e-12,1.9312078398590044e-13,0.04998351041914517,0.12736243549221782,0.09865511150731215,0.0985173645788654
1st2KB_B64-T53,-8.25,2.72597101141914e-11,5.57065099203085e-11,9.209574210601177e-12,3.824540995657591e-11,7.852875583576859e-12,1.9915580848545983e-13,0.04165047898940244,0.10869763973257784,0.09226680992566338,0.09212692725856064
1st2KB_B64-T53,-8.5,3.85182129247763e-11,7.97423613801644e-11,1.8753330381776167e-11,5.0263062837556165e-11,1.0321282966777958e-11,2.0519083298501922e-13,0.03344277772493076,0.09031356557551806,0.085974589452046,0.08583260316814839
1st2KB_B64-T53,-8.75,7.62128485320979e-11,1.1747486240325105e-10,3.7792701310613966e-11,6.576568470594645e-11,1.3505756168136975e-11,2.112258574845786e-13,0.025354916217193435,0.07219791529303365,0.07977424100770686,0.07963018182169534
1st2KB_B64-T53,-9.0,1.23071844382316e-10,1.7911102112178733e-10,7.540846114433109e-11,8.568748230707915e-11,1.7598322427323847e-11,2.17260881984138e-13,0.017381793590658945,0.0543392636552078,0.07366185413922943,0.07351575145844091
1st2KB_B64-T53,-9.25,1.76006972885112e-10,2.8349288488509913e-10,1.4903680375874928e-10,1.1119458977330017e-10,2.2838701085496925e-11,2.2329590648369738e-13,0.009518660875770024,0.036726973651055816,0.06763378817274962,0.06748567018737028
1st2KB_B64-T53,-9.5,3.94746707543803e-10,4.655663322638517e-10,2.9187371224970346e-10,1.4373849934466993e-10,2.952529537742596e-11,2.293309309832568e-13,0.001761087929862959,0.01935112239612624,0.061686646854740235,0.06153654061951963
1st2KB_B64-T53,-9.25,3.0182614740859e-10,2.8349288488509913e-10,1.4903680375874928e-10,1.1119458977330017e-10,2.2838701085496925e-11,2.2329590648369738e-13,0.009518660875770024,0.036726973651055816,0.06763378817274962,0.06748567018737028
1st2KB_B64-T53,-9.0,2.28170315974552e-10,1.7911102112178733e-10,7.540846114433109e-11,8.568748230707915e-11,1.7598322427323847e-11,2.17260881984138e-13,0.017381793590658945,0.0543392636552078,0.07366185413922943,0.07351575145844091
1st2KB_B64-T53,-8.75,1.92297983092615e-10,1.1747486240325105e-10,3.7792701310613966e-11,6.576568470594645e-11,1.3505756168136975e-11,2.112258574845786e-13,0.025354916217193435,0.07219791529303365,0.07977424100770686,0.07963018182169534
1st2KB_B64-T53,-8.5,1.44283210379292e-10,7.97423613801644e-11,1.8753330381776167e-11,5.0263062837556165e-11,1.0321282966777958e-11,2.0519083298501922e-13,0.03344277772493076,0.09031356557551806,0.085974589452046,0.08583260316814839
1st2KB_B64-T53,-8.25,1.08571873713714e-10,5.57065099203085e-11,9.209574210601177e-12,3.824540995657591e-11,7.852875583576859e-12,1.9915580848545983e-13,0.04165047898940244,0.10869763973257784,0.09226680992566338,0.09212692725856064
1st2KB_B64-T53,-8.0,8.22344067841208e-11,3.978020633996406e-11,4.4738846595278615e-12,2.896653954477851e-11,5.947166990602696e-12,1.9312078398590044e-13,0.04998351041914517,0.12736243549221782,0.09865511150731215,0.0985173645788654
1st2KB_B64-T53,-7.75,5.51205817100886e-11,2.8849688627796872e-11,2.1487764373227184e-12,2.183228626422119e-11,4.48204580569753e-12,1.8708575948634105e-13,0.058447794919103346,0.14632121931239128,0.1051440348378554,0.10500845728795405
1st2KB_B64-T53,-7.5,4.15876846848739e-11,2.1132012418177456e-11,1.0198068073257622e-12,1.6371060337453516e-11,3.360600177342302e-12,1.8105073498678167e-13,0.06704973714562956,0.16558833670514184,0.11173848988033025,0.11160511699036385
1st2KB_B64-T53,-7.25,3.26100292602494e-11,1.5568481343343537e-11,4.779732028064961e-13,1.220982137009966e-11,2.506176698881063e-12,1.7501571048722228e-13,0.07579628021722007,0.18517933926051922,0.11844379939575655,0.11831266822662156
1st2KB_B64-T53,-7.0,2.32916030212804e-11,1.1502446007591265e-11,2.2108749314600678e-13,9.054524131629819e-12,1.85835933575868e-12,1.689806859876629e-13,0.08469497130858195,0.20511113156788618,0.12526574922912054,0.12513689877603845
1st2KB_B64-T53,-6.75,1.5432218003486e-11,8.507245243775228e-12,1.0085332089460699e-13,6.6742461526647486e-12,1.369705747658674e-12,1.629456614881035e-13,0.09375403789039177,0.22540214198204955,0.132210646756601,0.13208411812347715
1st2KB_B64-T53,-6.5,1.04060770417247e-11,6.293186176709238e-12,4.5335989582845666e-14,4.888339516829466e-12,1.0031056722392876e-12,1.5691063698854411e-13,0.10298247680584455,0.24607252214195663,0.1392853891737858,0.13916122577039775
1st2KB_B64-T53,-6.25,8.26326507219477e-12,4.6561451603306305e-12,2.0065567386790745e-14,3.5560606438078116e-12,7.296489755779479e-13,1.5087561248898473e-13,0.11239015892888082,0.2671443813901233,0.1464975437291775,0.14637579149518715
1st2KB_B64-T53,-6.0,5.37867059918762e-12,3.4482064143944886e-12,8.735872244465659e-15,2.568225369030072e-12,5.269102240614303e-13,1.4484058798942534e-13,0.12198795287084763,0.28864206385781666,0.1538554425606833,0.15373615022135517
1st2KB_B64-T53,-5.75,4.42022069988002e-12,2.5601249169964506e-12,3.737279206075922e-15,1.8405149568775567e-12,3.775727563538571e-13,1.3880556348986595e-13,0.13178787215253424,0.31059247810931834,0.1613682955212249,0.16125151488086392
1st2KB_B64-T53,-5.5,3.16468010651272e-12,1.910287058069407e-12,1.569269364730283e-15,1.3081241749813037e-12,2.6832871366397105e-13,1.3277053899030656e-13,0.14180325152253226,0.3330254920697726,0.16904632534861813,0.1689321116291977
1st2KB_B64-T53,-5.25,2.05054896673662e-12,1.4373757216536451e-12,6.459109501060047e-16,9.214972022787025e-13,1.8900273286499415e-13,1.2673551449074717e-13,0.15204895980356975,0.355974409770461,0.17690093083867375,0.17678934307301558
1st2KB_B64-T53,-5.0,1.32174696534926e-12,1.0952540936980703e-12,2.602280101854598e-16,6.429426440911295e-13,1.318563705364722e-13,1.2070048999118779e-13,0.16254165896519235,0.37947655163446636,0.18494488545652255,0.18483598694787656
1st2KB_B64-T53,-4.75,7.95808243522073e-13,8.492571189028824e-13,1.0245549993231807e-16,4.439567318243216e-13,9.103810501790485e-14,1.146654654916284e-13,0.1733001223196885,0.4035739671899288,0.1931925812732368,0.1930864401364139
1st2KB_B64-T53,-4.5,6.45293063775143e-13,6.734294850360115e-13,3.934736524490009e-17,3.031151239691682e-13,6.215021164043419e-14,1.08630440992069e-13,0.1843456292193565,0.42831431913533846,0.20166033155021368,0.20155702135387865
1st2KB_B64-T53,-4.25,3.14574863553851e-13,5.484332686496993e-13,1.4708946258713515e-17,2.0441964355341467e-13,4.1909138588421124e-14,1.0259541649250961e-13,0.19570246001322966,0.45375199197164195,0.21036675018486134,0.2102663507206819
1st2KB_B64-T53,-4.0,2.41524275622698e-13,4.599481720513545e-13,5.339281407469901e-18,1.360076701070812e-13,2.7880409600820414e-14,9.656039199295022e-14,0.2073985242671027,0.4799494991250386,0.21933323331912563,0.21923583153193332
1st2KB_B64-T53,-3.75,1.38223200246701e-13,3.9744380444837644e-13,1.876731993813004e-18,8.914950006794972e-14,1.8272699085946876e-14,9.052536749339083e-14,0.21946616891466686,0.5069792930896642,0.2285845788875161,0.22849027001259442
1st2KB_B64-T53,-3.5,-3.51782981271396e-14,3.532374663084852e-13,6.366724711842878e-19,5.747343027111076e-14,1.177869530197661e-14,8.449034299383145e-14,0.23194323364691505,0.5349261293485557,0.23814979570391487,0.23805868467478158
1st2KB_B64-T53,-3.25,-2.93764070415179e-14,3.2177282209333606e-13,2.0765433085187884e-19,3.6370137201445655e-14,7.452797674192268e-15,7.845531849427206e-14,0.24487445279501568,0.5638902063903116,0.24806317817858148,0.24797538139407055
1st2KB_B64-T53,-3.0,-6.31970672082711e-14,2.99069964980568e-13,6.481311494255758e-20,2.2537567839562003e-14,4.6176772640831245e-15,7.242029399471267e-14,0.25831335380025794,0.5939914180095998,0.2583657617307067,0.25828140930862414
1st2KB_B64-T53,-2.75,-8.96705602024088e-14,2.8230839408992117e-13,1.9250316378648048e-20,1.36354020366579e-14,2.793342238698405e-15,6.638526949515328e-14,0.27232488584810083,0.6253752410705802,0.26910733796226544,0.2690265766667587
1st2KB_B64-T53,-2.5,-1.13939307750006e-13,2.6951277535258924e-13,5.403208449233906e-21,8.024506185523503e-15,1.6436576991681698e-15,6.035024499559389e-14,0.2869891543818154,0.6582211002820754,0.28034931762566656,0.28027231475174186
1st2KB_B64-T53,-2.25,-1.10759342778106e-13,2.593178451036946e-13,1.420738591569594e-21,4.571936565533822e-15,9.363255522924785e-16,5.43152204960345e-14,0.3024068896053246,0.6927546168599539,0.29216892290907376,0.2920958715686795
1st2KB_B64-T53,-2.0,-1.89238693617221e-13,2.50793925247066e-13,3.4605611667221083e-22,2.5061874534969165e-15,5.131803819426489e-16,4.828019599647511e-14,0.3187077480195677,0.7292662027784589,0.30466555159311515,0.30459667812889174
1st2KB_B64-T53,-1.75,-1.15712561060688e-13,2.4331856801313136e-13,7.692831605572653e-23,1.3106963359452554e-15,2.6833903424684266e-16,4.224517149691572e-14,0.3360634784642861,0.7681405508162931,0.3179708704540193,0.31790644522747824
1st2KB_B64-T53,-1.5,-1.43033127659661e-13,2.364830617792416e-13,1.5291753030751892e-23,6.462676856601431e-16,1.3228601183813104e-16,3.6210146997356334e-14,0.3547099692454189,0.8099060169612583,0.3322657171198007,0.33220607095013666
1st2KB_B64-T53,-1.25,-1.79706401669255e-13,2.300250761296297e-13,2.6392538193867524e-24,2.9518301765136096e-16,6.04095424469145e-17,3.0175122497796946e-14,0.3749868222925913,0.8553232608495831,0.3478104385677203,0.34775598931339735
1st2KB_B64-T53,-1.0,-2.07838913722676e-13,2.2378073633553556e-13,3.780467803684519e-25,1.2143166398782133e-16,2.4845603836944544e-17,2.4140097998237555e-14,0.39741525494354646,0.9055597345948693,0.36500461249902183,0.36495591160542573
1st2KB_B64-T53,-0.75,-1.9851172572069e-13,2.1765100023949124e-13,4.165197369105003e-26,4.280893276689131e-17,8.756738909301808e-18,1.8105073498678167e-14,0.42287266971012405,0.9625806940371499,0.3845208767048124,0.3844787004937711
1st2KB_B64-T53,-0.5,-2.11109246945652e-13,2.115784493931391e-13,3.0435287125552204e-27,1.1655798304528457e-17,2.3835266175457382e-18,1.2070048999118778e-14,0.45306986681977895,1.0302180864215793,0.4076707716360166,0.40763633490390494
1st2KB_B64-T53,-0.25,-2.44291159566881e-13,2.0553157062007962e-13,1.0059511932385783e-28,1.814204430488482e-18,3.7084699444273223e-19,6.035024499559389e-15,0.49242362028176834,1.1183648523297847,0.43784030208896996,0.4378159516421719
1st2KB_B64-T53,0.0,-2.26161293468904e-13,1.9949872644800355e-13,4.365378908345626e-18,0.0,0.0,0.0,0.5874319856199902,1.3311699700647,0.5106759916789181,0.5106759916789181
1st2KB_B64-T53,0.25,-2.63847158097491e-13,2.0570379405070958e-13,1.7222343063004796e-16,1.814204430488482e-18,3.7084699444273223e-19,6.035024499559389e-15,0.49242362028176834,1.1183648523297847,0.43784030208896996,0.4378159516421719
1st2KB_B64-T53,0.5,-3.13781823874787e-13,2.1236768413893165e-13,7.892347457955922e-16,1.1655798304528457e-17,2.3835266175457382e-18,1.2070048999118778e-14,0.45306986681977895,1.0302180864215793,0.4076707716360166,0.40763633490390494
1st2KB_B64-T53,0.75,-3.0738294396794e-13,2.201890304124863e-13,2.538030173036728e-15,4.280893276689131e-17,8.756738909301808e-18,1.8105073498678167e-14,0.42287266971012405,0.9625806940371499,0.3845208767048124,0.3844787004937711
1st2KB_B64-T53,1.0,-3.41825553322808e-13,2.305753149228897e-13,6.794578587732171e-15,1.2143166398782133e-16,2.4845603836944544e-17,2.4140097998237555e-14,0.39741525494354646,0.9055597345948693,0.36500461249902183,0.36495591160542573
1st2KB_B64-T53,1.25,-3.5562305595975e-13,2.4620377573616586e-13,1.617869960917544e-14,2.9518301765136096e-16,6.04095424469145e-17,3.0175122497796946e-14,0.3749868222925913,0.8553232608495831,0.3478104385677203,0.34775598931339735
1st2KB_B64-T53,1.5,-4.50966331335192e-13,2.719300834016134e-13,3.544702163766354e-14,6.462676856601431e-16,1.3228601183813104e-16,3.6210146997356334e-14,0.3547099692454189,0.8099060169612583,0.3322657171198007,0.33220607095013666
1st2KB_B64-T53,1.75,-4.96223721835332e-13,3.1623526845512866e-13,7.291670051892564e-14,1.3106963359452554e-15,2.6833903424684266e-16,4.224517149691572e-14,0.3360634784642861,0.7681405508162931,0.3179708704540193,0.31790644522747824
1st2KB_B64-T53,2.0,-5.25951840673472e-13,3.9348290953421133e-13,1.4268898463320146e-13,2.5061874534969165e-15,5.131803819426489e-16,4.828019599647511e-14,0.3187077480195677,0.7292662027784589,0.30466555159311515,0.30459667812889174
1st2KB_B64-T53,2.25,-5.62027529550646e-13,5.273783393772853e-13,2.680604956943293e-13,4.571936565533822e-15,9.363255522924785e-16,5.43152204960345e-14,0.3024068896053246,0.6927546168599539,0.29216892290907376,0.2920958715686795
1st2KB_B64-T53,2.5,-6.45306345251756e-13,7.561881408185501e-13,4.866753708691692e-13,8.024506185523503e-15,1.6436576991681698e-15,6.035024499559389e-14,0.2869891543818154,0.6582211002820754,0.28034931762566656,0.28027231475174186
1st2KB_B64-T53,2.75,-7.87743351451931e-13,1.140507835713171e-12,8.581994608735664e-13,1.36354020366579e-14,2.793342238698405e-15,6.638526949515328e-14,0.27232488584810083,0.6253752410705802,0.26910733796226544,0.2690265766667587
1st2KB_B64-T53,3.0,-8.63213959947234e-13,1.774679989117562e-12,1.475610088950109e-12,2.2537567839562003e-14,4.6176772640831245e-15,7.242029399471267e-14,0.25831335380025794,0.5939914180095998,0.2583657617307067,0.25828140930862414
1st2KB_B64-T53,3.25,-9.24406059511773e-13,2.8033922471788972e-12,2.481619632739892e-12,3.6370137201445655e-14,7.452797674192268e-15,7.845531849427206e-14,0.24487445279501568,0.5638902063903116,0.24806317817858148,0.24797538139407055
1st2KB_B64-T53,3.5,-1.18445661265176e-12,4.445562019211422e-12,4.092325189575408e-12,5.747343027111076e-14,1.177869530197661e-14,8.449034299383145e-14,0.23194323364691505,0.5349261293485557,0.23814979570391487,0.23805868467478158
1st2KB_B64-T53,3.75,-1.34680634700235e-12,7.028389574644652e-12,6.630947646928269e-12,8.914950006794972e-14,1.8272699085946876e-14,9.052536749339083e-14,0.21946616891466686,0.5069792930896642,0.2285845788875161,0.22849027001259442
1st2KB_B64-T53,4.0,-1.5360740023701e-12,1.1035496330911629e-11,1.0575553498141682e-11,1.360076701070812e-13,2.7880409600820414e-14,9.656039199295022e-14,0.2073985242671027,0.4799494991250386,0.21933323331912563,0.21923583153193332
1st2KB_B64-T53,4.25,-1.83608510340161e-12,1.717444007353694e-11,1.66260215138335e-11,2.0441964355341467e-13,4.1909138588421124e-14,1.0259541649250961e-13,0.19570246001322966,0.45375199197164195,0.21036675018486134,0.2102663507206819
1st2KB_B64-T53,4.5,-2.24918217731074e-12,2.6470716527716923e-11,2.5797326390046156e-11,3.031151239691682e-13,6.215021164043419e-14,1.08630440992069e-13,0.1843456292193565,0.42831431913533846,0.20166033155021368,0.20155702135387865
1st2KB_B64-T53,4.75,-2.98781810924298e-12,4.039774857968118e-11,3.954859391627823e-11,4.439567318243216e-13,9.103810501790485e-14,1.146654654916284e-13,0.1733001223196885,0.4035739671899288,0.1931925812732368,0.1930864401364139
1st2KB_B64-T53,5.0,-4.7319847693017e-12,6.105549822042454e-11,5.996050435473665e-11,6.429426440911295e-13,1.318563705364722e-13,1.2070048999118779e-13,0.16254165896519235,0.37947655163446636,0.18494488545652255,0.18483598694787656
1st2KB_B64-T53,5.25,-9.28782918629967e-12,9.141442513953181e-11,8.997769532882826e-11,9.214972022787025e-13,1.8900273286499415e-13,1.2673551449074717e-13,0.15204895980356975,0.355974409770461,0.17690093083867375,0.17678934307301558
1st2KB_B64-T53,5.5,-1.93357899136437e-11,1.356468300210867e-10,1.3373811223238206e-10,1.3081241749813037e-12,2.6832871366397105e-13,1.3277053899030656e-13,0.14180325152253226,0.3330254920697726,0.16904632534861813,0.1689321116291977
1st2KB_B64-T53,5.75,-3.58875984485252e-11,1.995745014175447e-10,1.9701811377975431e-10,1.8405149568775567e-12,3.775727563538571e-13,1.3880556348986595e-13,0.13178787215253424,0.31059247810931834,0.1613682955212249,0.16125151488086392
1st2KB_B64-T53,6.0,-6.65775629071774e-11,2.912704628481916e-10,2.878309923060416e-10,2.568225369030072e-12,5.269102240614303e-13,1.4484058798942534e-13,0.12198795287084763,0.28864206385781666,0.1538554425606833,0.15373615022135517
1st2KB_B64-T53,6.25,-9.98612234570651e-11,4.218640321950722e-10,4.1722795260212837e-10,3.5560606438078116e-12,7.296489755779479e-13,1.5087561248898473e-13,0.11239015892888082,0.2671443813901233,0.1464975437291775,0.14637579149518715
1st2KB_B64-T53,6.5,-1.45924453076596e-10,6.066130363235834e-10,6.00365186136457e-10,4.888339516829466e-12,1.0031056722392876e-12,1.5691063698854411e-13,0.10298247680584455,0.24607252214195663,0.1392853891737858,0.13916122577039775
1st2KB_B64-T53,6.75,-2.20884449619874e-10,8.663257176045317e-10,8.579193256816511e-10,6.6742461526647486e-12,1.369705747658674e-12,1.629456614881035e-13,0.09375403789039177,0.22540214198204955,0.132210646756601,0.13208411812347715
1st2KB_B64-T53,7.0,-3.60474011751322e-10,1.2292386827691777e-09,1.2179573242547324e-09,9.054524131629819e-12,1.85835933575868e-12,1.689806859876629e-13,0.08469497130858195,0.20511113156788618,0.12526574922912054,0.12513689877603845
1st2KB_B64-T53,7.25,-5.80870684885326e-10,1.7334874938571874e-09,1.7183969857166504e-09,1.220982137009966e-11,2.506176698881063e-12,1.7501571048722228e-13,0.07579628021722007,0.18517933926051922,0.11844379939575655,0.11831266822662156
1st2KB_B64-T53,7.5,-8.18948298064726e-10,2.4303448194888715e-09,2.41023261387802e-09,1.6371060337453516e-11,3.360600177342302e-12,1.8105073498678167e-13,0.06704973714562956,0.16558833670514184,0.11173848988033025,0.11160511699036385
1st2KB_B64-T53,7.75,-1.15557208246742e-09,3.3884494763821436e-09,3.361748564191669e-09,2.183228626422119e-11,4.48204580569753e-12,1.8708575948634105e-13,0.058447794919103346,0.14632121931239128,0.1051440348378554,0.10500845728795405
1st2KB_B64-T53,8.0,-1.79035286596019e-09,4.6993106986498595e-09,4.664004376969423e-09,2.896653954477851e-11,5.947166990602696e-12,1.9312078398590044e-13,0.04998351041914517,0.12736243549221782,0.09865511150731215,0.0985173645788654
1st2KB_B64-T53,8.25,-2.47870879377388e-09,6.4844486642543025e-09,6.437951728544596e-09,3.824540995657591e-11,7.852875583576859e-12,1.9915580848545983e-13,0.04165047898940244,0.10869763973257784,0.09226680992566338,0.09212692725856064
1st2KB_B64-T53,8.5,-4.06046840595309e-09,8.904628487540718e-09,8.84363945654233e-09,5.0263062837556165e-11,1.0321282966777958e-11,2.0519083298501922e-13,0.03344277772493076,0.09031356557551806,0.085974589452046,0.08583260316814839
1st2KB_B64-T53,8.75,-8.88120865738529e-09,1.2171765229447927e-08,1.209208306835529e-08,6.576568470594645e-11,1.3505756168136975e-11,2.112258574845786e-13,0.025354916217193435,0.07219791529303365,0.07977424100770686,0.07963018182169534
1st2KB_B64-T53,9.0,-1.30168729128854e-08,1.656422771954976e-08,1.64605251595723e-08,8.568748230707915e-11,1.7598322427323847e-11,2.17260881984138e-13,0.017381793590658945,0.0543392636552078,0.07366185413922943,0.07351575145844091
1st2KB_B64-T53,9.25,-2.05001402520111e-08,2.2446456152982698e-08,2.2312000071856348e-08,1.1119458977330017e-10,2.2838701085496925e-11,2.2329590648369738e-13,0.009518660875770024,0.036726973651055816,0.06763378817274962,0.06748567018737028
1st2KB_B64-T53,9.5,-3.16121173682404e-08,3.029404111185917e-08,3.012034849184502e-08,1.4373849934466993e-10,2.952529537742596e-11,2.293309309832568e-13,0.001761087929862959,0.01935112239612624,0.061686646854740235,0.06153654061951963
1st2KB_B64-T53,9.25,-2.87879018401327e-08,2.2446456152982698e-08,2.2312000071856348e-08,1.1119458977330017e-10,2.2838701085496925e-11,2.2329590648369738e-13,0.009518660875770024,0.036726973651055816,0.06763378817274962,0.06748567018737028
1st2KB_B64-T53,9.0,-2.25378808949017e-08,1.656422771954976e-08,1.64605251595723e-08,8.568748230707915e-11,1.7598322427323847e-11,2.17260881984138e-13,0.017381793590658945,0.0543392636552078,0.07366185413922943,0.07351575145844091
1st2KB_B64-T53,8.75,-2.02659080628109e-08,1.2171765229447927e-08,1.209208306835529e-08,6.576568470594645e-11,1.3505756168136975e-11,2.112258574845786e-13,0.025354916217193435,0.07219791529303365,0.07977424100770686,0.07963018182169534
1st2KB_B64-T53,8.5,-2.2367618868202e-08,8.904628487540718e-09,8.84363945654233e-09,5.0263062837556165e-11,1.0321282966777958e-11,2.0519083298501922e-13,0.03344277772493076,0.09031356557551806,0.085974589452046,0.08583260316814839
1st2KB_B64-T53,8.25,-1.12361364656977e-08,6.4844486642543025e-09,6.437951728544596e-09,3.824540995657591e-11,7.852875583576859e-12,1.9915580848545983e-13,0.04165047898940244,0.10869763973257784,0.09226680992566338,0.09212692725856064
1st2KB_B64-T53,8.0,-8.62424442971133e-09,4.6993106986498595e-09,4.664004376969423e-09,2.896653954477851e-11,5.947166990602696e-12,1.9312078398590044e-13,0.04998351041914517,0.12736243549221782,0.09865511150731215,0.0985173645788654
1st2KB_B64-T53,7.75,-6.61616272878973e-09,3.3884494763821436e-09,3.361748564191669e-09,2.183228626422119e-11,4.48204580569753e-12,1.8708575948634105e-13,0.058447794919103346,0.14632121931239128,0.1051440348378554,0.10500845728795405
1st2KB_B64-T53,7.5,-5.19149390143525e-09,2.4303448194888715e-09,2.41023261387802e-09,1.6371060337453516e-11,3.360600177342302e-12,1.8105073498678167e-13,0.06704973714562956,0.16558833670514184,0.11173848988033025,0.11160511699036385
1st2KB_B64-T53,7.25,-3.57706553266723e-09,1.7334874938571874e-09,1.7183969857166504e-09,1.220982137009966e-11,2.506176698881063e-12,1.7501571048722228e-13,0.07579628021722007,0.18517933926051922,0.11844379939575655,0.11831266822662156
1st2KB_B64-T53,7.0,-2.75779687974875e-09,1.2292386827691777e-09,1.2179573242547324e-09,9.054524131629819e-12,1.85835933575868e-12,1.689806859876629e-13,0.08469497130858195,0.20511113156788618,0.12526574922912054,0.12513689877603845
1st2KB_B64-T53,6.75,-2.13477546751051e-09,8.663257176045317e-10,8.579193256816511e-10,6.6742461526647486e-12,1.369705747658674e-12,1.629456614881035e-13,0.09375403789039177,0.22540214198204955,0.132210646756601,0.13208411812347715
1st2KB_B64-T53,6.5,-1.56994062194826e-09,6.066130363235834e-10,6.00365186136457e-10,4.888339516829466e-12,1.0031056722392876e-12,1.5691063698854411e-13,0.10298247680584455,0.24607252214195663,0.1392853891737858,0.13916122577039775
1st2KB_B64-T53,6.25,-1.16785092707516e-09,4.218640321950722e-10,4.1722795260212837e-10,3.5560606438078116e-12,7.296489755779479e-13,1.5087561248898473e-13,0.11239015892888082,0.2671443813901233,0.1464975437291775,0.14637579149518715
1st2KB_B64-T53,6.0,-8.65398863680866e-10,2.912704628481916e-10,2.878309923060416e-10,2.568225369030072e-12,5.269102240614303e-13,1.4484058798942534e-13,0.12198795287084763,0.28864206385781666,0.1538554425606833,0.15373615022135517
1st2KB_B64-T53,5.75,-6.43195163796406e-10,1.995745014175447e-10,1.9701811377975431e-10,1.8405149568775567e-12,3.775727563538571e-13,1.3880556348986595e-13,0.13178787215253424,0.31059247810931834,0.1613682955212249,0.16125151488086392
1st2KB_B64-T53,5.5,-4.74494110669355e-10,1.356468300210867e-10,1.3373811223238206e-10,1.3081241749813037e-12,2.6832871366397105e-13,1.3277053899030656e-13,0.14180325152253226,0.3330254920697726,0.16904632534861813,0.1689321116291977
1st2KB_B64-T53,5.25,-3.20985432678e-10,9.141442513953181e-11,8.997769532882826e-11,9.214972022787025e-13,1.8900273286499415e-13,1.2673551449074717e-13,0.15204895980356975,0.355974409770461,0.17690093083867375,0.17678934307301558
1st2KB_B64-T53,5.0,-2.32613539541404e-10,6.105549822042454e-11,5.996050435473665e-11,6.429426440911295e-13,1.318563705364722e-13,1.2070048999118779e-13,0.16254165896519235,0.37947655163446636,0.18494488545652255,0.18483598694787656
1st2KB_B64-T53,4.75,-1.67690694663492e-10,4.039774857968118e-11,3.954859391627823e-11,4.439567318243216e-13,9.103810501790485e-14,1.146654654916284e-13,0.1733001223196885,0.4035739671899288,0.1931925812732368,0.1930864401364139
1st2KB_B64-T53,4.5,-1.15288896485044e-10,2.6470716527716923e-11,2.5797326390046156e-11,3.031151239691682e-13,6.215021164043419e-14,1.08630440992069e-13,0.1843456292193565,0.42831431913533846,0.20166033155021368,0.20155702135387865
1st2KB_B64-T53,4.25,-7.57891735481131e-11,1.717444007353694e-11,1.66260215138335e-11,2.0441964355341467e-13,4.1909138588421124e-14,1.0259541649250961e-13,0.19570246001322966,0.45375199197164195,0.21036675018486134,0.2102663507206819
1st2KB_B64-T53,4.0,-5.27295776486802e-11,1.1035496330911629e-11,1.0575553498141682e-11,1.360076701070812e-13,2.7880409600820414e-14,9.656039199295022e-14,0.2073985242671027,0.4799494991250386,0.21933323331912563,0.21923583153193332
1st2KB_B64-T53,3.75,-3.03678228397164e-11,7.028389574644652e-12,6.630947646928269e-12,8.914950006794972e-14,1.8272699085946876e-14,9.052536749339083e-14,0.21946616891466686,0.5069792930896642,0.2285845788875161,0.22849027001259442
1st2KB_B64-T53,3.5,-1.90216800644016e-11,4.445562019211422e-12,4.092325189575408e-12,5.747343027111076e-14,1.177869530197661e-14,8.449034299383145e-14,0.23194323364691505,0.5349261293485557,0.23814979570391487,0.23805868467478158
1st2KB_B64-T53,3.25,-1.13867248963118e-11,2.8033922471788972e-12,2.481619632739892e-12,3.6370137201445655e-14,7.452797674192268e-15,7.845531849427206e-14,0.24487445279501568,0.5638902063903116,0.24806317817858148,0.24797538139407055
1st2KB_B64-T53,3.0,-7.43877355546818e-12,1.774679989117562e-12,1.475610088950109e-12,2.2537567839562003e-14,4.6176772640831245e-15,7.242029399471267e-14,0.25831335380025794,0.5939914180095998,0.2583657617307067,0.25828140930862414
1st2KB_B64-T53,2.75,-4.73116294405496e-12,1.140507835713171e-12,8.581994608735664e-13,1.36354020366579e-14,2.793342238698405e-15,6.638526949515328e-14,0.27232488584810083,0.6253752410705802,0.26910733796226544,0.2690265766667587
1st2KB_B64-T53,2.5,-2.65806539105629e-12,7.561881408185501e-13,4.866753708691692e-13,8.024506185523503e-15,1.6436576991681698e-15,6.035024499559389e-14,0.2869891543818154,0.6582211002820754,0.28034931762566656,0.28027231475174186
1st2KB_B64-T53,2.25,-1.38018817295166e-12,5.273783393772853e-13,2.680604956943293e-13,4.571936565533822e-15,9.363255522924785e-16,5.43152204960345e-14,0.3024068896053246,0.6927546168599539,0.29216892290907376,0.2920958715686795
1st2KB_B64-T53,2.0,-2.41542354693924e-13,3.9348290953421133e-13,1.4268898463320146e-13,2.5061874534969165e-15,5.131803819426489e-16,4.828019599647511e-14,0.3187077480195677,0.7292662027784589,0.30466555159311515,0.30459667812889174
1st2KB_B64-T53,1.75,-6.48135516610748e-14,3.1623526845512866e-13,7.291670051892564e-14,1.3106963359452554e-15,2.6833903424684266e-16,4.224517149691572e-14,0.3360634784642861,0.7681405508162931,0.3179708704540193,0.31790644522747824
1st2KB_B64-T53,1.5,-4.616264340999e-15,2.719300834016134e-13,3.544702163766354e-14,6.462676856601431e-16,1.3228601183813104e-16,3.6210146997356334e-14,0.3547099692454189,0.8099060169612583,0.3322657171198007,0.33220607095013666
1st2KB_B64-T53,1.25,-1.31847305425911e-13,2.4620377573616586e-13,1.617869960917544e-14,2.9518301765136096e-16,6.04095424469145e-17,3.0175122497796946e-14,0.3749868222925913,0.8553232608495831,0.3478104385677203,0.34775598931339735
1st2KB_B64-T53,1.0,-4.58095421405208e-13,2.305753149228897e-13,6.794578587732171e-15,1.2143166398782133e-16,2.4845603836944544e-17,2.4140097998237555e-14,0.39741525494354646,0.9055597345948693,0.36500461249902183,0.36495591160542573
1st2KB_B64-T53,0.75,3.05100969445402e-13,2.201890304124863e-13,2.538030173036728e-15,4.280893276689131e-17,8.756738909301808e-18,1.8105073498678167e-14,0.42287266971012405,0.9625806940371499,0.3845208767048124,0.3844787004937711
1st2KB_B64-T53,0.5,2.57318851556304e-13,2.1236768413893165e-13,7.892347457955922e-16,1.1655798304528457e-17,2.3835266175457382e-18,1.2070048999118778e-14,0.45306986681977895,1.0302180864215793,0.4076707716360166,0.40763633490390494
1st2KB_B64-T53,0.25,1.9536950453692e-13,2.0570379405070958e-13,1.7222343063004796e-16,1.814204430488482e-18,3.7084699444273223e-19,6.035024499559389e-15,0.49242362028176834,1.1183648523297847,0.43784030208896996,0.4378159516421719
1st2KB_B64-T53,0.0,2.07703537528914e-13,1.9949872644800355e-13,4.365378908345626e-18,0.0,0.0,0.0,0.5874319856199902,1.3311699700647,0.5106759916789181,0.5106759916789181
1st2KB_B64-T55,0.0,2.68084216799433e-14,1.9949872644800355e-13,4.365378908345626e-18,0.0,0.0,0.0,0.5874319856199902,1.3311699700647,0.5106759916789181,0.5106759916789181
1st2KB_B64-T55,-0.25,6.39710655866814e-14,2.0553157062007962e-13,1.0059511932385783e-28,1.814204430488482e-18,3.7084699444273223e-19,6.035024499559389e-15,0.49242362028176834,1.1183648523297847,0.43784030208896996,0.4378159516421719
1st2KB_B64-T55,-0.5,6.63224697058408e-14,2.115784493931391e-13,3.0435287125552204e-27,1.1655798304528457e-17,2.3835266175457382e-18,1.2070048999118778e-14,0.45306986681977895,1.0302180864215793,0.4076707716360166,0.40763633490390494
1st2KB_B64-T55,-0.75,1.09153707123291e-13,2.1765100023949124e-13,4.165197369105003e-26,4.280893276689131e-17,8.756738909301808e-18,1.8105073498678167e-14,0.42287266971012405,0.9625806940371499,0.3845208767048124,0.3844787004937711
1st2KB_B64-T55,-1.0,1.24175599273621e-13,2.2378073633553556e-13,3.780467803684519e-25,1.2143166398782133e-16,2.4845603836944544e-17,2.4140097998237555e-14,0.39741525494354646,0.9055597345948693,0.36500461249902183,0.36495591160542573
1st2KB_B64-T55,-1.25,1.39393813332334e-13,2.300250761296297e-13,2.6392538193867524e-24,2.9518301765136096e-16,6.04095424469145e-17,3.0175122497796946e-14,0.3749868222925913,0.8553232608495831,0.3478104385677203,0.34775598931339735
1st2KB_B64-T55,-1.5,1.49213622143915e-13,2.364830617792416e-13,1.5291753030751892e-23,6.462676856601431e-16,1.3228601183813104e-16,3.6210146997356334e-14,0.3547099692454189,0.8099060169612583,0.3322657171198007,0.33220607095013666
1st2KB_B64-T55,-1.75,1.59812728372025e-13,2.4331856801313136e-13,7.692831605572653e-23,1.3106963359452554e-15,2.6833903424684266e-16,4.224517149691572e-14,0.3360634784642861,0.7681405508162931,0.3179708704540193,0.31790644522747824
1st2KB_B64-T55,-2.0,1.97522526763569e-13,2.50793925247066e-13,3.4605611667221083e-22,2.5061874534969165e-15,5.131803819426489e-16,4.828019599647511e-14,0.3187077480195677,0.7292662027784589,0.30466555159311515,0.30459667812889174
1st2KB_B64-T55,-2.25,2.05218708779903e-13,2.593178451036946e-13,1.420738591569594e-21,4.571936565533822e-15,9.363255522924785e-16,5.43152204960345e-14,0.3024068896053246,0.6927546168599539,0.29216892290907376,0.2920958715686795
1st2KB_B64-T55,-2.5,2.10891064810967e-13,2.6951277535258924e-13,5.403208449233906e-21,8.024506185523503e-15,1.6436576991681698e-15,6.035024499559389e-14,0.2869891543818154,0.6582211002820754,0.28034931762566656,0.28027231475174186
1st2KB_B64-T55,-2.75,2.33420460694564e-13,2.8230839408992117e-13,1.9250316378648048e-20,1.36354020366579e-14,2.793342238698405e-15,6.638526949515328e-14,0.27232488584810083,0.6253752410705802,0.26910733796226544,0.2690265766667587
1st2KB_B64-T55,-3.0,2.79085700946938e-13,2.99069964980568e-13,6.481311494255758e-20,2.2537567839562003e-14,4.6176772640831245e-15,7.242029399471267e-14,0.25831335380025794,0.5939914180095998,0.2583657617307067,0.25828140930862414
1st2KB_B64-T55,-3.25,3.10806881533704e-13,3.2177282209333606e-13,2.0765433085187884e-19,3.6370137201445655e-14,7.452797674192268e-15,7.845531849427206e-14,0.24487445279501568,0.5638902063903116,0.24806317817858148,0.24797538139407055
1st2KB_B64-T55,-3.5,3.39083660238701e-13,3.532374663084852e-13,6.366724711842878e-19,5.747343027111076e-14,1.177869530197661e-14,8.449034299383145e-14,0.23194323364691505,0.5349261293485557,0.23814979570391487,0.23805868467478158
1st2KB_B64-T55,-3.75,3.77237900205801e-13,3.9744380444837644e-13,1.876731993813004e-18,8.914950006794972e-14,1.8272699085946876e-14,9.052536749339083e-14,0.21946616891466686,0.5069792930896642,0.2285845788875161,0.22849027001259442
1st2KB_B64-T55,-4.0,4.46054705758453e-13,4.599481720513545e-13,5.339281407469901e-18,1.360076701070812e-13,2.7880409600820414e-14,9.656039199295022e-14,0.2073985242671027,0.4799494991250386,0.21933323331912563,0.21923583153193332
1st2KB_B64-T55,-4.25,5.20551646492756e-13,5.484332686496993e-13,1.4708946258713515e-17,2.0441964355341467e-13,4.1909138588421124e-14,1.0259541649250961e-13,0.19570246001322966,0.45375199197164195,0.21036675018486134,0.2102663507206819
1st2KB_B64-T55,-4.5,5.67757917502992e-13,6.734294850360115e-13,3.934736524490009e-17,3.031151239691682e-13,6.215021164043419e-14,1.08630440992069e-13,0.1843456292193565,0.42831431913533846,0.20166033155021368,0.20155702135387865
1st2KB_B64-T55,-4.75,7.58197703839419e-13,8.492571189028824e-13,1.0245549993231807e-16,4.439567318243216e-13,9.103810501790485e-14,1.146654654916284e-13,0.1733001223196885,0.4035739671899288,0.1931925812732368,0.1930864401364139
1st2KB_B64-T55,-5.0,9.36132898629594e-13,1.0952540936980703e-12,2.602280101854598e-16,6.429426440911295e-13,1.318563705364722e-13,1.2070048999118779e-13,0.16254165896519235,0.37947655163446636,0.18494488545652255,0.18483598694787656
1st2KB_B64-T55,-5.25,1.11925128453566e-12,1.4373757216536451e-12,6.459109501060047e-16,9.214972022787025e-13,1.8900273286499415e-13,1.2673551449074717e-13,0.15204895980356975,0.355974409770461,0.17690093083867375,0.17678934307301558
1st2KB_B64-T55,-5.5,1.32869897809945e-12,1.910287058069407e-12,1.569269364730283e-15,1.3081241749813037e-12,2.6832871366397105e-13,1.3277053899030656e-13,0.14180325152253226,0.3330254920697726,0.16904632534861813,0.1689321116291977
1st2KB_B64-T55,-5.75,1.66879693657557e-12,2.5601249169964506e-12,3.737279206075922e-15,1.8405149568775567e-12,3.775727563538571e-13,1.3880556348986595e-13,0.13178787215253424,0.31059247810931834,0.1613682955212249,0.16125151488086392
1st2KB_B64-T55,-6.0,2.16603189377718e-12,3.4482064143944886e-12,8.735872244465659e-15,2.568225369030072e-12,5.269102240614303e-13,1.4484058798942534e-13,0.12198795287084763,0.28864206385781666,0.1538554425606833,0.15373615022135517
1st2KB_B64-T55,-6.25,2.62157309749433e-12,4.6561451603306305e-12,2.0065567386790745e-14,3.5560606438078116e-12,7.296489755779479e-13,1.5087561248898473e-13,0.11239015892888082,0.2671443813901233,0.1464975437291775,0.14637579149518715
1st2KB_B64-T55,-6.5,3.42064267536135e-12,6.293186176709238e-12,4.5335989582845666e-14,4.888339516829466e-12,1.0031056722392876e-12,1.5691063698854411e-13,0.10298247680584455,0.24607252214195663,0.1392853891737858,0.13916122577039775
1st2KB_B64-T55,-6.75,4.0716375583616e-12,8.507245243775228e-12,1.0085332089460699e-13,6.6742461526647486e-12,1.369705747658674e-12,1.629456614881035e-13,0.09375403789039177,0.22540214198204955,0.132210646756601,0.13208411812347715
1st2KB_B64-T55,-7.0,4.81531654827894e-12,1.1502446007591265e-11,2.2108749314600678e-13,9.054524131629819e-12,1.85835933575868e-12,1.689806859876629e-13,0.08469497130858195,0.20511113156788618,0.12526574922912054,0.12513689877603845
1st2KB_B64-T55,-7.25,5.82582072861104e-12,1.5568481343343537e-11,4.779732028064961e-13,1.220982137009966e-11,2.506176698881063e-12,1.7501571048722228e-13,0.07579628021722007,0.18517933926051922,0.11844379939575655,0.11831266822662156
1st2KB_B64-T55,-7.5,6.27974321848468e-12,2.1132012418177456e-11,1.0198068073257622e-12,1.6371060337453516e-11,3.360600177342302e-12,1.8105073498678167e-13,0.06704973714562956,0.16558833670514184,0.11173848988033025,0.11160511699036385
1st2KB_B64-T55,-7.75,9.20704311402343e-12,2.8849688627796872e-11,2.1487764373227184e-12,2.183228626422119e-11,4.48204580569753e-12,1.8708575948634105e-13,0.058447794919103346,0.14632121931239128,0.1051440348378554,0.10500845728795405
1st2KB_B64-T55,-8.0,1.2983529182331e-11,3.978020633996406e-11,4.4738846595278615e-12,2.896653954477851e-11,5.947166990602696e-12,1.9312078398590044e-13,0.04998351041914517,0.12736243549221782,0.09865511150731215,0.0985173645788654
1st2KB_B64-T55,-8.25,1.68055604155004e-11,5.57065099203085e-11,9.209574210601177e-12,3.824540995657591e-11,7.852875583576859e-12,1.9915580848545983e-13,0.04165047898940244,0.10869763973257784,0.09226680992566338,0.09212692725856064
1st2KB_B64-T55,-8.5,4.63982151310827e-11,7.97423613801644e-11,1.8753330381776167e-11,5.0263062837556165e-11,1.0321282966777958e-11,2.0519083298501922e-13,0.03344277772493076,0.09031356557551806,0.085974589452046,0.08583260316814839
1st2KB_B64-T55,-8.75,1.18869761256413e-10,1.1747486240325105e-10,3.7792701310613966e-11,6.576568470594645e-11,1.3505756168136975e-11,2.112258574845786e-13,0.025354916217193435,0.07219791529303365,0.07977424100770686,0.07963018182169534
1st2KB_B64-T55,-9.0,1.83089085559196e-10,1.7911102112178733e-10,7.540846114433109e-11,8.568748230707915e-11,1.7598322427323847e-11,2.17260881984138e-13,0.017381793590658945,0.0543392636552078,0.07366185413922943,0.07351575145844091
1st2KB_B64-T55,-9.25,2.8913835214972e-10,2.8349288488509913e-10,1.4903680375874928e-10,1.1119458977330017e-10,2.2838701085496925e-11,2.2329590648369738e-13,0.009518660875770024,0.036726973651055816,0.06763378817274962,0.06748567018737028
1st2KB_B64-T55,-9.5,4.16049000806495e-10,4.655663322638517e-10,2.9187371224970346e-10,1.4373849934466993e-10,2.952529537742596e-11,2.293309309832568e-13,0.001761087929862959,0.01935112239612624,0.061686646854740235,0.06153654061951963
1st2KB_B64-T55,-9.25,3.37421951490668e-10,2.8349288488509913e-10,1.4903680375874928e-10,1.1119458977330017e-10,2.2838701085496925e-11,2.2329590648369738e-13,0.009518660875770024,0.036726973651055816,0.06763378817274962,0.06748567018737028
1st2KB_B64-T55,-9.0,3.0195010380929e-10,1.7911102112178733e-10,7.540846114433109e-11,8.568748230707915e-11,1.7598322427323847e-11,2.17260881984138e-13,0.017381793590658945,0.0543392636552078,0.07366185413922943,0.07351575145844091
1st2KB_B64-T55,-8.75,2.29220892267179e-10,1.1747486240325105e-10,3.7792701310613966e-11,6.576568470594645e-11,1.3505756168136975e-11,2.112258574845786e-13,0.025354916217193435,0.07219791529303365,0.07977424100770686,0.07963018182169534
1st2KB_B64-T55,-8.5,1.82219031530373e-10,7.97423613801644e-11,1.8753330381776167e-11,5.0263062837556165e-11,1.0321282966777958e-11,2.0519083298501922e-13,0.03344277772493076,0.09031356557551806,0.085974589452046,0.08583260316814839
1st2KB_B64-T55,-8.25,1.45352507807672e-10,5.57065099203085e-11,9.209574210601177e-12,3.824540995657591e-11,7.852875583576859e-12,1.9915580848545983e-13,0.04165047898940244,0.10869763973257784,0.09226680992566338,0.09212692725856064
1st2KB_B64-T55,-8.0,1.18893575540291e-10,3.978020633996406e-11,4.4738846595278615e-12,2.896653954477851e-11,5.947166990602696e-12,1.9312078398590044e-13,0.04998351041914517,0.12736243549221782,0.09865511150731215,0.0985173645788654
1st2KB_B64-T55,-7.75,7.90744761336448e-11,2.8849688627796872e-11,2.1487764373227184e-12,2.183228626422119e-11,4.48204580569753e-12,1.8708575948634105e-13,0.058447794919103346,0.14632121931239128,0.1051440348378554,0.10500845728795405
1st2KB_B64-T55,-7.5,6.38323491286563e-11,2.1132012418177456e-11,1.0198068073257622e-12,1.6371060337453516e-11,3.360600177342302e-12,1.8105073498678167e-13,0.06704973714562956,0.16558833670514184,0.11173848988033025,0.11160511699036385
1st2KB_B64-T55,-7.25,5.23794237150543e-11,1.5568481343343537e-11,4.779732028064961e-13,1.220982137009966e-11,2.506176698881063e-12,1.7501571048722228e-13,0.07579628021722007,0.18517933926051922,0.11844379939575655,0.11831266822662156
1st2KB_B64-T55,-7.0,3.23612560360065e-11,1.1502446007591265e-11,2.2108749314600678e-13,9.054524131629819e-12,1.85835933575868e-12,1.689806859876629e-13,0.08469497130858195,0.20511113156788618,0.12526574922912054,0.12513689877603845
1st2KB_B64-T55,-6.75,2.2563645396545e-11,8.507245243775228e-12,1.0085332089460699e-13,6.6742461526647486e-12,1.369705747658674e-12,1.629456614881035e-13,0.09375403789039177,0.22540214198204955,0.132210646756601,0.13208411812347715
1st2KB_B64-T55,-6.5,1.70812270577914e-11,6.293186176709238e-12,4.5335989582845666e-14,4.888339516829466e-12,1.0031056722392876e-12,1.5691063698854411e-13,0.10298247680584455,0.24607252214195663,0.1392853891737858,0.13916122577039775
1st2KB_B64-T55,-6.25,8.43040134229645e-12,4.6561451603306305e-12,2.0065567386790745e-14,3.5560606438078116e-12,7.296489755779479e-13,1.5087561248898473e-13,0.11239015892888082,0.2671443813901233,0.1464975437291775,0.14637579149518715
1st2KB_B64-T55,-6.0,6.74624939245305e-12,3.4482064143944886e-12,8.735872244465659e-15,2.568225369030072e-12,5.269102240614303e-13,1.4484058798942534e-13,0.12198795287084763,0.28864206385781666,0.1538554425606833,0.15373615022135517
1st2KB_B64-T55,-5.75,4.49895372692244e-12,2.5601249169964506e-12,3.737279206075922e-15,1.8405149568775567e-12,3.775727563538571e-13,1.3880556348986595e-13,0.13178787215253424,0.31059247810931834,0.1613682955212249,0.16125151488086392
1st2KB_B64-T55,-5.5,3.38939987187814e-12,1.910287058069407e-12,1.569269364730283e-15,1.3081241749813037e-12,2.6832871366397105e-13,1.3277053899030656e-13,0.14180325152253226,0.3330254920697726,0.16904632534861813,0.1689321116291977
1st2KB_B64-T55,-5.25,2.0614081188558e-12,1.4373757216536451e-12,6.459109501060047e-16,9.214972022787025e-13,1.8900273286499415e-13,1.2673551449074717e-13,0.15204895980356975,0.355974409770461,0.17690093083867375,0.17678934307301558
1st2KB_B64-T55,-5.0,1.28447480516464e-12,1.0952540936980703e-12,2.602280101854598e-16,6.429426440911295e-13,1.318563705364722e-13,1.2070048999118779e-13,0.16254165896519235,0.37947655163446636,0.18494488545652255,0.18483598694787656
1st2KB_B64-T55,-4.75,8.00570113673738e-13,8.492571189028824e-13,1.0245549993231807e-16,4.439567318243216e-13,9.103810501790485e-14,1.146654654916284e-13,0.1733001223196885,0.4035739671899288,0.1931925812732368,0.1930864401364139
1st2KB_B64-T55,-4.5,5.34016786953723e-13,6.734294850360115e-13,3.934736524490009e-17,3.031151239691682e-13,6.215021164043419e-14,1.08630440992069e-13,0.1843456292193565,0.42831431913533846,0.20166033155021368,0.20155702135387865
1st2KB_B64-T55,-4.25,3.41034519417763e-13,5.484332686496993e-13,1.4708946258713515e-17,2.0441964355341467e-13,4.1909138588421124e-14,1.0259541649250961e-13,0.19570246001322966,0.45375199197164195,0.21036675018486134,0.2102663507206819
1st2KB_B64-T55,-4.0,2.43449601840598e-13,4.599481720513545e-13,5.339281407469901e-18,1.360076701070812e-13,2.7880409600820414e-14,9.656039199295022e-14,0.2073985242671027,0.4799494991250386,0.21933323331912563,0.21923583153193332
1st2KB_B64-T55,-3.75,1.39480685031404e-13,3.9744380444837644e-13,1.876731993813004e-18,8.914950006794972e-14,1.8272699085946876e-14,9.052536749339083e-14,0.21946616891466686,0.5069792930896642,0.2285845788875161,0.22849027001259442
1st2KB_B64-T55,-3.5,3.41222784348751e-14,3.532374663084852e-13,6.366724711842878e-19,5.747343027111076e-14,1.177869530197661e-14,8.449034299383145e-14,0.23194323364691505,0.5349261293485557,0.23814979570391487,0.23805868467478158
1st2KB_B64-T55,-3.25,-1.57285632678946e-14,3.2177282209333606e-13,2.0765433085187884e-19,3.6370137201445655e-14,7.452797674192268e-15,7.845531849427206e-14,0.24487445279501568,0.5638902063903116,0.24806317817858148,0.24797538139407055
1st2KB_B64-T55,-3.0,-5.9394810846946e-14,2.99069964980568e-13,6.481311494255758e-20,2.2537567839562003e-14,4.6176772640831245e-15,7.242029399471267e-14,0.25831335380025794,0.5939914180095998,0.2583657617307067,0.25828140930862414
1st2KB_B64-T55,-2.75,-7.80289054940278e-14,2.8230839408992117e-13,1.9250316378648048e-20,1.36354020366579e-14,2.793342238698405e-15,6.638526949515328e-14,0.27232488584810083,0.6253752410705802,0.26910733796226544,0.2690265766667587
1st2KB_B64-T55,-2.5,-8.26234900267418e-14,2.6951277535258924e-13,5.403208449233906e-21,8.024506185523503e-15,1.6436576991681698e-15,6.035024499559389e-14,0.2869891543818154,0.6582211002820754,0.28034931762566656,0.28027231475174186
1st2KB_B64-T55,-2.25,-9.90360002122923e-14,2.593178451036946e-13,1.420738591569594e-21,4.571936565533822e-15,9.363255522924785e-16,5.43152204960345e-14,0.3024068896053246,0.6927546168599539,0.29216892290907376,0.2920958715686795
1st2KB_B64-T55,-2.0,-1.23513382139194e-13,2.50793925247066e-13,3.4605611667221083e-22,2.5061874534969165e-15,5.131803819426489e-16,4.828019599647511e-14,0.3187077480195677,0.7292662027784589,0.30466555159311515,0.30459667812889174
1st2KB_B64-T55,-1.75,-1.29156044583259e-13,2.4331856801313136e-13,7.692831605572653e-23,1.3106963359452554e-15,2.6833903424684266e-16,4.224517149691572e-14,0.3360634784642861,0.7681405508162931,0.3179708704540193,0.31790644522747824
1st2KB_B64-T55,-1.5,-1.36191012352176e-13,2.364830617792416e-13,1.5291753030751892e-23,6.462676856601431e-16,1.3228601183813104e-16,3.6210146997356334e-14,0.3547099692454189,0.8099060169612583,0.3322657171198007,0.33220607095013666
1st2KB_B64-T55,-1.25,-1.57068151887541e-13,2.300250761296297e-13,2.6392538193867524e-24,2.9518301765136096e-16,6.04095424469145e-17,3.0175122497796946e-14,0.3749868222925913,0.8553232608495831,0.3478104385677203,0.34775598931339735
1st2KB_B64-T55,-1.0,-1.7984867609934e-13,2.2378073633553556e-13,3.780467803684519e-25,1.2143166398782133e-16,2.4845603836944544e-17,2.4140097998237555e-14,0.39741525494354646,0.9055597345948693,0.36500461249902183,0.36495591160542573
1st2KB_B64-T55,-0.75,-1.76200850784958e-13,2.1765100023949124e-13,4.165197369105003e-26,4.280893276689131e-17,8.756738909301808e-18,1.8105073498678167e-14,0.42287266971012405,0.9625806940371499,0.3845208767048124,0.3844787004937711
1st2KB_B64-T55,-0.5,-2.10697561828233e-13,2.115784493931391e-13,3.0435287125552204e-27,1.1655798304528457e-17,2.3835266175457382e-18,1.2070048999118778e-14,0.45306986681977895,1.0302180864215793,0.4076707716360166,0.40763633490390494
1st2KB_B64-T55,-0.25,-2.29405063738655e-13,2.0553157062007962e-13,1.0059511932385783e-28,1.814204430488482e-18,3.7084699444273223e-19,6.035024499559389e-15,0.49242362028176834,1.1183648523297847,0.43784030208896996,0.4378159516421719
1st2KB_B64-T55,0.0,-2.44505831597033e-13,1.9949872644800355e-13,4.365378908345626e-18,0.0,0.0,0.0,0.5874319856199902,1.3311699700647,0.5106759916789181,0.5106759916789181
1st2KB_B64-T55,0.25,-2.44419691734429e-13,2.0570379405070958e-13,1.7222343063004796e-16,1.814204430488482e-18,3.7084699444273223e-19,6.035024499559389e-15,0.49242362028176834,1.1183648523297847,0.43784030208896996,0.4378159516421719
1st2KB_B64-T55,0.5,-2.78268835925133e-13,2.1236768413893165e-13,7.892347457955922e-16,1.1655798304528457e-17,2.3835266175457382e-18,1.2070048999118778e-14,0.45306986681977895,1.0302180864215793,0.4076707716360166,0.40763633490390494
1st2KB_B64-T55,0.75,-3.09915423402432e-13,2.201890304124863e-13,2.538030173036728e-15,4.280893276689131e-17,8.756738909301808e-18,1.8105073498678167e-14,0.42287266971012405,0.9625806940371499,0.3845208767048124,0.3844787004937711
1st2KB_B64-T55,1.0,-3.51874426948381e-13,2.305753149228897e-13,6.794578587732171e-15,1.2143166398782133e-16,2.4845603836944544e-17,2.4140097998237555e-14,0.39741525494354646,0.9055597345948693,0.36500461249902183,0.36495591160542573
1st2KB_B64-T55,1.25,-3.81281703258629e-13,2.4620377573616586e-13,1.617869960917544e-14,2.9518301765136096e-16,6.04095424469145e-17,3.0175122497796946e-14,0.3749868222925913,0.8553232608495831,0.3478104385677203,0.34775598931339735
1st2KB_B64-T55,1.5,-3.99882682305605e-13,2.719300834016134e-13,3.544702163766354e-14,6.462676856601431e-16,1.3228601183813104e-16,3.6210146997356334e-14,0.3547099692454189,0.8099060169612583,0.3322657171198007,0.33220607095013666
1st2KB_B64-T55,1.75,-4.27381952527658e-13,3.1623526845512866e-13,7.291670051892564e-14,1.3106963359452554e-15,2.6833903424684266e-16,4.224517149691572e-14,0.3360634784642861,0.7681405508162931,0.3179708704540193,0.31790644522747824
1st2KB_B64-T55,2.0,-4.93121982050176e-13,3.9348290953421133e-13,1.4268898463320146e-13,2.5061874534969165e-15,5.131803819426489e-16,4.828019599647511e-14,0.3187077480195677,0.7292662027784589,0.30466555159311515,0.30459667812889174
1st2KB_B64-T55,2.25,-5.48624676504489e-13,5.273783393772853e-13,2.680604956943293e-13,4.571936565533822e-15,9.363255522924785e-16,5.43152204960345e-14,0.3024068896053246,0.6927546168599539,0.29216892290907376,0.2920958715686795
1st2KB_B64-T55,2.5,-6.22515927695133e-13,7.561881408185501e-13,4.866753708691692e-13,8.024506185523503e-15,1.6436576991681698e-15,6.035024499559389e-14,0.2869891543818154,0.6582211002820754,0.28034931762566656,0.28027231475174186
1st2KB_B64-T55,2.75,-6.88899620942401e-13,1.140507835713171e-12,8.581994608735664e-13,1.36354020366579e-14,2.793342238698405e-15,6.638526949515328e-14,0.27232488584810083,0.6253752410705802,0.26910733796226544,0.2690265766667587
1st2KB_B64-T55,3.0,-7.99353855676643e-13,1.774679989117562e-12,1.475610088950109e-12,2.2537567839562003e-14,4.6176772640831245e-15,7.242029399471267e-14,0.25831335380025794,0.5939914180095998,0.2583657617307067,0.25828140930862414
1st2KB_B64-T55,3.25,-9.14342928627632e-13,2.8033922471788972e-12,2.481619632739892e-12,3.6370137201445655e-14,7.452797674192268e-15,7.845531849427206e-14,0.24487445279501568,0.5638902063903116,0.24806317817858148,0.24797538139407055
1st2KB_B64-T55,3.5,-1.05221463053001e-12,4.445562019211422e-12,4.092325189575408e-12,5.747343027111076e-14,1.177869530197661e-14,8.449034299383145e-14,0.23194323364691505,0.5349261293485557,0.23814979570391487,0.23805868467478158
1st2KB_B64-T55,3.75,-1.25497398931196e-12,7.028389574644652e-12,6.630947646928269e-12,8.914950006794972e-14,1.8272699085946876e-14,9.052536749339083e-14,0.21946616891466686,0.5069792930896642,0.2285845788875161,0.22849027001259442
1st2KB_B64-T55,4.0,-1.43075492859551e-12,1.1035496330911629e-11,1.0575553498141682e-11,1.360076701070812e-13,2.7880409600820414e-14,9.656039199295022e-14,0.2073985242671027,0.4799494991250386,0.21933323331912563,0.21923583153193332
1st2KB_B64-T55,4.25,-1.72556359392256e-12,1.717444007353694e-11,1.66260215138335e-11,2.0441964355341467e-13,4.1909138588421124e-14,1.0259541649250961e-13,0.19570246001322966,0.45375199197164195,0.21036675018486134,0.2102663507206819
1st2KB_B64-T55,4.5,-2.10833087099793e-12,2.6470716527716923e-11,2.5797326390046156e-11,3.031151239691682e-13,6.215021164043419e-14,1.08630440992069e-13,0.1843456292193565,0.42831431913533846,0.20166033155021368,0.20155702135387865
1st2KB_B64-T55,4.75,-2.99680701261462e-12,4.039774857968118e-11,3.954859391627823e-11,4.439567318243216e-13,9.103810501790485e-14,1.146654654916284e-13,0.1733001223196885,0.4035739671899288,0.1931925812732368,0.1930864401364139
1st2KB_B64-T55,5.0,-5.82382883237975e-12,6.105549822042454e-11,5.996050435473665e-11,6.429426440911295e-13,1.318563705364722e-13,1.2070048999118779e-13,0.16254165896519235,0.37947655163446636,0.18494488545652255,0.18483598694787656
1st2KB_B64-T55,5.25,-1.45953145402888e-11,9.141442513953181e-11,8.997769532882826e-11,9.214972022787025e-13,1.8900273286499415e-13,1.2673551449074717e-13,0.15204895980356975,0.355974409770461,0.17690093083867375,0.17678934307301558
1st2KB_B64-T55,5.5,-3.28708137098399e-11,1.356468300210867e-10,1.3373811223238206e-10,1.3081241749813037e-12,2.6832871366397105e-13,1.3277053899030656e-13,0.14180325152253226,0.3330254920697726,0.16904632534861813,0.1689321116291977
1st2KB_B64-T55,5.75,-4.35558256128843e-11,1.995745014175447e-10,1.9701811377975431e-10,1.8405149568775567e-12,3.775727563538571e-13,1.3880556348986595e-13,0.13178787215253424,0.31059247810931834,0.1613682955212249,0.16125151488086392
1st2KB_B64-T55,6.0,-6.74843930736913e-11,2.912704628481916e-10,2.878309923060416e-10,2.568225369030072e-12,5.269102240614303e-13,1.4484058798942534e-13,0.12198795287084763,0.28864206385781666,0.1538554425606833,0.15373615022135517
1st2KB_B64-T55,6.25,-1.12178433209209e-10,4.218640321950722e-10,4.1722795260212837e-10,3.5560606438078116e-12,7.296489755779479e-13,1.5087561248898473e-13,0.11239015892888082,0.2671443813901233,0.1464975437291775,0.14637579149518715
1st2KB_B64-T55,6.5,-1.8488814645945e-10,6.066130363235834e-10,6.00365186136457e-10,4.888339516829466e-12,1.0031056722392876e-12,1.5691063698854411e-13,0.10298247680584455,0.24607252214195663,0.1392853891737858,0.13916122577039775
1st2KB_B64-T55,6.75,-2.91180968226001e-10,8.663257176045317e-10,8.579193256816511e-10,6.6742461526647486e-12,1.369705747658674e-12,1.629456614881035e-13,0.09375403789039177,0.22540214198204955,0.132210646756601,0.13208411812347715
1st2KB_B64-T55,7.0,-5.62272783888318e-10,1.2292386827691777e-09,1.2179573242547324e-09,9.054524131629819e-12,1.85835933575868e-12,1.689806859876629e-13,0.08469497130858195,0.20511113156788618,0.12526574922912054,0.12513689877603845
1st2KB_B64-T55,7.25,-7.76142317082673e-10,1.7334874938571874e-09,1.7183969857166504e-09,1.220982137009966e-11,2.506176698881063e-12,1.7501571048722228e-13,0.07579628021722007,0.18517933926051922,0.11844379939575655,0.11831266822662156
1st2KB_B64-T55,7.5,-1.11285181070286e-09,2.4303448194888715e-09,2.41023261387802e-09,1.6371060337453516e-11,3.360600177342302e-12,1.8105073498678167e-13,0.06704973714562956,0.16558833670514184,0.11173848988033025,0.11160511699036385
1st2KB_B64-T55,7.75,-1.62989599594709e-09,3.3884494763821436e-09,3.361748564191669e-09,2.183228626422119e-11,4.48204580569753e-12,1.8708575948634105e-13,0.058447794919103346,0.14632121931239128,0.1051440348378554,0.10500845728795405
1st2KB_B64-T55,8.0,-2.54133469823614e-09,4.6993106986498595e-09,4.664004376969423e-09,2.896653954477851e-11,5.947166990602696e-12,1.9312078398590044e-13,0.04998351041914517,0.12736243549221782,0.09865511150731215,0.0985173645788654
1st2KB_B64-T55,8.25,-3.98730826134397e-09,6.4844486642543025e-09,6.437951728544596e-09,3.824540995657591e-11,7.852875583576859e-12,1.9915580848545983e-13,0.04165047898940244,0.10869763973257784,0.09226680992566338,0.09212692725856064
1st2KB_B64-T55,8.5,-7.10000724879478e-09,8.904628487540718e-09,8.84363945654233e-09,5.0263062837556165e-11,1.0321282966777958e-11,2.0519083298501922e-13,0.03344277772493076,0.09031356557551806,0.085974589452046,0.08583260316814839
1st2KB_B64-T55,8.75,-1.01987724931973e-08,1.2171765229447927e-08,1.209208306835529e-08,6.576568470594645e-11,1.3505756168136975e-11,2.112258574845786e-13,0.025354916217193435,0.07219791529303365,0.07977424100770686,0.07963018182169534
1st2KB_B64-T55,9.0,-1.58237387637428e-08,1.656422771954976e-08,1.64605251595723e-08,8.568748230707915e-11,1.7598322427323847e-11,2.17260881984138e-13,0.017381793590658945,0.0543392636552078,0.07366185413922943,0.07351575145844091
1st2KB_B64-T55,9.25,-2.35591617325781e-08,2.2446456152982698e-08,2.2312000071856348e-08,1.1119458977330017e-10,2.2838701085496925e-11,2.2329590648369738e-13,0.009518660875770024,0.036726973651055816,0.06763378817274962,0.06748567018737028
1st2KB_B64-T55,9.5,-3.75118673900943e-08,3.029404111185917e-08,3.012034849184502e-08,1.4373849934466993e-10,2.952529537742596e-11,2.293309309832568e-13,0.001761087929862959,0.01935112239612624,0.061686646854740235,0.06153654061951963
1st2KB_B64-T55,9.25,-3.64838648181376e-08,2.2446456152982698e-08,2.2312000071856348e-08,1.1119458977330017e-10,2.2838701085496925e-11,2.2329590648369738e-13,0.009518660875770024,0.036726973651055816,0.06763378817274962,0.06748567018737028
1st2KB_B64-T55,9.0,-3.07148511069499e-08,1.656422771954976e-08,1.64605251595723e-08,8.568748230707915e-11,1.7598322427323847e-11,2.17260881984138e-13,0.017381793590658945,0.0543392636552078,0.07366185413922943,0.07351575145844091
1st2KB_B64-T55,8.75,-2.50023521886078e-08,1.2171765229447927e-08,1.209208306835529e-08,6.576568470594645e-11,1.3505756168136975e-11,2.112258574845786e-13,0.025354916217193435,0.07219791529303365,0.07977424100770686,0.07963018182169534
1st2KB_B64-T55,8.5,-1.87000317453112e-08,8.904628487540718e-09,8.84363945654233e-09,5.0263062837556165e-11,1.0321282966777958e-11,2.0519083298501922e-13,0.03344277772493076,0.09031356557551806,0.085974589452046,0.08583260316814839
1st2KB_B64-T55,8.25,-1.53256767276844e-08,6.4844486642543025e-09,6.437951728544596e-09,3.824540995657591e-11,7.852875583576859e-12,1.9915580848545983e-13,0.04165047898940244,0.10869763973257784,0.09226680992566338,0.09212692725856064
1st2KB_B64-T55,8.0,-1.16318377152425e-08,4.6993106986498595e-09,4.664004376969423e-09,2.896653954477851e-11,5.947166990602696e-12,1.9312078398590044e-13,0.04998351041914517,0.12736243549221782,0.09865511150731215,0.0985173645788654
1st2KB_B64-T55,7.75,-8.18838152838453e-09,3.3884494763821436e-09,3.361748564191669e-09,2.183228626422119e-11,4.48204580569753e-12,1.8708575948634105e-13,0.058447794919103346,0.14632121931239128,0.1051440348378554,0.10500845728795405
1st2KB_B64-T55,7.5,-6.58933352326585e-09,2.4303448194888715e-09,2.41023261387802e-09,1.6371060337453516e-11,3.360600177342302e-12,1.8105073498678167e-13,0.06704973714562956,0.16558833670514184,0.11173848988033025,0.11160511699036385
1st2KB_B64-T55,7.25,-4.79588635471373e-09,1.7334874938571874e-09,1.7183969857166504e-09,1.220982137009966e-11,2.506176698881063e-12,1.7501571048722228e-13,0.07579628021722007,0.18517933926051922,0.11844379939575655,0.11831266822662156
1st2KB_B64-T55,7.0,-3.42127526309355e-09,1.2292386827691777e-09,1.2179573242547324e-09,9.054524131629819e-12,1.85835933575868e-12,1.689806859876629e-13,0.08469497130858195,0.20511113156788618,0.12526574922912054,0.12513689877603845
1st2KB_B64-T55,6.75,-2.49361908899459e-09,8.663257176045317e-10,8.579193256816511e-10,6.6742461526647486e-12,1.369705747658674e-12,1.629456614881035e-13,0.09375403789039177,0.22540214198204955,0.132210646756601,0.13208411812347715
1st2KB_B64-T55,6.5,-1.90100379882097e-09,6.066130363235834e-10,6.00365186136457e-10,4.888339516829466e-12,1.0031056722392876e-12,1.5691063698854411e-13,0.10298247680584455,0.24607252214195663,0.1392853891737858,0.13916122577039775
1st2KB_B64-T55,6.25,-1.38264710791702e-09,4.218640321950722e-10,4.1722795260212837e-10,3.5560606438078116e-12,7.296489755779479e-13,1.5087561248898473e-13,0.11239015892888082,0.2671443813901233,0.1464975437291775,0.14637579149518715
1st2KB_B64-T55,6.0,-1.0380439841029e-09,2.912704628481916e-10,2.878309923060416e-10,2.568225369030072e-12,5.269102240614303e-13,1.4484058798942534e-13,0.12198795287084763,0.28864206385781666,0.1538554425606833,0.15373615022135517
1st2KB_B64-T55,5.75,-7.9784562290186e-10,1.995745014175447e-10,1.9701811377975431e-10,1.8405149568775567e-12,3.775727563538571e-13,1.3880556348986595e-13,0.13178787215253424,0.31059247810931834,0.1613682955212249,0.16125151488086392
1st2KB_B64-T55,5.5,-5.88509907473167e-10,1.356468300210867e-10,1.3373811223238206e-10,1.3081241749813037e-12,2.6832871366397105e-13,1.3277053899030656e-13,0.14180325152253226,0.3330254920697726,0.16904632534861813,0.1689321116291977
1st2KB_B64-T55,5.25,-4.28703572641354e-10,9.141442513953181e-11,8.997769532882826e-11,9.214972022787025e-13,1.8900273286499415e-13,1.2673551449074717e-13,0.15204895980356975,0.355974409770461,0.17690093083867375,0.17678934307301558
1st2KB_B64-T55,5.0,-3.00775709893841e-10,6.105549822042454e-11,5.996050435473665e-11,6.429426440911295e-13,1.318563705364722e-13,1.2070048999118779e-13,0.16254165896519235,0.37947655163446636,0.18494488545652255,0.18483598694787656
1st2KB_B64-T55,4.75,-2.19188306394003e-10,4.039774857968118e-11,3.954859391627823e-11,4.439567318243216e-13,9.103810501790485e-14,1.146654654916284e-13,0.1733001223196885,0.4035739671899288,0.1931925812732368,0.1930864401364139
1st2KB_B64-T55,4.5,-1.43696804455473e-10,2.6470716527716923e-11,2.5797326390046156e-11,3.031151239691682e-13,6.215021164043419e-14,1.08630440992069e-13,0.1843456292193565,0.42831431913533846,0.20166033155021368,0.20155702135387865
1st2KB_B64-T55,4.25,-9.45066455648735e-11,1.717444007353694e-11,1.66260215138335e-11,2.0441964355341467e-13,4.1909138588421124e-14,1.0259541649250961e-13,0.19570246001322966,0.45375199197164195,0.21036675018486134,0.2102663507206819
1st2KB_B64-T55,4.0,-6.20417883734348e-11,1.1035496330911629e-11,1.0575553498141682e-11,1.360076701070812e-13,2.7880409600820414e-14,9.656039199295022e-14,0.2073985242671027,0.4799494991250386,0.21933323331912563,0.21923583153193332
1st2KB_B64-T55,3.75,-3.85956822057665e-11,7.028389574644652e-12,6.630947646928269e-12,8.914950006794972e-14,1.8272699085946876e-14,9.052536749339083e-14,0.21946616891466686,0.5069792930896642,0.2285845788875161,0.22849027001259442
1st2KB_B64-T55,3.5,-2.46687652943889e-11,4.445562019211422e-12,4.092325189575408e-12,5.747343027111076e-14,1.177869530197661e-14,8.449034299383145e-14,0.23194323364691505,0.5349261293485557,0.23814979570391487,0.23805868467478158
1st2KB_B64-T55,3.25,-1.54545595071331e-11,2.8033922471788972e-12,2.481619632739892e-12,3.6370137201445655e-14,7.452797674192268e-15,7.845531849427206e-14,0.24487445279501568,0.5638902063903116,0.24806317817858148,0.24797538139407055
1st2KB_B64-T55,3.0,-9.13030848842533e-12,1.774679989117562e-12,1.475610088950109e-12,2.2537567839562003e-14,4.6176772640831245e-15,7.242029399471267e-14,0.25831335380025794,0.5939914180095998,0.2583657617307067,0.25828140930862414
1st2KB_B64-T55,2.75,-4.75297145391407e-12,1.140507835713171e-12,8.581994608735664e-13,1.36354020366579e-14,2.793342238698405e-15,6.638526949515328e-14,0.27232488584810083,0.6253752410705802,0.26910733796226544,0.2690265766667587
1st2KB_B64-T55,2.5,-2.70913521650817e-12,7.561881408185501e-13,4.866753708691692e-13,8.024506185523503e-15,1.6436576991681698e-15,6.035024499559389e-14,0.2869891543818154,0.6582211002820754,0.28034931762566656,0.28027231475174186
1st2KB_B64-T55,2.25,-1.56283601511487e-12,5.273783393772853e-13,2.680604956943293e-13,4.571936565533822e-15,9.363255522924785e-16,5.43152204960345e-14,0.3024068896053246,0.6927546168599539,0.29216892290907376,0.2920958715686795
1st2KB_B64-T55,2.0,-8.43406453617662e-13,3.9348290953421133e-13,1.4268898463320146e-13,2.5061874534969165e-15,5.131803819426489e-16,4.828019599647511e-14,0.3187077480195677,0.7292662027784589,0.30466555159311515,0.30459667812889174
1st2KB_B64-T55,1.75,-3.18318261289738e-13,3.1623526845512866e-13,7.291670051892564e-14,1.3106963359452554e-15,2.6833903424684266e-16,4.224517149691572e-14,0.3360634784642861,0.7681405508162931,0.3179708704540193,0.31790644522747824
1st2KB_B64-T55,1.5,-6.22843858194728e-14,2.719300834016134e-13,3.544702163766354e-14,6.462676856601431e-16,1.3228601183813104e-16,3.6210146997356334e-14,0.3547099692454189,0.8099060169612583,0.3322657171198007,0.33220607095013666
1st2KB_B64-T55,1.25,4.19590780848488e-14,2.4620377573616586e-13,1.617869960917544e-14,2.9518301765136096e-16,6.04095424469145e-17,3.0175122497796946e-14,0.3749868222925913,0.8553232608495831,0.3478104385677203,0.34775598931339735
1st2KB_B64-T55,1.0,1.07258508173259e-13,2.305753149228897e-13,6.794578587732171e-15,1.2143166398782133e-16,2.4845603836944544e-17,2.4140097998237555e-14,0.39741525494354646,0.9055597345948693,0.36500461249902183,0.36495591160542573
1st2KB_B64-T55,0.75,1.57070076346397e-13,2.201890304124863e-13,2.538030173036728e-15,4.280893276689131e-17,8.756738909301808e-18,1.8105073498678167e-14,0.42287266971012405,0.9625806940371499,0.3845208767048124,0.3844787004937711
1st2KB_B64-T55,0.5,1.8293266207392e-13,2.1236768413893165e-13,7.892347457955922e-16,1.1655798304528457e-17,2.3835266175457382e-18,1.2070048999118778e-14,0.45306986681977895,1.0302180864215793,0.4076707716360166,0.40763633490390494
1st2KB_B64-T55,0.25,1.87929844754596e-13,2.0570379405070958e-13,1.7222343063004796e-16,1.814204430488482e-18,3.7084699444273223e-19,6.035024499559389e-15,0.49242362028176834,1.1183648523297847,0.43784030208896996,0.4378159516421719
1st2KB_B64-T55,0.0,1.98321244951512e-13,1.9949872644800355e-13,4.365378908345626e-18,0.0,0.0,0.0,0.5874319856199902,1.3311699700647,0.5106759916789181,0.5106759916789181
1st2KB_B64-T59,0.0,2.6872997777776e-14,1.9949872644800355e-13,4.365378908345626e-18,0.0,0.0,0.0,0.5874319856199902,1.3311699700647,0.5106759916789181,0.5106759916789181
1st2KB_B64-T59,-0.25,5.5248618451454e-14,2.0553157062007962e-13,1.0059511932385783e-28,1.814204430488482e-18,3.7084699444273223e-19,6.035024499559389e-15,0.49242362028176834,1.1183648523297847,0.43784030208896996,0.4378159516421719
1st2KB_B64-T59,-0.5,7.62121146898574e-14,2.115784493931391e-13,3.0435287125552204e-27,1.1655798304528457e-17,2.3835266175457382e-18,1.2070048999118778e-14,0.45306986681977895,1.0302180864215793,0.4076707716360166,0.40763633490390494
1st2KB_B64-T59,-0.75,8.64720011632507e-14,2.1765100023949124e-13,4.165197369105003e-26,4.280893276689131e-17,8.756738909301808e-18,1.8105073498678167e-14,0.42287266971012405,0.9625806940371499,0.3845208767048124,0.3844787004937711
1st2KB_B64-T59,-1.0,9.94535739027615e-14,2.2378073633553556e-13,3.780467803684519e-25,1.2143166398782133e-16,2.4845603836944544e-17,2.4140097998237555e-14,0.39741525494354646,0.9055597345948693,0.36500461249902183,0.36495591160542573
1st2KB_B64-T59,-1.25,1.34774664844149e-13,2.300250761296297e-13,2.6392538193867524e-24,2.9518301765136096e-16,6.04095424469145e-17,3.0175122497796946e-14,0.3749868222925913,0.8553232608495831,0.3478104385677203,0.34775598931339735
1st2KB_B64-T59,-1.5,1.54865879777207e-13,2.364830617792416e-13,1.5291753030751892e-23,6.462676856601431e-16,1.3228601183813104e-16,3.6210146997356334e-14,0.3547099692454189,0.8099060169612583,0.3322657171198007,0.33220607095013666
1st2KB_B64-T59,-1.75,1.66787292527407e-13,2.4331856801313136e-13,7.692831605572653e-23,1.3106963359452554e-15,2.6833903424684266e-16,4.224517149691572e-14,0.3360634784642861,0.7681405508162931,0.3179708704540193,0.31790644522747824
1st2KB_B64-T59,-2.0,1.62847152754796e-13,2.50793925247066e-13,3.4605611667221083e-22,2.5061874534969165e-15,5.131803819426489e-16,4.828019599647511e-14,0.3187077480195677,0.7292662027784589,0.30466555159311515,0.30459667812889174
1st2KB_B64-T59,-2.25,2.07232316159697e-13,2.593178451036946e-13,1.420738591569594e-21,4.571936565533822e-15,9.363255522924785e-16,5.43152204960345e-14,0.3024068896053246,0.6927546168599539,0.29216892290907376,0.2920958715686795
1st2KB_B64-T59,-2.5,2.15944246533852e-13,2.6951277535258924e-13,5.403208449233906e-21,8.024506185523503e-15,1.6436576991681698e-15,6.035024499559389e-14,0.2869891543818154,0.6582211002820754,0.28034931762566656,0.28027231475174186
1st2KB_B64-T59,-2.75,2.37822972036159e-13,2.8230839408992117e-13,1.9250316378648048e-20,1.36354020366579e-14,2.793342238698405e-15,6.638526949515328e-14,0.27232488584810083,0.6253752410705802,0.26910733796226544,0.2690265766667587
1st2KB_B64-T59,-3.0,2.88854118575543e-13,2.99069964980568e-13,6.481311494255758e-20,2.2537567839562003e-14,4.6176772640831245e-15,7.242029399471267e-14,0.25831335380025794,0.5939914180095998,0.2583657617307067,0.25828140930862414
1st2KB_B64-T59,-3.25,2.99147181635415e-13,3.2177282209333606e-13,2.0765433085187884e-19,3.6370137201445655e-14,7.452797674192268e-15,7.845531849427206e-14,0.24487445279501568,0.5638902063903116,0.24806317817858148,0.24797538139407055
1st2KB_B64-T59,-3.5,3.29623725233222e-13,3.532374663084852e-13,6.366724711842878e-19,5.747343027111076e-14,1.177869530197661e-14,8.449034299383145e-14,0.23194323364691505,0.5349261293485557,0.23814979570391487,0.23805868467478158
1st2KB_B64-T59,-3.75,3.72142773411369e-13,3.9744380444837644e-13,1.876731993813004e-18,8.914950006794972e-14,1.8272699085946876e-14,9.052536749339083e-14,0.21946616891466686,0.5069792930896642,0.2285845788875161,0.22849027001259442
1st2KB_B64-T59,-4.0,4.41687837563279e-13,4.599481720513545e-13,5.339281407469901e-18,1.360076701070812e-13,2.7880409600820414e-14,9.656039199295022e-14,0.2073985242671027,0.4799494991250386,0.21933323331912563,0.21923583153193332
1st2KB_B64-T59,-4.25,5.13501296605517e-13,5.484332686496993e-13,1.4708946258713515e-17,2.0441964355341467e-13,4.1909138588421124e-14,1.0259541649250961e-13,0.19570246001322966,0.45375199197164195,0.21036675018486134,0.2102663507206819
1st2KB_B64-T59,-4.5,6.86887341710268e-13,6.734294850360115e-13,3.934736524490009e-17,3.031151239691682e-13,6.215021164043419e-14,1.08630440992069e-13,0.1843456292193565,0.42831431913533846,0.20166033155021368,0.20155702135387865
1st2KB_B64-T59,-4.75,7.62721700034441e-13,8.492571189028824e-13,1.0245549993231807e-16,4.439567318243216e-13,9.103810501790485e-14,1.146654654916284e-13,0.1733001223196885,0.4035739671899288,0.1931925812732368,0.1930864401364139
1st2KB_B64-T59,-5.0,8.88645602416249e-13,1.0952540936980703e-12,2.602280101854598e-16,6.429426440911295e-13,1.318563705364722e-13,1.2070048999118779e-13,0.16254165896519235,0.37947655163446636,0.18494488545652255,0.18483598694787656
1st2KB_B64-T59,-5.25,1.13543885665174e-12,1.4373757216536451e-12,6.459109501060047e-16,9.214972022787025e-13,1.8900273286499415e-13,1.2673551449074717e-13,0.15204895980356975,0.355974409770461,0.17690093083867375,0.17678934307301558
1st2KB_B64-T59,-5.5,1.38572465134545e-12,1.910287058069407e-12,1.569269364730283e-15,1.3081241749813037e-12,2.6832871366397105e-13,1.3277053899030656e-13,0.14180325152253226,0.3330254920697726,0.16904632534861813,0.1689321116291977
1st2KB_B64-T59,-5.75,1.99832793541799e-12,2.5601249169964506e-12,3.737279206075922e-15,1.8405149568775567e-12,3.775727563538571e-13,1.3880556348986595e-13,0.13178787215253424,0.31059247810931834,0.1613682955212249,0.16125151488086392
1st2KB_B64-T59,-6.0,2.2503240590388e-12,3.4482064143944886e-12,8.735872244465659e-15,2.568225369030072e-12,5.269102240614303e-13,1.4484058798942534e-13,0.12198795287084763,0.28864206385781666,0.1538554425606833,0.15373615022135517
1st2KB_B64-T59,-6.25,2.81607332938694e-12,4.6561451603306305e-12,2.0065567386790745e-14,3.5560606438078116e-12,7.296489755779479e-13,1.5087561248898473e-13,0.11239015892888082,0.2671443813901233,0.1464975437291775,0.14637579149518715
1st2KB_B64-T59,-6.5,3.68422523391865e-12,6.293186176709238e-12,4.5335989582845666e-14,4.888339516829466e-12,1.0031056722392876e-12,1.5691063698854411e-13,0.10298247680584455,0.24607252214195663,0.1392853891737858,0.13916122577039775
1st2KB_B64-T59,-6.75,4.41063244954742e-12,8.507245243775228e-12,1.0085332089460699e-13,6.6742461526647486e-12,1.369705747658674e-12,1.629456614881035e-13,0.09375403789039177,0.22540214198204955,0.132210646756601,0.13208411812347715
1st2KB_B64-T59,-7.0,4.97465306795175e-12,1.1502446007591265e-11,2.2108749314600678e-13,9.054524131629819e-12,1.85835933575868e-12,1.689806859876629e-13,0.08469497130858195,0.20511113156788618,0.12526574922912054,0.12513689877603845
1st2KB_B64-T59,-7.25,6.27205622508176e-12,1.5568481343343537e-11,4.779732028064961e-13,1.220982137009966e-11,2.506176698881063e-12,1.7501571048722228e-13,0.07579628021722007,0.18517933926051922,0.11844379939575655,0.11831266822662156
1st2KB_B64-T59,-7.5,1.00252584012139e-11,2.1132012418177456e-11,1.0198068073257622e-12,1.6371060337453516e-11,3.360600177342302e-12,1.8105073498678167e-13,0.06704973714562956,0.16558833670514184,0.11173848988033025,0.11160511699036385
1st2KB_B64-T59,-7.75,1.13079736546728e-11,2.8849688627796872e-11,2.1487764373227184e-12,2.183228626422119e-11,4.48204580569753e-12,1.8708575948634105e-13,0.058447794919103346,0.14632121931239128,0.1051440348378554,0.10500845728795405
1st2KB_B64-T59,-8.0,1.19774589552035e-11,3.978020633996406e-11,4.4738846595278615e-12,2.896653954477851e-11,5.947166990602696e-12,1.9312078398590044e-13,0.04998351041914517,0.12736243549221782,0.09865511150731215,0.0985173645788654
1st2KB_B64-T59,-8.25,1.61588450953154e-11,5.57065099203085e-11,9.209574210601177e-12,3.824540995657591e-11,7.852875583576859e-12,1.9915580848545983e-13,0.04165047898940244,0.10869763973257784,0.09226680992566338,0.09212692725856064
1st2KB_B64-T59,-8.5,3.74325917484875e-11,7.97423613801644e-11,1.8753330381776167e-11,5.0263062837556165e-11,1.0321282966777958e-11,2.0519083298501922e-13,0.03344277772493076,0.09031356557551806,0.085974589452046,0.08583260316814839
1st2KB_B64-T59,-8.75,8.27235502320889e-11,1.1747486240325105e-10,3.7792701310613966e-11,6.576568470594645e-11,1.3505756168136975e-11,2.112258574845786e-13,0.025354916217193435,0.07219791529303365,0.07977424100770686,0.07963018182169534
1st2KB_B64-T59,-9.0,1.24435517445676e-10,1.7911102112178733e-10,7.540846114433109e-11,8.568748230707915e-11,1.7598322427323847e-11,2.17260881984138e-13,0.017381793590658945,0.0543392636552078,0.07366185413922943,0.07351575145844091
1st2KB_B64-T59,-9.25,1.98139143980924e-10,2.8349288488509913e-10,1.4903680375874928e-10,1.1119458977330017e-10,2.2838701085496925e-11,2.2329590648369738e-13,0.009518660875770024,0.036726973651055816,0.06763378817274962,0.06748567018737028
1st2KB_B64-T59,-9.5,3.46917689020287e-10,4.655663322638517e-10,2.9187371224970346e-10,1.4373849934466993e-10,2.952529537742596e-11,2.293309309832568e-13,0.001761087929862959,0.01935112239612624,0.061686646854740235,0.06153654061951963
1st2KB_B64-T59,-9.25,3.3395677889736e-10,2.8349288488509913e-10,1.4903680375874928e-10,1.1119458977330017e-10,2.2838701085496925e-11,2.2329590648369738e-13,0.009518660875770024,0.036726973651055816,0.06763378817274962,0.06748567018737028
1st2KB_B64-T59,-9.0,2.40941100404513e-10,1.7911102112178733e-10,7.540846114433109e-11,8.568748230707915e-11,1.7598322427323847e-11,2.17260881984138e-13,0.017381793590658945,0.0543392636552078,0.07366185413922943,0.07351575145844091
1st2KB_B64-T59,-8.75,1.7979849553651e-10,1.1747486240325105e-10,3.7792701310613966e-11,6.576568470594645e-11,1.3505756168136975e-11,2.112258574845786e-13,0.025354916217193435,0.07219791529303365,0.07977424100770686,0.07963018182169534
1st2KB_B64-T59,-8.5,1.36305522424607e-10,7.97423613801644e-11,1.8753330381776167e-11,5.0263062837556165e-11,1.0321282966777958e-11,2.0519083298501922e-13,0.03344277772493076,0.09031356557551806,0.085974589452046,0.08583260316814839
1st2KB_B64-T59,-8.25,9.99482163699383e-11,5.57065099203085e-11,9.209574210601177e-12,3.824540995657591e-11,7.852875583576859e-12,1.9915580848545983e-13,0.04165047898940244,0.10869763973257784,0.09226680992566338,0.09212692725856064
1st2KB_B64-T59,-8.0,7.26637083836579e-11,3.978020633996406e-11,4.4738846595278615e-12,2.896653954477851e-11,5.947166990602696e-12,1.9312078398590044e-13,0.04998351041914517,0.12736243549221782,0.09865511150731215,0.0985173645788654
1st2KB_B64-T59,-7.75,4.94373257609038e-11,2.8849688627796872e-11,2.1487764373227184e-12,2.183228626422119e-11,4.48204580569753e-12,1.8708575948634105e-13,0.058447794919103346,0.14632121931239128,0.1051440348378554,0.10500845728795405
1st2KB_B64-T59,-7.5,4.12927643467231e-11,2.1132012418177456e-11,1.0198068073257622e-12,1.6371060337453516e-11,3.360600177342302e-12,1.8105073498678167e-13,0.06704973714562956,0.16558833670514184,0.11173848988033025,0.11160511699036385
1st2KB_B64-T59,-7.25,2.93913712812177e-11,1.5568481343343537e-11,4.779732028064961e-13,1.220982137009966e-11,2.506176698881063e-12,1.7501571048722228e-13,0.07579628021722007,0.18517933926051922,0.11844379939575655,0.11831266822662156
1st2KB_B64-T59,-7.0,1.76233957982497e-11,1.1502446007591265e-11,2.2108749314600678e-13,9.054524131629819e-12,1.85835933575868e-12,1.689806859876629e-13,0.08469497130858195,0.20511113156788618,0.12526574922912054,0.12513689877603845
1st2KB_B64-T59,-6.75,1.27699699772887e-11,8.507245243775228e-12,1.0085332089460699e-13,6.6742461526647486e-12,1.369705747658674e-12,1.629456614881035e-13,0.09375403789039177,0.22540214198204955,0.132210646756601,0.13208411812347715
1st2KB_B64-T59,-6.5,9.09909647628382e-12,6.293186176709238e-12,4.5335989582845666e-14,4.888339516829466e-12,1.0031056722392876e-12,1.5691063698854411e-13,0.10298247680584455,0.24607252214195663,0.1392853891737858,0.13916122577039775
1st2KB_B64-T59,-6.25,6.64326840066343e-12,4.6561451603306305e-12,2.0065567386790745e-14,3.5560606438078116e-12,7.296489755779479e-13,1.5087561248898473e-13,0.11239015892888082,0.2671443813901233,0.1464975437291775,0.14637579149518715
1st2KB_B64-T59,-6.0,4.54781828515549e-12,3.4482064143944886e-12,8.735872244465659e-15,2.568225369030072e-12,5.269102240614303e-13,1.4484058798942534e-13,0.12198795287084763,0.28864206385781666,0.1538554425606833,0.15373615022135517
1st2KB_B64-T59,-5.75,3.27936592811606e-12,2.5601249169964506e-12,3.737279206075922e-15,1.8405149568775567e-12,3.775727563538571e-13,1.3880556348986595e-13,0.13178787215253424,0.31059247810931834,0.1613682955212249,0.16125151488086392
1st2KB_B64-T59,-5.5,2.05515335652273e-12,1.910287058069407e-12,1.569269364730283e-15,1.3081241749813037e-12,2.6832871366397105e-13,1.3277053899030656e-13,0.14180325152253226,0.3330254920697726,0.16904632534861813,0.1689321116291977
1st2KB_B64-T59,-5.25,1.3919804978807e-12,1.4373757216536451e-12,6.459109501060047e-16,9.214972022787025e-13,1.8900273286499415e-13,1.2673551449074717e-13,0.15204895980356975,0.355974409770461,0.17690093083867375,0.17678934307301558
1st2KB_B64-T59,-5.0,9.36634775815237e-13,1.0952540936980703e-12,2.602280101854598e-16,6.429426440911295e-13,1.318563705364722e-13,1.2070048999118779e-13,0.16254165896519235,0.37947655163446636,0.18494488545652255,0.18483598694787656
1st2KB_B64-T59,-4.75,6.42283806435301e-13,8.492571189028824e-13,1.0245549993231807e-16,4.439567318243216e-13,9.103810501790485e-14,1.146654654916284e-13,0.1733001223196885,0.4035739671899288,0.1931925812732368,0.1930864401364139
1st2KB_B64-T59,-4.5,4.19822108934514e-13,6.734294850360115e-13,3.934736524490009e-17,3.031151239691682e-13,6.215021164043419e-14,1.08630440992069e-13,0.1843456292193565,0.42831431913533846,0.20166033155021368,0.20155702135387865
1st2KB_B64-T59,-4.25,2.7654677050952e-13,5.484332686496993e-13,1.4708946258713515e-17,2.0441964355341467e-13,4.1909138588421124e-14,1.0259541649250961e-13,0.19570246001322966,0.45375199197164195,0.21036675018486134,0.2102663507206819
1st2KB_B64-T59,-4.0,1.4224736568768e-13,4.599481720513545e-13,5.339281407469901e-18,1.360076701070812e-13,2.7880409600820414e-14,9.656039199295022e-14,0.2073985242671027,0.4799494991250386,0.21933323331912563,0.21923583153193332
1st2KB_B64-T59,-3.75,5.84943673901696e-14,3.9744380444837644e-13,1.876731993813004e-18,8.914950006794972e-14,1.8272699085946876e-14,9.052536749339083e-14,0.21946616891466686,0.5069792930896642,0.2285845788875161,0.22849027001259442
1st2KB_B64-T59,-3.5,-7.3167324317878e-15,3.532374663084852e-13,6.366724711842878e-19,5.747343027111076e-14,1.177869530197661e-14,8.449034299383145e-14,0.23194323364691505,0.5349261293485557,0.23814979570391487,0.23805868467478158
1st2KB_B64-T59,-3.25,-1.52684583590778e-14,3.2177282209333606e-13,2.0765433085187884e-19,3.6370137201445655e-14,7.452797674192268e-15,7.845531849427206e-14,0.24487445279501568,0.5638902063903116,0.24806317817858148,0.24797538139407055
1st2KB_B64-T59,-3.0,-5.74391947308524e-14,2.99069964980568e-13,6.481311494255758e-20,2.2537567839562003e-14,4.6176772640831245e-15,7.242029399471267e-14,0.25831335380025794,0.5939914180095998,0.2583657617307067,0.25828140930862414
1st2KB_B64-T59,-2.75,-8.26102763127647e-14,2.8230839408992117e-13,1.9250316378648048e-20,1.36354020366579e-14,2.793342238698405e-15,6.638526949515328e-14,0.27232488584810083,0.6253752410705802,0.26910733796226544,0.2690265766667587
1st2KB_B64-T59,-2.5,-1.02228751993564e-13,2.6951277535258924e-13,5.403208449233906e-21,8.024506185523503e-15,1.6436576991681698e-15,6.035024499559389e-14,0.2869891543818154,0.6582211002820754,0.28034931762566656,0.28027231475174186
1st2KB_B64-T59,-2.25,-1.01239424287435e-13,2.593178451036946e-13,1.420738591569594e-21,4.571936565533822e-15,9.363255522924785e-16,5.43152204960345e-14,0.3024068896053246,0.6927546168599539,0.29216892290907376,0.2920958715686795
1st2KB_B64-T59,-2.0,-1.19825603974756e-13,2.50793925247066e-13,3.4605611667221083e-22,2.5061874534969165e-15,5.131803819426489e-16,4.828019599647511e-14,0.3187077480195677,0.7292662027784589,0.30466555159311515,0.30459667812889174
1st2KB_B64-T59,-1.75,-1.38628488571303e-13,2.4331856801313136e-13,7.692831605572653e-23,1.3106963359452554e-15,2.6833903424684266e-16,4.224517149691572e-14,0.3360634784642861,0.7681405508162931,0.3179708704540193,0.31790644522747824
1st2KB_B64-T59,-1.5,-1.40508291850486e-13,2.364830617792416e-13,1.5291753030751892e-23,6.462676856601431e-16,1.3228601183813104e-16,3.6210146997356334e-14,0.3547099692454189,0.8099060169612583,0.3322657171198007,0.33220607095013666
1st2KB_B64-T59,-1.25,-1.77841370644673e-13,2.300250761296297e-13,2.6392538193867524e-24,2.9518301765136096e-16,6.04095424469145e-17,3.0175122497796946e-14,0.3749868222925913,0.8553232608495831,0.3478104385677203,0.34775598931339735
1st2KB_B64-T59,-1.0,-1.78522358029211e-13,2.2378073633553556e-13,3.780467803684519e-25,1.2143166398782133e-16,2.4845603836944544e-17,2.4140097998237555e-14,0.39741525494354646,0.9055597345948693,0.36500461249902183,0.36495591160542573
1st2KB_B64-T59,-0.75,-1.92603474401948e-13,2.1765100023949124e-13,4.165197369105003e-26,4.280893276689131e-17,8.756738909301808e-18,1.8105073498678167e-14,0.42287266971012405,0.9625806940371499,0.3845208767048124,0.3844787004937711
1st2KB_B64-T59,-0.5,-2.183983517038e-13,2.115784493931391e-13,3.0435287125552204e-27,1.1655798304528457e-17,2.3835266175457382e-18,1.2070048999118778e-14,0.45306986681977895,1.0302180864215793,0.4076707716360166,0.40763633490390494
1st2KB_B64-T59,-0.25,-2.37985629467086e-13,2.0553157062007962e-13,1.0059511932385783e-28,1.814204430488482e-18,3.7084699444273223e-19,6.035024499559389e-15,0.49242362028176834,1.1183648523297847,0.43784030208896996,0.4378159516421719
1st2KB_B64-T59,0.0,-2.6016954432842e-13,1.9949872644800355e-13,4.365378908345626e-18,0.0,0.0,0.0,0.5874319856199902,1.3311699700647,0.5106759916789181,0.5106759916789181
1st2KB_B64-T59,0.25,-2.61899090739023e-13,2.0570379405070958e-13,1.7222343063004796e-16,1.814204430488482e-18,3.7084699444273223e-19,6.035024499559389e-15,0.49242362028176834,1.1183648523297847,0.43784030208896996,0.4378159516421719
1st2KB_B64-T59,0.5,-2.88573635473521e-13,2.1236768413893165e-13,7.892347457955922e-16,1.1655798304528457e-17,2.3835266175457382e-18,1.2070048999118778e-14,0.45306986681977895,1.0302180864215793,0.4076707716360166,0.40763633490390494
1st2KB_B64-T59,0.75,-3.20392583991191e-13,2.201890304124863e-13,2.538030173036728e-15,4.280893276689131e-17,8.756738909301808e-18,1.8105073498678167e-14,0.42287266971012405,0.9625806940371499,0.3845208767048124,0.3844787004937711
1st2KB_B64-T59,1.0,-3.57015822070525e-13,2.305753149228897e-13,6.794578587732171e-15,1.2143166398782133e-16,2.4845603836944544e-17,2.4140097998237555e-14,0.39741525494354646,0.9055597345948693,0.36500461249902183,0.36495591160542573
1st2KB_B64-T59,1.25,-3.93243678722607e-13,2.4620377573616586e-13,1.617869960917544e-14,2.9518301765136096e-16,6.04095424469145e-17,3.0175122497796946e-14,0.3749868222925913,0.8553232608495831,0.3478104385677203,0.34775598931339735
1st2KB_B64-T59,1.5,-3.96681981967156e-13,2.719300834016134e-13,3.544702163766354e-14,6.462676856601431e-16,1.3228601183813104e-16,3.6210146997356334e-14,0.3547099692454189,0.8099060169612583,0.3322657171198007,0.33220607095013666
1st2KB_B64-T59,1.75,-4.74636335009299e-13,3.1623526845512866e-13,7.291670051892564e-14,1.3106963359452554e-15,2.6833903424684266e-16,4.224517149691572e-14,0.3360634784642861,0.7681405508162931,0.3179708704540193,0.31790644522747824
1st2KB_B64-T59,2.0,-5.16602656919912e-13,3.9348290953421133e-13,1.4268898463320146e-13,2.5061874534969165e-15,5.131803819426489e-16,4.828019599647511e-14,0.3187077480195677,0.7292662027784589,0.30466555159311515,0.30459667812889174
1st2KB_B64-T59,2.25,-5.926432847074e-13,5.273783393772853e-13,2.680604956943293e-13,4.571936565533822e-15,9.363255522924785e-16,5.43152204960345e-14,0.3024068896053246,0.6927546168599539,0.29216892290907376,0.2920958715686795
1st2KB_B64-T59,2.5,-6.12550049745864e-13,7.561881408185501e-13,4.866753708691692e-13,8.024506185523503e-15,1.6436576991681698e-15,6.035024499559389e-14,0.2869891543818154,0.6582211002820754,0.28034931762566656,0.28027231475174186
1st2KB_B64-T59,2.75,-7.52743245339971e-13,1.140507835713171e-12,8.581994608735664e-13,1.36354020366579e-14,2.793342238698405e-15,6.638526949515328e-14,0.27232488584810083,0.6253752410705802,0.26910733796226544,0.2690265766667587
1st2KB_B64-T59,3.0,-8.53450394123351e-13,1.774679989117562e-12,1.475610088950109e-12,2.2537567839562003e-14,4.6176772640831245e-15,7.242029399471267e-14,0.25831335380025794,0.5939914180095998,0.2583657617307067,0.25828140930862414
1st2KB_B64-T59,3.25,-9.70928307371388e-13,2.8033922471788972e-12,2.481619632739892e-12,3.6370137201445655e-14,7.452797674192268e-15,7.845531849427206e-14,0.24487445279501568,0.5638902063903116,0.24806317817858148,0.24797538139407055
1st2KB_B64-T59,3.5,-1.13570275146052e-12,4.445562019211422e-12,4.092325189575408e-12,5.747343027111076e-14,1.177869530197661e-14,8.449034299383145e-14,0.23194323364691505,0.5349261293485557,0.23814979570391487,0.23805868467478158
1st2KB_B64-T59,3.75,-1.29186288402861e-12,7.028389574644652e-12,6.630947646928269e-12,8.914950006794972e-14,1.8272699085946876e-14,9.052536749339083e-14,0.21946616891466686,0.5069792930896642,0.2285845788875161,0.22849027001259442
1st2KB_B64-T59,4.0,-1.51663523319939e-12,1.1035496330911629e-11,1.0575553498141682e-11,1.360076701070812e-13,2.7880409600820414e-14,9.656039199295022e-14,0.2073985242671027,0.4799494991250386,0.21933323331912563,0.21923583153193332
1st2KB_B64-T59,4.25,-1.76129716280421e-12,1.717444007353694e-11,1.66260215138335e-11,2.0441964355341467e-13,4.1909138588421124e-14,1.0259541649250961e-13,0.19570246001322966,0.45375199197164195,0.21036675018486134,0.2102663507206819
1st2KB_B64-T59,4.5,-2.18328523662881e-12,2.6470716527716923e-11,2.5797326390046156e-11,3.031151239691682e-13,6.215021164043419e-14,1.08630440992069e-13,0.1843456292193565,0.42831431913533846,0.20166033155021368,0.20155702135387865
1st2KB_B64-T59,4.75,-3.21137452567732e-12,4.039774857968118e-11,3.954859391627823e-11,4.439567318243216e-13,9.103810501790485e-14,1.146654654916284e-13,0.1733001223196885,0.4035739671899288,0.1931925812732368,0.1930864401364139
1st2KB_B64-T59,5.0,-6.93735000001361e-12,6.105549822042454e-11,5.996050435473665e-11,6.429426440911295e-13,1.318563705364722e-13,1.2070048999118779e-13,0.16254165896519235,0.37947655163446636,0.18494488545652255,0.18483598694787656
1st2KB_B64-T59,5.25,-1.24823406819075e-11,9.141442513953181e-11,8.997769532882826e-11,9.214972022787025e-13,1.8900273286499415e-13,1.2673551449074717e-13,0.15204895980356975,0.355974409770461,0.17690093083867375,0.17678934307301558
1st2KB_B64-T59,5.5,-1.70468170829219e-11,1.356468300210867e-10,1.3373811223238206e-10,1.3081241749813037e-12,2.6832871366397105e-13,1.3277053899030656e-13,0.14180325152253226,0.3330254920697726,0.16904632534861813,0.1689321116291977
1st2KB_B64-T59,5.75,-3.26136825878898e-11,1.995745014175447e-10,1.9701811377975431e-10,1.8405149568775567e-12,3.775727563538571e-13,1.3880556348986595e-13,0.13178787215253424,0.31059247810931834,0.1613682955212249,0.16125151488086392
1st2KB_B64-T59,6.0,-6.6498306861007e-11,2.912704628481916e-10,2.878309923060416e-10,2.568225369030072e-12,5.269102240614303e-13,1.4484058798942534e-13,0.12198795287084763,0.28864206385781666,0.1538554425606833,0.15373615022135517
1st2KB_B64-T59,6.25,-1.15836687464288e-10,4.218640321950722e-10,4.1722795260212837e-10,3.5560606438078116e-12,7.296489755779479e-13,1.5087561248898473e-13,0.11239015892888082,0.2671443813901233,0.1464975437291775,0.14637579149518715
1st2KB_B64-T59,6.5,-1.78060455269247e-10,6.066130363235834e-10,6.00365186136457e-10,4.888339516829466e-12,1.0031056722392876e-12,1.5691063698854411e-13,0.10298247680584455,0.24607252214195663,0.1392853891737858,0.13916122577039775
1st2KB_B64-T59,6.75,-2.74814671019641e-10,8.663257176045317e-10,8.579193256816511e-10,6.6742461526647486e-12,1.369705747658674e-12,1.629456614881035e-13,0.09375403789039177,0.22540214198204955,0.132210646756601,0.13208411812347715
1st2KB_B64-T59,7.0,-4.73899752773121e-10,1.2292386827691777e-09,1.2179573242547324e-09,9.054524131629819e-12,1.85835933575868e-12,1.689806859876629e-13,0.08469497130858195,0.20511113156788618,0.12526574922912054,0.12513689877603845
1st2KB_B64-T59,7.25,-7.56894380504747e-10,1.7334874938571874e-09,1.7183969857166504e-09,1.220982137009966e-11,2.506176698881063e-12,1.7501571048722228e-13,0.07579628021722007,0.18517933926051922,0.11844379939575655,0.11831266822662156
1st2KB_B64-T59,7.5,-9.59262558275498e-10,2.4303448194888715e-09,2.41023261387802e-09,1.6371060337453516e-11,3.360600177342302e-12,1.8105073498678167e-13,0.06704973714562956,0.16558833670514184,0.11173848988033025,0.11160511699036385
1st2KB_B64-T59,7.75,-1.28995425452416e-09,3.3884494763821436e-09,3.361748564191669e-09,2.183228626422119e-11,4.48204580569753e-12,1.8708575948634105e-13,0.058447794919103346,0.14632121931239128,0.1051440348378554,0.10500845728795405
1st2KB_B64-T59,8.0,-2.02653627212612e-09,4.6993106986498595e-09,4.664004376969423e-09,2.896653954477851e-11,5.947166990602696e-12,1.9312078398590044e-13,0.04998351041914517,0.12736243549221782,0.09865511150731215,0.0985173645788654
1st2KB_B64-T59,8.25,-3.06809355699045e-09,6.4844486642543025e-09,6.437951728544596e-09,3.824540995657591e-11,7.852875583576859e-12,1.9915580848545983e-13,0.04165047898940244,0.10869763973257784,0.09226680992566338,0.09212692725856064
1st2KB_B64-T59,8.5,-5.11947373382782e-09,8.904628487540718e-09,8.84363945654233e-09,5.0263062837556165e-11,1.0321282966777958e-11,2.0519083298501922e-13,0.03344277772493076,0.09031356557551806,0.085974589452046,0.08583260316814839
1st2KB_B64-T59,8.75,-9.72309699420748e-09,1.2171765229447927e-08,1.209208306835529e-08,6.576568470594645e-11,1.3505756168136975e-11,2.112258574845786e-13,0.025354916217193435,0.07219791529303365,0.07977424100770686,0.07963018182169534
1st2KB_B64-T59,9.0,-1.43904221872049e-08,1.656422771954976e-08,1.64605251595723e-08,8.568748230707915e-11,1.7598322427323847e-11,2.17260881984138e-13,0.017381793590658945,0.0543392636552078,0.07366185413922943,0.07351575145844091
1st2KB_B64-T59,9.25,-2.18580922251022e-08,2.2446456152982698e-08,2.2312000071856348e-08,1.1119458977330017e-10,2.2838701085496925e-11,2.2329590648369738e-13,0.009518660875770024,0.036726973651055816,0.06763378817274962,0.06748567018737028
1st2KB_B64-T59,9.5,-3.29943610211103e-08,3.029404111185917e-08,3.012034849184502e-08,1.4373849934466993e-10,2.952529537742596e-11,2.293309309832568e-13,0.001761087929862959,0.01935112239612624,0.061686646854740235,0.06153654061951963
1st2KB_B64-T59,9.25,-2.90803310321053e-08,2.2446456152982698e-08,2.2312000071856348e-08,1.1119458977330017e-10,2.2838701085496925e-11,2.2329590648369738e-13,0.009518660875770024,0.036726973651055816,0.06763378817274962,0.06748567018737028
1st2KB_B64-T59,9.0,-2.3615749356054e-08,1.656422771954976e-08,1.64605251595723e-08,8.568748230707915e-11,1.7598322427323847e-11,2.17260881984138e-13,0.017381793590658945,0.0543392636552078,0.07366185413922943,0.07351575145844091
1st2KB_B64-T59,8.75,-1.84914270562331e-08,1.2171765229447927e-08,1.209208306835529e-08,6.576568470594645e-11,1.3505756168136975e-11,2.112258574845786e-13,0.025354916217193435,0.07219791529303365,0.07977424100770686,0.07963018182169534
1st2KB_B64-T59,8.5,-1.38809266303497e-08,8.904628487540718e-09,8.84363945654233e-09,5.0263062837556165e-11,1.0321282966777958e-11,2.0519083298501922e-13,0.03344277772493076,0.09031356557551806,0.085974589452046,0.08583260316814839
1st2KB_B64-T59,8.25,-1.06240909403255e-08,6.4844486642543025e-09,6.437951728544596e-09,3.824540995657591e-11,7.852875583576859e-12,1.9915580848545983e-13,0.04165047898940244,0.10869763973257784,0.09226680992566338,0.09212692725856064
1st2KB_B64-T59,8.0,-8.05842059747874e-09,4.6993106986498595e-09,4.664004376969423e-09,2.896653954477851e-11,5.947166990602696e-12,1.9312078398590044e-13,0.04998351041914517,0.12736243549221782,0.09865511150731215,0.0985173645788654
1st2KB_B64-T59,7.75,-6.2333138650672e-09,3.3884494763821436e-09,3.361748564191669e-09,2.183228626422119e-11,4.48204580569753e-12,1.8708575948634105e-13,0.058447794919103346,0.14632121931239128,0.1051440348378554,0.10500845728795405
1st2KB_B64-T59,7.5,-4.83168527409816e-09,2.4303448194888715e-09,2.41023261387802e-09,1.6371060337453516e-11,3.360600177342302e-12,1.8105073498678167e-13,0.06704973714562956,0.16558833670514184,0.11173848988033025,0.11160511699036385
1st2KB_B64-T59,7.25,-3.61528740278061e-09,1.7334874938571874e-09,1.7183969857166504e-09,1.220982137009966e-11,2.506176698881063e-12,1.7501571048722228e-13,0.07579628021722007,0.18517933926051922,0.11844379939575655,0.11831266822662156
1st2KB_B64-T59,7.0,-2.72686007107836e-09,1.2292386827691777e-09,1.2179573242547324e-09,9.054524131629819e-12,1.85835933575868e-12,1.689806859876629e-13,0.08469497130858195,0.20511113156788618,0.12526574922912054,0.12513689877603845
1st2KB_B64-T59,6.75,-2.08363215570273e-09,8.663257176045317e-10,8.579193256816511e-10,6.6742461526647486e-12,1.369705747658674e-12,1.629456614881035e-13,0.09375403789039177,0.22540214198204955,0.132210646756601,0.13208411812347715
1st2KB_B64-T59,6.5,-1.56113999505436e-09,6.066130363235834e-10,6.00365186136457e-10,4.888339516829466e-12,1.0031056722392876e-12,1.5691063698854411e-13,0.10298247680584455,0.24607252214195663,0.1392853891737858,0.13916122577039775
1st2KB_B64-T59,6.25,-1.1706025038194e-09,4.218640321950722e-10,4.1722795260212837e-10,3.5560606438078116e-12,7.296489755779479e-13,1.5087561248898473e-13,0.11239015892888082,0.2671443813901233,0.1464975437291775,0.14637579149518715
1st2KB_B64-T59,6.0,-8.75560401958353e-10,2.912704628481916e-10,2.878309923060416e-10,2.568225369030072e-12,5.269102240614303e-13,1.4484058798942534e-13,0.12198795287084763,0.28864206385781666,0.1538554425606833,0.15373615022135517
1st2KB_B64-T59,5.75,-6.39160391280313e-10,1.995745014175447e-10,1.9701811377975431e-10,1.8405149568775567e-12,3.775727563538571e-13,1.3880556348986595e-13,0.13178787215253424,0.31059247810931834,0.1613682955212249,0.16125151488086392
1st2KB_B64-T59,5.5,-4.71147731939681e-10,1.356468300210867e-10,1.3373811223238206e-10,1.3081241749813037e-12,2.6832871366397105e-13,1.3277053899030656e-13,0.14180325152253226,0.3330254920697726,0.16904632534861813,0.1689321116291977
1st2KB_B64-T59,5.25,-3.31299293554466e-10,9.141442513953181e-11,8.997769532882826e-11,9.214972022787025e-13,1.8900273286499415e-13,1.2673551449074717e-13,0.15204895980356975,0.355974409770461,0.17690093083867375,0.17678934307301558
1st2KB_B64-T59,5.0,-2.32898283991645e-10,6.105549822042454e-11,5.996050435473665e-11,6.429426440911295e-13,1.318563705364722e-13,1.2070048999118779e-13,0.16254165896519235,0.37947655163446636,0.18494488545652255,0.18483598694787656
1st2KB_B64-T59,4.75,-1.6254382562142e-10,4.039774857968118e-11,3.954859391627823e-11,4.439567318243216e-13,9.103810501790485e-14,1.146654654916284e-13,0.1733001223196885,0.4035739671899288,0.1931925812732368,0.1930864401364139
1st2KB_B64-T59,4.5,-1.12192949375256e-10,2.6470716527716923e-11,2.5797326390046156e-11,3.031151239691682e-13,6.215021164043419e-14,1.08630440992069e-13,0.1843456292193565,0.42831431913533846,0.20166033155021368,0.20155702135387865
1st2KB_B64-T59,4.25,-7.93706975144026e-11,1.717444007353694e-11,1.66260215138335e-11,2.0441964355341467e-13,4.1909138588421124e-14,1.0259541649250961e-13,0.19570246001322966,0.45375199197164195,0.21036675018486134,0.2102663507206819
1st2KB_B64-T59,4.0,-5.50608655891516e-11,1.1035496330911629e-11,1.0575553498141682e-11,1.360076701070812e-13,2.7880409600820414e-14,9.656039199295022e-14,0.2073985242671027,0.4799494991250386,0.21933323331912563,0.21923583153193332
1st2KB_B64-T59,3.75,-3.08601963427968e-11,7.028389574644652e-12,6.630947646928269e-12,8.914950006794972e-14,1.8272699085946876e-14,9.052536749339083e-14,0.21946616891466686,0.5069792930896642,0.2285845788875161,0.22849027001259442
1st2KB_B64-T59,3.5,-2.00158865176769e-11,4.445562019211422e-12,4.092325189575408e-12,5.747343027111076e-14,1.177869530197661e-14,8.449034299383145e-14,0.23194323364691505,0.5349261293485557,0.23814979570391487,0.23805868467478158
1st2KB_B64-T59,3.25,-1.25093555305988e-11,2.8033922471788972e-12,2.481619632739892e-12,3.6370137201445655e-14,7.452797674192268e-15,7.845531849427206e-14,0.24487445279501568,0.5638902063903116,0.24806317817858148,0.24797538139407055
1st2KB_B64-T59,3.0,-7.63041973356193e-12,1.774679989117562e-12,1.475610088950109e-12,2.2537567839562003e-14,4.6176772640831245e-15,7.242029399471267e-14,0.25831335380025794,0.5939914180095998,0.2583657617307067,0.25828140930862414
1st2KB_B64-T59,2.75,-4.79854003754276e-12,1.140507835713171e-12,8.581994608735664e-13,1.36354020366579e-14,2.793342238698405e-15,6.638526949515328e-14,0.27232488584810083,0.6253752410705802,0.26910733796226544,0.2690265766667587
1st2KB_B64-T59,2.5,-2.59135052825543e-12,7.561881408185501e-13,4.866753708691692e-13,8.024506185523503e-15,1.6436576991681698e-15,6.035024499559389e-14,0.2869891543818154,0.6582211002820754,0.28034931762566656,0.28027231475174186
1st2KB_B64-T59,2.25,-1.36390660050723e-12,5.273783393772853e-13,2.680604956943293e-13,4.571936565533822e-15,9.363255522924785e-16,5.43152204960345e-14,0.3024068896053246,0.6927546168599539,0.29216892290907376,0.2920958715686795
1st2KB_B64-T59,2.0,-6.82600081059609e-13,3.9348290953421133e-13,1.4268898463320146e-13,2.5061874534969165e-15,5.131803819426489e-16,4.828019599647511e-14,0.3187077480195677,0.7292662027784589,0.30466555159311515,0.30459667812889174
1st2KB_B64-T59,1.75,-2.55599496646122e-13,3.1623526845512866e-13,7.291670051892564e-14,1.3106963359452554e-15,2.6833903424684266e-16,4.224517149691572e-14,0.3360634784642861,0.7681405508162931,0.3179708704540193,0.31790644522747824
1st2KB_B64-T59,1.5,-3.98564441541661e-14,2.719300834016134e-13,3.544702163766354e-14,6.462676856601431e-16,1.3228601183813104e-16,3.6210146997356334e-14,0.3547099692454189,0.8099060169612583,0.3322657171198007,0.33220607095013666
1st2KB_B64-T59,1.25,5.71779426648648e-14,2.4620377573616586e-13,1.617869960917544e-14,2.9518301765136096e-16,6.04095424469145e-17,3.0175122497796946e-14,0.3749868222925913,0.8553232608495831,0.3478104385677203,0.34775598931339735
1st2KB_B64-T59,1.0,1.51825329652161e-13,2.305753149228897e-13,6.794578587732171e-15,1.2143166398782133e-16,2.4845603836944544e-17,2.4140097998237555e-14,0.39741525494354646,0.9055597345948693,0.36500461249902183,0.36495591160542573
1st2KB_B64-T59,0.75,2.69391280116604e-13,2.201890304124863e-13,2.538030173036728e-15,4.280893276689131e-17,8.756738909301808e-18,1.8105073498678167e-14,0.42287266971012405,0.9625806940371499,0.3845208767048124,0.3844787004937711
1st2KB_B64-T59,0.5,3.57118956802183e-13,2.1236768413893165e-13,7.892347457955922e-16,1.1655798304528457e-17,2.3835266175457382e-18,1.2070048999118778e-14,0.45306986681977895,1.0302180864215793,0.4076707716360166,0.40763633490390494
1st2KB_B64-T59,0.25,2.37649038902638e-13,2.0570379405070958e-13,1.7222343063004796e-16,1.814204430488482e-18,3.7084699444273223e-19,6.035024499559389e-15,0.49242362028176834,1.1183648523297847,0.43784030208896996,0.4378159516421719
1st2KB_B64-T59,0.0,3.20018615556847e-13,1.9949872644800355e-13,4.365378908345626e-18,0.0,0.0,0.0,0.5874319856199902,1.3311699700647,0.5106759916789181,0.5106759916789181
1st2KB_B64-T61,0.0,2.07327170297263e-14,1.9949872644800355e-13,4.365378908345626e-18,0.0,0.0,0.0,0.5874319856199902,1.3311699700647,0.5106759916789181,0.5106759916789181
1st2KB_B64-T61,-0.25,4.97242560169343e-14,2.0553157062007962e-13,1.0059511932385783e-28,1.814204430488482e-18,3.7084699444273223e-19,6.035024499559389e-15,0.49242362028176834,1.1183648523297847,0.43784030208896996,0.4378159516421719
1st2KB_B64-T61,-0.5,6.74120251265529e-14,2.115784493931391e-13,3.0435287125552204e-27,1.1655798304528457e-17,2.3835266175457382e-18,1.2070048999118778e-14,0.45306986681977895,1.0302180864215793,0.4076707716360166,0.40763633490390494
1st2KB_B64-T61,-0.75,8.12085248764853e-14,2.1765100023949124e-13,4.165197369105003e-26,4.280893276689131e-17,8.756738909301808e-18,1.8105073498678167e-14,0.42287266971012405,0.9625806940371499,0.3845208767048124,0.3844787004937711
1st2KB_B64-T61,-1.0,1.36234556621928e-13,2.2378073633553556e-13,3.780467803684519e-25,1.2143166398782133e-16,2.4845603836944544e-17,2.4140097998237555e-14,0.39741525494354646,0.9055597345948693,0.36500461249902183,0.36495591160542573
1st2KB_B64-T61,-1.25,1.31426228407172e-13,2.300250761296297e-13,2.6392538193867524e-24,2.9518301765136096e-16,6.04095424469145e-17,3.0175122497796946e-14,0.3749868222925913,0.8553232608495831,0.3478104385677203,0.34775598931339735
1st2KB_B64-T61,-1.5,1.84060611804066e-13,2.364830617792416e-13,1.5291753030751892e-23,6.462676856601431e-16,1.3228601183813104e-16,3.6210146997356334e-14,0.3547099692454189,0.8099060169612583,0.3322657171198007,0.33220607095013666
1st2KB_B64-T61,-1.75,1.69595565889524e-13,2.4331856801313136e-13,7.692831605572653e-23,1.3106963359452554e-15,2.6833903424684266e-16,4.224517149691572e-14,0.3360634784642861,0.7681405508162931,0.3179708704540193,0.31790644522747824
1st2KB_B64-T61,-2.0,1.95955041472698e-13,2.50793925247066e-13,3.4605611667221083e-22,2.5061874534969165e-15,5.131803819426489e-16,4.828019599647511e-14,0.3187077480195677,0.7292662027784589,0.30466555159311515,0.30459667812889174
1st2KB_B64-T61,-2.25,2.16311777517797e-13,2.593178451036946e-13,1.420738591569594e-21,4.571936565533822e-15,9.363255522924785e-16,5.43152204960345e-14,0.3024068896053246,0.6927546168599539,0.29216892290907376,0.2920958715686795
1st2KB_B64-T61,-2.5,2.24781131208385e-13,2.6951277535258924e-13,5.403208449233906e-21,8.024506185523503e-15,1.6436576991681698e-15,6.035024499559389e-14,0.2869891543818154,0.6582211002820754,0.28034931762566656,0.28027231475174186
1st2KB_B64-T61,-2.75,2.40213854666924e-13,2.8230839408992117e-13,1.9250316378648048e-20,1.36354020366579e-14,2.793342238698405e-15,6.638526949515328e-14,0.27232488584810083,0.6253752410705802,0.26910733796226544,0.2690265766667587
1st2KB_B64-T61,-3.0,3.67381120100138e-13,2.99069964980568e-13,6.481311494255758e-20,2.2537567839562003e-14,4.6176772640831245e-15,7.242029399471267e-14,0.25831335380025794,0.5939914180095998,0.2583657617307067,0.25828140930862414
1st2KB_B64-T61,-3.25,2.72344511309183e-13,3.2177282209333606e-13,2.0765433085187884e-19,3.6370137201445655e-14,7.452797674192268e-15,7.845531849427206e-14,0.24487445279501568,0.5638902063903116,0.24806317817858148,0.24797538139407055
1st2KB_B64-T61,-3.5,3.32886740091534e-13,3.532374663084852e-13,6.366724711842878e-19,5.747343027111076e-14,1.177869530197661e-14,8.449034299383145e-14,0.23194323364691505,0.5349261293485557,0.23814979570391487,0.23805868467478158
1st2KB_B64-T61,-3.75,3.73576684994589e-13,3.9744380444837644e-13,1.876731993813004e-18,8.914950006794972e-14,1.8272699085946876e-14,9.052536749339083e-14,0.21946616891466686,0.5069792930896642,0.2285845788875161,0.22849027001259442
1st2KB_B64-T61,-4.0,4.18895034761876e-13,4.599481720513545e-13,5.339281407469901e-18,1.360076701070812e-13,2.7880409600820414e-14,9.656039199295022e-14,0.2073985242671027,0.4799494991250386,0.21933323331912563,0.21923583153193332
1st2KB_B64-T61,-4.25,5.08177809728505e-13,5.484332686496993e-13,1.4708946258713515e-17,2.0441964355341467e-13,4.1909138588421124e-14,1.0259541649250961e-13,0.19570246001322966,0.45375199197164195,0.21036675018486134,0.2102663507206819
1st2KB_B64-T61,-4.5,6.01711876938721e-13,6.734294850360115e-13,3.934736524490009e-17,3.031151239691682e-13,6.215021164043419e-14,1.08630440992069e-13,0.1843456292193565,0.42831431913533846,0.20166033155021368,0.20155702135387865
1st2KB_B64-T61,-4.75,7.32447034881151e-13,8.492571189028824e-13,1.0245549993231807e-16,4.439567318243216e-13,9.103810501790485e-14,1.146654654916284e-13,0.1733001223196885,0.4035739671899288,0.1931925812732368,0.1930864401364139
1st2KB_B64-T61,-5.0,8.39286160101566e-13,1.0952540936980703e-12,2.602280101854598e-16,6.429426440911295e-13,1.318563705364722e-13,1.2070048999118779e-13,0.16254165896519235,0.37947655163446636,0.18494488545652255,0.18483598694787656
1st2KB_B64-T61,-5.25,1.01318552072488e-12,1.4373757216536451e-12,6.459109501060047e-16,9.214972022787025e-13,1.8900273286499415e-13,1.2673551449074717e-13,0.15204895980356975,0.355974409770461,0.17690093083867375,0.17678934307301558
1st2KB_B64-T61,-5.5,1.14186199558219e-12,1.910287058069407e-12,1.569269364730283e-15,1.3081241749813037e-12,2.6832871366397105e-13,1.3277053899030656e-13,0.14180325152253226,0.3330254920697726,0.16904632534861813,0.1689321116291977
1st2KB_B64-T61,-5.75,1.61684879894375e-12,2.5601249169964506e-12,3.737279206075922e-15,1.8405149568775567e-12,3.775727563538571e-13,1.3880556348986595e-13,0.13178787215253424,0.31059247810931834,0.1613682955212249,0.16125151488086392
1st2KB_B64-T61,-6.0,1.84705506098282e-12,3.4482064143944886e-12,8.735872244465659e-15,2.568225369030072e-12,5.269102240614303e-13,1.4484058798942534e-13,0.12198795287084763,0.28864206385781666,0.1538554425606833,0.15373615022135517
1st2KB_B64-T61,-6.25,2.39386982459067e-12,4.6561451603306305e-12,2.0065567386790745e-14,3.5560606438078116e-12,7.296489755779479e-13,1.5087561248898473e-13,0.11239015892888082,0.2671443813901233,0.1464975437291775,0.14637579149518715
1st2KB_B64-T61,-6.5,2.82997887277037e-12,6.293186176709238e-12,4.5335989582845666e-14,4.888339516829466e-12,1.0031056722392876e-12,1.5691063698854411e-13,0.10298247680584455,0.24607252214195663,0.1392853891737858,0.13916122577039775
1st2KB_B64-T61,-6.75,3.52895880920134e-12,8.507245243775228e-12,1.0085332089460699e-13,6.6742461526647486e-12,1.369705747658674e-12,1.629456614881035e-13,0.09375403789039177,0.22540214198204955,0.132210646756601,0.13208411812347715
1st2KB_B64-T61,-7.0,4.70684559036871e-12,1.1502446007591265e-11,2.2108749314600678e-13,9.054524131629819e-12,1.85835933575868e-12,1.689806859876629e-13,0.08469497130858195,0.20511113156788618,0.12526574922912054,0.12513689877603845
1st2KB_B64-T61,-7.25,7.45905507498756e-12,1.5568481343343537e-11,4.779732028064961e-13,1.220982137009966e-11,2.506176698881063e-12,1.7501571048722228e-13,0.07579628021722007,0.18517933926051922,0.11844379939575655,0.11831266822662156
1st2KB_B64-T61,-7.5,7.83109167790119e-12,2.1132012418177456e-11,1.0198068073257622e-12,1.6371060337453516e-11,3.360600177342302e-12,1.8105073498678167e-13,0.06704973714562956,0.16558833670514184,0.11173848988033025,0.11160511699036385
1st2KB_B64-T61,-7.75,1.00202320399423e-11,2.8849688627796872e-11,2.1487764373227184e-12,2.183228626422119e-11,4.48204580569753e-12,1.8708575948634105e-13,0.058447794919103346,0.14632121931239128,0.1051440348378554,0.10500845728795405
1st2KB_B64-T61,-8.0,1.13852200236964e-11,3.978020633996406e-11,4.4738846595278615e-12,2.896653954477851e-11,5.947166990602696e-12,1.9312078398590044e-13,0.04998351041914517,0.12736243549221782,0.09865511150731215,0.0985173645788654
1st2KB_B64-T61,-8.25,1.77524384081806e-11,5.57065099203085e-11,9.209574210601177e-12,3.824540995657591e-11,7.852875583576859e-12,1.9915580848545983e-13,0.04165047898940244,0.10869763973257784,0.09226680992566338,0.09212692725856064
1st2KB_B64-T61,-8.5,3.69297231683774e-11,7.97423613801644e-11,1.8753330381776167e-11,5.0263062837556165e-11,1.0321282966777958e-11,2.0519083298501922e-13,0.03344277772493076,0.09031356557551806,0.085974589452046,0.08583260316814839
1st2KB_B64-T61,-8.75,7.55480122904828e-11,1.1747486240325105e-10,3.7792701310613966e-11,6.576568470594645e-11,1.3505756168136975e-11,2.112258574845786e-13,0.025354916217193435,0.07219791529303365,0.07977424100770686,0.07963018182169534
1st2KB_B64-T61,-9.0,1.12338763291753e-10,1.7911102112178733e-10,7.540846114433109e-11,8.568748230707915e-11,1.7598322427323847e-11,2.17260881984138e-13,0.017381793590658945,0.0543392636552078,0.07366185413922943,0.07351575145844091
1st2KB_B64-T61,-9.25,1.88859997085622e-10,2.8349288488509913e-10,1.4903680375874928e-10,1.1119458977330017e-10,2.2838701085496925e-11,2.2329590648369738e-13,0.009518660875770024,0.036726973651055816,0.06763378817274962,0.06748567018737028
1st2KB_B64-T61,-9.5,3.19176574059554e-10,4.655663322638517e-10,2.9187371224970346e-10,1.4373849934466993e-10,2.952529537742596e-11,2.293309309832568e-13,0.001761087929862959,0.01935112239612624,0.061686646854740235,0.06153654061951963
1st2KB_B64-T61,-9.25,3.21234483457999e-10,2.8349288488509913e-10,1.4903680375874928e-10,1.1119458977330017e-10,2.2838701085496925e-11,2.2329590648369738e-13,0.009518660875770024,0.036726973651055816,0.06763378817274962,0.06748567018737028
1st2KB_B64-T61,-9.0,2.64364946600537e-10,1.7911102112178733e-10,7.540846114433109e-11,8.568748230707915e-11,1.7598322427323847e-11,2.17260881984138e-13,0.017381793590658945,0.0543392636552078,0.07366185413922943,0.07351575145844091
1st2KB_B64-T61,-8.75,1.86311188699051e-10,1.1747486240325105e-10,3.7792701310613966e-11,6.576568470594645e-11,1.3505756168136975e-11,2.112258574845786e-13,0.025354916217193435,0.07219791529303365,0.07977424100770686,0.07963018182169534
1st2KB_B64-T61,-8.5,1.37426556245934e-10,7.97423613801644e-11,1.8753330381776167e-11,5.0263062837556165e-11,1.0321282966777958e-11,2.0519083298501922e-13,0.03344277772493076,0.09031356557551806,0.085974589452046,0.08583260316814839
1st2KB_B64-T61,-8.25,1.03722364031e-10,5.57065099203085e-11,9.209574210601177e-12,3.824540995657591e-11,7.852875583576859e-12,1.9915580848545983e-13,0.04165047898940244,0.10869763973257784,0.09226680992566338,0.09212692725856064
1st2KB_B64-T61,-8.0,8.30587265632232e-11,3.978020633996406e-11,4.4738846595278615e-12,2.896653954477851e-11,5.947166990602696e-12,1.9312078398590044e-13,0.04998351041914517,0.12736243549221782,0.09865511150731215,0.0985173645788654
1st2KB_B64-T61,-7.75,6.56588325376184e-11,2.8849688627796872e-11,2.1487764373227184e-12,2.183228626422119e-11,4.48204580569753e-12,1.8708575948634105e-13,0.058447794919103346,0.14632121931239128,0.1051440348378554,0.10500845728795405
1st2KB_B64-T61,-7.5,4.4570257207166e-11,2.1132012418177456e-11,1.0198068073257622e-12,1.6371060337453516e-11,3.360600177342302e-12,1.8105073498678167e-13,0.06704973714562956,0.16558833670514184,0.11173848988033025,0.11160511699036385
1st2KB_B64-T61,-7.25,4.5114433022686e-11,1.5568481343343537e-11,4.779732028064961e-13,1.220982137009966e-11,2.506176698881063e-12,1.7501571048722228e-13,0.07579628021722007,0.18517933926051922,0.11844379939575655,0.11831266822662156
1st2KB_B64-T61,-7.0,2.97709426555492e-11,1.1502446007591265e-11,2.2108749314600678e-13,9.054524131629819e-12,1.85835933575868e-12,1.689806859876629e-13,0.08469497130858195,0.20511113156788618,0.12526574922912054,0.12513689877603845
1st2KB_B64-T61,-6.75,1.75243812516879e-11,8.507245243775228e-12,1.0085332089460699e-13,6.6742461526647486e-12,1.369705747658674e-12,1.629456614881035e-13,0.09375403789039177,0.22540214198204955,0.132210646756601,0.13208411812347715
1st2KB_B64-T61,-6.5,1.12506939528578e-11,6.293186176709238e-12,4.5335989582845666e-14,4.888339516829466e-12,1.0031056722392876e-12,1.5691063698854411e-13,0.10298247680584455,0.24607252214195663,0.1392853891737858,0.13916122577039775
1st2KB_B64-T61,-6.25,7.03271859150978e-12,4.6561451603306305e-12,2.0065567386790745e-14,3.5560606438078116e-12,7.296489755779479e-13,1.5087561248898473e-13,0.11239015892888082,0.2671443813901233,0.1464975437291775,0.14637579149518715
1st2KB_B64-T61,-6.0,4.41657474481438e-12,3.4482064143944886e-12,8.735872244465659e-15,2.568225369030072e-12,5.269102240614303e-13,1.4484058798942534e-13,0.12198795287084763,0.28864206385781666,0.1538554425606833,0.15373615022135517
1st2KB_B64-T61,-5.75,3.05998282268405e-12,2.5601249169964506e-12,3.737279206075922e-15,1.8405149568775567e-12,3.775727563538571e-13,1.3880556348986595e-13,0.13178787215253424,0.31059247810931834,0.1613682955212249,0.16125151488086392
1st2KB_B64-T61,-5.5,1.91097116429562e-12,1.910287058069407e-12,1.569269364730283e-15,1.3081241749813037e-12,2.6832871366397105e-13,1.3277053899030656e-13,0.14180325152253226,0.3330254920697726,0.16904632534861813,0.1689321116291977
1st2KB_B64-T61,-5.25,1.26534037154374e-12,1.4373757216536451e-12,6.459109501060047e-16,9.214972022787025e-13,1.8900273286499415e-13,1.2673551449074717e-13,0.15204895980356975,0.355974409770461,0.17690093083867375,0.17678934307301558
1st2KB_B64-T61,-5.0,8.12285134987878e-13,1.0952540936980703e-12,2.602280101854598e-16,6.429426440911295e-13,1.318563705364722e-13,1.2070048999118779e-13,0.16254165896519235,0.37947655163446636,0.18494488545652255,0.18483598694787656
1st2KB_B64-T61,-4.75,4.77165832887816e-13,8.492571189028824e-13,1.0245549993231807e-16,4.439567318243216e-13,9.103810501790485e-14,1.146654654916284e-13,0.1733001223196885,0.4035739671899288,0.1931925812732368,0.1930864401364139
1st2KB_B64-T61,-4.5,3.10726542152723e-13,6.734294850360115e-13,3.934736524490009e-17,3.031151239691682e-13,6.215021164043419e-14,1.08630440992069e-13,0.1843456292193565,0.42831431913533846,0.20166033155021368,0.20155702135387865
1st2KB_B64-T61,-4.25,2.14417039353688e-13,5.484332686496993e-13,1.4708946258713515e-17,2.0441964355341467e-13,4.1909138588421124e-14,1.0259541649250961e-13,0.19570246001322966,0.45375199197164195,0.21036675018486134,0.2102663507206819
1st2KB_B64-T61,-4.0,1.08490541311963e-13,4.599481720513545e-13,5.339281407469901e-18,1.360076701070812e-13,2.7880409600820414e-14,9.656039199295022e-14,0.2073985242671027,0.4799494991250386,0.21933323331912563,0.21923583153193332
1st2KB_B64-T61,-3.75,3.7895650972699e-14,3.9744380444837644e-13,1.876731993813004e-18,8.914950006794972e-14,1.8272699085946876e-14,9.052536749339083e-14,0.21946616891466686,0.5069792930896642,0.2285845788875161,0.22849027001259442
1st2KB_B64-T61,-3.5,1.10262183565979e-14,3.532374663084852e-13,6.366724711842878e-19,5.747343027111076e-14,1.177869530197661e-14,8.449034299383145e-14,0.23194323364691505,0.5349261293485557,0.23814979570391487,0.23805868467478158
1st2KB_B64-T61,-3.25,-2.07194846810243e-14,3.2177282209333606e-13,2.0765433085187884e-19,3.6370137201445655e-14,7.452797674192268e-15,7.845531849427206e-14,0.24487445279501568,0.5638902063903116,0.24806317817858148,0.24797538139407055
1st2KB_B64-T61,-3.0,-5.71315997982547e-14,2.99069964980568e-13,6.481311494255758e-20,2.2537567839562003e-14,4.6176772640831245e-15,7.242029399471267e-14,0.25831335380025794,0.5939914180095998,0.2583657617307067,0.25828140930862414
1st2KB_B64-T61,-2.75,-9.20872671736697e-14,2.8230839408992117e-13,1.9250316378648048e-20,1.36354020366579e-14,2.793342238698405e-15,6.638526949515328e-14,0.27232488584810083,0.6253752410705802,0.26910733796226544,0.2690265766667587
1st2KB_B64-T61,-2.5,-9.08935131479181e-14,2.6951277535258924e-13,5.403208449233906e-21,8.024506185523503e-15,1.6436576991681698e-15,6.035024499559389e-14,0.2869891543818154,0.6582211002820754,0.28034931762566656,0.28027231475174186
1st2KB_B64-T61,-2.25,-1.01148961168668e-13,2.593178451036946e-13,1.420738591569594e-21,4.571936565533822e-15,9.363255522924785e-16,5.43152204960345e-14,0.3024068896053246,0.6927546168599539,0.29216892290907376,0.2920958715686795
1st2KB_B64-T61,-2.0,-1.26309959670376e-13,2.50793925247066e-13,3.4605611667221083e-22,2.5061874534969165e-15,5.131803819426489e-16,4.828019599647511e-14,0.3187077480195677,0.7292662027784589,0.30466555159311515,0.30459667812889174
1st2KB_B64-T61,-1.75,-1.3567560974443e-13,2.4331856801313136e-13,7.692831605572653e-23,1.3106963359452554e-15,2.6833903424684266e-16,4.224517149691572e-14,0.3360634784642861,0.7681405508162931,0.3179708704540193,0.31790644522747824
1st2KB_B64-T61,-1.5,-1.67663233015085e-13,2.364830617792416e-13,1.5291753030751892e-23,6.462676856601431e-16,1.3228601183813104e-16,3.6210146997356334e-14,0.3547099692454189,0.8099060169612583,0.3322657171198007,0.33220607095013666
1st2KB_B64-T61,-1.25,-1.69201160244228e-13,2.300250761296297e-13,2.6392538193867524e-24,2.9518301765136096e-16,6.04095424469145e-17,3.0175122497796946e-14,0.3749868222925913,0.8553232608495831,0.3478104385677203,0.34775598931339735
1st2KB_B64-T61,-1.0,-1.68613346483888e-13,2.2378073633553556e-13,3.780467803684519e-25,1.2143166398782133e-16,2.4845603836944544e-17,2.4140097998237555e-14,0.39741525494354646,0.9055597345948693,0.36500461249902183,0.36495591160542573
1st2KB_B64-T61,-0.75,-1.90765833034748e-13,2.1765100023949124e-13,4.165197369105003e-26,4.280893276689131e-17,8.756738909301808e-18,1.8105073498678167e-14,0.42287266971012405,0.9625806940371499,0.3845208767048124,0.3844787004937711
1st2KB_B64-T61,-0.5,-2.09998102349181e-13,2.115784493931391e-13,3.0435287125552204e-27,1.1655798304528457e-17,2.3835266175457382e-18,1.2070048999118778e-14,0.45306986681977895,1.0302180864215793,0.4076707716360166,0.40763633490390494
1st2KB_B64-T61,-0.25,-2.42200519622732e-13,2.0553157062007962e-13,1.0059511932385783e-28,1.814204430488482e-18,3.7084699444273223e-19,6.035024499559389e-15,0.49242362028176834,1.1183648523297847,0.43784030208896996,0.4378159516421719
1st2KB_B64-T61,0.0,-2.54692995209707e-13,1.9949872644800355e-13,4.365378908345626e-18,0.0,0.0,0.0,0.5874319856199902,1.3311699700647,0.5106759916789181,0.5106759916789181
1st2KB_B64-T61,0.25,-2.5832561458862e-13,2.0570379405070958e-13,1.7222343063004796e-16,1.814204430488482e-18,3.7084699444273223e-19,6.035024499559389e-15,0.49242362028176834,1.1183648523297847,0.43784030208896996,0.4378159516421719
1st2KB_B64-T61,0.5,-2.82447866093924e-13,2.1236768413893165e-13,7.892347457955922e-16,1.1655798304528457e-17,2.3835266175457382e-18,1.2070048999118778e-14,0.45306986681977895,1.0302180864215793,0.4076707716360166,0.40763633490390494
1st2KB_B64-T61,0.75,-3.35547236697542e-13,2.201890304124863e-13,2.538030173036728e-15,4.280893276689131e-17,8.756738909301808e-18,1.8105073498678167e-14,0.42287266971012405,0.9625806940371499,0.3845208767048124,0.3844787004937711
1st2KB_B64-T61,1.0,-3.43382657377878e-13,2.305753149228897e-13,6.794578587732171e-15,1.2143166398782133e-16,2.4845603836944544e-17,2.4140097998237555e-14,0.39741525494354646,0.9055597345948693,0.36500461249902183,0.36495591160542573
1st2KB_B64-T61,1.25,-3.91057818722659e-13,2.4620377573616586e-13,1.617869960917544e-14,2.9518301765136096e-16,6.04095424469145e-17,3.0175122497796946e-14,0.3749868222925913,0.8553232608495831,0.3478104385677203,0.34775598931339735
1st2KB_B64-T61,1.5,-4.02873752154004e-13,2.719300834016134e-13,3.544702163766354e-14,6.462676856601431e-16,1.3228601183813104e-16,3.6210146997356334e-14,0.3547099692454189,0.8099060169612583,0.3322657171198007,0.33220607095013666
1st2KB_B64-T61,1.75,-4.5394916124708e-13,3.1623526845512866e-13,7.291670051892564e-14,1.3106963359452554e-15,2.6833903424684266e-16,4.224517149691572e-14,0.3360634784642861,0.7681405508162931,0.3179708704540193,0.31790644522747824
1st2KB_B64-T61,2.0,-5.09298766354638e-13,3.9348290953421133e-13,1.4268898463320146e-13,2.5061874534969165e-15,5.131803819426489e-16,4.828019599647511e-14,0.3187077480195677,0.7292662027784589,0.30466555159311515,0.30459667812889174
1st2KB_B64-T61,2.25,-5.75720948779029e-13,5.273783393772853e-13,2.680604956943293e-13,4.571936565533822e-15,9.363255522924785e-16,5.43152204960345e-14,0.3024068896053246,0.6927546168599539,0.29216892290907376,0.2920958715686795
1st2KB_B64-T61,2.5,-6.57549589864331e-13,7.561881408185501e-13,4.866753708691692e-13,8.024506185523503e-15,1.6436576991681698e-15,6.035024499559389e-14,0.2869891543818154,0.6582211002820754,0.28034931762566656,0.28027231475174186
1st2KB_B64-T61,2.75,-7.25294932620024e-13,1.140507835713171e-12,8.581994608735664e-13,1.36354020366579e-14,2.793342238698405e-15,6.638526949515328e-14,0.27232488584810083,0.6253752410705802,0.26910733796226544,0.2690265766667587
1st2KB_B64-T61,3.0,-8.3856131673915e-13,1.774679989117562e-12,1.475610088950109e-12,2.2537567839562003e-14,4.6176772640831245e-15,7.242029399471267e-14,0.25831335380025794,0.5939914180095998,0.2583657617307067,0.25828140930862414
1st2KB_B64-T61,3.25,-9.45727437334787e-13,2.8033922471788972e-12,2.481619632739892e-12,3.6370137201445655e-14,7.452797674192268e-15,7.845531849427206e-14,0.24487445279501568,0.5638902063903116,0.24806317817858148,0.24797538139407055
1st2KB_B64-T61,3.5,-1.09413747593351e-12,4.445562019211422e-12,4.092325189575408e-12,5.747343027111076e-14,1.177869530197661e-14,8.449034299383145e-14,0.23194323364691505,0.5349261293485557,0.23814979570391487,0.23805868467478158
1st2KB_B64-T61,3.75,-1.30147390260682e-12,7.028389574644652e-12,6.630947646928269e-12,8.914950006794972e-14,1.8272699085946876e-14,9.052536749339083e-14,0.21946616891466686,0.5069792930896642,0.2285845788875161,0.22849027001259442
1st2KB_B64-T61,4.0,-1.49627120589468e-12,1.1035496330911629e-11,1.0575553498141682e-11,1.360076701070812e-13,2.7880409600820414e-14,9.656039199295022e-14,0.2073985242671027,0.4799494991250386,0.21933323331912563,0.21923583153193332
1st2KB_B64-T61,4.25,-1.76738072961424e-12,1.717444007353694e-11,1.66260215138335e-11,2.0441964355341467e-13,4.1909138588421124e-14,1.0259541649250961e-13,0.19570246001322966,0.45375199197164195,0.21036675018486134,0.2102663507206819
1st2KB_B64-T61,4.5,-2.17331838289758e-12,2.6470716527716923e-11,2.5797326390046156e-11,3.031151239691682e-13,6.215021164043419e-14,1.08630440992069e-13,0.1843456292193565,0.42831431913533846,0.20166033155021368,0.20155702135387865
1st2KB_B64-T61,4.75,-2.81465107297707e-12,4.039774857968118e-11,3.954859391627823e-11,4.439567318243216e-13,9.103810501790485e-14,1.146654654916284e-13,0.1733001223196885,0.4035739671899288,0.1931925812732368,0.1930864401364139
1st2KB_B64-T61,5.0,-5.20593290698201e-12,6.105549822042454e-11,5.996050435473665e-11,6.429426440911295e-13,1.318563705364722e-13,1.2070048999118779e-13,0.16254165896519235,0.37947655163446636,0.18494488545652255,0.18483598694787656
1st2KB_B64-T61,5.25,-1.01330142193712e-11,9.141442513953181e-11,8.997769532882826e-11,9.214972022787025e-13,1.8900273286499415e-13,1.2673551449074717e-13,0.15204895980356975,0.355974409770461,0.17690093083867375,0.17678934307301558
1st2KB_B64-T61,5.5,-2.27022688842338e-11,1.356468300210867e-10,1.3373811223238206e-10,1.3081241749813037e-12,2.6832871366397105e-13,1.3277053899030656e-13,0.14180325152253226,0.3330254920697726,0.16904632534861813,0.1689321116291977
1st2KB_B64-T61,5.75,-4.65191288268052e-11,1.995745014175447e-10,1.9701811377975431e-10,1.8405149568775567e-12,3.775727563538571e-13,1.3880556348986595e-13,0.13178787215253424,0.31059247810931834,0.1613682955212249,0.16125151488086392
1st2KB_B64-T61,6.0,-8.59819021536978e-11,2.912704628481916e-10,2.878309923060416e-10,2.568225369030072e-12,5.269102240614303e-13,1.4484058798942534e-13,0.12198795287084763,0.28864206385781666,0.1538554425606833,0.15373615022135517
1st2KB_B64-T61,6.25,-1.47658565929909e-10,4.218640321950722e-10,4.1722795260212837e-10,3.5560606438078116e-12,7.296489755779479e-13,1.5087561248898473e-13,0.11239015892888082,0.2671443813901233,0.1464975437291775,0.14637579149518715
1st2KB_B64-T61,6.5,-2.15221063193383e-10,6.066130363235834e-10,6.00365186136457e-10,4.888339516829466e-12,1.0031056722392876e-12,1.5691063698854411e-13,0.10298247680584455,0.24607252214195663,0.1392853891737858,0.13916122577039775
1st2KB_B64-T61,6.75,-3.91652793529929e-10,8.663257176045317e-10,8.579193256816511e-10,6.6742461526647486e-12,1.369705747658674e-12,1.629456614881035e-13,0.09375403789039177,0.22540214198204955,0.132210646756601,0.13208411812347715
1st2KB_B64-T61,7.0,-5.9839039279197e-10,1.2292386827691777e-09,1.2179573242547324e-09,9.054524131629819e-12,1.85835933575868e-12,1.689806859876629e-13,0.08469497130858195,0.20511113156788618,0.12526574922912054,0.12513689877603845
1st2KB_B64-T61,7.25,-8.59142923470557e-10,1.7334874938571874e-09,1.7183969857166504e-09,1.220982137009966e-11,2.506176698881063e-12,1.7501571048722228e-13,0.07579628021722007,0.18517933926051922,0.11844379939575655,0.11831266822662156
1st2KB_B64-T61,7.5,-1.17235399166304e-09,2.4303448194888715e-09,2.41023261387802e-09,1.6371060337453516e-11,3.360600177342302e-12,1.8105073498678167e-13,0.06704973714562956,0.16558833670514184,0.11173848988033025,0.11160511699036385
1st2KB_B64-T61,7.75,-1.67482416824072e-09,3.3884494763821436e-09,3.361748564191669e-09,2.183228626422119e-11,4.48204580569753e-12,1.8708575948634105e-13,0.058447794919103346,0.14632121931239128,0.1051440348378554,0.10500845728795405
1st2KB_B64-T61,8.0,-2.48164422345099e-09,4.6993106986498595e-09,4.664004376969423e-09,2.896653954477851e-11,5.947166990602696e-12,1.9312078398590044e-13,0.04998351041914517,0.12736243549221782,0.09865511150731215,0.0985173645788654
1st2KB_B64-T61,8.25,-4.02110611474882e-09,6.4844486642543025e-09,6.437951728544596e-09,3.824540995657591e-11,7.852875583576859e-12,1.9915580848545983e-13,0.04165047898940244,0.10869763973257784,0.09226680992566338,0.09212692725856064
1st2KB_B64-T61,8.5,-7.56089235665058e-09,8.904628487540718e-09,8.84363945654233e-09,5.0263062837556165e-11,1.0321282966777958e-11,2.0519083298501922e-13,0.03344277772493076,0.09031356557551806,0.085974589452046,0.08583260316814839
1st2KB_B64-T61,8.75,-1.10273337128319e-08,1.2171765229447927e-08,1.209208306835529e-08,6.576568470594645e-11,1.3505756168136975e-11,2.112258574845786e-13,0.025354916217193435,0.07219791529303365,0.07977424100770686,0.07963018182169534
1st2KB_B64-T61,9.0,-1.71657816849802e-08,1.656422771954976e-08,1.64605251595723e-08,8.568748230707915e-11,1.7598322427323847e-11,2.17260881984138e-13,0.017381793590658945,0.0543392636552078,0.07366185413922943,0.07351575145844091
1st2KB_B64-T61,9.25,-3.94776691337029e-08,2.2446456152982698e-08,2.2312000071856348e-08,1.1119458977330017e-10,2.2838701085496925e-11,2.2329590648369738e-13,0.009518660875770024,0.036726973651055816,0.06763378817274962,0.06748567018737028
1st2KB_B64-T61,9.5,-3.66459964595833e-08,3.029404111185917e-08,3.012034849184502e-08,1.4373849934466993e-10,2.952529537742596e-11,2.293309309832568e-13,0.001761087929862959,0.01935112239612624,0.061686646854740235,0.06153654061951963
1st2KB_B64-T61,9.25,-3.18823154543679e-08,2.2446456152982698e-08,2.2312000071856348e-08,1.1119458977330017e-10,2.2838701085496925e-11,2.2329590648369738e-13,0.009518660875770024,0.036726973651055816,0.06763378817274962,0.06748567018737028
1st2KB_B64-T61,9.0,-2.55516727776239e-08,1.656422771954976e-08,1.64605251595723e-08,8.568748230707915e-11,1.7598322427323847e-11,2.17260881984138e-13,0.017381793590658945,0.0543392636552078,0.07366185413922943,0.07351575145844091
1st2KB_B64-T61,8.75,-1.92296472079079e-08,1.2171765229447927e-08,1.209208306835529e-08,6.576568470594645e-11,1.3505756168136975e-11,2.112258574845786e-13,0.025354916217193435,0.07219791529303365,0.07977424100770686,0.07963018182169534
1st2KB_B64-T61,8.5,-1.50829428946508e-08,8.904628487540718e-09,8.84363945654233e-09,5.0263062837556165e-11,1.0321282966777958e-11,2.0519083298501922e-13,0.03344277772493076,0.09031356557551806,0.085974589452046,0.08583260316814839
1st2KB_B64-T61,8.25,-1.17360832163627e-08,6.4844486642543025e-09,6.437951728544596e-09,3.824540995657591e-11,7.852875583576859e-12,1.9915580848545983e-13,0.04165047898940244,0.10869763973257784,0.09226680992566338,0.09212692725856064
1st2KB_B64-T61,8.0,-9.3162695335991e-09,4.6993106986498595e-09,4.664004376969423e-09,2.896653954477851e-11,5.947166990602696e-12,1.9312078398590044e-13,0.04998351041914517,0.12736243549221782,0.09865511150731215,0.0985173645788654
1st2KB_B64-T61,7.75,-7.22936865926727e-09,3.3884494763821436e-09,3.361748564191669e-09,2.183228626422119e-11,4.48204580569753e-12,1.8708575948634105e-13,0.058447794919103346,0.14632121931239128,0.1051440348378554,0.10500845728795405
1st2KB_B64-T61,7.5,-5.51782264324174e-09,2.4303448194888715e-09,2.41023261387802e-09,1.6371060337453516e-11,3.360600177342302e-12,1.8105073498678167e-13,0.06704973714562956,0.16558833670514184,0.11173848988033025,0.11160511699036385
1st2KB_B64-T61,7.25,-4.18974277494044e-09,1.7334874938571874e-09,1.7183969857166504e-09,1.220982137009966e-11,2.506176698881063e-12,1.7501571048722228e-13,0.07579628021722007,0.18517933926051922,0.11844379939575655,0.11831266822662156
1st2KB_B64-T61,7.0,-2.9323046213392e-09,1.2292386827691777e-09,1.2179573242547324e-09,9.054524131629819e-12,1.85835933575868e-12,1.689806859876629e-13,0.08469497130858195,0.20511113156788618,0.12526574922912054,0.12513689877603845
1st2KB_B64-T61,6.75,-2.25369300999034e-09,8.663257176045317e-10,8.579193256816511e-10,6.6742461526647486e-12,1.369705747658674e-12,1.629456614881035e-13,0.09375403789039177,0.22540214198204955,0.132210646756601,0.13208411812347715
1st2KB_B64-T61,6.5,-1.73923730972803e-09,6.066130363235834e-10,6.00365186136457e-10,4.888339516829466e-12,1.0031056722392876e-12,1.5691063698854411e-13,0.10298247680584455,0.24607252214195663,0.1392853891737858,0.13916122577039775
1st2KB_B64-T61,6.25,-1.30543753584789e-09,4.218640321950722e-10,4.1722795260212837e-10,3.5560606438078116e-12,7.296489755779479e-13,1.5087561248898473e-13,0.11239015892888082,0.2671443813901233,0.1464975437291775,0.14637579149518715
1st2KB_B64-T61,6.0,-9.63792934349783e-10,2.912704628481916e-10,2.878309923060416e-10,2.568225369030072e-12,5.269102240614303e-13,1.4484058798942534e-13,0.12198795287084763,0.28864206385781666,0.1538554425606833,0.15373615022135517
1st2KB_B64-T61,5.75,-7.03198610452205e-10,1.995745014175447e-10,1.9701811377975431e-10,1.8405149568775567e-12,3.775727563538571e-13,1.3880556348986595e-13,0.13178787215253424,0.31059247810931834,0.1613682955212249,0.16125151488086392
1st2KB_B64-T61,5.5,-5.15349041219082e-10,1.356468300210867e-10,1.3373811223238206e-10,1.3081241749813037e-12,2.6832871366397105e-13,1.3277053899030656e-13,0.14180325152253226,0.3330254920697726,0.16904632534861813,0.1689321116291977
1st2KB_B64-T61,5.25,-3.55303286792008e-10,9.141442513953181e-11,8.997769532882826e-11,9.214972022787025e-13,1.8900273286499415e-13,1.2673551449074717e-13,0.15204895980356975,0.355974409770461,0.17690093083867375,0.17678934307301558
1st2KB_B64-T61,5.0,-2.49463477652867e-10,6.105549822042454e-11,5.996050435473665e-11,6.429426440911295e-13,1.318563705364722e-13,1.2070048999118779e-13,0.16254165896519235,0.37947655163446636,0.18494488545652255,0.18483598694787656
1st2KB_B64-T61,4.75,-1.76003558949311e-10,4.039774857968118e-11,3.954859391627823e-11,4.439567318243216e-13,9.103810501790485e-14,1.146654654916284e-13,0.1733001223196885,0.4035739671899288,0.1931925812732368,0.1930864401364139
1st2KB_B64-T61,4.5,-1.21415766329847e-10,2.6470716527716923e-11,2.5797326390046156e-11,3.031151239691682e-13,6.215021164043419e-14,1.08630440992069e-13,0.1843456292193565,0.42831431913533846,0.20166033155021368,0.20155702135387865
1st2KB_B64-T61,4.25,-8.47146797156029e-11,1.717444007353694e-11,1.66260215138335e-11,2.0441964355341467e-13,4.1909138588421124e-14,1.0259541649250961e-13,0.19570246001322966,0.45375199197164195,0.21036675018486134,0.2102663507206819
1st2KB_B64-T61,4.0,-5.70897946972071e-11,1.1035496330911629e-11,1.0575553498141682e-11,1.360076701070812e-13,2.7880409600820414e-14,9.656039199295022e-14,0.2073985242671027,0.4799494991250386,0.21933323331912563,0.21923583153193332
1st2KB_B64-T61,3.75,-3.29324970071987e-11,7.028389574644652e-12,6.630947646928269e-12,8.914950006794972e-14,1.8272699085946876e-14,9.052536749339083e-14,0.21946616891466686,0.5069792930896642,0.2285845788875161,0.22849027001259442
1st2KB_B64-T61,3.5,-2.09073001966598e-11,4.445562019211422e-12,4.092325189575408e-12,5.747343027111076e-14,1.177869530197661e-14,8.449034299383145e-14,0.23194323364691505,0.5349261293485557,0.23814979570391487,0.23805868467478158
1st2KB_B64-T61,3.25,-1.31504945821703e-11,2.8033922471788972e-12,2.481619632739892e-12,3.6370137201445655e-14,7.452797674192268e-15,7.845531849427206e-14,0.24487445279501568,0.5638902063903116,0.24806317817858148,0.24797538139407055
1st2KB_B64-T61,3.0,-7.83435902956819e-12,1.774679989117562e-12,1.475610088950109e-12,2.2537567839562003e-14,4.6176772640831245e-15,7.242029399471267e-14,0.25831335380025794,0.5939914180095998,0.2583657617307067,0.25828140930862414
1st2KB_B64-T61,2.75,-4.39296776039155e-12,1.140507835713171e-12,8.581994608735664e-13,1.36354020366579e-14,2.793342238698405e-15,6.638526949515328e-14,0.27232488584810083,0.6253752410705802,0.26910733796226544,0.2690265766667587
1st2KB_B64-T61,2.5,-2.52576778936309e-12,7.561881408185501e-13,4.866753708691692e-13,8.024506185523503e-15,1.6436576991681698e-15,6.035024499559389e-14,0.2869891543818154,0.6582211002820754,0.28034931762566656,0.28027231475174186
1st2KB_B64-T61,2.25,-1.33857324096515e-12,5.273783393772853e-13,2.680604956943293e-13,4.571936565533822e-15,9.363255522924785e-16,5.43152204960345e-14,0.3024068896053246,0.6927546168599539,0.29216892290907376,0.2920958715686795
1st2KB_B64-T61,2.0,-6.07187043699664e-13,3.9348290953421133e-13,1.4268898463320146e-13,2.5061874534969165e-15,5.131803819426489e-16,4.828019599647511e-14,0.3187077480195677,0.7292662027784589,0.30466555159311515,0.30459667812889174
1st2KB_B64-T61,1.75,-2.25239626754602e-13,3.1623526845512866e-13,7.291670051892564e-14,1.3106963359452554e-15,2.6833903424684266e-16,4.224517149691572e-14,0.3360634784642861,0.7681405508162931,0.3179708704540193,0.31790644522747824
1st2KB_B64-T61,1.5,-5.04760189334462e-15,2.719300834016134e-13,3.544702163766354e-14,6.462676856601431e-16,1.3228601183813104e-16,3.6210146997356334e-14,0.3547099692454189,0.8099060169612583,0.3322657171198007,0.33220607095013666
1st2KB_B64-T61,1.25,5.06422398319824e-14,2.4620377573616586e-13,1.617869960917544e-14,2.9518301765136096e-16,6.04095424469145e-17,3.0175122497796946e-14,0.3749868222925913,0.8553232608495831,0.3478104385677203,0.34775598931339735
1st2KB_B64-T61,1.0,1.26984062371119e-13,2.305753149228897e-13,6.794578587732171e-15,1.2143166398782133e-16,2.4845603836944544e-17,2.4140097998237555e-14,0.39741525494354646,0.9055597345948693,0.36500461249902183,0.36495591160542573
1st2KB_B64-T61,0.75,1.49431289282569e-13,2.201890304124863e-13,2.538030173036728e-15,4.280893276689131e-17,8.756738909301808e-18,1.8105073498678167e-14,0.42287266971012405,0.9625806940371499,0.3845208767048124,0.3844787004937711
1st2KB_B64-T61,0.5,1.83591640154357e-13,2.1236768413893165e-13,7.892347457955922e-16,1.1655798304528457e-17,2.3835266175457382e-18,1.2070048999118778e-14,0.45306986681977895,1.0302180864215793,0.4076707716360166,0.40763633490390494
1st2KB_B64-T61,0.25,2.0442247070443e-13,2.0570379405070958e-13,1.7222343063004796e-16,1.814204430488482e-18,3.7084699444273223e-19,6.035024499559389e-15,0.49242362028176834,1.1183648523297847,0.43784030208896996,0.4378159516421719
1st2KB_B64-T61,0.0,2.38123052092448e-13,1.9949872644800355e-13,4.365378908345626e-18,0.0,0.0,0.0,0.5874319856199902,1.3311699700647,0.5106759916789181,0.5106759916789181
