voltage_v,voltage_au,temperature_k,thermal_voltage_v,legacy_bias_drive,voltage_sign,field_sign,polarization_uc_cm2,polarization_au,screening_charge_uc_cm2,screening_charge_c_m2,fe_field_mv_cm,il_field_mv_cm,dl_field_mv_cm,fe_built_in_field_mv_cm,il_built_in_field_mv_cm,dl_built_in_field_mv_cm,top_work_function_ev,bottom_work_function_ev,top_fermi_ev,bottom_fermi_ev,top_affinity_ev,fe_affinity_ev,insulator_k,fe_k,top_screening_len_nm,bottom_screening_len_nm,insulator_thickness_nm,fe_thickness_nm,top_m_eff,bottom_m_eff,insulator_m_eff,fe_m_eff,trap_depth_ev,top_field_v_per_m,bottom_field_v_per_m,top_base_barrier_ev,bottom_base_barrier_ev,top_schottky_lowering_ev,bottom_schottky_lowering_ev,thermionic_top_schottky_scale,thermionic_bottom_schottky_scale,top_schottky_effective_ev,bottom_schottky_effective_ev,top_barrier_ev,bottom_barrier_ev,thermionic_barrier_offset_ev,thermionic_top_barrier_offset_ev,thermionic_bottom_barrier_offset_ev,top_total_barrier_offset_ev,bottom_total_barrier_offset_ev,top_barrier_effective_ev,bottom_barrier_effective_ev,richardson_constant_a_per_m2_k2,thermionic_prefactor_scale,thermionic_top_prefactor_scale,thermionic_bottom_prefactor_scale,top_prefactor_a_per_m2,bottom_prefactor_a_per_m2,top_injection_a_per_m2,bottom_injection_a_per_m2,enable_thermionic,thermionic_raw_a_per_m2,thermionic_a_per_m2,barrier_sampling_points,barrier_profile_min_ev,barrier_profile_max_ev,effective_mass_min,effective_mass_max,flux_top_a_per_m2,flux_bottom_a_per_m2,tunneling_prefactor_scale,enable_tunneling,tunneling_transmission,tunneling_raw_a_per_m2,tunneling_a_per_m2,pf_field_v_per_m,poole_frenkel_field_region,poole_frenkel_region_k,pf_lowering_ev,pf_activation_ev,poole_frenkel_mobility_m2_per_v_s,poole_frenkel_trap_density_m3,poole_frenkel_prefactor_scale,enable_poole_frenkel,poole_frenkel_raw_a_per_m2,poole_frenkel_a_per_m2,tat_reduced_barrier_min_ev,tat_reduced_barrier_max_ev,trap_assisted_prefactor_a_per_m2,field_enhancement,trap_tunneling_transmission,enable_trap_assisted_tunneling,trap_assisted_tunneling_raw_a_per_m2,trap_assisted_tunneling_a_per_m2,sclc_mobility_m2_per_v_s,sclc_prefactor_scale,sclc_voltage_drop_v,sclc_thickness_m,enable_sclc,sclc_raw_a_per_m2,sclc_a_per_m2,total_a_per_m2,experimental_current_a,experimental_current_density_a_per_m2,experimental_current_density_uA_per_um2,model_total_a,model_thermionic_a,model_tunneling_a,model_pf_a,model_tat_a,model_sclc_a
0.0,0.0,300.0,0.025851999786435535,0.0,0.0,-1.0,0.34009276282656925,5.944143186191275e-05,0.24265491209522355,0.0024265491209522357,-0.10489060618745041,0.12997528857374566,0.0,-0.036111111111201626,-0.03472222222230925,0.0,4.33,4.28,4.354,4.354,2.0,1.0,16.64,16.0,0.005291772109038001,0.005291772109038001,4.0,10.0,1.0,1.0,0.11,0.3,0.8,12997528.857374566,10489060.618745042,2.33,3.2800000000000002,0.033537418782959946,0.03072445628173244,3.158804,1.0,0.10593813260128901,0.03072445628173244,2.224061867398711,3.2492755437182677,0.0,1.085158,2.491267,1.085158,2.491267,1.1389038673987109,0.7580085437182675,1200000.0,1.0,0.0063214833733174,6.991381483862092,682720204.3182791,755069200257.106,5.029211135163053e-11,0.13931686048999495,1,-0.13931686043970284,-0.13931686043970284,1500,0.0014502453789097907,7.68737038708834,0.11,0.3,3469911125302822.5,3469911125302822.5,1.0,0,2.3689016042775786e-83,0.0,0.0,12997528.857374566,1.0,16.64,0.033537418782959946,0.7664625812170401,1e-10,5e+23,5315547.458617731,1,0.0,0.0,0.0,6.88737038708834,500000000.0,1.1299752885737457,8.712474433435678e-79,0,0.0,0.0,5e-10,1.0,0.10489060618718757,1e-08,0,0.0,0.0,-0.13931686043970284,3.64095e-14,1.1589503801008727,1.1589503801008726e-06,-4.37676825278565e-15,-4.37676825278565e-15,0.0,0.0,0.0,0.0
-0.25,-0.00918733054391357,300.0,0.025851999786435535,-0.9998737627781501,-1.0,-1.0,0.34009276282656925,5.944143186191275e-05,-0.010042281167589616,-0.00010042281167589615,-0.28326466954525686,-0.041538233885683555,0.0,-0.036111111111201626,-0.03472222222230925,0.0,4.33,4.28,4.354,4.354,2.0,1.0,16.64,16.0,0.005291772109038001,0.005291772109038001,4.0,10.0,1.0,1.0,0.11,0.3,0.8,4153823.3885683557,28326466.954525687,2.33,3.2800000000000002,0.01895934164009261,0.05049078390688644,3.158804,1.0,0.059888844210091094,0.05049078390688644,2.270111155789909,3.229509216093114,0.0,1.085158,2.491267,1.085158,2.491267,1.184953155789909,0.7382422160931137,1200000.0,1.0,0.0063214833733174,6.991381483862092,682720204.3182791,755069200257.106,8.470438069278656e-12,0.29927012724119634,1,-0.29927012724119634,-0.29927012724119634,1500,0.0,7.617135718902733,0.11,0.3,3469911125302822.5,3469911125302822.5,1.0,0,1.3260035073963762e-82,-4.601114322505249e-67,0.0,4153823.3885683557,1.0,16.64,0.01895934164009261,0.7810406583599074,1e-10,5e+23,5315547.458617731,1,-1.3389700182256794e-05,-1.3389700182256794e-05,0.0,6.817135718902733,500000000.0,1.0415382338856836,5.390560762144346e-78,0,-2.8072375679286436e-69,0.0,5e-10,1.0,0.283264669544547,1e-08,0,-6394.0504681682705,0.0,-0.2992835169413786,3.41051e-14,1.0855990499286798,1.0855990499286798e-06,-9.402268981635515e-15,-9.401848331798251e-15,0.0,-4.206498372634786e-19,0.0,0.0
-0.5,-0.01837466108782714,300.0,0.025851999786435535,-0.9999999920310759,-1.0,-1.0,0.34009276282656925,5.944143186191275e-05,-0.26273947443040274,-0.0026273947443040276,-0.4616387329030633,-0.21305175634511284,0.0,-0.036111111111201626,-0.03472222222230925,0.0,4.33,4.28,4.354,4.354,2.0,1.0,16.64,16.0,0.005291772109038001,0.005291772109038001,4.0,10.0,1.0,1.0,0.11,0.3,0.8,21305175.634511285,46163873.29030633,2.33,3.2800000000000002,0.04293799866639262,0.06445654586817166,3.158804,1.0,0.13563272193939568,0.06445654586817166,2.1943672780606045,3.2155434541318284,0.0,1.085158,2.491267,1.085158,2.491267,1.1092092780606044,0.7242764541318283,1200000.0,1.0,0.0063214833733174,6.991381483862092,682720204.3182791,755069200257.106,1.5861600734095353e-10,0.5136624787657236,1,-0.5136624787657236,-0.5136624787657236,1500,0.0,7.546901050717127,0.11,0.3,3469911125302822.5,3469911125302822.5,1.0,0,7.57046910093678e-82,-2.626885495710179e-66,0.0,21305175.634511285,1.0,16.64,0.04293799866639262,0.7570620013336075,1e-10,5e+23,5315547.458617731,1,-0.00017363275357573969,-0.00017363275357573969,0.0,6.746901050717127,500000000.0,1.2130517563451129,3.4143979946507203e-77,0,-2.070920742136144e-68,0.0,5e-10,1.0,0.46163873290190643,1e-08,0,-16982.26917195227,0.0,-0.5138361115192993,1.234048e-13,3.928096784253345,3.928096784253345e-06,-1.6142637530981767e-14,-1.6137182697151206e-14,0.0,-5.454833830561107e-18,0.0,0.0
-0.75,-0.027561991631740706,300.0,0.025851999786435535,-0.999999999999497,-1.0,-1.0,0.34009276282656925,5.944143186191275e-05,-0.5154366676932159,-0.005154366676932159,-0.6400127962608698,-0.38456527880454205,0.0,-0.036111111111201626,-0.03472222222230925,0.0,4.33,4.28,4.354,4.354,2.0,1.0,16.64,16.0,0.005291772109038001,0.005291772109038001,4.0,10.0,1.0,1.0,0.11,0.3,0.8,38456527.880454205,64001279.62608698,2.33,3.2800000000000002,0.057687839477003455,0.07589448827800035,3.158804,1.0,0.18222457809131642,0.07589448827800035,2.1477754219086838,3.204105511722,0.0,1.085158,2.491267,1.085158,2.491267,1.0626174219086837,0.712838511722,1200000.0,1.0,0.0063214833733174,6.991381483862092,682720204.3182791,755069200257.106,9.617357228540076e-10,0.79951537289432,1,-0.79951537289432,-0.79951537289432,1500,0.0,7.47666638253152,0.11,0.3,3469911125302822.5,3469911125302822.5,1.0,0,4.411863004439491e-81,-1.5308772522416528e-65,0.0,38456527.880454205,1.0,16.64,0.057687839477003455,0.7423121605229965,1e-10,5e+23,5315547.458617731,1,-0.0005545018817162594,-0.0005545018817162594,0.0,6.67666638253152,500000000.0,1.384565278804542,2.2163267775107093e-76,0,-1.5343245513130436e-67,0.0,5e-10,1.0,0.640012796259266,1e-08,0,-32641.38320983595,0.0,-0.8000698747760362,1.338367e-13,4.260154474421413,4.260154474421413e-06,-2.5134936409549013e-14,-2.5117516219168998e-14,0.0,-1.742019038001517e-17,0.0,0.0
-1.0,-0.03674932217565428,300.0,0.025851999786435535,-1.0,-1.0,-1.0,0.34009276282656925,5.944143186191275e-05,-0.7681338609560292,-0.007681338609560292,-0.8183868596186762,-0.5560788012639712,0.0,-0.036111111111201626,-0.03472222222230925,0.0,4.33,4.28,4.354,4.354,2.0,1.0,16.64,16.0,0.005291772109038001,0.005291772109038001,4.0,10.0,1.0,1.0,0.11,0.3,0.8,55607880.126397125,81838685.96186762,2.33,3.2800000000000002,0.0693693153892548,0.08582132833220042,3.158804,1.0,0.2191240709288396,0.08582132833220042,2.1108759290711605,3.1941786716678,0.0,1.085158,2.491267,1.085158,2.491267,1.0257179290711604,0.7029116716677999,1200000.0,1.0,0.0063214833733174,6.991381483862092,682720204.3182791,755069200257.106,4.008112886195214e-09,1.1737899637743807,1,-1.1737899637743807,-1.1737899637743807,1500,0.0,7.4064317143459135,0.11,0.3,3469911125302822.5,3469911125302822.5,1.0,0,2.626664895690464e-80,-9.11429374399872e-65,0.0,55607880.126397125,1.0,16.64,0.0693693153892548,0.7306306846107452,1e-10,5e+23,5315547.458617731,1,-0.0012598227634156775,-0.0012598227634156775,0.0,6.606431714345914,500000000.0,1.5560788012639712,1.4759834883491552e-75,0,-1.148373308617884e-66,0.0,5e-10,1.0,0.8183868596166254,1e-08,0,-53371.392581819295,0.0,-1.1750497865377965,3.538931e-13,11.264767238222884,1.1264767238222884e-05,-3.691527776989396e-14,-3.6875699270510244e-14,0.0,-3.957849938371885e-17,0.0,0.0
-1.25,-0.045936652719567844,300.0,0.025851999786435535,-1.0,-1.0,-1.0,0.34009276282656925,5.944143186191275e-05,-1.0208310542188423,-0.010208310542188424,-0.9967609229764826,-0.7275923237234004,0.0,-0.036111111111201626,-0.03472222222230925,0.0,4.33,4.28,4.354,4.354,2.0,1.0,16.64,16.0,0.005291772109038001,0.005291772109038001,4.0,10.0,1.0,1.0,0.11,0.3,0.8,72759232.37234004,99676092.29764825,2.33,3.2800000000000002,0.07934933529414905,0.09471339631977706,3.158804,1.0,0.25064899772449917,0.09471339631977706,2.079351002275501,3.185286603680223,0.0,1.085158,2.491267,1.085158,2.491267,0.994193002275501,0.6940196036802231,1200000.0,1.0,0.0063214833733174,6.991381483862092,682720204.3182791,755069200257.106,1.3568611439740568e-08,1.6556577235201393,1,-1.6556577235201393,-1.6556577235201393,1500,0.0,7.336197046160307,0.11,0.3,3469911125302822.5,3469911125302822.5,1.0,0,1.5990429693702663e-79,-5.548536989255148e-64,0.0,72759232.37234004,1.0,16.64,0.07934933529414905,0.720650664705851,1e-10,5e+23,5315547.458617731,1,-0.0024250359198804486,-0.0024250359198804486,0.0,6.536197046160307,500000000.0,1.7275923237234005,1.0096883803417385e-74,0,-8.721649476155503e-66,0.0,5e-10,1.0,0.9967609229739848,1e-08,0,-79172.29728790229,0.0,-1.6580827594400198,3.209781e-13,10.217050247848936,1.0217050247848938e-05,-5.209020616100659e-14,-5.201402141070071e-14,0.0,-7.618475030587784e-17,0.0,0.0
-1.5,-0.05512398326348141,300.0,0.025851999786435535,-1.0,-1.0,-1.0,0.34009276282656925,5.944143186191275e-05,-1.2735282474816554,-0.012735282474816555,-1.175134986334289,-0.8991058461828296,0.0,-0.036111111111201626,-0.03472222222230925,0.0,4.33,4.28,4.354,4.354,2.0,1.0,16.64,16.0,0.005291772109038001,0.005291772109038001,4.0,10.0,1.0,1.0,0.11,0.3,0.8,89910584.61828296,117513498.6334289,2.33,3.2800000000000002,0.08820732455795646,0.10283945978150107,3.158804,1.0,0.2786296496429711,0.10283945978150107,2.051370350357029,3.177160540218499,0.0,1.085158,2.491267,1.085158,2.491267,0.966212350357029,0.6858935402184989,1200000.0,1.0,0.0063214833733174,6.991381483862092,682720204.3182791,755069200257.106,4.0048814944499874e-08,2.267161287765766,1,-2.267161287765766,-2.267161287765766,1500,0.0,7.2659623779747,0.11,0.3,3469911125302822.5,3469911125302822.5,1.0,0,9.963408526228669e-79,-3.4572142091097855e-63,0.0,89910584.61828296,1.0,16.64,0.08820732455795646,0.7117926754420436,1e-10,5e+23,5315547.458617731,1,-0.0042213227571074865,-0.0042213227571074865,0.0,6.4659623779747,500000000.0,1.8991058461828296,7.104415279639583e-74,0,-6.746018295637077e-65,0.0,5e-10,1.0,1.1751349863313443,1e-08,0,-110044.097328085,0.0,-2.2713826105228736,1.11847e-13,3.560200583999843,3.560200583999843e-06,-7.135758922710266e-14,-7.122497246148107e-14,0.0,-1.326167656216029e-16,0.0,0.0
-1.75,-0.06431131380739498,300.0,0.025851999786435535,-1.0,-1.0,-1.0,0.34009276282656925,5.944143186191275e-05,-1.5262254407444686,-0.015262254407444687,-1.3535090496920954,-1.070619368642259,0.0,-0.036111111111201626,-0.03472222222230925,0.0,4.33,4.28,4.354,4.354,2.0,1.0,16.64,16.0,0.005291772109038001,0.005291772109038001,4.0,10.0,1.0,1.0,0.11,0.3,0.8,107061936.8642259,135350904.96920955,2.33,3.2800000000000002,0.09625355681595385,0.11036884313009171,3.158804,1.0,0.30404612028446226,0.11036884313009171,2.0259538797155376,3.1696311568699085,0.0,1.085158,2.491267,1.085158,2.491267,0.9407958797155376,0.6783641568699084,1200000.0,1.0,0.0063214833733174,6.991381483862092,682720204.3182791,755069200257.106,1.0704529516207175e-07,3.033685043708897,1,-3.033685043708897,-3.033685043708897,1500,0.0,7.195727709789093,0.11,0.3,3469911125302822.5,3469911125302822.5,1.0,0,6.360646926326021e-78,-2.207087953378186e-62,0.0,107061936.8642259,1.0,16.64,0.09625355681595385,0.7037464431840462,1e-10,5e+23,5315547.458617731,1,-0.00686188738290406,-0.00686188738290406,0.0,6.395727709789093,500000000.0,2.0706193686422587,5.149138976025249e-73,0,-5.330953447794324e-64,0.0,5e-10,1.0,1.3535090496887037,1e-08,0,-145986.79270236735,0.0,-3.0405469310918014,1.133132e-13,3.606871179512111,3.606871179512111e-06,-9.552159901612995e-14,-9.530602646621102e-14,0.0,-2.1557254991891888e-16,0.0,0.0
-2.0,-0.07349864435130855,300.0,0.025851999786435535,-1.0,-1.0,-1.0,0.34009276282656925,5.944143186191275e-05,-1.7789226340072817,-0.017789226340072815,-1.5318831130499018,-1.2421328911016885,0.0,-0.036111111111201626,-0.03472222222230925,0.0,4.33,4.28,4.354,4.354,2.0,1.0,16.64,16.0,0.005291772109038001,0.005291772109038001,4.0,10.0,1.0,1.0,0.11,0.3,0.8,124213289.11016884,153188311.30499017,2.33,3.2800000000000002,0.10367720238206393,0.11741638974009805,3.158804,1.0,0.32749596159327304,0.11741638974009805,2.002504038406727,3.1625836102599023,0.0,1.085158,2.491267,1.085158,2.491267,0.9173460384067271,0.6713166102599022,1200000.0,1.0,0.0063214833733174,6.991381483862092,682720204.3182791,755069200257.106,2.651597370068346e-07,3.9844103786346636,1,-3.9844103786346636,-3.9844103786346636,1500,0.0,7.1254930416034865,0.11,0.3,3469911125302822.5,3469911125302822.5,1.0,0,4.1651552569911906e-77,-1.4452718564847269e-61,0.0,124213289.11016884,1.0,16.64,0.10367720238206393,0.6963227976179361,1e-10,5e+23,5315547.458617731,1,-0.010609338560228691,-0.010609338560228691,0.0,6.325493041603487,500000000.0,2.2421328911016882,3.8503222159696056e-72,0,-4.316467040882495e-63,0.0,5e-10,1.0,1.531883113046063,1e-08,0,-187000.38341074935,0.0,-3.9950197171948925,2.59303e-13,8.253870841711546,8.253870841711546e-06,-1.2550724594485849e-13,-1.2517394374405587e-13,0.0,-3.333022008026137e-16,0.0,0.0
-2.25,-0.08268597489522213,300.0,0.025851999786435535,-1.0,-1.0,-1.0,0.34009276282656925,5.944143186191275e-05,-2.031619827270095,-0.020316198272700953,-1.7102571764077086,-1.4136464135611178,0.0,-0.036111111111201626,-0.03472222222230925,0.0,4.33,4.28,4.354,4.354,2.0,1.0,16.64,16.0,0.005291772109038001,0.005291772109038001,4.0,10.0,1.0,1.0,0.11,0.3,0.8,141364641.35611176,171025717.64077085,2.33,3.2800000000000002,0.11060369518158436,0.12406423991353198,3.158804,1.0,0.3493753947543694,0.12406423991353198,1.9806246052456307,3.1559357600864684,0.0,1.085158,2.491267,1.085158,2.491267,0.8954666052456306,0.6646687600864682,1200000.0,1.0,0.0063214833733174,6.991381483862092,682720204.3182791,755069200257.106,6.181101560247227e-07,5.152796964360698,1,-5.152796964360698,-5.152796964360698,1500,0.0,7.055258373417879,0.11,0.3,3469911125302822.5,3469911125302822.5,1.0,0,2.8011171637395723e-76,-9.71962760973663e-61,0.0,141364641.35611176,1.0,16.64,0.11060369518158436,0.6893963048184157,1e-10,5e+23,5315547.458617731,1,-0.015784142758269937,-0.015784142758269937,0.0,6.255258373417879,500000000.0,2.4136464135611178,2.9756123072308566e-71,0,-3.59103798674804e-62,0.0,5e-10,1.0,1.7102571764034227,1e-08,0,-233084.86945323108,0.0,-5.1685811071189685,9.20097e-14,2.928759713480472,2.9287597134804723e-06,-1.6237576435607954e-13,-1.618798908867536e-13,0.0,-4.958734693259337e-16,0.0,0.0
-2.5,-0.09187330543913569,300.0,0.025851999786435535,-1.0,-1.0,-1.0,0.34009276282656925,5.944143186191275e-05,-2.2843170205329084,-0.022843170205329083,-1.888631239765515,-1.5851599360205468,0.0,-0.036111111111201626,-0.03472222222230925,0.0,4.33,4.28,4.354,4.354,2.0,1.0,16.64,16.0,0.005291772109038001,0.005291772109038001,4.0,10.0,1.0,1.0,0.11,0.3,0.8,158515993.6020547,188863123.9765515,2.33,3.2800000000000002,0.11712127254205451,0.13037355050410432,3.158804,1.0,0.36996314419093196,0.13037355050410432,1.9600368558090682,3.149626449495896,0.0,1.085158,2.491267,1.085158,2.491267,0.8748788558090681,0.658359449495896,1200000.0,1.0,0.0063214833733174,6.991381483862092,682720204.3182791,755069200257.106,1.370644563241171e-06,6.577105121576188,1,-6.577105121576188,-6.577105121576188,1500,0.0,6.985023705232272,0.11,0.3,3469911125302822.5,3469911125302822.5,1.0,0,1.9372399971480595e-75,-6.72205061848566e-60,0.0,158515993.6020547,1.0,16.64,0.11712127254205451,0.6828787274579455,1e-10,5e+23,5315547.458617731,1,-0.02277423367571354,-0.02277423367571354,0.0,6.185023705232272,500000000.0,2.585159936020547,2.3812974433970167e-70,0,-3.078017373209062e-61,0.0,5e-10,1.0,1.888631239760782,1e-08,0,-284240.25082981243,0.0,-6.599879355251901,2.247426e-13,7.153779142664919,7.153779142664919e-06,-2.0734132497038314e-13,-2.0662585131831557e-13,0.0,-7.154736520675893e-16,0.0,0.0
-2.75,-0.10106063598304926,300.0,0.025851999786435535,-1.0,-1.0,-1.0,0.34009276282656925,5.944143186191275e-05,-2.5370142137957217,-0.025370142137957217,-2.0670053031233215,-1.7566734584799761,0.0,-0.036111111111201626,-0.03472222222230925,0.0,4.33,4.28,4.354,4.354,2.0,1.0,16.64,16.0,0.005291772109038001,0.005291772109038001,4.0,10.0,1.0,1.0,0.11,0.3,0.8,175667345.8479976,206700530.31233215,2.33,3.2800000000000002,0.12329479946826466,0.13639131100172786,3.158804,1.0,0.38946410573955226,0.13639131100172786,1.9405358942604478,3.143608688998272,0.0,1.085158,2.491267,1.085158,2.491267,0.8553778942604477,0.652341688998272,1200000.0,1.0,0.0063214833733174,6.991381483862092,682720204.3182791,755069200257.106,2.9142485101162425e-06,8.300967435921105,1,-8.300967435921105,-8.300967435921105,1500,0.0,6.914789037046665,0.11,0.3,3469911125302822.5,3469911125302822.5,1.0,0,1.3798266784440033e-74,-4.787875942522487e-59,0.0,175667345.8479976,1.0,16.64,0.12329479946826466,0.6767052005317353,1e-10,5e+23,5315547.458617731,1,-0.03204589552879186,-0.03204589552879186,0.0,6.114789037046665,500000000.0,2.756673458479976,1.9776254151030792e-69,0,-2.7258337463150517e-60,0.0,5e-10,1.0,2.0670053031181417,1e-08,0,-340466.5275404936,0.0,-8.333013331449898,2.355091e-13,7.496487481624698,7.496487481624698e-06,-2.617893346434881e-13,-2.6078258314377847e-13,0.0,-1.0067514997095852e-15,0.0,0.0
-3.0,-0.11024796652696282,300.0,0.025851999786435535,-1.0,-1.0,-1.0,0.34009276282656925,5.944143186191275e-05,-2.789711407058534,-0.02789711407058534,-2.245379366481128,-1.928186980939405,0.0,-0.036111111111201626,-0.03472222222230925,0.0,4.33,4.28,4.354,4.354,2.0,1.0,16.64,16.0,0.005291772109038001,0.005291772109038001,4.0,10.0,1.0,1.0,0.11,0.3,0.8,192818698.0939405,224537936.6481128,2.33,3.2800000000000002,0.1291736144495809,0.1421545523804773,3.158804,1.0,0.40803413001779393,0.1421545523804773,1.9219658699822062,3.1378454476195228,0.0,1.085158,2.491267,1.085158,2.491267,0.8368078699822061,0.6465784476195227,1200000.0,1.0,0.0063214833733174,6.991381483862092,682720204.3182791,755069200257.106,5.9770826420575324e-06,10.374015775624299,1,-10.374015775624299,-10.374015775624299,1500,0.0,6.844554368861059,0.11,0.3,3469911125302822.5,3469911125302822.5,1.0,0,1.0138051478505626e-73,-3.51781376141594e-58,0.0,192818698.0939405,1.0,16.64,0.1291736144495809,0.6708263855504192,1e-10,5e+23,5315547.458617731,1,-0.04415605484683268,-0.04415605484683268,0.0,6.044554368861059,500000000.0,2.928186980939405,1.7084911376344038e-68,0,-2.501390753135707e-59,0.0,5e-10,1.0,2.245379366475501,1e-08,0,-401763.6995852742,0.0,-10.418171830471131,2.527495e-13,8.045266457801,8.045266457801e-06,-3.2729652086444236e-13,-3.259093174892592e-13,0.0,-1.3872033751831754e-15,0.0,0.0
-3.25,-0.1194352970708764,300.0,0.025851999786435535,-1.0,-1.0,-1.0,0.34009276282656925,5.944143186191275e-05,-3.0424086003213473,-0.030424086003213474,-2.4237534298389343,-2.0997005033988345,0.0,-0.036111111111201626,-0.03472222222230925,0.0,4.33,4.28,4.354,4.354,2.0,1.0,16.64,16.0,0.005291772109038001,0.005291772109038001,4.0,10.0,1.0,1.0,0.11,0.3,0.8,209970050.33988345,242375342.98389342,2.33,3.2800000000000002,0.13479628245622488,0.1476930729865747,3.158804,1.0,0.425795036207853,0.1476930729865747,1.904204963792147,3.1323069270134254,0.0,1.085158,2.491267,1.085158,2.491267,0.8190469637921469,0.6410399270134253,1200000.0,1.0,0.0063214833733174,6.991381483862092,682720204.3182791,755069200257.106,1.1881173900394985e-05,12.852569328319774,1,-12.852569328319774,-12.852569328319774,1500,0.0,6.774319700675452,0.11,0.3,3469911125302822.5,3469911125302822.5,1.0,0,7.697431309645967e-73,-2.6709402537594816e-57,0.0,209970050.33988345,1.0,16.64,0.13479628245622488,0.6652037175437752,1e-10,5e+23,5315547.458617731,1,-0.05976613004834571,-0.05976613004834571,0.0,5.974319700675452,500000000.0,3.0997005033988345,1.5395557905212716e-67,0,-2.386080929444688e-58,0.0,5e-10,1.0,2.42375342983286,1e-08,0,-468131.7669641545,0.0,-12.91233545836812,3.983859e-13,12.6810170486227,1.26810170486227e-05,-4.0565298216696283e-13,-4.0377537381602906e-13,0.0,-1.877608350933751e-15,0.0,0.0
-3.5,-0.12862262761478996,300.0,0.025851999786435535,-1.0,-1.0,-1.0,0.34009276282656925,5.944143186191275e-05,-3.2951057935841606,-0.032951057935841604,-2.60212749319674,-2.271214025858264,0.0,-0.036111111111201626,-0.03472222222230925,0.0,4.33,4.28,4.354,4.354,2.0,1.0,16.64,16.0,0.005291772109038001,0.005291772109038001,4.0,10.0,1.0,1.0,0.11,0.3,0.8,227121402.5858264,260212749.31967402,2.33,3.2800000000000002,0.14019362631042737,0.15303127410415654,3.158804,1.0,0.4428441875638832,0.15303127410415654,1.887155812436117,3.1269687258958436,0.0,1.085158,2.491267,1.085158,2.491267,0.8019978124361169,0.6357017258958435,1200000.0,1.0,0.0063214833733174,6.991381483862092,682720204.3182791,755069200257.106,2.297589773202697e-05,15.80038928101549,1,-15.80038928101549,-15.80038928101549,1500,0.0,6.7040850324898456,0.11,0.3,3469911125302822.5,3469911125302822.5,1.0,0,6.051393898793659e-72,-2.099779901301374e-56,0.0,227121402.5858264,1.0,16.64,0.14019362631042737,0.6598063736895727,1e-10,5e+23,5315547.458617731,1,-0.07965760243184739,-0.07965760243184739,0.0,5.904085032489846,500000000.0,3.271214025858264,1.451523194596203e-66,0,-2.3741215165108464e-57,0.0,5e-10,1.0,2.6021274931902196,1e-08,0,-539570.7296771347,0.0,-15.880046883447337,3.885232e-13,12.367077557176215,1.2367077557176214e-05,-4.988863862769964e-13,-4.963838688909718e-13,0.0,-2.502517386024682e-15,0.0,0.0
-3.75,-0.13780995815870353,300.0,0.025851999786435535,-1.0,-1.0,-1.0,0.34009276282656925,5.944143186191275e-05,-3.5478029868469734,-0.035478029868469735,-2.7805015565545466,-2.4427275483176927,0.0,-0.036111111111201626,-0.03472222222230925,0.0,4.33,4.28,4.354,4.354,2.0,1.0,16.64,16.0,0.005291772109038001,0.005291772109038001,4.0,10.0,1.0,1.0,0.11,0.3,0.8,244272754.83176926,278050155.65545464,2.33,3.2800000000000002,0.14539074231916257,0.15818943675121075,3.158804,1.0,0.45926085840074,0.15818943675121075,1.87073914159926,3.1218105632487894,0.0,1.085158,2.491267,1.085158,2.491267,0.78558114159926,0.6305435632487892,1200000.0,1.0,0.0063214833733174,6.991381483862092,682720204.3182791,755069200257.106,4.33571194908092e-05,19.28950600015483,1,-19.28950600015483,-19.28950600015483,1500,0.0,6.660514887957694,0.11,0.3,3469911125302822.5,3469911125302822.5,1.0,0,4.936725046390324e-71,-1.712999716103088e-55,0.0,244272754.83176926,1.0,16.64,0.14539074231916257,0.6546092576808374,1e-10,5e+23,5315547.458617731,1,-0.10474948724551987,-0.10474948724551987,0.0,5.860514887957694,500000000.0,3.4427275483176927,1.4368758385367123e-65,0,-2.473386016421212e-56,0.0,5e-10,1.0,2.780501556547579,1e-08,0,-616080.5877242141,0.0,-19.39425548740035,3.191865e-13,10.160021848640248,1.016002184864025e-05,-6.092885056106048e-13,-6.059977034146265e-13,0.0,-3.29080219597823e-15,0.0,0.0
-4.0,-0.1469972887026171,300.0,0.025851999786435535,-1.0,-1.0,-1.0,0.34009276282656925,5.944143186191275e-05,-3.800500180109787,-0.03800500180109787,-2.958875619912353,-2.614241070777122,0.0,-0.036111111111201626,-0.03472222222230925,0.0,4.33,4.28,4.354,4.354,2.0,1.0,16.64,16.0,0.005291772109038001,0.005291772109038001,4.0,10.0,1.0,1.0,0.11,0.3,0.8,261424107.0777122,295887561.9912353,2.33,3.2800000000000002,0.15040838755257804,0.16318463452601512,3.158804,1.0,0.47511061623463374,0.16318463452601512,1.8548893837653664,3.116815365473985,0.0,1.085158,2.491267,1.085158,2.491267,0.7697313837653663,0.6255483654739851,1200000.0,1.0,0.0063214833733174,6.991381483862092,682720204.3182791,755069200257.106,8.004323524111625e-05,23.401124914295217,1,-23.401124914295217,-23.401124914295217,1500,0.0,6.658844438049827,0.11,0.3,3469911125302822.5,3469911125302822.5,1.0,0,4.1895620083172306e-70,-1.4537407822805995e-54,0.0,261424107.0777122,1.0,16.64,0.15040838755257804,0.649591612447422,1e-10,5e+23,5315547.458617731,1,-0.13611789952582337,-0.13611789952582337,0.0,5.858844438049827,500000000.0,3.614241070777122,1.49945681516753e-64,0,-2.7096992026175736e-55,0.0,5e-10,1.0,2.9588756199049384,1e-08,0,-697661.3411053936,0.0,-23.53724281382104,4.737446e-13,15.079758970618542,1.5079758970618542e-05,-7.394442910965934e-13,-7.351680211648693e-13,0.0,-4.276269931724003e-15,0.0,0.0
-4.25,-0.15618461924653068,300.0,0.025851999786435535,-1.0,-1.0,-1.0,0.34009276282656925,5.944143186191275e-05,-4.0531973733726,-0.040531973733726,-3.1372496832701597,-2.7857545932365513,0.0,-0.036111111111201626,-0.03472222222230925,0.0,4.33,4.28,4.354,4.354,2.0,1.0,16.64,16.0,0.005291772109038001,0.005291772109038001,4.0,10.0,1.0,1.0,0.11,0.3,0.8,278575459.3236551,313724968.327016,2.33,3.2800000000000002,0.15526396278665536,0.16803140180071385,3.158804,1.0,0.4904484267063381,0.16803140180071385,1.839551573293662,3.1119685981992866,0.0,1.085158,2.491267,1.085158,2.491267,0.754393573293662,0.6207015981992865,1200000.0,1.0,0.0063214833733174,6.991381483862092,682720204.3182791,755069200257.106,0.00014487335221394522,28.226617715196163,1,-28.226617715196163,-28.226617715196163,1500,0.0,6.657173988141959,0.11,0.3,3469911125302822.5,3469911125302822.5,1.0,0,3.7089910374458685e-69,-1.2869869264481877e-53,0.0,278575459.3236551,1.0,16.64,0.15526396278665536,0.6447360372133447,1e-10,5e+23,5315547.458617731,1,-0.17501792658923168,-0.17501792658923168,0.0,5.857173988141959,500000000.0,3.7857545932365513,1.6573327796088942e-63,0,-3.137127591462936e-54,0.0,5e-10,1.0,3.137249683262298,1e-08,0,-784312.9898206728,0.0,-28.401635641785393,5.273173e-13,16.78503097457438,1.678503097457438e-05,-8.922636988216703e-13,-8.867653484974778e-13,0.0,-5.49835032419248e-15,0.0,0.0
-4.5,-0.16537194979044426,300.0,0.025851999786435535,-1.0,-1.0,-1.0,0.34009276282656925,5.944143186191275e-05,-4.305894566635414,-0.04305894566635413,-3.315623746627967,-2.9572681156959812,0.0,-0.036111111111201626,-0.03472222222230925,0.0,4.33,4.28,4.354,4.354,2.0,1.0,16.64,16.0,0.005291772109038001,0.005291772109038001,4.0,10.0,1.0,1.0,0.11,0.3,0.8,295726811.56959814,331562374.6627967,2.33,3.2800000000000002,0.15997222644654693,0.17274223292766813,3.158804,1.0,0.5053209087882582,0.17274223292766813,1.8246790912117419,3.107257767072332,0.0,1.085158,2.491267,1.085158,2.491267,0.7395210912117418,0.6159907670723319,1200000.0,1.0,0.0063214833733174,6.991381483862092,682720204.3182791,755069200257.106,0.0002575343786524213,33.86860595554066,1,-33.86860595554066,-33.86860595554066,1500,0.0,6.655503538234091,0.11,0.3,3469911125302822.5,3469911125302822.5,1.0,0,3.4362079609869365e-68,-1.1923336232682697e-52,0.0,295726811.56959814,1.0,16.64,0.15997222644654693,0.6400277735534531,1e-10,5e+23,5315547.458617731,1,-0.22290803754428393,-0.22290803754428393,0.0,5.855503538234091,500000000.0,3.9572681156959812,1.950986985409151e-62,0,-3.8602892957487262e-53,0.0,5e-10,1.0,3.3156237466196585,1e-08,0,-876035.5338700522,0.0,-34.091513993084945,5.80208e-13,18.46859424429248,1.846859424429248e-05,-1.071016499104293e-12,-1.0640136365725406e-12,0.0,-7.002862531752402e-15,0.0,0.0
-4.75,-0.1745592803343578,300.0,0.025851999786435535,-1.0,-1.0,-1.0,0.1634843319677963,2.857380056661089e-05,-4.684601213640012,-0.04684601213640012,-3.4582809702632247,-3.2143082124532283,0.0,-0.036111111111201626,-0.03472222222230925,0.0,4.33,4.28,4.354,4.354,2.0,1.0,16.64,16.0,0.005291772109038001,0.005291772109038001,4.0,10.0,1.0,1.0,0.11,0.3,0.8,321430821.2453228,345828097.0263225,2.33,3.2800000000000002,0.16677962681960787,0.17641928023679657,3.158804,1.0,0.5268241523162847,0.17641928023679657,1.8031758476837154,3.1035807197632037,0.0,1.085158,2.491267,1.085158,2.491267,0.7180178476837153,0.6123137197632036,1200000.0,1.0,0.0063214833733174,6.991381483862092,682720204.3182791,755069200257.106,0.0005916621727333447,39.04532097585183,1,-39.04532097585183,-39.04532097585183,1500,0.0,6.6530001052698005,0.11,0.3,3469911125302822.5,3469911125302822.5,1.0,0,4.348865358342483e-67,-1.5090176289356628e-51,0.0,321430821.2453228,1.0,16.64,0.16677962681960787,0.6332203731803921,1e-10,5e+23,5315547.458617731,1,-0.3152694132016282,-0.3152694132016282,0.0,5.853000105269801,500000000.0,4.214308212453228,3.278400013697499e-61,0,-6.908094050716073e-52,0.0,5e-10,1.0,3.4582809702545583,1e-08,0,-953041.4497762572,0.0,-39.360590389053456,7.698526e-13,24.50516934842953,2.450516934842953e-05,-1.2365494160720737e-12,-1.2266449353479157e-12,0.0,-9.904480724158002e-15,0.0,0.0
-5.0,-0.18374661087827138,300.0,0.025851999786435535,-1.0,-1.0,-1.0,-0.48549349328943087,-8.485457955917189e-05,-5.400341653782642,-0.05400341653782642,-3.505407409396706,-3.7001037310755946,0.0,-0.036111111111201626,-0.03472222222230925,0.0,4.33,4.28,4.354,4.354,2.0,1.0,16.64,16.0,0.005291772109038001,0.005291772109038001,4.0,10.0,1.0,1.0,0.11,0.3,0.8,370010373.10755944,350540740.93967056,2.33,3.2800000000000002,0.17893948725484987,0.17761725690116983,3.158804,1.0,0.5652347680985688,0.17761725690116983,1.7647652319014313,3.1023827430988304,0.0,1.085158,2.491267,1.085158,2.491267,0.6796072319014312,0.6111157430988303,1200000.0,1.0,0.0063214833733174,6.991381483862092,682720204.3182791,755069200257.106,0.002614229728412837,40.89725124699002,1,-40.89725124699002,-40.89725124699002,1500,0.0,6.648268716935583,0.11,0.3,3469911125302822.5,3469911125302822.5,1.0,0,1.1965150911534537e-65,-4.1518010263860895e-50,0.0,370010373.10755944,1.0,16.64,0.17893948725484987,0.6210605127451502,1e-10,5e+23,5315547.458617731,1,-0.5808779413216361,-0.5808779413216361,0.0,5.848268716935583,500000000.0,4.700103731075594,1.3152093996853493e-59,0,-3.090810303303402e-50,0.0,5e-10,1.0,3.5054074093879213,1e-08,0,-979192.8648518748,0.0,-41.478129188311655,9.875052e-13,31.43326678179014,3.1433266781790136e-05,-1.3030738594264828e-12,-1.2848250406955985e-12,0.0,-1.824881873088415e-14,0.0,0.0
-5.25,-0.19293394142218495,300.0,0.025851999786435535,-1.0,-1.0,-1.0,-1.3961117136139765,-0.0002440124823788817,-6.3027615355516,-0.063027615355516,-3.4996203607078744,-4.312604450458903,0.0,-0.036111111111201626,-0.03472222222230925,0.0,4.33,4.28,4.354,4.354,2.0,1.0,16.64,16.0,0.005291772109038001,0.005291772109038001,4.0,10.0,1.0,1.0,0.11,0.3,0.8,431260445.04589033,349962036.07078743,2.33,3.2800000000000002,0.19318306497846927,0.1774705828953153,3.158804,1.0,0.6102274383862486,0.1774705828953153,1.7197725616137514,3.102529417104685,0.0,1.085158,2.491267,1.085158,2.491267,0.6346145616137513,0.611262417104685,1200000.0,1.0,0.0063214833733174,6.991381483862092,682720204.3182791,755069200257.106,0.014900036870857883,40.66587343801076,1,-40.66587343801076,-40.66587343801076,1500,0.0,6.642303287763636,0.11,0.3,3469911125302822.5,3469911125302822.5,1.0,0,5.424299544784212e-64,-1.8821837337421775e-48,0.0,431260445.04589033,1.0,16.64,0.19318306497846927,0.6068169350215308,1e-10,5e+23,5315547.458617731,1,-1.1746059220168232,-1.1746059220168232,0.0,5.842303287763636,500000000.0,5.312604450458903,9.438886913129059e-58,0,-2.507253631103387e-48,0.0,5e-10,1.0,3.4996203606991045,1e-08,0,-975962.4504543359,0.0,-41.84047936002759,1.3257e-12,42.19834161138513,4.2198341611385126e-05,-1.3144574258013805e-12,-1.2775560924466693e-12,0.0,-3.690133335471118e-14,0.0,0.0
-5.5,-0.20212127196609853,300.0,0.025851999786435535,-1.0,-1.0,-1.0,-2.0386759783206942,-0.00035631990003758094,-7.013925924270299,-0.07013925924270299,-3.5480438620094503,-4.795294059242936,0.0,-0.036111111111201626,-0.03472222222230925,0.0,4.33,4.28,4.354,4.354,2.0,1.0,16.64,16.0,0.005291772109038001,0.005291772109038001,4.0,10.0,1.0,1.0,0.11,0.3,0.8,479529405.9242936,354804386.200945,2.33,3.2800000000000002,0.2037074259010995,0.17869417610861552,3.158804,1.0,0.6434718317660967,0.17869417610861552,1.6865281682339033,3.101305823891385,0.0,1.085158,2.491267,1.085158,2.491267,0.6013701682339032,0.6100388238913848,1200000.0,1.0,0.0063214833733174,6.991381483862092,682720204.3182791,755069200257.106,0.05390990562668949,42.636894604296884,1,-42.636894604296884,-42.636894604296884,1500,0.0,6.637602149328836,0.11,0.3,3469911125302822.5,3469911125302822.5,1.0,0,1.8101589567516846e-62,-6.281090702599221e-47,0.0,479529405.9242936,1.0,16.64,0.2037074259010995,0.5962925740989006,1e-10,5e+23,5315547.458617731,1,-1.962317539516268,-1.962317539516268,0.0,5.837602149328836,500000000.0,5.795294059242936,5.053004625981601e-56,0,-1.4641823845139124e-46,0.0,5e-10,1.0,3.5480438620005588,1e-08,0,-1003157.6739544134,0.0,-44.599212143813155,1.5421e-12,49.08656754840236,4.9086567548402356e-05,-1.401125572268961e-12,-1.339477548607414e-12,0.0,-6.164802366154706e-14,0.0,0.0
-5.75,-0.2113086025100121,300.0,0.025851999786435535,-1.0,-1.0,-1.0,-3.0504541148554156,-0.0005331585385971169,-7.988523027252454,-0.07988523027252455,-3.5217984892414336,-5.456783725799607,0.0,-0.036111111111201626,-0.03472222222230925,0.0,4.33,4.28,4.354,4.354,2.0,1.0,16.64,16.0,0.005291772109038001,0.005291772109038001,4.0,10.0,1.0,1.0,0.11,0.3,0.8,545678372.5799607,352179848.9241434,2.33,3.2800000000000002,0.21730394436642397,0.17803203654322755,3.158804,1.0,0.6864205686804375,0.17803203654322755,1.6435794313195626,3.1019679634567727,0.0,1.085158,2.491267,1.085158,2.491267,0.5584214313195626,0.6107009634567726,1200000.0,1.0,0.0063214833733174,6.991381483862092,682720204.3182791,755069200257.106,0.2839066702555166,41.55871501763204,1,-41.55871501763204,-41.55871501763204,1500,0.0,6.631159594032262,0.11,0.3,3469911125302822.5,3469911125302822.5,1.0,0,1.2379516150487651e-60,-4.295582081644307e-45,0.0,545678372.5799607,1.0,16.64,0.21730394436642397,0.5826960556335761,1e-10,5e+23,5315547.458617731,1,-3.77835047292415,-3.77835047292415,0.0,5.831159594032262,500000000.0,6.456783725799607,6.342423167128376e-54,0,-2.0475827343824447e-44,0.0,5e-10,1.0,3.5217984892326077,1e-08,0,-988371.5713752586,0.0,-45.33706549055619,2.2889e-12,72.85794984860784,7.285794984860785e-05,-1.4243059188045068e-12,-1.3056055379202463e-12,0.0,-1.187003808842603e-13,0.0,0.0
-6.0,-0.22049593305392565,300.0,0.025851999786435535,-1.0,-1.0,-1.0,-3.7149034738842226,-0.0006492910342496144,-8.71530234877591,-0.08715302348775911,-3.5657960047482535,-5.950071679953967,0.0,-0.036111111111201626,-0.03472222222230925,0.0,4.33,4.28,4.354,4.354,2.0,1.0,16.64,16.0,0.005291772109038001,0.005291772109038001,4.0,10.0,1.0,1.0,0.11,0.3,0.8,595007167.9953967,356579600.4748254,2.33,3.2800000000000002,0.2269135015864465,0.1791406540298136,3.158804,1.0,0.7167752764652735,0.1791406540298136,1.6132247235347266,3.1008593459701865,0.0,1.085158,2.491267,1.085158,2.491267,0.5280667235347265,0.6095923459701864,1200000.0,1.0,0.0063214833733174,6.991381483862092,682720204.3182791,755069200257.106,0.9185699698747064,43.37965212280379,1,-43.37965212280379,-43.37965212280379,1500,0.0,6.626355233386212,0.11,0.3,3469911125302822.5,3469911125302822.5,1.0,0,5.535730593618792e-59,-1.9208493173477046e-43,0.0,595007167.9953967,1.0,16.64,0.2269135015864465,0.5730864984135535,1e-10,5e+23,5315547.458617731,1,-5.974769458868611,-5.974769458868611,0.0,5.826355233386212,500000000.0,6.950071679953967,5.359605817635906e-52,0,-1.8624822304433917e-42,0.0,5e-10,1.0,3.565796004739318,1e-08,0,-1013221.1057101829,0.0,-49.3544215816724,1.9781e-12,62.96487858601562,6.296487858601562e-05,-1.5505148826315556e-12,-1.3628119642428129e-12,0.0,-1.8770291838874294e-13,0.0,0.0
-6.25,-0.22968326359783922,300.0,0.025851999786435535,-1.0,-1.0,-1.0,-4.659988277861243,-0.0008144730084628583,-9.642314008849423,-0.09642314008849423,-3.5530385218728244,-6.579263611717177,0.0,-0.036111111111201626,-0.03472222222230925,0.0,4.33,4.28,4.354,4.354,2.0,1.0,16.64,16.0,0.005291772109038001,0.005291772109038001,4.0,10.0,1.0,1.0,0.11,0.3,0.8,657926361.1717178,355303852.18728244,2.33,3.2800000000000002,0.23860958347371838,0.17881990774849463,3.158804,1.0,0.7537209067151155,0.17881990774849463,1.5762790932848847,3.101180092251506,0.0,1.085158,2.491267,1.085158,2.491267,0.4911210932848846,0.6099130922515057,1200000.0,1.0,0.0063214833733174,6.991381483862092,682720204.3182791,755069200257.106,3.835054274029756,42.84476494582246,1,-42.84476494582246,-42.84476494582246,1500,0.0,6.6202272407394895,0.11,0.3,3469911125302822.5,3469911125302822.5,1.0,0,4.671318679676236e-57,-1.6209060656443463e-41,0.0,657926361.1717178,1.0,16.64,0.23860958347371838,0.5613904165262816,1e-10,5e+23,5315547.458617731,1,-10.386321702608877,-10.386321702608877,0.0,5.82022724073949,500000000.0,7.579263611717177,1.0325718647357283e-49,0,-3.913067180437228e-40,0.0,5e-10,1.0,3.5530385218639204,1e-08,0,-1005983.9964088701,0.0,-53.23108664843134,2.3602e-12,75.12749933709827,7.512749933709827e-05,-1.6723039075731363e-12,-1.3460079879857734e-12,0.0,-3.262959195873628e-13,0.0,0.0
-6.5,-0.2388705941417528,300.0,0.025851999786435535,-1.0,-1.0,-1.0,-5.461705457884376,-0.0009545971814467208,-10.467033406368758,-0.10467033406368759,-3.56927534250411,-7.139026571814825,0.0,-0.036111111111201626,-0.03472222222230925,0.0,4.33,4.28,4.354,4.354,2.0,1.0,16.64,16.0,0.005291772109038001,0.005291772109038001,4.0,10.0,1.0,1.0,0.11,0.3,0.8,713902657.1814826,356927534.25041103,2.33,3.2800000000000002,0.24855284468676375,0.17922803127600653,3.158804,1.0,0.785129720007928,0.17922803127600653,1.5448702799920722,3.100771968723994,0.0,1.085158,2.491267,1.085158,2.491267,0.4597122799920721,0.6095049687239937,1200000.0,1.0,0.0063214833733174,6.991381483862092,682720204.3182791,755069200257.106,12.924577489389023,43.526519188409935,1,-43.526519188409935,-43.526519188409935,1500,0.0,6.614775449115631,0.11,0.3,3469911125302822.5,3469911125302822.5,1.0,0,3.732477279547072e-55,-1.2951364437240398e-39,0.0,713902657.1814826,1.0,16.64,0.24855284468676375,0.5514471553132363,1e-10,5e+23,5315547.458617731,1,-16.556285904034116,-16.556285904034116,0.0,5.814775449115631,500000000.0,8.139026571814824,2.227890739302693e-47,0,-9.066430963142395e-38,0.0,5e-10,1.0,3.5692753424951658,1e-08,0,-1015199.3783730102,0.0,-60.08280509244405,3.0564e-12,97.28823361321378,9.728823361321378e-05,-1.8875569908548963e-12,-1.3674259291864383e-12,0.0,-5.201310616684583e-13,0.0,0.0
-6.75,-0.24805792468566637,300.0,0.025851999786435535,-1.0,-1.0,-1.0,-6.114992603226643,-0.0010687787447748662,-11.18584853024689,-0.1118584853024689,-3.6155302757075387,-7.626908974866399,0.0,-0.036111111111201626,-0.03472222222230925,0.0,4.33,4.28,4.354,4.354,2.0,1.0,16.64,16.0,0.005291772109038001,0.005291772109038001,4.0,10.0,1.0,1.0,0.11,0.3,0.8,762690897.48664,361553027.5707539,2.33,3.2800000000000002,0.25690557002716713,0.18038561845291215,3.158804,1.0,0.8115143422240956,0.18038561845291215,1.5184856577759045,3.099614381547088,0.0,1.085158,2.491267,1.085158,2.491267,0.43332765777590443,0.6083473815470879,1200000.0,1.0,0.0063214833733174,6.991381483862092,682720204.3182791,755069200257.106,35.863981316916025,45.51982111939728,1,-45.51982111939728,-45.51982111939728,1500,0.0,6.610023735644055,0.11,0.3,3469911125302822.5,3469911125302822.5,1.0,0,2.825062718709926e-53,-9.802716557329812e-38,0.0,762690897.48664,1.0,16.64,0.25690557002716713,0.5430944299728329,1e-10,5e+23,5315547.458617731,1,-24.433860617329227,-24.433860617329227,0.0,5.810023735644055,500000000.0,8.6269089748664,6.244448067612402e-45,0,-2.693514253878629e-35,0.0,5e-10,1.0,3.6155302756984784,1e-08,0,-1041682.2039848039,0.0,-69.95368173672651,3.6799e-12,117.13485501677313,0.00011713485501677313,-2.197659726356585e-12,-1.4300473562142002e-12,0.0,-7.676123701423847e-13,0.0,0.0
-7.0,-0.2572452552295799,300.0,0.025851999786435535,-1.0,-1.0,-1.0,-7.34117912167359,-0.0012830916921616022,-12.313425210427287,-0.12313425210427287,-3.5459234972880918,-8.39223068566084,0.0,-0.036111111111201626,-0.03472222222230925,0.0,4.33,4.28,4.354,4.354,2.0,1.0,16.64,16.0,0.005291772109038001,0.005291772109038001,4.0,10.0,1.0,1.0,0.11,0.3,0.8,839223068.566084,354592349.7288092,2.33,3.2800000000000002,0.2694870779744123,0.17864077295645442,3.158804,1.0,0.8512568598538854,0.17864077295645442,1.4787431401461146,3.1013592270435457,0.0,1.085158,2.491267,1.085158,2.491267,0.39358514014611456,0.6100922270435456,1200000.0,1.0,0.0063214833733174,6.991381483862092,682720204.3182791,755069200257.106,166.84124074109968,42.548909363867956,1,-42.548909363867956,-42.548909363867956,1500,0.0,6.6025699118116625,0.11,0.3,3469911125302822.5,3469911125302822.5,1.0,0,8.318342473122747e-51,-2.886390909156761e-35,0.0,839223068.566084,1.0,16.64,0.2694870779744123,0.5305129220255878,1e-10,5e+23,5315547.458617731,1,-43.7402210093528,-43.7402210093528,0.0,5.802569911811663,500000000.0,9.39223068566084,2.1170116382170207e-41,0,-9.941730835181513e-32,0.0,5e-10,1.0,3.5459234972792055,1e-08,0,-1001959.027802988,0.0,-86.28913037322076,4.4193e-12,140.6706880012026,0.0001406706880012026,-2.7108529806516223e-12,-1.3367134107578555e-12,0.0,-1.374139569893767e-12,0.0,0.0
-7.25,-0.2664325857734935,300.0,0.025851999786435535,-1.0,-1.0,-1.0,-8.165456933011747,-0.0014271590135321818,-13.15424153386489,-0.1315424153386489,-3.557597713241898,-8.962919134994685,0.0,-0.036111111111201626,-0.03472222222230925,0.0,4.33,4.28,4.354,4.354,2.0,1.0,16.64,16.0,0.005291772109038001,0.005291772109038001,4.0,10.0,1.0,1.0,0.11,0.3,0.8,896291913.4994686,355759771.3241898,2.33,3.2800000000000002,0.27849921659996146,0.1789346001176594,3.158804,1.0,0.8797244393928246,0.1789346001176594,1.4502755606071753,3.1010653998823408,0.0,1.085158,2.491267,1.085158,2.491267,0.36511756060717526,0.6097983998823406,1200000.0,1.0,0.0063214833733174,6.991381483862092,682720204.3182791,755069200257.106,501.8081363526023,43.03526797005231,1,-43.03526797005231,-43.03526797005231,1500,0.0,6.597011711770401,0.11,0.3,3469911125302822.5,3469911125302822.5,1.0,0,1.6566861648672474e-48,-5.7485537546081276e-33,0.0,896291913.4994686,1.0,16.64,0.27849921659996146,0.5215007834000386,1e-10,5e+23,5315547.458617731,1,-66.19882843624276,-66.19882843624276,0.0,5.797011711770401,500000000.0,9.962919134994685,3.226863350901598e-38,0,-1.6074489312355301e-28,0.0,5e-10,1.0,3.557597713232983,1e-08,0,-1008567.371828732,0.0,-109.23409640629507,8.9524e-12,284.96374250717673,0.00028496374250717673,-3.4316903479153583e-12,-1.3519928169998447e-12,0.0,-2.0796975309155138e-12,0.0,0.0
-7.5,-0.27561991631740707,300.0,0.025851999786435535,-1.0,-1.0,-1.0,-8.675671128702945,-0.0015163342788218597,-13.770974644199887,-0.13770974644199888,-3.6327873557707604,-9.381515268988554,0.0,-0.036111111111201626,-0.03472222222230925,0.0,4.33,4.28,4.354,4.354,2.0,1.0,16.64,16.0,0.005291772109038001,0.005291772109038001,4.0,10.0,1.0,1.0,0.11,0.3,0.8,938151526.8988554,363278735.577076,2.33,3.2800000000000002,0.28492839627703903,0.1808156001050486,3.158804,1.0,0.900032957873496,0.1808156001050486,1.429967042126504,3.0991843998949515,0.0,1.085158,2.491267,1.085158,2.491267,0.344809042126504,0.6079173998949514,1200000.0,1.0,0.0063214833733174,6.991381483862092,682720204.3182791,755069200257.106,1100.793340244004,46.2832577955249,1,-46.2832577955249,-46.2832577955249,1500,0.0,6.592934809474669,0.11,0.3,3469911125302822.5,3469911125302822.5,1.0,0,2.82379929265003e-46,-9.79833258118858e-31,0.0,938151526.8988554,1.0,16.64,0.28492839627703903,0.515071603722961,1e-10,5e+23,5315547.458617731,1,-88.85446986068182,-88.85446986068182,0.0,5.792934809474669,500000000.0,10.381515268988554,1.594088496490874e-35,0,-8.274527033219508e-26,0.0,5e-10,1.0,3.6327873557616566,1e-08,0,-1051649.922612975,0.0,-135.13772765620672,1.09581e-11,348.8071563790596,0.0003488071563790597,-4.245476924275573e-12,-1.4540314267462355e-12,0.0,-2.791445497529337e-12,0.0,0.0
-7.75,-0.28480724686132064,300.0,0.025851999786435535,-1.0,-1.0,-1.0,-9.509967753608185,-0.001662152688980791,-14.618939353581416,-0.14618939353581417,-3.6424353923590314,-9.957055552398243,0.0,-0.036111111111201626,-0.03472222222230925,0.0,4.33,4.28,4.354,4.354,2.0,1.0,16.64,16.0,0.005291772109038001,0.005291772109038001,4.0,10.0,1.0,1.0,0.11,0.3,0.8,995705555.2398243,364243539.23590314,2.33,3.2800000000000002,0.2935382521044518,0.18105554792055187,3.158804,1.0,0.9272298049005507,0.18105554792055187,1.4027701950994493,3.0989444520794485,0.0,1.085158,2.491267,1.085158,2.491267,0.31761219509944927,0.6076774520794483,1200000.0,1.0,0.0063214833733174,6.991381483862092,682720204.3182791,755069200257.106,3152.047217862934,46.71484007967328,1,-46.71484007967328,-46.71484007967328,1500,0.0,6.587329355166405,0.11,0.3,3469911125302822.5,3469911125302822.5,1.0,0,2.7252230313642035e-43,-9.456281715462133e-28,0.0,995705555.2398243,1.0,16.64,0.2935382521044518,0.5064617478955482,1e-10,5e+23,5315547.458617731,1,-131.57592515903582,-131.57592515903582,0.0,5.787329355166405,500000000.0,10.957055552398243,1.3780767901207087e-32,0,-7.54983197241163e-23,0.0,5e-10,1.0,3.6424353923499035,1e-08,0,-1057243.3303164416,0.0,-178.2907652387091,9.6035e-12,305.68889919660336,0.0003056888991966034,-5.60116958276831e-12,-1.4675899840792362e-12,0.0,-4.133579598689074e-12,0.0,0.0
-8.0,-0.2939945774052342,300.0,0.025851999786435535,-1.0,-1.0,-1.0,-10.448426148458477,-0.001826176499041049,-15.541223095569315,-0.15541223095569315,-3.631018017606213,-10.583038497649603,0.0,-0.036111111111201626,-0.03472222222230925,0.0,4.33,4.28,4.354,4.354,2.0,1.0,16.64,16.0,0.005291772109038001,0.005291772109038001,4.0,10.0,1.0,1.0,0.11,0.3,0.8,1058303849.7649603,363101801.7606213,2.33,3.2800000000000002,0.30262473821539804,0.18077156189489973,3.158804,1.0,0.9559322335737521,0.18077156189489973,1.374067766426248,3.0992284381051007,0.0,1.085158,2.491267,1.085158,2.491267,0.2889097664262479,0.6079614381051006,1200000.0,1.0,0.0063214833733174,6.991381483862092,682720204.3182791,755069200257.106,9566.923346723013,46.204482582857956,1,-46.204482582857956,-46.204482582857956,1500,0.0,6.5812326163307295,0.11,0.3,3469911125302822.5,3469911125302822.5,1.0,0,5.3109386199632014e-40,-1.8428485003210732e-24,0.0,1058303849.7649603,1.0,16.64,0.30262473821539804,0.497375261784602,1e-10,5e+23,5315547.458617731,1,-198.74770684720863,-198.74770684720863,0.0,5.78123261633073,500000000.0,11.583038497649603,1.2348335033496632e-29,0,-7.15156200374334e-20,0.0,5e-10,1.0,3.6310180175971136,1e-08,0,-1050625.7662109947,0.0,-244.9521894300666,1.34826e-11,429.16448714615757,0.0004291644871461576,-7.695399987942326e-12,-1.4515566304522412e-12,0.0,-6.243843357490085e-12,0.0,0.0
-8.25,-0.3031819079491478,300.0,0.025851999786435535,-1.0,-1.0,-1.0,-11.42634634214083,-0.001997097444479694,-16.49166268317748,-0.1649166268317748,-3.611619989057909,-11.228131699717837,0.0,-0.036111111111201626,-0.03472222222230925,0.0,4.33,4.28,4.354,4.354,2.0,1.0,16.64,16.0,0.005291772109038001,0.005291772109038001,4.0,10.0,1.0,1.0,0.11,0.3,0.8,1122813169.9717836,361161998.9057909,2.33,3.2800000000000002,0.3117116168226136,0.18028804627939812,3.158804,1.0,0.9846359020657391,0.18028804627939812,1.345364097934261,3.099711953720602,0.0,1.085158,2.491267,1.085158,2.491267,0.26020609793426086,0.608444953720602,1200000.0,1.0,0.0063214833733174,6.991381483862092,682720204.3182791,755069200257.106,29038.401247282716,45.3483412792152,1,-45.3483412792152,-45.3483412792152,1500,0.0,6.574949753822231,0.11,0.3,3469911125302822.5,3469911125302822.5,1.0,0,9.216319952216448e-37,-3.1979811136546228e-21,0.0,1122813169.9717836,1.0,16.64,0.3117116168226136,0.48828838317738643,1e-10,5e+23,5315547.458617731,1,-299.67608780297667,-299.67608780297667,0.0,5.774949753822231,500000000.0,12.228131699717837,9.630941138580001e-27,0,-5.888420831739335e-17,0.0,5e-10,1.0,3.611619989048858,1e-08,0,-1039430.2115909467,0.0,-345.0244290821919,1.91266e-11,608.818586908289,0.000608818586908289,-1.0839262117136267e-11,-1.4246601581526523e-12,0.0,-9.414601958983615e-12,0.0,0.0
-8.5,-0.31236923849306136,300.0,0.025851999786435535,-1.0,-1.0,-1.0,-12.312771552385854,-0.0021520268916621114,-17.37682094289552,-0.1737682094289552,-3.6107256731747213,-11.82891641401581,0.0,-0.036111111111201626,-0.03472222222230925,0.0,4.33,4.28,4.354,4.354,2.0,1.0,16.64,16.0,0.005291772109038001,0.005291772109038001,4.0,10.0,1.0,1.0,0.11,0.3,0.8,1182891641.401581,361072567.3174721,2.33,3.2800000000000002,0.31994234253733456,0.18026572327111462,3.158804,1.0,1.0106351513763026,0.18026572327111462,1.3193648486236975,3.099734276728886,0.0,1.085158,2.491267,1.085158,2.491267,0.23420684862369745,0.6084672767288857,1200000.0,1.0,0.0063214833733174,6.991381483862092,682720204.3182791,755069200257.106,79385.4419650852,45.30920022743967,1,-45.30920022743967,-45.30920022743967,1500,0.0,6.569098432268942,0.11,0.3,3469911125302822.5,3469911125302822.5,1.0,0,9.907106768439507e-34,-3.437677999537114e-18,0.0,1182891641.401581,1.0,16.64,0.31994234253733456,0.4800576574626655,1e-10,5e+23,5315547.458617731,1,-434.0698904616833,-434.0698904616833,0.0,5.769098432268942,500000000.0,12.82891641401581,4.292026430491568e-24,0,-2.753102416176148e-14,0.0,5e-10,1.0,3.6107256731656734,1e-08,0,-1038915.5041419378,0.0,-479.37909068912296,3.62616e-11,1154.2425768842143,0.0011542425768842142,-1.506013829593504e-11,-1.4234305057455345e-12,0.0,-1.3636707790189506e-11,0.0,0.0
-8.75,-0.32155656903697494,300.0,0.025851999786435535,-1.0,-1.0,-1.0,-13.038253146564458,-0.002278826604743422,-18.14714653553678,-0.18147146535536782,-3.6423801847255355,-12.351760590196031,0.0,-0.036111111111201626,-0.03472222222230925,0.0,4.33,4.28,4.354,4.354,2.0,1.0,16.64,16.0,0.005291772109038001,0.005291772109038001,4.0,10.0,1.0,1.0,0.11,0.3,0.8,1235176059.019603,364238018.47255355,2.33,3.2800000000000002,0.32693669756445903,0.18105417580476518,3.158804,1.0,1.0327289480134034,0.18105417580476518,1.2972710519865966,3.0989458241952352,0.0,1.085158,2.491267,1.085158,2.491267,0.21211305198659658,0.6076788241952351,1200000.0,1.0,0.0063214833733174,6.991381483862092,682720204.3182791,755069200257.106,186595.13427443744,46.71236071757064,1,-46.71236071757064,-46.71236071757064,1500,0.0,6.564006209840031,0.11,0.3,3469911125302822.5,3469911125302822.5,1.0,0,5.109329692146336e-31,-1.7728919941618615e-15,0.0,1235176059.019603,1.0,16.64,0.32693669756445903,0.473063302435541,1e-10,5e+23,5315547.458617731,1,-594.0781193338813,-594.0781193338813,0.0,5.764006209840031,500000000.0,13.35176059019603,8.4544228882637e-22,0,-5.644071516618528e-12,0.0,5e-10,1.0,3.642380184716408,1e-08,0,-1057211.281726049,0.0,-640.7904800514519,8.20693e-11,2612.346954218337,0.002612346954218337,-2.0131026646199185e-11,-1.4675120926215638e-12,0.0,-1.8663514553577622e-11,0.0,0.0
-9.0,-0.3307438995808885,300.0,0.025851999786435535,-1.0,-1.0,-1.0,-14.03262618081833,-0.002452623178565449,-19.10932516325099,-0.1910932516325099,-3.6196547755600292,-13.004821447515535,0.0,-0.036111111111201626,-0.03472222222230925,0.0,4.33,4.28,4.354,4.354,2.0,1.0,16.64,16.0,0.005291772109038001,0.005291772109038001,4.0,10.0,1.0,1.0,0.11,0.3,0.8,1300482144.7515535,361965477.5560029,2.33,3.2800000000000002,0.3354682596934462,0.18048847866109555,3.158804,1.0,1.0596784805926966,0.18048847866109555,1.2703215194073034,3.0995115213389046,0.0,1.085158,2.491267,1.085158,2.491267,0.18516351940730336,0.6082445213389045,1200000.0,1.0,0.0063214833733174,6.991381483862092,682720204.3182791,755069200257.106,529215.4761926248,45.70129665056657,1,-45.70129665056657,-45.70129665056657,1500,0.0,6.557645746633992,0.11,0.3,3469911125302822.5,3469911125302822.5,1.0,0,4.394383606620649e-28,-1.524812056546133e-12,0.0,1300482144.7515535,1.0,16.64,0.3354682596934462,0.46453174030655386,1e-10,5e+23,5315547.458617731,1,-870.0476158140327,-870.0476158140327,0.0,5.757645746633992,500000000.0,14.004821447515535,2.8611323525233247e-19,0,-2.003482386739962e-09,0.0,5e-10,1.0,3.6196547755509587,1e-08,0,-1044060.2057649348,0.0,-915.7489124645992,1.373866e-10,4373.151300917797,0.004373151300917798,-2.8769100559316277e-11,-1.4357485781694776e-12,0.0,-2.7333351981146803e-11,0.0,0.0
-9.25,-0.33993123012480203,300.0,0.025851999786435535,-1.0,-1.0,-1.0,-14.765697200348017,-0.0025807493718286024,-19.885065782445935,-0.19885065782445935,-3.649774421037161,-13.531340972307433,0.0,-0.036111111111201626,-0.03472222222230925,0.0,4.33,4.28,4.354,4.354,2.0,1.0,16.64,16.0,0.005291772109038001,0.005291772109038001,4.0,10.0,1.0,1.0,0.11,0.3,0.8,1353134097.2307434,364977442.1037161,2.33,3.2800000000000002,0.3421918468435586,0.18123785770284628,3.158804,1.0,1.0809169745768201,0.18123785770284628,1.24908302542318,3.098762142297154,0.0,1.085158,2.491267,1.085158,2.491267,0.16392502542317988,0.6074951422971537,1200000.0,1.0,0.0063214833733174,6.991381483862092,682720204.3182791,755069200257.106,1203437.4759561594,47.045440141107136,1,-47.045440141107136,-47.045440141107136,1500,0.0,6.552517728276796,0.11,0.3,3469911125302822.5,3469911125302822.5,1.0,0,1.2831965434159482e-25,-4.452577961949125e-10,0.0,1353134097.2307434,1.0,16.64,0.3421918468435586,0.45780815315644147,1e-10,5e+23,5315547.458617731,1,-1174.1694001036024,-1174.1694001036024,0.0,5.752517728276796,500000000.0,14.531340972307435,3.026990086734232e-17,0,-2.1993112535064789e-07,0.0,5e-10,1.0,3.649774421028015,1e-08,0,-1061508.0351675493,0.0,-1221.2148402447094,2.775039e-10,8833.223482455802,0.008833223482455802,-3.8365595705676126e-11,-1.4779760913220055e-12,0.0,-3.688761961435412e-11,0.0,0.0
-9.5,-0.3491185606687156,300.0,0.025851999786435535,-1.0,-1.0,-1.0,-15.804451537338801,-0.0027623029121930914,-20.87891030338525,-0.2087891030338525,-3.618073450122854,-14.205894466006216,0.0,-0.036111111111201626,-0.03472222222230925,0.0,4.33,4.28,4.354,4.354,2.0,1.0,16.64,16.0,0.005291772109038001,0.005291772109038001,4.0,10.0,1.0,1.0,0.11,0.3,0.8,1420589446.6006215,361807345.0122854,2.33,3.2800000000000002,0.3506174531922971,0.18044904918246468,3.158804,1.0,1.1075318136136407,0.18044904918246468,1.2224681863863593,3.0995509508175356,0.0,1.085158,2.491267,1.085158,2.491267,0.13731018638635928,0.6082839508175355,1200000.0,1.0,0.0063214833733174,6.991381483862092,682720204.3182791,755069200257.106,3369249.31625706,45.63164614677621,1,-45.63164614677621,-45.63164614677621,1500,0.0,6.54594793829614,0.11,0.3,3469911125302822.5,3469911125302822.5,1.0,0,7.217833097954351e-23,-2.5045239367170737e-07,0.0,1420589446.6006215,1.0,16.64,0.3506174531922971,0.44938254680770295,1e-10,5e+23,5315547.458617731,1,-1707.664150279364,-1707.664150279364,0.0,5.7459479382961405,500000000.0,15.205894466006214,6.050589376104829e-15,0,-4.600231175509421e-05,0.0,5e-10,1.0,3.6180734501137874,1e-08,0,-1043148.1639122466,0.0,-1753.2957964261402,6.294106e-10,20034.761644887138,0.02003476164488714,-5.508141193622228e-11,-1.4335604430592116e-12,0.0,-5.3647851493163075e-11,0.0,0.0
-9.25,-0.33993123012480203,300.0,0.025851999786435535,-1.0,-1.0,-1.0,-15.804451537338801,-0.0027623029121930914,-20.62621311012244,-0.20626213110122438,-3.4396993867650485,-14.034380943546783,0.0,-0.036111111111201626,-0.03472222222230925,0.0,4.33,4.28,4.354,4.354,2.0,1.0,16.64,16.0,0.005291772109038001,0.005291772109038001,4.0,10.0,1.0,1.0,0.11,0.3,0.8,1403438094.3546782,343969938.67650485,2.33,3.2800000000000002,0.34849445245082916,0.17594468535631233,3.158804,1.0,1.100825670379489,0.17594468535631233,1.229174329620511,3.104055314643688,0.0,1.085158,2.491267,1.085158,2.491267,0.14401632962051103,0.6127883146436877,1200000.0,1.0,0.0063214833733174,6.991381483862092,682720204.3182791,755069200257.106,2599410.692075353,38.335060611442806,1,-38.335060611442806,-38.335060611442806,1500,0.0,6.5476183882040075,0.11,0.3,3469911125302822.5,3469911125302822.5,1.0,0,3.438984495188322e-24,-1.193297055959787e-08,0.0,1403438094.3546782,1.0,16.64,0.34849445245082916,0.4515055475491709,1e-10,5e+23,5315547.458617731,1,-1554.0403650260728,-1554.0403650260728,0.0,5.747618388204008,500000000.0,15.03438094354678,8.544313291079713e-16,0,-6.422923045955116e-06,0.0,5e-10,1.0,3.4396993867564287,1e-08,0,-942827.4483496947,0.0,-1592.3754256375155,5.328221e-10,16960.254200720832,0.016960254200720833,-5.002594938939739e-11,-1.2043314479182817e-12,0.0,-4.8821617941479113e-11,0.0,0.0
-9.0,-0.3307438995808885,300.0,0.025851999786435535,-1.0,-1.0,-1.0,-15.804451537338801,-0.0027623029121930914,-20.373515916859628,-0.20373515916859627,-3.2613253234072435,-13.862867421087357,0.0,-0.036111111111201626,-0.03472222222230925,0.0,4.33,4.28,4.354,4.354,2.0,1.0,16.64,16.0,0.005291772109038001,0.005291772109038001,4.0,10.0,1.0,1.0,0.11,0.3,0.8,1386286742.1087356,326132532.34072435,2.33,3.2800000000000002,0.34635843904105157,0.1713219345542419,3.158804,1.0,1.0940784226766298,0.1713219345542419,1.2359215773233703,3.1086780654457584,0.0,1.085158,2.491267,1.085158,2.491267,0.1507635773233702,0.6174110654457583,1200000.0,1.0,0.0063214833733174,6.991381483862092,682720204.3182791,755069200257.106,2002286.0810564535,32.058068958706016,1,-32.058068958706016,-32.058068958706016,1500,0.0,6.549288838111876,0.11,0.3,3469911125302822.5,3469911125302822.5,1.0,0,1.1616372563549105e-25,-4.0307780393921506e-10,0.0,1386286742.1087356,1.0,16.64,0.34635843904105157,0.4536415609589485,1e-10,5e+23,5315547.458617731,1,-1413.313991183728,-1413.313991183728,0.0,5.749288838111876,500000000.0,14.862867421087355,9.677309034869204e-17,0,-7.19162805890759e-07,0.0,5e-10,1.0,3.261325323399071,1e-08,0,-847577.6281212432,0.0,-1445.3720601424338,4.357024e-10,13868.838135400443,0.013868838135400442,-4.5407702458474153e-11,-1.0071339392894583e-12,0.0,-4.4400568519184695e-11,0.0,0.0
-8.75,-0.32155656903697494,300.0,0.025851999786435535,-1.0,-1.0,-1.0,-15.804451537338801,-0.0027623029121930914,-20.120818723596813,-0.20120818723596812,-3.0829512600494353,-13.691353898627927,0.0,-0.036111111111201626,-0.03472222222230925,0.0,4.33,4.28,4.354,4.354,2.0,1.0,16.64,16.0,0.005291772109038001,0.005291772109038001,4.0,10.0,1.0,1.0,0.11,0.3,0.8,1369135389.8627927,308295126.00494355,2.33,3.2800000000000002,0.344209170710056,0.16657094048387946,3.158804,1.0,1.0872893052756079,0.16657094048387946,1.2427106947243922,3.113429059516121,0.0,1.085158,2.491267,1.085158,2.491267,0.15755269472439215,0.6221620595161208,1200000.0,1.0,0.0063214833733174,6.991381483862092,682720204.3182791,755069200257.106,1539834.251827576,26.676212676389397,1,-26.676212676389397,-26.676212676389397,1500,0.0,6.550959288019743,0.11,0.3,3469911125302822.5,3469911125302822.5,1.0,0,2.621468118472247e-27,-9.096261388913508e-12,0.0,1369135389.8627927,1.0,16.64,0.344209170710056,0.455790829289944,1e-10,5e+23,5315547.458617731,1,-1284.4756213978794,-1284.4756213978794,0.0,5.750959288019743,500000000.0,14.691353898627927,8.448618431904421e-18,0,-6.20608216687894e-08,0.0,5e-10,1.0,3.0829512600417095,1e-08,0,-757398.7032268897,0.0,-1311.151834074269,2.985269e-10,9502.406356179985,0.009502406356179986,-4.119104969668507e-11,-8.380579376974386e-13,0.0,-4.0352991758987626e-11,0.0,0.0
-8.5,-0.31236923849306136,300.0,0.025851999786435535,-1.0,-1.0,-1.0,-15.804451537338801,-0.0027623029121930914,-19.868121530334005,-0.19868121530334004,-2.9045771966916307,-13.5198403761685,0.0,-0.036111111111201626,-0.03472222222230925,0.0,4.33,4.28,4.354,4.354,2.0,1.0,16.64,16.0,0.005291772109038001,0.005291772109038001,4.0,10.0,1.0,1.0,0.11,0.3,0.8,1351984037.61685,290457719.66916305,2.33,3.2800000000000002,0.34204639759374034,0.16168039821809047,3.158804,1.0,1.0804575289046974,0.16168039821809047,1.2495424710953027,3.1183196017819097,0.0,1.085158,2.491267,1.085158,2.491267,0.16438447109530263,0.6270526017819096,1200000.0,1.0,0.0063214833733174,6.991381483862092,682720204.3182791,755069200257.106,1182238.733698924,22.078353218984894,1,-22.078353218984894,-22.078353218984894,1500,0.0,6.552629737927611,0.11,0.3,3469911125302822.5,3469911125302822.5,1.0,0,3.666400136210093e-29,-1.2722082622447185e-13,0.0,1351984037.61685,1.0,16.64,0.34204639759374034,0.4579536024062597,1e-10,5e+23,5315547.458617731,1,-1166.589449691157,-1166.589449691157,0.0,5.752629737927611,500000000.0,14.5198403761685,5.397945177631101e-19,0,-3.918865116925605e-09,0.0,5e-10,1.0,2.904577196684352,1e-08,0,-672290.6736666375,0.0,-1188.6678029101417,2.499255e-10,7955.375745942697,0.007955375745942695,-3.7343100371812215e-11,-6.936119227612351e-13,0.0,-3.664948844905098e-11,0.0,0.0
-8.25,-0.3031819079491478,300.0,0.025851999786435535,-1.0,-1.0,-1.0,-15.804451537338801,-0.0027623029121930914,-19.615424337071186,-0.19615424337071186,-2.726203133333822,-13.348326853709068,0.0,-0.036111111111201626,-0.03472222222230925,0.0,4.33,4.28,4.354,4.354,2.0,1.0,16.64,16.0,0.005291772109038001,0.005291772109038001,4.0,10.0,1.0,1.0,0.11,0.3,0.8,1334832685.3709068,272620313.3333822,2.33,3.2800000000000002,0.33986986187775714,0.156637237342327,3.158804,1.0,1.0735822791789067,0.156637237342327,1.2564177208210934,3.123362762657673,0.0,1.085158,2.491267,1.085158,2.491267,0.1712597208210933,0.6320957626576731,1200000.0,1.0,0.0063214833733174,6.991381483862092,682720204.3182791,755069200257.106,906162.4716457017,18.165414128668093,1,-18.165414128668093,-18.165414128668093,1500,0.0,6.554300187835479,0.11,0.3,3469911125302822.5,3469911125302822.5,1.0,0,2.895222258078092e-31,-1.004616392352953e-15,0.0,1334832685.3709068,1.0,16.64,0.33986986187775714,0.4601301381222429,1e-10,5e+23,5315547.458617731,1,-1058.7882721527055,-1058.7882721527055,0.0,5.754300187835479,500000000.0,14.348326853709068,2.3764456505448964e-20,0,-1.7049009472046724e-10,0.0,5e-10,1.0,2.7262031333269903,1e-08,0,-592253.5394404831,0.0,-1076.9536862813736,1.892083e-10,6022.687243802852,0.006022687243802852,-3.3833497890780104e-11,-5.706833157603992e-13,0.0,-3.326281457501971e-11,0.0,0.0
-8.0,-0.2939945774052342,300.0,0.025851999786435535,-1.0,-1.0,-1.0,-15.804451537338801,-0.0027623029121930914,-19.36272714380837,-0.1936272714380837,-2.5478290699760158,-13.17681333124964,0.0,-0.036111111111201626,-0.03472222222230925,0.0,4.33,4.28,4.354,4.354,2.0,1.0,16.64,16.0,0.005291772109038001,0.005291772109038001,4.0,10.0,1.0,1.0,0.11,0.3,0.8,1317681333.124964,254782906.99760157,2.33,3.2800000000000002,0.33767929743879227,0.15142621000511328,3.158804,1.0,1.0666627154668467,0.15142621000511328,1.2633372845331534,3.128573789994887,0.0,1.085158,2.491267,1.085158,2.491267,0.17817928453315335,0.637306789994887,1200000.0,1.0,0.0063214833733174,6.991381483862092,682720204.3182791,755069200257.106,693365.9620207128,14.849228727478403,1,-14.849228727478403,-14.849228727478403,1500,0.0,6.555970637743346,0.11,0.3,3469911125302822.5,3469911125302822.5,1.0,0,1.14527781424022e-33,-3.974012229194639e-18,0.0,1317681333.124964,1.0,16.64,0.33767929743879227,0.4623207025612078,1e-10,5e+23,5315547.458617731,1,-960.2688040717094,-960.2688040717094,0.0,5.755970637743347,500000000.0,14.17681333124964,6.659105322967441e-22,0,-4.720244655842013e-12,0.0,5e-10,1.0,2.547829069969631,1e-08,0,-517287.3005484296,0.0,-975.1180327991877,1.306524e-10,4158.795057363909,0.0041587950573639095,-3.0634236482248596e-11,-4.665022788172067e-13,0.0,-3.016773420343139e-11,0.0,0.0
-7.75,-0.28480724686132064,300.0,0.025851999786435535,-1.0,-1.0,-1.0,-15.804451537338801,-0.0027623029121930914,-19.110029950545563,-0.19110029950545562,-2.369455006618209,-13.00529980879021,0.0,-0.036111111111201626,-0.03472222222230925,0.0,4.33,4.28,4.354,4.354,2.0,1.0,16.64,16.0,0.005291772109038001,0.005291772109038001,4.0,10.0,1.0,1.0,0.11,0.3,0.8,1300529980.8790212,236945500.6618209,2.33,3.2800000000000002,0.3354744294647611,0.14602934647114205,3.158804,1.0,1.0596979696910052,0.14602934647114205,1.270302030308995,3.1339706535288583,0.0,1.085158,2.491267,1.085158,2.491267,0.18514403030899484,0.6427036535288582,1200000.0,1.0,0.0063214833733174,6.991381483862092,682720204.3182791,755069200257.106,529614.5873328312,12.051485424612054,1,-12.051485424612054,-12.051485424612054,1500,0.0,6.557641087651214,0.11,0.3,3469911125302822.5,3469911125302822.5,1.0,0,1.9395619423738278e-36,-6.7301075620568966e-21,0.0,1300529980.8790212,1.0,16.64,0.3354744294647611,0.46452557053523896,1e-10,5e+23,5315547.458617731,1,-870.2872948343032,-870.2872948343032,0.0,5.757641087651214,500000000.0,14.005299808790213,1.0717276104677353e-23,0,-7.504933248979481e-14,0.0,5e-10,1.0,2.369455006612271,1e-08,0,-447391.9569904753,0.0,-882.3387802589152,9.89885e-11,3150.9018168504163,0.003150901816850416,-2.7719490300387872e-11,-3.78608580748057e-13,0.0,-2.7340881719639815e-11,0.0,0.0
-7.5,-0.27561991631740707,300.0,0.025851999786435535,-1.0,-1.0,-1.0,-15.804451537338801,-0.0027623029121930914,-18.857332757282748,-0.1885733275728275,-2.1910809432604026,-12.833786286330783,0.0,-0.036111111111201626,-0.03472222222230925,0.0,4.33,4.28,4.354,4.354,2.0,1.0,16.64,16.0,0.005291772109038001,0.005291772109038001,4.0,10.0,1.0,1.0,0.11,0.3,0.8,1283378628.6330783,219108094.32604027,2.33,3.2800000000000002,0.3332549740523877,0.14042522204029104,3.158804,1.0,1.0526871450565785,0.14042522204029104,1.2773128549434216,3.139574777959709,0.0,1.085158,2.491267,1.085158,2.491267,0.19215485494342155,0.6483077779597091,1200000.0,1.0,0.0063214833733174,6.991381483862092,682720204.3182791,755069200257.106,403815.76359559287,9.702763214151325,1,-9.702763214151325,-9.702763214151325,1500,0.0,6.559311537559082,0.11,0.3,3469911125302822.5,3469911125302822.5,1.0,0,5.078916000971764e-39,-1.7623387136250445e-23,0.0,1283378628.6330783,1.0,16.64,0.3332549740523877,0.46674502594761236,1e-10,5e+23,5315547.458617731,1,-788.1554229326355,-788.1554229326355,0.0,5.759311537559082,500000000.0,13.833786286330783,8.649774722092773e-26,0,-5.982956746516883e-16,0.0,5e-10,1.0,2.191080943254912,1e-08,0,-382567.5087666212,0.0,-797.8581861467868,7.36117e-11,2343.1331848795344,0.0023431331848795343,-2.5065454162052233e-11,-3.0482129633099097e-13,0.0,-2.4760632865721242e-11,0.0,0.0
-7.25,-0.2664325857734935,300.0,0.025851999786435535,-1.0,-1.0,-1.0,-15.804451537338801,-0.0027623029121930914,-18.604635564019937,-0.18604635564019936,-2.012706879902598,-12.662272763871355,0.0,-0.036111111111201626,-0.03472222222230925,0.0,4.33,4.28,4.354,4.354,2.0,1.0,16.64,16.0,0.005291772109038001,0.005291772109038001,4.0,10.0,1.0,1.0,0.11,0.3,0.8,1266227276.3871355,201270687.9902598,2.33,3.2800000000000002,0.33102063778049884,0.1345879487151106,3.158804,1.0,1.0456293147035909,0.1345879487151106,1.2843706852964092,3.1454120512848895,0.0,1.085158,2.491267,1.085158,2.491267,0.19921268529640912,0.6541450512848894,1200000.0,1.0,0.0063214833733174,6.991381483862092,682720204.3182791,755069200257.106,307338.47841960605,7.7416504303995675,1,-7.7416504303995675,-7.7416504303995675,1500,0.0,6.56098198746695,0.11,0.3,3469911125302822.5,3469911125302822.5,1.0,0,4.4456746194884425e-41,-1.5426095821639338e-25,0.0,1266227276.3871355,1.0,16.64,0.33102063778049884,0.4689793622195012,1e-10,5e+23,5315547.458617731,1,-713.2364544116784,-713.2364544116784,0.0,5.76098198746695,500000000.0,13.662272763871355,2.914464783908014e-28,0,-1.9909106419224334e-18,0.0,5e-10,1.0,2.012706879897554,1e-08,0,-322813.955876867,0.0,-720.978104842078,5.35863e-11,1705.7049054010463,0.0017057049054010464,-2.265019517570964e-11,-2.4321112118803546e-13,0.0,-2.2406984054521607e-11,0.0,0.0
-7.0,-0.2572452552295799,300.0,0.025851999786435535,-1.0,-1.0,-1.0,-15.804451537338801,-0.0027623029121930914,-18.35193837075712,-0.1835193837075712,-1.8343328165447896,-12.490759241411922,0.0,-0.036111111111201626,-0.03472222222230925,0.0,4.33,4.28,4.354,4.354,2.0,1.0,16.64,16.0,0.005291772109038001,0.005291772109038001,4.0,10.0,1.0,1.0,0.11,0.3,0.8,1249075924.1411922,183433281.65447897,2.33,3.2800000000000002,0.3287711172572171,0.12848575366015255,3.158804,1.0,1.0385235202765664,0.12848575366015255,1.2914764797234337,3.151514246339848,0.0,1.085158,2.491267,1.085158,2.491267,0.20631847972343365,0.6602472463398477,1200000.0,1.0,0.0063214833733174,6.991381483862092,682720204.3182791,755069200257.106,233477.39783779724,6.1139402765915065,1,-6.1139402765915065,-6.1139402765915065,1500,0.0,6.562652437374817,0.11,0.3,3469911125302822.5,3469911125302822.5,1.0,0,6.454981876079953e-43,-2.2398213425437915e-27,0.0,1249075924.1411922,1.0,16.64,0.3287711172572171,0.47122888274278296,1e-10,5e+23,5315547.458617731,1,-644.9416490053856,-644.9416490053856,0.0,5.762652437374817,500000000.0,13.490759241411922,3.1785901352818086e-31,0,-2.1440797121106916e-21,0.0,5e-10,1.0,1.8343328165401929,1e-08,0,-268131.2983212115,0.0,-651.0555892819771,4.15831e-11,1323.6311828169185,0.0013236311828169185,-2.0453514563668328e-11,-1.9207509857426626e-13,0.0,-2.0261439465094064e-11,0.0,0.0
-6.75,-0.24805792468566637,300.0,0.025851999786435535,-1.0,-1.0,-1.0,-15.804451537338801,-0.0027623029121930914,-18.09924117749431,-0.1809924117749431,-1.6559587531869853,-12.319245718952494,0.0,-0.036111111111201626,-0.03472222222230925,0.0,4.33,4.28,4.354,4.354,2.0,1.0,16.64,16.0,0.005291772109038001,0.005291772109038001,4.0,10.0,1.0,1.0,0.11,0.3,0.8,1231924571.8952494,165595875.31869853,2.33,3.2800000000000002,0.32650609863907504,0.12207891647575192,3.158804,1.0,1.0313687704055048,0.12207891647575192,1.2986312295944953,3.1579210835242484,0.0,1.085158,2.491267,1.085158,2.491267,0.21347322959449522,0.6666540835242483,1200000.0,1.0,0.0063214833733174,6.991381483862092,682720204.3182791,755069200257.106,177031.41334915342,4.77189703815279,1,-4.77189703815279,-4.77189703815279,1500,0.0,6.564322887282685,0.11,0.3,3469911125302822.5,3469911125302822.5,1.0,0,1.309738168870202e-44,-4.544675043396461e-29,0.0,1231924571.8952494,1.0,16.64,0.32650609863907504,0.473493901360925,1e-10,5e+23,5315547.458617731,1,-582.7268990919796,-582.7268990919796,0.0,5.7643228872826855,500000000.0,13.319245718952494,2.614353472207863e-34,0,-1.7410608146266585e-24,0.0,5e-10,1.0,1.6559587531828355,1e-08,0,-218519.53609965672,0.0,-587.4987961301324,2.67706e-11,852.1346639071786,0.0008521346639071785,-1.8456819019152717e-11,-1.49913566787477e-13,0.0,-1.830690545236524e-11,0.0,0.0
-6.5,-0.2388705941417528,300.0,0.025851999786435535,-1.0,-1.0,-1.0,-15.804451537338801,-0.0027623029121930914,-17.846543984231495,-0.17846543984231494,-1.4775846898291771,-12.147732196493063,0.0,-0.036111111111201626,-0.03472222222230925,0.0,4.33,4.28,4.354,4.354,2.0,1.0,16.64,16.0,0.005291772109038001,0.005291772109038001,4.0,10.0,1.0,1.0,0.11,0.3,0.8,1214773219.6493063,147758468.98291773,2.33,3.2800000000000002,0.3242252571198919,0.115316671830962,3.158804,1.0,1.0241640390913431,0.115316671830962,1.305835960908657,3.1646833281690383,0.0,1.085158,2.491267,1.085158,2.491267,0.22067796090865688,0.6734163281690382,1200000.0,1.0,0.0063214833733174,6.991381483862092,682720204.3182791,755069200257.106,133972.65916562927,3.6735872096889577,1,-3.6735872096889577,-3.6735872096889577,1500,0.0,6.565993337190553,0.11,0.3,3469911125302822.5,3469911125302822.5,1.0,0,3.411702748237699e-46,-1.1838305322336206e-30,0.0,1214773219.6493063,1.0,16.64,0.3242252571198919,0.4757747428801081,1e-10,5e+23,5315547.458617731,1,-526.0895874303627,-526.0895874303627,0.0,5.765993337190553,500000000.0,13.147732196493063,1.2087607446001287e-36,0,-7.94623127981802e-27,0.0,5e-10,1.0,1.4775846898254743,1e-08,0,-173978.66921220065,0.0,-529.7631746400517,1.89724e-11,603.9102484633349,0.0006039102484633349,-1.6643000975915933e-11,-1.1540914590280257e-13,0.0,-1.652759183001313e-11,0.0,0.0
-6.25,-0.22968326359783922,300.0,0.025851999786435535,-1.0,-1.0,-1.0,-15.804451537338801,-0.0027623029121930914,-17.593846790968684,-0.17593846790968684,-1.2992106264713708,-11.976218674033635,0.0,-0.036111111111201626,-0.03472222222230925,0.0,4.33,4.28,4.354,4.354,2.0,1.0,16.64,16.0,0.005291772109038001,0.005291772109038001,4.0,10.0,1.0,1.0,0.11,0.3,0.8,1197621867.4033635,129921062.64713708,2.33,3.2800000000000002,0.3219282563870569,0.1081323622069081,3.158804,1.0,1.0169082639884608,0.1081323622069081,1.3130917360115393,3.1718676377930923,0.0,1.085158,2.491267,1.085158,2.491267,0.2279337360115392,0.6806006377930922,1200000.0,1.0,0.0063214833733174,6.991381483862092,682720204.3182791,755069200257.106,101186.95352757216,2.7822699462034066,1,-2.7822699462034066,-2.7822699462034066,1500,0.0,6.56766378709842,0.11,0.3,3469911125302822.5,3469911125302822.5,1.0,0,1.0838308009200955e-47,-3.760796554058508e-32,0.0,1197621867.4033635,1.0,16.64,0.3219282563870569,0.47807174361294313,1e-10,5e+23,5315547.458617731,1,-474.5656504286236,-474.5656504286236,0.0,5.76766378709842,500000000.0,12.976218674033635,1.113760778036631e-38,0,-7.226201703182582e-29,0.0,5e-10,1.0,1.299210626468115,1e-08,0,-134508.69765884467,0.0,-477.347920374827,1.26038e-11,401.1914143483261,0.00040119141434832606,-1.4996327198559222e-11,-8.740758823296291e-14,0.0,-1.4908919610326258e-11,0.0,0.0
-6.0,-0.22049593305392565,300.0,0.025851999786435535,-1.0,-1.0,-1.0,-15.804451537338801,-0.0027623029121930914,-17.34114959770587,-0.17341149597705868,-1.120836563113564,-11.804705151574206,0.0,-0.036111111111201626,-0.03472222222230925,0.0,4.33,4.28,4.354,4.354,2.0,1.0,16.64,16.0,0.005291772109038001,0.005291772109038001,4.0,10.0,1.0,1.0,0.11,0.3,0.8,1180470515.1574206,112083656.3113564,2.33,3.2800000000000002,0.31961474804264156,0.10043545544638183,3.158804,1.0,1.0096003445760884,0.10043545544638183,1.3203996554239117,3.1795645445536183,0.0,1.085158,2.491267,1.085158,2.491267,0.23524165542391162,0.6882975445536181,1200000.0,1.0,0.0063214833733174,6.991381483862092,682720204.3182791,755069200257.106,76270.5499454856,2.0658411402759826,1,-2.0658411402759826,-2.0658411402759826,1500,0.0,6.569334237006289,0.11,0.3,3469911125302822.5,3469911125302822.5,1.0,0,4.056568751059389e-49,-1.407593303985675e-33,0.0,1180470515.1574206,1.0,16.64,0.31961474804264156,0.4803852519573585,1e-10,5e+23,5315547.458617731,1,-427.7268344429237,-427.7268344429237,0.0,5.769334237006289,500000000.0,12.804705151574206,1.5727149371394049e-40,0,-1.006907552877332e-30,0.0,5e-10,1.0,1.1208365631107553,1e-08,0,-100109.62143958837,0.0,-429.7926755831997,9.4227e-12,299.9338564544004,0.0002999338564544004,-1.3502335121788815e-11,-6.490031349774589e-14,0.0,-1.3437434808291069e-11,0.0,0.0
-5.75,-0.2113086025100121,300.0,0.025851999786435535,-1.0,-1.0,-1.0,-15.804451537338801,-0.0027623029121930914,-17.088452404443053,-0.17088452404443052,-0.9424624997557578,-11.633191629114776,0.0,-0.036111111111201626,-0.03472222222230925,0.0,4.33,4.28,4.354,4.354,2.0,1.0,16.64,16.0,0.005291772109038001,0.005291772109038001,4.0,10.0,1.0,1.0,0.11,0.3,0.8,1163319162.9114776,94246249.97557577,2.33,3.2800000000000002,0.31728437098652035,0.09209752257796264,3.158804,1.0,1.0022391402097044,0.09209752257796264,1.3277608597902957,3.1879024774220377,0.0,1.085158,2.491267,1.085158,2.491267,0.2426028597902956,0.6966354774220376,1200000.0,1.0,0.0063214833733174,6.991381483862092,682720204.3182791,755069200257.106,57371.220262805844,1.496324595726114,1,-1.496324595726114,-1.496324595726114,1500,0.0,6.571004686914156,0.11,0.3,3469911125302822.5,3469911125302822.5,1.0,0,1.7449339416159394e-50,-6.054765696931654e-35,0.0,1163319162.9114776,1.0,16.64,0.31728437098652035,0.4827156290134797,1e-10,5e+23,5315547.458617731,1,-385.1781333132215,-385.1781333132215,0.0,5.771004686914156,500000000.0,12.633191629114776,3.0232419478936316e-42,0,-1.909659743445924e-32,0.0,5e-10,1.0,0.9424624997533959,1e-08,0,-70781.44055443176,0.0,-386.6744579089476,6.4708e-12,205.97196115180725,0.00020597196115180726,-1.2147736362975656e-11,-4.7008423573188776e-14,0.0,-1.2100727939402468e-11,0.0,0.0
-5.5,-0.20212127196609853,300.0,0.025851999786435535,-1.0,-1.0,-1.0,-15.804451537338801,-0.0027623029121930914,-16.835755211180246,-0.16835755211180245,-0.7640884363979529,-11.461678106655349,0.0,-0.036111111111201626,-0.03472222222230925,0.0,4.33,4.28,4.354,4.354,2.0,1.0,16.64,16.0,0.005291772109038001,0.005291772109038001,4.0,10.0,1.0,1.0,0.11,0.3,0.8,1146167810.665535,76408843.63979529,2.33,3.2800000000000002,0.31493675075840627,0.08292542806205186,3.158804,1.0,0.9948234680426568,0.08292542806205186,1.3351765319573432,3.1970745719379483,0.0,1.085158,2.491267,1.085158,2.491267,0.25001853195734314,0.7058075719379482,1200000.0,1.0,0.0063214833733174,6.991381483862092,682720204.3182791,755069200257.106,43064.18949750462,1.0494008424137575,1,-1.0494008424137575,-1.0494008424137575,1500,0.0,6.572675136822023,0.11,0.3,3469911125302822.5,3469911125302822.5,1.0,0,8.466383690573943e-52,-2.9377598959004896e-36,0.0,1146167810.665535,1.0,16.64,0.31493675075840627,0.4850632492415938,1e-10,5e+23,5315547.458617731,1,-346.5553960129761,-346.5553960129761,0.0,5.7726751368220235,500000000.0,12.46167810665535,7.387466243654809e-44,0,-4.603011317610429e-34,0.0,5e-10,1.0,0.7640884363960381,1e-08,0,-46524.15500337501,0.0,-347.60479685538985,4.7689e-12,151.79880162218794,0.00015179880162218793,-1.0920326761534653e-11,-3.296789977198001e-14,0.0,-1.0887358861762673e-11,0.0,0.0
-5.25,-0.19293394142218495,300.0,0.025851999786435535,-1.0,-1.0,-1.0,-15.804451537338801,-0.0027623029121930914,-16.58305801791743,-0.1658305801791743,-0.5857143730401465,-11.290164584195917,0.0,-0.036111111111201626,-0.03472222222230925,0.0,4.33,4.28,4.354,4.354,2.0,1.0,16.64,16.0,0.005291772109038001,0.005291772109038001,4.0,10.0,1.0,1.0,0.11,0.3,0.8,1129016458.4195917,58571437.30401465,2.33,3.2800000000000002,0.3125714988354074,0.07260371597618626,3.158804,1.0,0.9873521008072803,0.07260371597618626,1.3426478991927198,3.207396284023814,0.0,1.085158,2.491267,1.085158,2.491267,0.2574898991927197,0.7161292840238138,1200000.0,1.0,0.0063214833733174,6.991381483862092,682720204.3182791,755069200257.106,32255.429748543407,0.7039539937180432,1,-0.7039539937180432,-0.7039539937180432,1500,0.0,6.5743455867298914,0.11,0.3,3469911125302822.5,3469911125302822.5,1.0,0,4.566479803958113e-53,-1.5845279075224906e-37,0.0,1129016458.4195917,1.0,16.64,0.3125714988354074,0.48742850116459263,1e-10,5e+23,5315547.458617731,1,-311.523093925096,-311.523093925096,0.0,5.774345586729892,500000000.0,12.290164584195917,2.1941405872027247e-45,0,-1.3483174468792881e-35,0.0,5e-10,1.0,0.5857143730386787,1e-08,0,-27337.764786417698,0.0,-312.22704791881404,3.3149e-12,105.51654417106477,0.00010551654417106476,-9.808901999937746e-12,-2.2115366951298002e-14,0.0,-9.786786632986448e-12,0.0,0.0
-5.0,-0.18374661087827138,300.0,0.025851999786435535,-1.0,-1.0,-1.0,-15.804451537338801,-0.0027623029121930914,-16.33036082465462,-0.1633036082465462,-0.40734030968234003,-11.118651061736491,0.0,-0.036111111111201626,-0.03472222222230925,0.0,4.33,4.28,4.354,4.354,2.0,1.0,16.64,16.0,0.005291772109038001,0.005291772109038001,4.0,10.0,1.0,1.0,0.11,0.3,0.8,1111865106.173649,40734030.968234,2.33,3.2800000000000002,0.3101882118813733,0.060547275147828976,3.158804,1.0,0.9798237644437295,0.060547275147828976,1.3501762355562705,3.219452724852171,0.0,1.085158,2.491267,1.085158,2.491267,0.26501823555627047,0.728185724852171,1200000.0,1.0,0.0063214833733174,6.991381483862092,682720204.3182791,755069200257.106,24106.3994079099,0.44157551645255183,1,-0.44157551645255183,-0.44157551645255183,1500,0.0,6.576016036637759,0.11,0.3,3469911125302822.5,3469911125302822.5,1.0,0,2.7061885089860654e-54,-9.390233614497406e-39,0.0,1111865106.173649,1.0,16.64,0.3101882118813733,0.48981178811862675,1e-10,5e+23,5315547.458617731,1,-279.77223785770997,-279.77223785770997,0.0,5.776016036637759,500000000.0,12.118651061736491,7.675009308243931e-47,0,-4.650537985109388e-37,0.0,5e-10,1.0,0.40734030968131923,1e-08,0,-13222.269903560049,0.0,-280.2138133741625,2.3554e-12,74.97471059173004,7.497471059173005e-05,-8.803176575306503e-12,-1.3872503984924558e-14,0.0,-8.789304071321579e-12,0.0,0.0
-4.75,-0.1745592803343578,300.0,0.025851999786435535,-1.0,-1.0,-1.0,-15.804451537338801,-0.0027623029121930914,-16.0776636313918,-0.160776636313918,-0.22896624632453177,-10.94713753927706,0.0,-0.036111111111201626,-0.03472222222230925,0.0,4.33,4.28,4.354,4.354,2.0,1.0,16.64,16.0,0.005291772109038001,0.005291772109038001,4.0,10.0,1.0,1.0,0.11,0.3,0.8,1094713753.927706,22896624.632453177,2.33,3.2800000000000002,0.307786470943923,0.04539433314966832,3.158804,1.0,0.9722371355635476,0.04539433314966832,1.3577628644364523,3.234605666850332,0.0,1.085158,2.491267,1.085158,2.491267,0.27260486443645227,0.7433386668503319,1200000.0,1.0,0.0063214833733174,6.991381483862092,682720204.3182791,755069200257.106,17975.566751707942,0.24572354026249546,1,-0.24572354026249546,-0.24572354026249546,1500,0.0,6.577686486545627,0.11,0.3,3469911125302822.5,3469911125302822.5,1.0,0,1.745337817641004e-55,-6.056167110844269e-40,0.0,1094713753.927706,1.0,16.64,0.307786470943923,0.49221352905607707,1e-10,5e+23,5315547.458617731,1,-251.01843548256284,-251.01843548256284,0.0,5.777686486545627,500000000.0,11.94713753927706,3.088750236052452e-48,0,-1.8450861947296567e-38,0.0,5e-10,1.0,0.228966246323958,1e-08,0,-4177.670354802003,0.0,-251.26415902282534,1.4452e-12,46.00214475128142,4.600214475128142e-05,-7.893696360965257e-12,-7.719632689027316e-15,0.0,-7.88597672827623e-12,0.0,0.0
-4.5,-0.16537194979044426,300.0,0.025851999786435535,-1.0,-1.0,-1.0,-15.804451537338801,-0.0027623029121930914,-15.824966438128993,-0.15824966438128993,-0.05059218296672711,-10.775624016817632,0.0,-0.036111111111201626,-0.03472222222230925,0.0,4.33,4.28,4.354,4.354,2.0,1.0,16.64,16.0,0.005291772109038001,0.005291772109038001,4.0,10.0,1.0,1.0,0.11,0.3,0.8,1077562401.6817632,5059218.296672711,2.33,3.2800000000000002,0.30536584059462996,0.02133819196603307,3.158804,1.0,0.9645908387336795,0.02133819196603307,1.3654091612663206,3.2586618080339673,0.0,1.085158,2.491267,1.085158,2.491267,0.28025116126632055,0.7673948080339672,1200000.0,1.0,0.0063214833733174,6.991381483862092,682720204.3182791,755069200257.106,13373.049709323503,0.09689946485556052,1,-0.09689946485556052,-0.09689946485556052,1500,0.0,6.579356936453494,0.11,0.3,3469911125302822.5,3469911125302822.5,1.0,0,1.215329651469344e-56,-4.2170858785438785e-41,0.0,1077562401.6817632,1.0,16.64,0.30536584059462996,0.4946341594053701,1e-10,5e+23,5315547.458617731,1,-225.00008041750937,-225.00008041750937,0.0,5.779356936453494,500000000.0,11.775624016817632,1.4046240434826571e-49,0,-8.270162310516937e-40,0.0,5e-10,1.0,0.05059218296660032,1e-08,0,-203.9661401437613,0.0,-225.09697988236493,9.432925e-13,30.02593283130233,3.0025932831302333e-05,-7.071630183436872e-12,-3.044186469270113e-15,0.0,-7.068585996967602e-12,0.0,0.0
-4.25,-0.15618461924653068,300.0,0.025851999786435535,-1.0,-1.0,1.0,-15.804451537338801,-0.0027623029121930914,-15.572269244866176,-0.15572269244866177,0.12778188039108107,-10.6041104943582,0.0,-0.036111111111201626,-0.03472222222230925,0.0,4.33,4.28,4.354,4.354,2.0,1.0,16.64,16.0,0.005291772109038001,0.005291772109038001,4.0,10.0,1.0,1.0,0.11,0.3,0.8,1060411049.4358199,12778188.039108107,2.33,3.2800000000000002,0.30292586800736504,0.03391177685324896,3.158804,1.0,0.9568834435651367,0.03391177685324896,1.3731165564348635,3.246088223146751,0.0,1.085158,2.491267,1.085158,2.491267,0.28795855643486346,0.754821223146751,1200000.0,1.0,0.0063214833733174,6.991381483862092,682720204.3182791,755069200257.106,9925.489146889417,0.15759713134884212,1,-0.15759713134884212,-0.15759713134884212,1500,0.0,6.581027386361362,0.11,0.3,3469911125302822.5,3469911125302822.5,1.0,0,9.075853572272822e-58,-3.149240528204883e-42,0.0,1060411049.4358199,1.0,16.64,0.30292586800736504,0.497074131992635,1e-10,5e+23,5315547.458617731,1,-201.47666468427335,-201.47666468427335,0.0,5.781027386361362,500000000.0,11.6041104943582,7.11574503766712e-51,0,-4.128594583338515e-41,0.0,5e-10,1.0,0.12778188039076085,1e-08,0,-1301.1572595851615,0.0,-201.63426181562218,5.996871e-13,19.088633254688748,1.9088633254688746e-05,-6.334527156319596e-12,-4.951059900723481e-15,0.0,-6.329576096418873e-12,0.0,0.0
-4.0,-0.1469972887026171,300.0,0.025851999786435535,-1.0,-1.0,1.0,-15.804451537338801,-0.0027623029121930914,-15.319572051603362,-0.1531957205160336,0.3061559437488876,-10.432596971898771,0.0,-0.036111111111201626,-0.03472222222230925,0.0,4.33,4.28,4.354,4.354,2.0,1.0,16.64,16.0,0.005291772109038001,0.005291772109038001,4.0,10.0,1.0,1.0,0.11,0.3,0.8,1043259697.1898772,30615594.37488876,2.33,3.2800000000000002,0.3004660819692735,0.05249129123072101,3.158804,1.0,0.949113461588869,0.05249129123072101,1.380886538411131,3.227508708769279,0.0,1.085158,2.491267,1.085158,2.491267,0.295728538411131,0.736241708769279,1200000.0,1.0,0.0063214833733174,6.991381483862092,682720204.3182791,755069200257.106,7348.893719342321,0.3233481735758902,1,-0.3233481735758902,-0.3233481735758902,1500,0.0,6.582697836269229,0.11,0.3,3469911125302822.5,3469911125302822.5,1.0,0,7.227177536301394e-59,-2.507766373775085e-43,0.0,1043259697.1898772,1.0,16.64,0.3004660819692735,0.49953391803072655,1e-10,5e+23,5315547.458617731,1,-180.227206754789,-180.227206754789,0.0,5.78269783626923,500000000.0,11.432596971898771,3.9696079519854526e-52,0,-2.2691463925747083e-42,0.0,5e-10,1.0,0.3061559437481204,1e-08,0,-7469.24371312625,0.0,-180.55055492836487,3.903802e-13,12.426187703040544,1.2426187703040544e-05,-5.672162969645116e-12,-1.015828246657694e-14,0.0,-5.662004687178539e-12,0.0,0.0
-3.75,-0.13780995815870353,300.0,0.025851999786435535,-1.0,-1.0,1.0,-15.804451537338801,-0.0027623029121930914,-15.066874858340553,-0.15066874858340554,0.48453000710669225,-10.261083449439344,0.0,-0.036111111111201626,-0.03472222222230925,0.0,4.33,4.28,4.354,4.354,2.0,1.0,16.64,16.0,0.005291772109038001,0.005291772109038001,4.0,10.0,1.0,1.0,0.11,0.3,0.8,1026108344.9439343,48453000.71066923,2.33,3.2800000000000002,0.29798599181826785,0.06603531404326148,3.158804,1.0,0.9412793428995118,0.06603531404326148,1.3887206571004884,3.213964685956739,0.0,1.085158,2.491267,1.085158,2.491267,0.30356265710048835,0.7226976859567387,1200000.0,1.0,0.0063214833733174,6.991381483862092,682720204.3182791,755069200257.106,5427.6841243345125,0.5460092261554912,1,-0.5460092261554912,-0.5460092261554912,1500,0.0,6.584368286177097,0.11,0.3,3469911125302822.5,3469911125302822.5,1.0,0,6.106413899211423e-60,-2.1188713524577505e-44,0.0,1026108344.9439343,1.0,16.64,0.29798599181826785,0.5020140081817321,1e-10,5e+23,5315547.458617731,1,-161.04878785545245,-161.04878785545245,0.0,5.784368286177097,500000000.0,11.261083449439344,2.415468152256101e-53,0,-1.3600394216009507e-43,0.0,5e-10,1.0,0.484530007105478,1e-08,0,-18708.225500766872,0.0,-161.59479708160794,1.372696e-13,4.369427075249447,4.369427075249446e-06,-5.076650273699129e-12,-1.7153385736823394e-14,0.0,-5.059496887962306e-12,0.0,0.0
-3.5,-0.12862262761478996,300.0,0.025851999786435535,-1.0,-1.0,1.0,-15.804451537338801,-0.0027623029121930914,-14.814177665077738,-0.14814177665077738,0.6629040704644987,-10.089569926979914,0.0,-0.036111111111201626,-0.03472222222230925,0.0,4.33,4.28,4.354,4.354,2.0,1.0,16.64,16.0,0.005291772109038001,0.005291772109038001,4.0,10.0,1.0,1.0,0.11,0.3,0.8,1008956992.6979914,66290407.04644987,2.33,3.2800000000000002,0.29548508630025205,0.07723981969499916,3.158804,1.0,0.9333794725455814,0.07723981969499916,1.3966205274544188,3.202760180305001,0.0,1.085158,2.491267,1.085158,2.491267,0.3114625274544187,0.7114931803050011,1200000.0,1.0,0.0063214833733174,6.991381483862092,682720204.3182791,755069200257.106,3998.5504886091144,0.8422235711415316,1,-0.8422235711415316,-0.8422235711415316,1500,0.0,6.586038736084966,0.11,0.3,3469911125302822.5,3469911125302822.5,1.0,0,5.450852980307345e-61,-1.8913975398758503e-45,0.0,1008956992.6979914,1.0,16.64,0.29548508630025205,0.504514913699748,1e-10,5e+23,5315547.458617731,1,-143.75518962977978,-143.75518962977978,0.0,5.786038736084966,500000000.0,11.089569926979914,1.5904154489932866e-54,0,-8.818511667280105e-45,0.0,5e-10,1.0,0.6629040704628375,1e-08,0,-35018.10262250726,0.0,-144.59741320092132,9.59233e-14,3.0533334705373605,3.0533334705373604e-06,-4.542661710401023e-12,-2.6459233837783964e-14,0.0,-4.516202476563238e-12,0.0,0.0
-3.25,-0.1194352970708764,300.0,0.025851999786435535,-1.0,-1.0,1.0,-15.804451537338801,-0.0027623029121930914,-14.561480471814926,-0.14561480471814925,0.8412781338223052,-9.918056404520485,0.0,-0.036111111111201626,-0.03472222222230925,0.0,4.33,4.28,4.354,4.354,2.0,1.0,16.64,16.0,0.005291772109038001,0.005291772109038001,4.0,10.0,1.0,1.0,0.11,0.3,0.8,991805640.4520484,84127813.38223052,2.33,3.2800000000000002,0.2929628323385375,0.08701331387919779,3.158804,1.0,0.9254121666423015,0.08701331387919779,1.4045878333576987,3.1929866861208023,0.0,1.085158,2.491267,1.085158,2.491267,0.3194298333576986,0.7017196861208022,1200000.0,1.0,0.0063214833733174,6.991381483862092,682720204.3182791,755069200257.106,2938.040213848431,1.229178252243387,1,-1.229178252243387,-1.229178252243387,1500,0.0,6.587709185992833,0.11,0.3,3469911125302822.5,3469911125302822.5,1.0,0,5.121006068540234e-62,-1.7769435929971027e-46,0.0,991805640.4520484,1.0,16.64,0.2929628323385375,0.5070371676614626,1e-10,5e+23,5315547.458617731,1,-128.17562666758477,-128.17562666758477,0.0,5.787709185992833,500000000.0,10.918056404520485,1.1254538973198722e-55,0,-6.143884565812885e-46,0.0,5e-10,1.0,0.841278133820197,1e-08,0,-56398.87507834731,0.0,-129.40480491982817,2.54115e-14,0.8088731672759396,8.088731672759396e-07,-4.065371844753525e-12,-3.8615773672001664e-14,0.0,-4.026756071081523e-12,0.0,0.0
-3.0,-0.11024796652696282,300.0,0.025851999786435535,-1.0,-1.0,1.0,-15.804451537338801,-0.0027623029121930914,-14.308783278552111,-0.14308783278552112,1.0196521971801134,-9.746542882061055,0.0,-0.036111111111201626,-0.03472222222230925,0.0,4.33,4.28,4.354,4.354,2.0,1.0,16.64,16.0,0.005291772109038001,0.005291772109038001,4.0,10.0,1.0,1.0,0.11,0.3,0.8,974654288.2061055,101965219.71801133,2.33,3.2800000000000002,0.2904186737070615,0.09579480068335457,3.158804,1.0,0.9173756681805606,0.09579480068335457,1.4126243318194396,3.184205199316646,0.0,1.085158,2.491267,1.085158,2.491267,0.3274663318194395,0.6929381993166457,1200000.0,1.0,0.0063214833733174,6.991381483862092,682720204.3182791,755069200257.106,2153.0320942705875,1.7263838044221855,1,-1.7263838044221855,-1.7263838044221855,1500,0.0,6.5893796359007,0.11,0.3,3469911125302822.5,3469911125302822.5,1.0,0,5.04661414106289e-63,-1.751130255318467e-47,0.0,974654288.2061055,1.0,16.64,0.2904186737070615,0.5095813262929385,1e-10,5e+23,5315547.458617731,1,-114.15356779401509,-114.15356779401509,0.0,5.7893796359007,500000000.0,10.746542882061055,8.509835916440294e-57,0,-4.572565829766448e-47,0.0,5e-10,1.0,1.019652197177558,1e-08,0,-82850.54286828732,0.0,-115.87995159843727,-3.112657e-13,-9.907894953991793,-9.907894953991791e-06,-3.640476046399914e-12,-5.423594677249137e-14,0.0,-3.5862400996274225e-12,0.0,0.0
-2.75,-0.10106063598304926,300.0,0.025851999786435535,-1.0,-1.0,1.0,-15.804451537338801,-0.0027623029121930914,-14.0560860852893,-0.140560860852893,1.1980262605379182,-9.575029359601626,0.0,-0.036111111111201626,-0.03472222222230925,0.0,4.33,4.28,4.354,4.354,2.0,1.0,16.64,16.0,0.005291772109038001,0.005291772109038001,4.0,10.0,1.0,1.0,0.11,0.3,0.8,957502935.9601625,119802626.05379182,2.33,3.2800000000000002,0.2878520295980545,0.10383626959635746,3.158804,1.0,0.9092681425024529,0.10383626959635746,1.4207318574975472,3.1761637304036427,0.0,1.085158,2.491267,1.085158,2.491267,0.3355738574975471,0.6848967304036426,1200000.0,1.0,0.0063214833733174,6.991381483862092,682720204.3182791,755069200257.106,1573.43956618506,2.356286446487958,1,-2.356286446487958,-2.356286446487958,1500,0.0,6.591050085808568,0.11,0.3,3469911125302822.5,3469911125302822.5,1.0,0,5.2011552103245187e-64,-1.804754632873179e-48,0.0,957502935.9601625,1.0,16.64,0.2878520295980545,0.5121479704019456,1e-10,5e+23,5315547.458617731,1,-101.54564037581352,-101.54564037581352,0.0,5.7910500858085685,500000000.0,10.575029359601626,6.840625634581078e-58,0,-3.61699084618692e-48,0.0,5e-10,1.0,1.198026260534916,1e-08,0,-114373.10599232644,0.0,-103.90192682230148,-4.5601e-14,-1.4515249119867037,-1.4515249119867036e-06,-3.2641752999876662e-12,-7.402492190039768e-14,0.0,-3.1901503780872686e-12,0.0,0.0
-2.5,-0.09187330543913569,300.0,0.025851999786435535,-1.0,-1.0,1.0,-15.804451537338801,-0.0027623029121930914,-13.803388892026485,-0.13803388892026486,1.3764003238957263,-9.403515837142194,0.0,-0.036111111111201626,-0.03472222222230925,0.0,4.33,4.28,4.354,4.354,2.0,1.0,16.64,16.0,0.005291772109038001,0.005291772109038001,4.0,10.0,1.0,1.0,0.11,0.3,0.8,940351583.7142195,137640032.38957262,2.33,3.2800000000000002,0.2852622930737076,0.11129823866266372,3.158804,1.0,0.9010876724103999,0.11129823866266372,1.4289123275896003,3.1687017613373367,0.0,1.085158,2.491267,1.085158,2.491267,0.34375432758960023,0.6774347613373366,1200000.0,1.0,0.0063214833733174,6.991381483862092,682720204.3182791,755069200257.106,1146.6324224286116,3.1447320598956057,1,-3.1447320598956057,-3.1447320598956057,1500,0.0,6.592720535716436,0.11,0.3,3469911125302822.5,3469911125302822.5,1.0,0,5.591017110402598e-65,-1.940033247314441e-49,0.0,940351583.7142195,1.0,16.64,0.2852622930737076,0.5147377069262924,1e-10,5e+23,5315547.458617731,1,-90.22061224605076,-90.22061224605076,0.0,5.792720535716436,500000000.0,10.403515837142194,5.820118904640192e-59,0,-3.0274849599237454e-49,0.0,5e-10,1.0,1.376400323892277,1e-08,0,-150966.56445046587,0.0,-93.36534430594637,7.33967e-14,2.3362895223265827,2.3362895223265827e-06,-2.9331587977144274e-12,-9.879467136876333e-14,0.0,-2.834364126345664e-12,0.0,0.0
-2.25,-0.08268597489522213,300.0,0.025851999786435535,-1.0,-1.0,1.0,-15.804451537338801,-0.0027623029121930914,-13.55069169876367,-0.1355069169876367,1.5547743872535327,-9.232002314682767,0.0,-0.036111111111201626,-0.03472222222230925,0.0,4.33,4.28,4.354,4.354,2.0,1.0,16.64,16.0,0.005291772109038001,0.005291772109038001,4.0,10.0,1.0,1.0,0.11,0.3,0.8,923200231.4682766,155477438.72535327,2.33,3.2800000000000002,0.28264882939014707,0.1182904263883391,3.158804,1.0,0.8928322528729141,0.1182904263883391,1.437167747127086,3.161709573611661,0.0,1.085158,2.491267,1.085158,2.491267,0.352009747127086,0.6704425736116608,1200000.0,1.0,0.0063214833733174,6.991381483862092,682720204.3182791,755069200257.106,833.18083853084,4.121423396080561,1,-4.121423396080561,-4.121423396080561,1500,0.0,6.594390985624304,0.11,0.3,3469911125302822.5,3469911125302822.5,1.0,0,6.25353366475836e-66,-2.1699206035800763e-50,0.0,923200231.4682766,1.0,16.64,0.28264882939014707,0.517351170609853,1e-10,5e+23,5315547.458617731,1,-80.05844617332484,-80.05844617332484,0.0,5.794390985624304,500000000.0,10.232002314682767,5.220808660820433e-60,0,-2.6709663151015253e-50,0.0,5e-10,1.0,1.5547743872496365,1e-08,0,-192630.91824270468,0.0,-84.1798695694054,4.88036e-14,1.5534668361359245,1.5534668361359244e-06,-2.64458859819391e-12,-1.2947833463459788e-13,0.0,-2.515110263559312e-12,0.0,0.0
-2.0,-0.07349864435130855,300.0,0.025851999786435535,-1.0,-1.0,1.0,-15.804451537338801,-0.0027623029121930914,-13.297994505500856,-0.13297994505500857,1.733148450611339,-9.060488792223337,0.0,-0.036111111111201626,-0.03472222222230925,0.0,4.33,4.28,4.354,4.354,2.0,1.0,16.64,16.0,0.005291772109038001,0.005291772109038001,4.0,10.0,1.0,1.0,0.11,0.3,0.8,906048879.2223337,173314845.0611339,2.33,3.2800000000000002,0.2800109741806044,0.12489176122090233,3.158804,1.0,0.8844997852855898,0.12489176122090233,1.4455002147144103,3.155108238779098,0.0,1.085158,2.491267,1.085158,2.491267,0.3603422147144102,0.663841238779098,1200000.0,1.0,0.0063214833733174,6.991381483862092,682720204.3182791,755069200257.106,603.6149379196897,5.3204060226268695,1,-5.3204060226268695,-5.3204060226268695,1500,0.0,6.596061435532172,0.11,0.3,3469911125302822.5,3469911125302822.5,1.0,0,7.261999419847021e-67,-2.519849257886982e-51,0.0,906048879.2223337,1.0,16.64,0.2800109741806044,0.5199890258193957,1e-10,5e+23,5315547.458617731,1,-70.94942210813369,-70.94942210813369,0.0,5.796061435532172,500000000.0,10.060488792223337,4.920545111550748e-61,0,-2.4751544473192814e-51,0.0,5e-10,1.0,1.7331484506069958,1e-08,0,-239366.16736904313,0.0,-76.26982813076056,-1.015524e-13,-3.2325132885690784,-3.232513288569078e-06,-2.3960873174615353e-12,-1.6714548474799466e-13,0.0,-2.2289418327135406e-12,0.0,0.0
-1.75,-0.06431131380739498,300.0,0.025851999786435535,-1.0,-1.0,1.0,-15.804451537338801,-0.0027623029121930914,-13.045297312238047,-0.13045297312238047,1.911522513969144,-8.88897526976391,0.0,-0.036111111111201626,-0.03472222222230925,0.0,4.33,4.28,4.354,4.354,2.0,1.0,16.64,16.0,0.005291772109038001,0.005291772109038001,4.0,10.0,1.0,1.0,0.11,0.3,0.8,888897526.976391,191152251.39691442,2.33,3.2800000000000002,0.2773480314830479,0.13116127121442017,3.158804,1.0,0.8760880712407776,0.13116127121442017,1.4539119287592226,3.14883872878558,0.0,1.085158,2.491267,1.085158,2.491267,0.3687539287592225,0.6575717287855798,1200000.0,1.0,0.0063214833733174,6.991381483862092,682720204.3182791,755069200257.106,435.962769106025,6.780596618619725,1,-6.780596618619725,-6.780596618619725,1500,0.0,6.597731885440039,0.11,0.3,3469911125302822.5,3469911125302822.5,1.0,0,8.738203884919056e-68,-3.032079087544498e-52,0.0,888897526.976391,1.0,16.64,0.2773480314830479,0.5226519685169522,1e-10,5e+23,5315547.458617731,1,-62.79332272855994,-62.79332272855994,0.0,5.797731885440039,500000000.0,9.88897526976391,4.85757356427417e-62,0,-2.4018212424083098e-52,0.0,5e-10,1.0,1.911522513964354,1e-08,0,-291172.31182948087,0.0,-69.57391934717967,-2.230171e-13,-7.098854771803906,-7.0988547718039065e-06,-2.1857291390254843e-12,-2.1301872524011523e-13,0.0,-1.972710413785369e-12,0.0,0.0
-1.5,-0.05512398326348141,300.0,0.025851999786435535,-1.0,-1.0,1.0,-15.804451537338801,-0.0027623029121930914,-12.792600118975233,-0.12792600118975234,2.0898965773269507,-8.71746174730448,0.0,-0.036111111111201626,-0.03472222222230925,0.0,4.33,4.28,4.354,4.354,2.0,1.0,16.64,16.0,0.005291772109038001,0.005291772109038001,4.0,10.0,1.0,1.0,0.11,0.3,0.8,871746174.730448,208989657.73269507,2.33,3.2800000000000002,0.27465927159568515,0.137144471679709,3.158804,1.0,0.8675948057535366,0.137144471679709,1.4624051942464633,3.1428555283202915,0.0,1.085158,2.491267,1.085158,2.491267,0.37724719424646325,0.6515885283202913,1200000.0,1.0,0.0063214833733174,6.991381483862092,682720204.3182791,755069200257.106,313.8837424006601,8.546361376274996,1,-8.546361376274996,-8.546361376274996,1500,0.0,6.599402335347906,0.11,0.3,3469911125302822.5,3469911125302822.5,1.0,0,1.0875228625979658e-68,-3.7736076799498545e-53,0.0,871746174.730448,1.0,16.64,0.27465927159568515,0.5253407284043149,1e-10,5e+23,5315547.458617731,1,-55.49867808066061,-55.49867808066061,0.0,5.7994023353479065,500000000.0,9.71746174730448,5.009048157396737e-63,0,-2.433761692995439e-53,0.0,5e-10,1.0,2.089896577321713,1e-08,0,-348049.3516240185,0.0,-64.04503945693561,3.04684e-14,0.9698392936202207,9.698392936202207e-07,-2.0120342545677736e-12,-2.684918611462908e-13,0.0,-1.7435423934214827e-12,0.0,0.0
-1.25,-0.045936652719567844,300.0,0.025851999786435535,-1.0,-1.0,1.0,-15.804451537338801,-0.0027623029121930914,-12.53990292571242,-0.1253990292571242,2.268270640684757,-8.54594822484505,0.0,-0.036111111111201626,-0.03472222222230925,0.0,4.33,4.28,4.354,4.354,2.0,1.0,16.64,16.0,0.005291772109038001,0.005291772109038001,4.0,10.0,1.0,1.0,0.11,0.3,0.8,854594822.484505,226827064.0684757,2.33,3.2800000000000002,0.271943928741612,0.14287733605449926,3.158804,1.0,0.8590175698847189,0.14287733605449926,1.4709824301152812,3.137122663945501,0.0,1.085158,2.491267,1.085158,2.491267,0.3858244301152811,0.6458556639455009,1200000.0,1.0,0.0063214833733174,6.991381483862092,682720204.3182791,755069200257.106,225.2566397518801,10.668150538356343,1,-10.668150538356343,-10.668150538356343,1500,0.0,6.6010727852557745,0.11,0.3,3469911125302822.5,3469911125302822.5,1.0,0,1.3976114767771692e-69,-4.8495876121200064e-54,0.0,854594822.484505,1.0,16.64,0.271943928741612,0.528056071258388,1e-10,5e+23,5315547.458617731,1,-48.98206536669752,-48.98206536669752,0.0,5.801072785255775,500000000.0,9.54594822484505,5.3819279494640215e-64,0,-2.5687802777715018e-54,0.0,5e-10,1.0,2.2682706406790727,1e-08,0,-409997.286752656,0.0,-59.65021590505386,-6.97053e-14,-2.2187886109406985,-2.2187886109406985e-06,-1.873966800723623e-12,-3.3514983358690286e-13,0.0,-1.5388169671367197e-12,0.0,0.0
-1.0,-0.03674932217565428,300.0,0.025851999786435535,-1.0,-1.0,1.0,-15.804451537338801,-0.0027623029121930914,-12.287205732449607,-0.12287205732449608,2.4466447040425634,-8.37443470238562,0.0,-0.036111111111201626,-0.03472222222230925,0.0,4.33,4.28,4.354,4.354,2.0,1.0,16.64,16.0,0.005291772109038001,0.005291772109038001,4.0,10.0,1.0,1.0,0.11,0.3,0.8,837443470.2385621,244664470.40425634,2.33,3.2800000000000002,0.26920119852142854,0.1483888816716203,3.158804,1.0,0.8503538226942825,0.1483888816716203,1.4796461773057175,3.13161111832838,0.0,1.085158,2.491267,1.085158,2.491267,0.3944881773057174,0.6403441183283798,1200000.0,1.0,0.0063214833733174,6.991381483862092,682720204.3182791,755069200257.106,161.113916239738,13.203194669577575,1,-13.203194669577575,-13.203194669577575,1500,0.0,6.657435411545288,0.11,0.3,3469911125302822.5,3469911125302822.5,1.0,0,1.8518537886966253e-70,-6.425768063832603e-55,0.0,837443470.2385621,1.0,16.64,0.26920119852142854,0.5307988014785715,1e-10,5e+23,5315547.458617731,1,-43.167460177511906,-43.167460177511906,0.0,5.857435411545288,500000000.0,9.37443470238562,6.011555731341704e-65,0,-2.8177468331607425e-55,0.0,5e-10,1.0,2.446644704036432,1e-08,0,-477016.11721539294,0.0,-56.37065484708948,-1.784002e-13,-5.678654735716549,-5.6786547357165485e-06,-1.770936351456622e-12,-4.147905937786083e-13,0.0,-1.3561457576780136e-12,0.0,0.0
-0.75,-0.027561991631740706,300.0,0.025851999786435535,-0.999999999999497,-1.0,1.0,-15.804451537338801,-0.0027623029121930914,-12.03450853918679,-0.1203450853918679,2.6250187674003715,-8.202921179926191,0.0,-0.036111111111201626,-0.03472222222230925,0.0,4.33,4.28,4.354,4.354,2.0,1.0,16.64,16.0,0.005291772109038001,0.005291772109038001,4.0,10.0,1.0,1.0,0.11,0.3,0.8,820292117.9926192,262501876.74003714,2.33,3.2800000000000002,0.2664302351298069,0.15370291880598091,3.158804,1.0,0.8416008924489745,0.15370291880598091,1.4883991075510257,3.126297081194019,0.0,1.085158,2.491267,1.085158,2.491267,0.4032411075510256,0.635030081194019,1200000.0,1.0,0.0063214833733174,6.991381483862092,682720204.3182791,755069200257.106,114.8392368895132,16.2162683067052,1,-16.2162683067052,-16.2162683067052,1500,0.0,6.905925147715769,0.11,0.3,3469911125302822.5,3469911125302822.5,1.0,0,2.5263384362113803e-71,-8.766169846090005e-56,0.0,820292117.9926192,1.0,16.64,0.2664302351298069,0.5335697648701931,1e-10,5e+23,5315547.458617731,1,-37.98563569464531,-37.98563569464531,0.0,6.105925147715769,500000000.0,9.202921179926191,6.966436271804431e-66,0,-3.205578195719753e-56,0.0,5e-10,1.0,2.6250187673937937,1e-08,0,-549105.8430122307,0.0,-54.20190400135051,-3.788501e-13,-12.05917322117177,-1.2059173221171772e-05,-1.7028030342122201e-12,-5.094490938098605e-13,0.0,-1.1933539404023593e-12,0.0,0.0
-0.5,-0.01837466108782714,300.0,0.025851999786435535,-0.9999999920310759,-1.0,1.0,-15.804451537338801,-0.0027623029121930914,-11.781811345923979,-0.11781811345923979,2.8033928307581775,-8.031407657466762,0.0,-0.036111111111201626,-0.03472222222230925,0.0,4.33,4.28,4.354,4.354,2.0,1.0,16.64,16.0,0.005291772109038001,0.005291772109038001,4.0,10.0,1.0,1.0,0.11,0.3,0.8,803140765.7466762,280339283.07581776,2.33,3.2800000000000002,0.26363014830871445,0.1588392718920663,3.158804,1.0,0.8327559669981605,0.1588392718920663,1.4972440330018397,3.121160728107934,0.0,1.085158,2.491267,1.085158,2.491267,0.41208603300183966,0.629893728107934,1200000.0,1.0,0.0063214833733174,6.991381483862092,682720204.3182791,755069200257.106,81.56467126066634,19.78052688370314,1,-19.78052688370314,-19.78052688370314,1500,0.0,7.15441488388625,0.11,0.3,3469911125302822.5,3469911125302822.5,1.0,0,3.543886286295539e-72,-1.2296970451624994e-56,0.0,803140765.7466762,1.0,16.64,0.26363014830871445,0.5363698516912856,1e-10,5e+23,5315547.458617731,1,-33.373606603986,-33.373606603986,0.0,6.35441488388625,500000000.0,9.031407657466762,8.359794396718869e-67,0,-3.775035556468726e-57,0.0,5e-10,1.0,2.803392830751152,1e-08,0,-626266.4641431667,0.0,-53.15413348768914,4.73721e-14,1.5079007759287149,1.507900775928715e-06,-1.6698863527285542e-12,-6.21423579419772e-13,0.0,-1.0484627733087823e-12,0.0,0.0
-0.25,-0.00918733054391357,300.0,0.025851999786435535,-0.9998737627781501,-1.0,1.0,-15.804451537338801,-0.0027623029121930914,-11.529114152661165,-0.11529114152661166,2.9817668941159847,-7.859894135007332,0.0,-0.036111111111201626,-0.03472222222230925,0.0,4.33,4.28,4.354,4.354,2.0,1.0,16.64,16.0,0.005291772109038001,0.005291772109038001,4.0,10.0,1.0,1.0,0.11,0.3,0.8,785989413.5007333,298176689.41159844,2.33,3.2800000000000002,0.2608000000061837,0.1638146554522079,3.158804,1.0,0.823816083219533,0.1638146554522079,1.5061839167804671,3.1161853445477923,0.0,1.085158,2.491267,1.085158,2.491267,0.4210259167804671,0.6249183445477922,1200000.0,1.0,0.0063214833733174,6.991381483862092,682720204.3182791,755069200257.106,57.718980656407965,23.978423184256393,1,-23.978423184256393,-23.978423184256393,1500,0.0,7.402904620056729,0.11,0.3,3469911125302822.5,3469911125302822.5,1.0,0,5.105658115330289e-73,-1.771617989637721e-57,0.0,785989413.5007333,1.0,16.64,0.2608000000061837,0.5391999999938164,1e-10,5e+23,5315547.458617731,1,-29.274114666477093,-29.274114666477093,0.0,6.602904620056729,500000000.0,8.859894135007332,1.03704240521238e-67,0,-4.594042961847532e-58,0.0,5e-10,1.0,2.9817668941085125,1e-08,0,-708497.9806082033,0.0,-53.25253785073349,-2.246412e-13,-7.150551480419015,-7.150551480419015e-06,-1.6729778169687673e-12,-7.533043812032707e-13,0.0,-9.196734357654966e-13,0.0,0.0
0.0,0.0,300.0,0.025851999786435535,0.0,0.0,1.0,-15.804451537338801,-0.0027623029121930914,-11.276416959398354,-0.11276416959398354,3.160140957473789,-7.688380612547905,0.0,-0.036111111111201626,-0.03472222222230925,0.0,4.33,4.28,4.354,4.354,2.0,1.0,16.64,16.0,0.005291772109038001,0.005291772109038001,4.0,10.0,1.0,1.0,0.11,0.3,0.8,768838061.2547905,316014095.7473789,2.33,3.2800000000000002,0.257938800705082,0.16864331705303173,3.158804,1.0,0.8147781154224158,0.16864331705303173,1.5152218845775842,3.1113566829469685,0.0,1.085158,2.491267,1.085158,2.491267,0.43006388457758415,0.6200896829469684,1200000.0,1.0,0.0063214833733174,6.991381483862092,682720204.3182791,755069200257.106,40.689979979655575,28.90270999428001,1,11.787269985375566,11.787269985375566,1500,0.0,7.651394356227206,0.11,0.3,3469911125302822.5,3469911125302822.5,1.0,0,7.546140697684222e-74,0.0,0.0,768838061.2547905,1.0,16.64,0.257938800705082,0.542061199294918,1e-10,5e+23,5315547.458617731,1,0.0,0.0,0.0,6.851394356227206,500000000.0,8.688380612547906,1.3277883088399636e-68,0,0.0,0.0,5e-10,1.0,3.16014095746587,1e-08,0,0.0,0.0,11.787269985375566,-2.45361e-13,-7.810083198394106,-7.810083198394105e-06,3.703080079193535e-13,3.703080079193535e-13,0.0,0.0,0.0,0.0
0.25,0.00918733054391357,300.0,0.025851999786435535,0.9998737627781501,1.0,1.0,-15.760598645371548,-0.002754638301314122,-10.992430892014859,-0.1099243089201486,3.3296463235324447,-7.495630348417797,0.0,-0.036111111111201626,-0.03472222222230925,0.0,4.33,4.28,4.354,4.354,2.0,1.0,16.64,16.0,0.005291772109038001,0.005291772109038001,4.0,10.0,1.0,1.0,0.11,0.3,0.8,749563034.8417797,332964632.3532445,2.33,3.2800000000000002,0.25468497176824806,0.17310713192074226,3.158804,1.0,0.804499907561429,0.17310713192074226,1.525500092438571,3.106892868079258,0.0,1.085158,2.491267,1.085158,2.491267,0.44034209243857103,0.6156258680792579,1200000.0,1.0,0.0063214833733174,6.991381483862092,682720204.3182791,755069200257.106,27.3414273884004,34.35004849859689,1,27.3414273884004,27.3414273884004,1500,0.0,7.8996970920822465,0.11,0.3,3469911125302822.5,3469911125302822.5,1.0,0,1.0715304783837612e-74,3.7181155280448686e-59,0.0,749563034.8417797,1.0,16.64,0.25468497176824806,0.545315028231752,1e-10,5e+23,5315547.458617731,1,22.036736612660153,22.036736612660153,0.0,7.099697092082247,500000000.0,8.495630348417798,1.6333773798337474e-69,0,6.938285219267364e-60,0.0,5e-10,1.0,3.3296463235241007,1e-08,0,883461.1365173145,0.0,49.378164001060554,-2.741196e-13,-8.725497867674623,-8.725497867674622e-06,1.5512607727348384e-12,8.589562742205747e-13,0.0,6.923044985142636e-13,0.0,0.0
0.5,0.01837466108782714,300.0,0.025851999786435535,0.9999999920310759,1.0,1.0,-15.359859638540817,-0.0026845971155771385,-10.453807918775285,-0.10453807918775285,3.4269759497252323,-7.13005001796351,0.0,-0.036111111111201626,-0.03472222222230925,0.0,4.33,4.28,4.354,4.354,2.0,1.0,16.64,16.0,0.005291772109038001,0.005291772109038001,4.0,10.0,1.0,1.0,0.11,0.3,0.8,713005001.796351,342697594.9725232,2.33,3.2800000000000002,0.2483965313735345,0.1756189744619273,3.158804,1.0,0.7846359568888464,0.1756189744619273,1.5453640431111537,3.104381025538073,0.0,1.085158,2.491267,1.085158,2.491267,0.46020604311115365,0.6131140255380729,1200000.0,1.0,0.0063214833733174,6.991381483862092,682720204.3182791,755069200257.106,12.68006557138724,37.85510473102715,1,12.68006557138724,12.68006557138724,1500,0.0,8.146477971269192,0.11,0.3,3469911125302822.5,3469911125302822.5,1.0,0,9.284332555852557e-76,3.2215808826563974e-60,0.0,713005001.796351,1.0,16.64,0.2483965313735345,0.5516034686264655,1e-10,5e+23,5315547.458617731,1,16.435788628977626,16.435788628977626,0.0,7.346477971269192,500000000.0,8.130050017963509,1.1802778610409439e-70,0,4.797859022678929e-61,0.0,5e-10,1.0,3.4269759497166445,1e-08,0,935865.3172220595,0.0,29.115854200364865,-3.022379e-13,-9.620531154942789,-9.62053115494279e-06,9.147015365885778e-13,3.9835600846107023e-13,0.0,5.163455281275078e-13,0.0,0.0
0.75,0.027561991631740706,300.0,0.025851999786435535,0.999999999999497,1.0,1.0,-14.777254776831557,-0.0025827694056844404,-9.785424339453138,-0.09785424339453139,3.4875254881378703,-6.676397088291446,0.0,-0.036111111111201626,-0.03472222222230925,0.0,4.33,4.28,4.354,4.354,2.0,1.0,16.64,16.0,0.005291772109038001,0.005291772109038001,4.0,10.0,1.0,1.0,0.11,0.3,0.8,667639708.8291446,348752548.81378704,2.33,3.2800000000000002,0.24036449569962373,0.17716364361820966,3.158804,1.0,0.7592643304739543,0.17716364361820966,1.5707356695260457,3.1028363563817907,0.0,1.085158,2.491267,1.085158,2.491267,0.48557766952604564,0.6115693563817906,1200000.0,1.0,0.0063214833733174,6.991381483862092,682720204.3182791,755069200257.106,4.75222434641273,40.18590486559416,1,4.75222434641273,4.75222434641273,1500,0.0,8.392483326409621,0.11,0.3,3469911125302822.5,3469911125302822.5,1.0,0,6.4353938092851514e-77,2.233024457454346e-61,0.0,667639708.8291446,1.0,16.64,0.24036449569962373,0.5596355043003763,1e-10,5e+23,5315547.458617731,1,11.279968047309703,11.279968047309703,0.0,7.592483326409622,500000000.0,7.676397088291446,6.739087450385142e-72,0,2.5865955640938966e-62,0.0,5e-10,1.0,3.487525488129131,1e-08,0,969228.1522225264,0.0,16.032192393722433,-2.939467e-13,-9.356614062110085,-9.356614062110086e-06,5.036661784505656e-13,1.492955309490079e-13,0.0,3.543706475015577e-13,0.0,0.0
1.0,0.03674932217565428,300.0,0.025851999786435535,1.0,1.0,1.0,-13.978935587089726,-0.0024432391336295326,-8.963129395268705,-0.08963129395268706,3.50444950967834,-6.118279680825936,0.0,-0.036111111111201626,-0.03472222222230925,0.0,4.33,4.28,4.354,4.354,2.0,1.0,16.64,16.0,0.005291772109038001,0.005291772109038001,4.0,10.0,1.0,1.0,0.11,0.3,0.8,611827968.0825937,350444950.967834,2.33,3.2800000000000002,0.2300985604589237,0.17759298709094423,3.158804,1.0,0.72683625317189,0.17759298709094423,1.60316374682811,3.102407012909056,0.0,1.085158,2.491267,1.085158,2.491267,0.5180057468281098,0.6111400129090558,1200000.0,1.0,0.0063214833733174,6.991381483862092,682720204.3182791,755069200257.106,1.3555926736495736,40.85887499874201,1,1.3555926736495736,1.3555926736495736,1500,0.0,8.637568818672657,0.11,0.3,3469911125302822.5,3469911125302822.5,1.0,0,3.4406439151153874e-78,1.1938728599264343e-62,0.0,611827968.0825937,1.0,16.64,0.2300985604589237,0.5699014395410763,1e-10,5e+23,5315547.458617731,1,6.949201656183466,6.949201656183466,0.0,7.837568818672657,500000000.0,7.118279680825937,2.9284451241231244e-73,0,1.0422745711729712e-63,0.0,5e-10,1.0,3.5044495096695583,1e-08,0,978657.782732353,0.0,8.30479432983304,-3.256465e-13,-10.365650035114978,-1.0365650035114977e-05,2.6090280856177653e-13,4.2587199847976467e-14,0.0,2.1831560871380003e-13,0.0,0.0
1.25,0.045936652719567844,300.0,0.025851999786435535,1.0,1.0,1.0,-13.132102318225835,-0.002295229568147414,-8.106219837392102,-0.08106219837392102,3.5115621672886514,-5.536668247778824,0.0,-0.036111111111201626,-0.03472222222230925,0.0,4.33,4.28,4.354,4.354,2.0,1.0,16.64,16.0,0.005291772109038001,0.005291772109038001,4.0,10.0,1.0,1.0,0.11,0.3,0.8,553666824.7778823,351156216.72886515,2.33,3.2800000000000002,0.2188887744502118,0.17777311778314403,3.158804,1.0,0.6914267362884268,0.17777311778314403,1.6385732637115733,3.1022268822168564,0.0,1.085158,2.491267,1.085158,2.491267,0.5534152637115732,0.6109598822168563,1200000.0,1.0,0.0063214833733174,6.991381483862092,682720204.3182791,755069200257.106,0.3445684510003989,41.14456424200006,1,0.3445684510003989,0.3445684510003989,1500,0.0,8.882447434086934,0.11,0.3,3469911125302822.5,3469911125302822.5,1.0,0,1.810510458792899e-79,6.282310383442598e-64,0.0,553666824.7778823,1.0,16.64,0.2188887744502118,0.5811112255497882,1e-10,5e+23,5315547.458617731,1,4.0760356509114635,4.0760356509114635,0.0,8.082447434086934,500000000.0,6.536668247778823,1.260912979746845e-74,0,4.121084918961692e-65,0.0,5e-10,1.0,3.5115621672798514,1e-08,0,982634.3968123217,0.0,4.420604101911862,-2.92595e-13,-9.313588114794621,-9.313588114794622e-06,1.3887737370995212e-13,1.0824937143216679e-14,0.0,1.2805243656673546e-13,0.0,0.0
1.5,0.05512398326348141,300.0,0.025851999786435535,1.0,1.0,1.0,-12.240781432569243,-0.0021394444545462933,-7.217568531609903,-0.07217568531609903,3.5096777624660054,-4.933512693398134,0.0,-0.036111111111201626,-0.03472222222230925,0.0,4.33,4.28,4.354,4.354,2.0,1.0,16.64,16.0,0.005291772109038001,0.005291772109038001,4.0,10.0,1.0,1.0,0.11,0.3,0.8,493351269.3398134,350967776.2466005,2.33,3.2800000000000002,0.20662238192898116,0.17772541230923092,3.158804,1.0,0.6526796065267934,0.17772541230923092,1.6773203934732068,3.1022745876907694,0.0,1.085158,2.491267,1.085158,2.491267,0.5921623934732068,0.6110075876907692,1200000.0,1.0,0.0063214833733174,6.991381483862092,682720204.3182791,755069200257.106,0.07697547534611969,41.06870894881293,1,0.07697547534611969,0.07697547534611969,1500,0.0,9.12713634255145,0.11,0.3,3469911125302822.5,3469911125302822.5,1.0,0,9.436638576999136e-81,3.27442971837911e-65,0.0,493351269.3398134,1.0,16.64,0.20662238192898116,0.5933776180710189,1e-10,5e+23,5315547.458617731,1,2.2598488756938004,2.2598488756938004,0.0,8.32713634255145,500000000.0,5.933512693398134,5.414561840855198e-76,0,1.6063685705951741e-66,0.0,5e-10,1.0,3.50967776245721,1e-08,0,981580.0602660574,0.0,2.3368243510399203,-3.842566e-13,-12.231267461137037,-1.2231267461137036e-05,7.34135021395675e-14,2.4182558785395186e-15,0.0,7.099524626102798e-14,0.0,0.0
1.75,0.06431131380739498,300.0,0.025851999786435535,1.0,1.0,1.0,-11.453221856365861,-0.0020017947483396284,-6.4029505313735,-0.064029505313735,3.5287777808734466,-4.380605868928222,0.0,-0.036111111111201626,-0.03472222222230925,0.0,4.33,4.28,4.354,4.354,2.0,1.0,16.64,16.0,0.005291772109038001,0.005291772109038001,4.0,10.0,1.0,1.0,0.11,0.3,0.8,438060586.8928222,352877778.08734465,2.33,3.2800000000000002,0.19470016928547035,0.1782083559037882,3.158804,1.0,0.6150196735396208,0.1782083559037882,1.7149803264603793,3.101791644096212,0.0,1.085158,2.491267,1.085158,2.491267,0.6298223264603793,0.6105246440962118,1200000.0,1.0,0.0063214833733174,6.991381483862092,682720204.3182791,755069200257.106,0.017934668363127126,41.84312826990843,1,0.017934668363127126,0.017934668363127126,1500,0.0,9.372267716648851,0.11,0.3,3469911125302822.5,3469911125302822.5,1.0,0,5.933058163872364e-82,2.0587184529889452e-66,0.0,438060586.8928222,1.0,16.64,0.19470016928547035,0.6052998307145296,1e-10,5e+23,5315547.458617731,1,1.2652401665862454,1.2652401665862454,0.0,8.57226771664885,500000000.0,5.380605868928222,2.861118646440164e-77,0,7.697275890367959e-68,0.0,5e-10,1.0,3.5287777808646035,1e-08,0,992292.8454712242,0.0,1.2831748349493726,-4.29687e-13,-13.677362006465446,-1.3677362006465445e-05,4.0312126347482446e-14,5.634342237416947e-16,0.0,3.974869212374075e-14,0.0,0.0
2.0,0.07349864435130855,300.0,0.025851999786435535,1.0,1.0,1.0,-10.745170550227385,-0.0018780415019642237,-5.645061383945065,-0.05645061383945065,3.5639573495306487,-3.866202698751208,0.0,-0.036111111111201626,-0.03472222222230925,0.0,4.33,4.28,4.354,4.354,2.0,1.0,16.64,16.0,0.005291772109038001,0.005291772109038001,4.0,10.0,1.0,1.0,0.11,0.3,0.8,386620269.8751208,356395734.95306486,2.33,3.2800000000000002,0.18291172631247743,0.17909446232835893,3.158804,1.0,0.5777822927227589,0.17909446232835893,1.7522177072772411,3.1009055376716415,0.0,1.085158,2.491267,1.085158,2.491267,0.6670597072772411,0.6096385376716413,1200000.0,1.0,0.0063214833733174,6.991381483862092,682720204.3182791,755069200257.106,0.0042474950880987995,43.3022116589868,1,0.0042474950880987995,0.0042474950880987995,1500,0.0,9.617738135012553,0.11,0.3,3469911125302822.5,3469911125302822.5,1.0,0,4.319864009546797e-83,1.498954418652169e-67,0.0,386620269.8751208,1.0,16.64,0.18291172631247743,0.6170882736875226,1e-10,5e+23,5315547.458617731,1,0.7077604393583535,0.7077604393583535,0.0,8.817738135012553,500000000.0,4.866202698751208,1.7780593313230808e-78,0,4.3261985583120725e-69,0.0,5e-10,1.0,3.5639573495217176,1e-08,0,1012176.4671701408,0.0,0.7120079344464524,-6.957439e-13,-22.14621616220666,-2.2146216162206662e-05,2.236838896154618e-14,1.334389936492992e-16,0.0,2.223494996789688e-14,0.0,0.0
2.25,0.08268597489522213,300.0,0.025851999786435535,1.0,1.0,1.0,-9.792781541331065,-0.0017115828984119502,-4.712838201027351,-0.04712838201027351,3.549722682835996,-3.233473542736134,0.0,-0.036111111111201626,-0.03472222222230925,0.0,4.33,4.28,4.354,4.354,2.0,1.0,16.64,16.0,0.005291772109038001,0.005291772109038001,4.0,10.0,1.0,1.0,0.11,0.3,0.8,323347354.2736134,354972268.28359956,2.33,3.2800000000000002,0.16727610008152438,0.1787364472920372,3.158804,1.0,0.5283924140419195,0.1787364472920372,1.8016075859580805,3.1012635527079633,0.0,1.085158,2.491267,1.085158,2.491267,0.7164495859580804,0.6099965527079632,1200000.0,1.0,0.0063214833733174,6.991381483862092,682720204.3182791,755069200257.106,0.0006286652303882892,42.7066681734997,1,0.0006286652303882892,0.0006286652303882892,1500,0.0,9.862166632867943,0.11,0.3,3469911125302822.5,3469911125302822.5,1.0,0,2.38579202704104e-84,8.278486297288477e-69,0.0,323347354.2736134,1.0,16.64,0.16727610008152438,0.6327238999184757,1e-10,5e+23,5315547.458617731,1,0.3232987429620016,0.3232987429620016,0.0,9.062166632867942,500000000.0,4.233473542736133,8.275521331314523e-80,0,1.751710030423427e-70,0.0,5e-10,1.0,3.5497226828271002,1e-08,0,1004107.2227746526,0.0,0.3239274081923899,-7.248421e-13,-23.07244063522198,-2.307244063522198e-05,1.0176479658735944e-14,1.9750100693551844e-17,0.0,1.0156729558042393e-14,0.0,0.0
2.5,0.09187330543913569,300.0,0.025851999786435535,1.0,1.0,1.0,-8.890742252489058,-0.0015539244217103653,-3.8165393547296116,-0.03816539354729612,3.5456706154233286,-2.62512736239306,0.0,-0.036111111111201626,-0.03472222222230925,0.0,4.33,4.28,4.354,4.354,2.0,1.0,16.64,16.0,0.005291772109038001,0.005291772109038001,4.0,10.0,1.0,1.0,0.11,0.3,0.8,262512736.239306,354567061.5423329,2.33,3.2800000000000002,0.1507212294919557,0.17863440285043283,3.158804,1.0,0.4760988226041077,0.17863440285043283,1.8539011773958924,3.1013655971495675,0.0,1.085158,2.491267,1.085158,2.491267,0.7687431773958924,0.6100985971495674,1200000.0,1.0,0.0063214833733174,6.991381483862092,682720204.3182791,755069200257.106,8.316216179618839e-05,42.538426319013745,1,8.316216179618839e-05,8.316216179618839e-05,1500,0.0,10.106809835229926,0.11,0.3,3469911125302822.5,3469911125302822.5,1.0,0,1.4699973335417737e-85,5.1007601018220847e-70,0.0,262512736.239306,1.0,16.64,0.1507212294919557,0.6492787705080443,1e-10,5e+23,5315547.458617731,1,0.13834883215495272,0.13834883215495272,0.0,9.306809835229926,500000000.0,3.62512736239306,4.351157346055973e-81,0,7.88674977663254e-72,0.0,5e-10,1.0,3.545670615414443,1e-08,0,1001816.1210354808,0.0,0.1384319943167489,-5.852308e-13,-18.628474933924874,-1.8628474933924872e-05,4.348969363672824e-15,2.612616365555512e-18,0.0,4.346356747307269e-15,0.0,0.0
2.75,0.10106063598304926,300.0,0.025851999786435535,1.0,1.0,1.0,-7.860056671281509,-0.0013737811389271121,-2.8284518608114686,-0.028284518608114685,3.5156014491497656,-1.9544813437657143,0.0,-0.036111111111201626,-0.03472222222230925,0.0,4.33,4.28,4.354,4.354,2.0,1.0,16.64,16.0,0.005291772109038001,0.005291772109038001,4.0,10.0,1.0,1.0,0.11,0.3,0.8,195448134.37657142,351560144.91497654,2.33,3.2800000000000002,0.1300513915277816,0.17787533288249144,3.158804,1.0,0.41080685576352266,0.17787533288249144,1.9191931442364774,3.1021246671175087,0.0,1.085158,2.491267,1.085158,2.491267,0.8340351442364773,0.6108576671175086,1200000.0,1.0,0.0063214833733174,6.991381483862092,682720204.3182791,755069200257.106,6.653788668124623e-06,41.30756597827119,1,6.653788668124623e-06,6.653788668124623e-06,1500,0.0,10.350904455818315,0.11,0.3,3469911125302822.5,3469911125302822.5,1.0,0,8.046561466830577e-87,2.7920853154188415e-71,0.0,195448134.37657142,1.0,16.64,0.1300513915277816,0.6699486084722184,1e-10,5e+23,5315547.458617731,1,0.0463040153184059,0.0463040153184059,0.0,9.550904455818314,500000000.0,2.954481343765714,2.0285557955105188e-82,0,2.996665126311823e-73,0.0,5e-10,1.0,3.5156014491409557,1e-08,0,984896.3075613179,0.0,0.04631066910707403,-6.896741e-13,-21.953008427490825,-2.1953008427490827e-05,1.4548925784961158e-15,2.090349359831933e-19,0.0,1.4546835435601324e-15,0.0,0.0
3.0,0.11024796652696282,300.0,0.025851999786435535,1.0,1.0,1.0,-7.342156428060868,-0.0012832625058259235,-2.206234784360534,-0.02206234784360534,3.5892366849814263,-1.5321630697138258,0.0,-0.036111111111201626,-0.03472222222230925,0.0,4.33,4.28,4.354,4.354,2.0,1.0,16.64,16.0,0.005291772109038001,0.005291772109038001,4.0,10.0,1.0,1.0,0.11,0.3,0.8,153216306.9713826,358923668.49814266,2.33,3.2800000000000002,0.11514676307092639,0.17972850317713432,3.158804,1.0,0.36372605577549455,0.17972850317713432,1.9662739442245054,3.1002714968228657,0.0,1.085158,2.491267,1.085158,2.491267,0.8811159442245053,0.6090044968228656,1200000.0,1.0,0.0063214833733174,6.991381483862092,682720204.3182791,755069200257.106,1.076828085030505e-06,44.37736341100015,1,1.076828085030505e-06,1.076828085030505e-06,1500,0.0,10.597185728544218,0.11,0.3,3469911125302822.5,3469911125302822.5,1.0,0,8.635078563373042e-88,2.996295517491203e-72,0.0,153216306.9713826,1.0,16.64,0.11514676307092639,0.6848532369290736,1e-10,5e+23,5315547.458617731,1,0.02039413905384019,0.02039413905384019,0.0,9.797185728544218,500000000.0,2.532163069713826,1.937097854685133e-83,0,2.4525238250277862e-74,0.0,5e-10,1.0,3.5892366849724318,1e-08,0,1026586.2321702262,0.0,0.02039521588192522,-8.102244e-13,-25.790243654733008,-2.5790243654733006e-05,6.407346038303416e-16,3.382955201111e-20,0.0,6.407007742783304e-16,0.0,0.0
3.25,0.1194352970708764,300.0,0.025851999786435535,1.0,1.0,1.0,-6.363365921865548,-0.001112189447118216,-1.2551742320350576,-0.012551742320350577,3.569662646644783,-0.8866483993870248,0.0,-0.036111111111201626,-0.03472222222230925,0.0,4.33,4.28,4.354,4.354,2.0,1.0,16.64,16.0,0.005291772109038001,0.005291772109038001,4.0,10.0,1.0,1.0,0.11,0.3,0.8,88664839.93870248,356966264.6644783,2.33,3.2800000000000002,0.08759412041805012,0.17923775508112003,3.158804,1.0,0.2766926579530184,0.17923775508112003,2.0533073420469816,3.1007622449188803,0.0,1.085158,2.491267,1.085158,2.491267,0.9681493420469816,0.6094952449188802,1200000.0,1.0,0.0063214833733174,6.991381483862092,682720204.3182791,755069200257.106,3.715776994069717e-08,43.542894053076495,1,3.715776994069717e-08,3.715776994069717e-08,1500,0.0,10.841501643440958,0.11,0.3,3469911125302822.5,3469911125302822.5,1.0,0,5.4388862300571346e-89,1.8872451838931577e-73,0.0,88664839.93870248,1.0,16.64,0.08759412041805012,0.7124058795819499,1e-10,5e+23,5315547.458617731,1,0.004065255028925963,0.004065255028925963,0.0,10.041501643440958,500000000.0,1.8866483993870249,1.056738585639777e-84,0,9.968470805838969e-76,0.0,5e-10,1.0,3.569662646635838,1e-08,0,1015419.7100749989,0.0,0.004065292186695903,-9.473983e-13,-30.156624504371674,-3.0156624504371675e-05,1.2771492068419838e-16,1.1673457706947389e-21,0.0,1.2771375333842767e-16,0.0,0.0
3.5,0.12862262761478996,300.0,0.025851999786435535,1.0,1.0,1.0,-5.502512535182432,-0.0009617294446696615,-0.3882613726217985,-0.003882613726217985,3.573939911297887,-0.29824741137642763,0.0,-0.036111111111201626,-0.03472222222230925,0.0,4.33,4.28,4.354,4.354,2.0,1.0,16.64,16.0,0.005291772109038001,0.005291772109038001,4.0,10.0,1.0,1.0,0.11,0.3,0.8,29824741.137642764,357393991.1297887,2.33,3.2800000000000002,0.05080279194426248,0.1793451066537147,3.158804,1.0,0.1604760624047041,0.1793451066537147,2.169523937595296,3.1006548933462854,0.0,1.085158,2.491267,1.085158,2.491267,1.0843659375952959,0.6093878933462853,1200000.0,1.0,0.0063214833733174,6.991381483862092,682720204.3182791,755069200257.106,4.146644125108915e-10,43.72408378543962,1,4.146644125108915e-10,4.146644125108915e-10,1500,0.0,11.086320473369328,0.11,0.3,3469911125302822.5,3469911125302822.5,1.0,0,4.101160568764797e-90,1.423066268421022e-74,0.0,29824741.137642764,1.0,16.64,0.05080279194426248,0.7491972080557375,1e-10,5e+23,5315547.458617731,1,0.0003294927998599771,0.0003294927998599771,0.0,10.286320473369328,500000000.0,1.2982474113764275,6.998890375484027e-86,0,4.5431456562397654e-77,0.0,5e-10,1.0,3.5739399112889307,1e-08,0,1017854.5737269862,0.0,0.0003294932145243896,-1.0878e-12,-34.62574941907275,-3.4625749419072746e-05,1.0351334621575082e-17,1.3027066720493444e-23,0.0,1.0351321594508361e-17,0.0,0.0
3.75,0.13780995815870353,300.0,0.025851999786435535,1.0,1.0,1.0,-4.481912624609102,-0.0007833489359566444,0.5926300330855048,0.005926300330855048,3.5459104453930164,0.36751439614816045,0.0,-0.036111111111201626,-0.03472222222230925,0.0,4.33,4.28,4.354,4.354,2.0,1.0,16.64,16.0,0.005291772109038001,0.005291772109038001,4.0,10.0,1.0,1.0,0.11,0.3,0.8,36751439.61481605,354591044.53930163,2.33,3.2800000000000002,0.056394456652092716,0.17864044418416533,3.158804,1.0,0.17813903525045707,0.17864044418416533,2.151860964749543,3.101359555815835,0.0,1.085158,2.491267,1.085158,2.491267,1.066702964749543,0.610092555815835,1200000.0,1.0,0.0063214833733174,6.991381483862092,682720204.3182791,755069200257.106,8.211483960183217e-10,42.54836825240638,1,8.211483960183217e-10,8.211483960183217e-10,1500,0.0035418980784866104,11.330458101921513,0.11,0.3,3469911125302822.5,3469911125302822.5,1.0,0,2.6506201742561223e-91,9.197416431603425e-76,0.0,36751439.61481605,1.0,16.64,0.056394456652092716,0.7436055433479073,1e-10,5e+23,5315547.458617731,1,0.0005040567493286457,0.0005040567493286457,0.0,10.530458101921512,500000000.0,1.3675143961481604,3.955273626757241e-87,0,2.704446812647836e-78,0.0,5e-10,1.0,3.5459104453841306,1e-08,0,1001951.6517611515,0.0,0.0005040575704770417,-1.2874e-12,-40.97921474730121,-4.097921474730121e-05,1.5835435603969937e-17,2.5797137684382016e-23,0.0,1.5835409806832252e-17,0.0,0.0
4.0,0.1469972887026171,300.0,0.025851999786435535,1.0,1.0,1.0,-3.7980304851931623,-0.0006638199778752821,1.3332745706088998,0.013332745706088998,3.585977924836012,0.8702131079176125,0.0,-0.036111111111201626,-0.03472222222230925,0.0,4.33,4.28,4.354,4.354,2.0,1.0,16.64,16.0,0.005291772109038001,0.005291772109038001,4.0,10.0,1.0,1.0,0.11,0.3,0.8,87021310.79176125,358597792.4836012,2.33,3.2800000000000002,0.08677848206577558,0.17964689458787567,3.158804,1.0,0.2741162162633002,0.17964689458787567,2.0558837837367,3.1003531054121245,0.0,1.085158,2.491267,1.085158,2.491267,0.9707257837367,0.6090861054121244,1200000.0,1.0,0.0063214833733174,6.991381483862092,682720204.3182791,755069200257.106,3.3633133109148024e-08,44.237495553932824,1,3.3633133109148024e-08,3.3633133109148024e-08,1500,0.007968416003401207,11.576031583996599,0.11,0.3,3469911125302822.5,3469911125302822.5,1.0,0,2.628869308078635e-92,9.12194285906919e-77,0.0,87021310.79176125,1.0,16.64,0.08677848206577558,0.7132215179342245,1e-10,5e+23,5315547.458617731,1,0.003865982295457173,0.003865982295457173,0.0,10.776031583996598,500000000.0,1.8702131079176125,3.519154461482181e-88,0,3.2907844013253615e-79,0.0,5e-10,1.0,3.5859779248270254,1e-08,0,1024722.9504163576,0.0,0.0038660159285902823,-1.5745e-12,-50.11789157963784,-5.011789157963784e-05,1.2145447239920353e-16,1.0566160389290709e-21,0.0,1.2145341578316462e-16,0.0,0.0
4.25,0.15618461924653068,300.0,0.025851999786435535,1.0,1.0,1.0,-2.7668633553717985,-0.00048359252999872224,2.321705647658843,0.02321705647658843,3.555811371395967,1.5410923272086925,0.0,-0.036111111111201626,-0.03472222222230925,0.0,4.33,4.28,4.354,4.354,2.0,1.0,16.64,16.0,0.005291772109038001,0.005291772109038001,4.0,10.0,1.0,1.0,0.11,0.3,0.8,154109232.72086924,355581137.1395967,2.33,3.2800000000000002,0.11548180620286398,0.17888967113412288,3.158804,1.0,0.3647843913608316,0.17888967113412288,1.9652156086391686,3.1011103288658775,0.0,1.085158,2.491267,1.085158,2.491267,0.8800576086391685,0.6098433288658773,1200000.0,1.0,0.0063214833733174,6.991381483862092,682720204.3182791,755069200257.106,1.121826330835378e-06,42.96054061187059,1,1.121826330835378e-06,1.121826330835378e-06,1500,0.01387584886550614,11.820124151134493,0.11,0.3,3469911125302822.5,3469911125302822.5,1.0,0,1.7969613283848426e-93,6.235296105101504e-78,0.0,154109232.72086924,1.0,16.64,0.11548180620286398,0.6845181937971361,1e-10,5e+23,5315547.458617731,1,0.020780573119264612,0.020780573119264612,0.0,11.020124151134493,500000000.0,2.5410923272086925,2.123867104426514e-89,0,2.6984712015345784e-80,0.0,5e-10,1.0,3.5558113713870565,1e-08,0,1007554.7819158589,0.0,0.02078169494559545,-1.9015e-12,-60.52662485784779,-6.052662485784779e-05,6.52876201702268e-16,3.5243213595560164e-20,0.0,6.528409584886725e-16,0.0,0.0
4.5,0.16537194979044426,300.0,0.025851999786435535,1.0,1.0,1.0,-1.950965668129058,-0.0003409898871801709,3.1565427839510947,0.03156542783951095,3.569180362325778,2.1077225144166243,0.0,-0.036111111111201626,-0.03472222222230925,0.0,4.33,4.28,4.354,4.354,2.0,1.0,16.64,16.0,0.005291772109038001,0.005291772109038001,4.0,10.0,1.0,1.0,0.11,0.3,0.8,210772251.44166243,356918036.2325778,2.33,3.2800000000000002,0.1350535349557484,0.17922564658696058,3.158804,1.0,0.4266076464323579,0.17922564658696058,1.9033923535676422,3.1007743534130396,0.0,1.085158,2.491267,1.085158,2.491267,0.8182343535676422,0.6095073534130395,1200000.0,1.0,0.0063214833733174,6.991381483862092,682720204.3182791,755069200257.106,1.2260568369970393e-05,43.52250431810251,1,1.2260568369970393e-05,1.2260568369970393e-05,1500,0.018865315959314677,12.065134684040684,0.11,0.3,3469911125302822.5,3469911125302822.5,1.0,0,1.6228976140643859e-94,5.631310486269418e-79,0.0,210772251.44166243,1.0,16.64,0.1350535349557484,0.6649464650442516,1e-10,5e+23,5315547.458617731,1,0.060594453027155146,0.060594453027155146,0.0,11.265134684040683,500000000.0,3.1077225144166243,1.7222563399779243e-90,0,2.676147401673084e-81,0.0,5e-10,1.0,3.5691803623168337,1e-08,0,1015145.349178955,0.0,0.060606713595525115,-2.8518e-12,-90.77561334189342,-9.077561334189341e-05,1.9040160618992237e-15,3.8517711519934376e-19,0.0,1.9036308847840244e-15,0.0,0.0
4.75,0.1745592803343578,300.0,0.025851999786435535,1.0,1.0,1.0,-0.9740425699305575,-0.00017024321414523902,4.106270947667215,0.04106270947667215,3.5499839838312766,2.7523328507430165,0.0,-0.036111111111201626,-0.03472222222230925,0.0,4.33,4.28,4.354,4.354,2.0,1.0,16.64,16.0,0.005291772109038001,0.005291772109038001,4.0,10.0,1.0,1.0,0.11,0.3,0.8,275233285.07430166,354998398.3831276,2.33,3.2800000000000002,0.15432977238144832,0.17874302571467535,3.158804,1.0,0.48749750231760847,0.17874302571467535,1.8425024976823916,3.101256974285325,0.0,1.085158,2.491267,1.085158,2.491267,0.7573444976823915,0.609989974285325,1200000.0,1.0,0.0063214833733174,6.991381483862092,682720204.3182791,755069200257.106,0.0001292454197901541,42.71753689789428,1,0.0001292454197901541,0.0001292454197901541,1500,0.02454143794158588,12.309458562058413,0.11,0.3,3469911125302822.5,3469911125302822.5,1.0,0,1.2585694622968595e-95,4.3671241791902645e-80,0.0,275233285.07430166,1.0,16.64,0.15432977238144832,0.6456702276185518,1e-10,5e+23,5315547.458617731,1,0.1667811349476954,0.1667811349476954,0.0,11.509458562058413,500000000.0,3.7523328507430165,1.1937270567636283e-91,0,2.239630624957468e-82,0.0,5e-10,1.0,3.5499839838223806,1e-08,0,1004255.0562236429,0.0,0.16691038036748554,-4.2229e-12,-134.41908183655295,-0.00013441908183655296,5.2436442477037065e-15,4.06036461322877e-18,0.0,5.239583883090478e-15,0.0,0.0
5.0,0.18374661087827138,300.0,0.025851999786435535,1.0,1.0,1.0,-0.2147469395255412,-3.7533481945545587e-05,4.9007227284693515,0.04900722728469351,3.574800030726702,3.291552228648124,0.0,-0.036111111111201626,-0.03472222222230925,0.0,4.33,4.28,4.354,4.354,2.0,1.0,16.64,16.0,0.005291772109038001,0.005291772109038001,4.0,10.0,1.0,1.0,0.11,0.3,0.8,329155222.8648124,357480003.07267016,2.33,3.2800000000000002,0.1687716957814816,0.17936668632972114,3.158804,1.0,0.5331167077213272,0.17936668632972114,1.7968832922786728,3.1006333136702793,0.0,1.085158,2.491267,1.085158,2.491267,0.7117252922786728,0.6093663136702792,1200000.0,1.0,0.0063214833733174,6.991381483862092,682720204.3182791,755069200257.106,0.0007547169124910173,43.76059722690886,1,0.0007547169124910173,0.0007547169124910173,1500,0.02928953891315336,12.554710461086845,0.11,0.3,3469911125302822.5,3469911125302822.5,1.0,0,1.280254044208383e-96,4.4423677512126e-81,0.0,329155222.8648124,1.0,16.64,0.1687716957814816,0.6312283042185185,1e-10,5e+23,5315547.458617731,1,0.3487067521077392,0.3487067521077392,0.0,11.754710461086844,500000000.0,4.291552228648124,1.1019361576655604e-92,0,2.3645082866287932e-83,0.0,5e-10,1.0,3.5748000307177437,1e-08,0,1018344.5550161136,0.0,0.34946146902023023,-5.9038e-12,-187.92379060518633,-0.00018792379060518632,1.0978655837866524e-14,2.371013107821751e-17,0.0,1.0954945706788307e-14,0.0,0.0
5.25,0.19293394142218495,300.0,0.025851999786435535,1.0,1.0,1.0,0.6421145811444104,0.00011222882194085397,5.764787406438026,0.05764787406438025,3.5798846002060403,3.8780200664489506,0.0,-0.036111111111201626,-0.03472222222230925,0.0,4.33,4.28,4.354,4.354,2.0,1.0,16.64,16.0,0.005291772109038001,0.005291772109038001,4.0,10.0,1.0,1.0,0.11,0.3,0.8,387802006.6448951,357988460.020604,2.33,3.2800000000000002,0.18319105542248942,0.17949420091905233,3.158804,1.0,0.5786646386327813,0.17949420091905233,1.751335361367219,3.100505799080948,0.0,1.085158,2.491267,1.085158,2.491267,0.6661773613672188,0.609238799080948,1200000.0,1.0,0.0063214833733174,6.991381483862092,682720204.3182791,755069200257.106,0.004394967260355546,43.97697890723111,1,0.004394967260355546,0.004394967260355546,1500,0.03445368661361902,12.799546313386381,0.11,0.3,3469911125302822.5,3469911125302822.5,1.0,0,1.1994994025259382e-97,4.1621563216188416e-82,0.0,387802006.6448951,1.0,16.64,0.18319105542248942,0.6168089445775107,1e-10,5e+23,5315547.458617731,1,0.7176360361197152,0.7176360361197152,0.0,11.99954631338638,500000000.0,4.878020066448951,9.354311974607424e-94,0,2.281526075997936e-84,0.0,5e-10,1.0,3.5798846001970692,1e-08,0,1021243.4729516704,0.0,0.7220310033800708,-1.24506e-11,-396.3149068919904,-0.0003963149068919904,2.2683272958828976e-14,1.3807196857900644e-16,0.0,2.2545200990249968e-14,0.0,0.0
5.5,0.20212127196609853,300.0,0.025851999786435535,1.0,1.0,1.0,1.3746911065235095,0.00024026858748906862,6.540175205909182,0.06540175205909182,3.6101042509220767,4.404300121412008,0.0,-0.036111111111201626,-0.03472222222230925,0.0,4.33,4.28,4.354,4.354,2.0,1.0,16.64,16.0,0.005291772109038001,0.005291772109038001,4.0,10.0,1.0,1.0,0.11,0.3,0.8,440430012.1412008,361010425.0922077,2.33,3.2800000000000002,0.19522601590778232,0.18025021032964236,3.158804,1.0,0.6166807199535664,0.18025021032964236,1.7133192800464336,3.099749789670358,0.0,1.085158,2.491267,1.085158,2.491267,0.6281612800464336,0.608482789670358,1200000.0,1.0,0.0063214833733174,6.991381483862092,682720204.3182791,755069200257.106,0.019124835221520035,45.2820198107641,1,0.019124835221520035,0.019124835221520035,1500,0.03908785026329117,13.044912149736708,0.11,0.3,3469911125302822.5,3469911125302822.5,1.0,0,1.319132831129465e-98,4.57727368648834e-83,0.0,440430012.1412008,1.0,16.64,0.19522601590778232,0.6047739840922177,1e-10,5e+23,5315547.458617731,1,1.2982236897872448,1.2982236897872448,0.0,12.244912149736708,500000000.0,5.404300121412008,9.406977223573402e-95,0,2.5419064075738863e-85,0.0,5e-10,1.0,3.61010425091303,1e-08,0,1038557.9307810504,0.0,1.3173485250087649,-2.90187e-11,-923.6939094201566,-0.0009236939094201566,4.138572448384886e-14,6.008244183304267e-16,0.0,4.078490006551843e-14,0.0,0.0
5.75,0.2113086025100121,300.0,0.025851999786435535,1.0,1.0,1.0,2.429220549569295,0.00042457930176072753,7.5452752059161945,0.07545275205916195,3.5752129626948697,5.08649306229634,0.0,-0.036111111111201626,-0.03472222222230925,0.0,4.33,4.28,4.354,4.354,2.0,1.0,16.64,16.0,0.005291772109038001,0.005291772109038001,4.0,10.0,1.0,1.0,0.11,0.3,0.8,508649306.229634,357521296.26948696,2.33,3.2800000000000002,0.20980144112245455,0.17937704552455913,3.158804,1.0,0.6627216314233739,0.17937704552455913,1.6672783685766261,3.1006229544754413,0.0,1.085158,2.491267,1.085158,2.491267,0.5821203685766261,0.6093559544754412,1200000.0,1.0,0.0063214833733174,6.991381483862092,682720204.3182791,755069200257.106,0.1135144038935719,43.77813611732221,1,0.1135144038935719,0.1135144038935719,1500,0.04509490620032651,13.288905093799674,0.11,0.3,3469911125302822.5,3469911125302822.5,1.0,0,1.0513811869377993e-99,3.6481992774895565e-84,0.0,508649306.229634,1.0,16.64,0.20980144112245455,0.5901985588775455,1e-10,5e+23,5315547.458617731,1,2.634798743897184,2.634798743897184,0.0,12.488905093799673,500000000.0,6.08649306229634,6.774774350584045e-96,0,2.061730854172649e-86,0.0,5e-10,1.0,3.57521296268591,1e-08,0,1018579.8304466524,0.0,2.7483131477907556,-5.5206e-11,-1757.2615576662347,-0.0017572615576662348,8.634080394863678e-14,3.566160173486701e-15,0.0,8.277464377515009e-14,0.0,0.0
6.0,0.22049593305392565,300.0,0.025851999786435535,1.0,1.0,1.0,3.1670727621197288,0.0005535411522039965,8.324427188418362,0.08324427188418362,3.6043656718599917,5.615327986518114,0.0,-0.036111111111201626,-0.03472222222230925,0.0,4.33,4.28,4.354,4.354,2.0,1.0,16.64,16.0,0.005291772109038001,0.005291772109038001,4.0,10.0,1.0,1.0,0.11,0.3,0.8,561532798.6518114,360436567.18599916,2.33,3.2800000000000002,0.22043817296159782,0.18010689155023427,3.158804,1.0,0.696320982503787,0.18010689155023427,1.633679017496213,3.099893108449766,0.0,1.085158,2.491267,1.085158,2.491267,0.548521017496213,0.6086261084497657,1200000.0,1.0,0.0063214833733174,6.991381483862092,682720204.3182791,755069200257.106,0.4163851460124387,45.03167910118381,1,0.4163851460124387,0.4163851460124387,1500,0.049751566773712085,13.534248433226288,0.11,0.3,3469911125302822.5,3469911125302822.5,1.0,0,1.2054036367675103e-100,4.182643489700066e-85,0.0,561532798.6518114,1.0,16.64,0.22043817296159782,0.5795618270384022,1e-10,5e+23,5315547.458617731,1,4.389280641709995,4.389280641709995,0.0,12.734248433226288,500000000.0,6.615327986518114,7.142590913255821e-97,0,2.3625290782355606e-87,0.0,5e-10,1.0,3.6043656718509594,1e-08,0,1035258.7961680833,0.0,4.805665787722433,-1.029157e-10,-3275.9084753525144,-0.003275908475352515,1.5097444334316603e-13,1.3081125157765909e-14,0.0,1.3789331818540014e-13,0.0,0.0
6.25,0.22968326359783922,300.0,0.025851999786435535,1.0,1.0,1.0,4.068726629897664,0.0007111322649907257,9.220451038230895,0.09220451038230895,3.6003915510227174,6.223487518108848,0.0,-0.036111111111201626,-0.03472222222230925,0.0,4.33,4.28,4.354,4.354,2.0,1.0,16.64,16.0,0.005291772109038001,0.005291772109038001,4.0,10.0,1.0,1.0,0.11,0.3,0.8,622348751.8108848,360039155.10227174,2.33,3.2800000000000002,0.23206847598875738,0.18000757255445216,3.158804,1.0,0.7330588302271908,0.18000757255445216,1.5969411697728093,3.099992427445548,0.0,1.085158,2.491267,1.085158,2.491267,0.5117831697728092,0.608725427445548,1200000.0,1.0,0.0063214833733174,6.991381483862092,682720204.3182791,755069200257.106,1.7245028112312262,44.859006933461785,1,1.7245028112312262,1.7245028112312262,1500,0.055106720874502135,13.7788932791255,0.11,0.3,3469911125302822.5,3469911125302822.5,1.0,0,1.1889184413564437e-101,4.1254413267404155e-86,0.0,622348751.8108848,1.0,16.64,0.23206847598875738,0.5679315240112427,1e-10,5e+23,5315547.458617731,1,7.628383814399436,7.628383814399436,0.0,12.978893279125499,500000000.0,7.223487518108849,6.449189580896424e-98,0,2.329282021976148e-88,0.0,5e-10,1.0,3.600391551013695,1e-08,0,1032977.1323327168,0.0,9.352886625630662,-1.608126e-10,-5118.824040291945,-0.005118824040291945,2.9382959912939517e-13,5.4176853628589664e-14,0.0,2.3965274550080553e-13,0.0,0.0
6.5,0.2388705941417528,300.0,0.025851999786435535,1.0,1.0,1.0,4.909648224180935,0.0008581085876632851,10.073142638442732,0.10073142638442732,3.6086997706594923,6.802236090799947,0.0,-0.036111111111201626,-0.03472222222230925,0.0,4.33,4.28,4.354,4.354,2.0,1.0,16.64,16.0,0.005291772109038001,0.005291772109038001,4.0,10.0,1.0,1.0,0.11,0.3,0.8,680223609.0799947,360869977.06594926,2.33,3.2800000000000002,0.2426191570127491,0.18021514451545054,3.158804,1.0,0.7663863636484999,0.18021514451545054,1.5636136363515,3.0997848554845495,0.0,1.085158,2.491267,1.085158,2.491267,0.4784556363515,0.6085178554845494,1200000.0,1.0,0.0063214833733174,6.991381483862092,682720204.3182791,755069200257.106,6.259531457998275,45.22064063285537,1,6.259531457998275,6.259531457998275,1500,0.06020289651819624,14.023797103481806,0.11,0.3,3469911125302822.5,3469911125302822.5,1.0,0,1.2787911632922661e-102,4.437291684446773e-87,0.0,680223609.0799947,1.0,16.64,0.2426191570127491,0.5573808429872509,1e-10,5e+23,5315547.458617731,1,12.539899463918522,12.539899463918522,0.0,13.223797103481806,500000000.0,7.802236090799947,6.383889546967609e-99,0,2.49043067115156e-89,0.0,5e-10,1.0,3.608699770650449,1e-08,0,1037750.0037632193,0.0,18.799430921916795,-2.316351e-10,-7373.1742317170965,-0.007373174231717097,5.90601540759626e-13,1.966489804336159e-13,0.0,3.939525603260102e-13,0.0,0.0
6.75,0.24805792468566637,300.0,0.025851999786435535,1.0,1.0,1.0,5.590785565684131,0.0009771578098139294,10.811828772938963,0.10811828772938963,3.649322351048934,7.30360557292008,0.0,-0.036111111111201626,-0.03472222222230925,0.0,4.33,4.28,4.354,4.354,2.0,1.0,16.64,16.0,0.005291772109038001,0.005291772109038001,4.0,10.0,1.0,1.0,0.11,0.3,0.8,730360557.292008,364932235.1048934,2.33,3.2800000000000002,0.2514015172835067,0.18122663307304954,3.158804,1.0,0.79412811840121,0.18122663307304954,1.5358718815987902,3.0987733669269506,0.0,1.085158,2.491267,1.085158,2.491267,0.4507138815987901,0.6075063669269505,1200000.0,1.0,0.0063214833733174,6.991381483862092,682720204.3182791,755069200257.106,18.305550524043095,47.02501800626946,1,18.305550524043095,18.305550524043095,1500,0.06461770989975062,14.269382290100252,0.11,0.3,3469911125302822.5,3469911125302822.5,1.0,0,1.6560671433638647e-103,5.746405805006739e-88,0.0,730360557.292008,1.0,16.64,0.2514015172835067,0.5485984827164934,1e-10,5e+23,5315547.458617731,1,18.911101418910444,18.911101418910444,0.0,13.469382290100251,500000000.0,8.30360557292008,7.67652996388125e-100,0,3.187143849438617e-90,0.0,5e-10,1.0,3.649322351039789,1e-08,0,1061245.0894891026,0.0,37.21665194295354,-3.75288e-10,-11945.788056614243,-0.011945788056614242,1.1691956033519115e-12,5.750858304625058e-13,0.0,5.941097728894057e-13,0.0,0.0
7.0,0.2572452552295799,300.0,0.025851999786435535,1.0,1.0,1.0,6.762306853581124,0.001181916365187308,11.900402015929108,0.11900402015929108,3.5907709297744126,8.042454425768813,0.0,-0.036111111111201626,-0.03472222222230925,0.0,4.33,4.28,4.354,4.354,2.0,1.0,16.64,16.0,0.005291772109038001,0.005291772109038001,4.0,10.0,1.0,1.0,0.11,0.3,0.8,804245442.5768813,359077092.97744125,2.33,3.2800000000000002,0.26381139053694563,0.17976691218761284,3.158804,1.0,0.833328475673666,0.17976691218761284,1.496671524326334,3.1002330878123874,0.0,1.085158,2.491267,1.085158,2.491267,0.4115135243263339,0.6089660878123873,1200000.0,1.0,0.0063214833733174,6.991381483862092,682720204.3182791,755069200257.106,83.39112112074113,44.443345055027805,1,83.39112112074113,83.39112112074113,1500,0.07112364996756093,14.512876350032439,0.11,0.3,3469911125302822.5,3469911125302822.5,1.0,0,1.3271155518361615e-104,4.6049730178786914e-89,0.0,804245442.5768813,1.0,16.64,0.26381139053694563,0.5361886094630544,1e-10,5e+23,5315547.458617731,1,33.654629666961185,33.654629666961185,0.0,13.712876350032438,500000000.0,9.042454425768813,5.615256652172493e-101,0,2.5387851183132467e-91,0.0,5e-10,1.0,3.5907709297654145,1e-08,0,1027464.062945626,0.0,117.04575078770232,-6.157396e-10,-19599.600199485278,-0.019599600199485277,3.677100708085474e-12,2.61980933487537e-12,0.0,1.0572913732101038e-12,0.0,0.0
7.25,0.2664325857734935,300.0,0.025851999786435535,1.0,1.0,1.0,7.578903263335745,0.0013246411307650595,12.735737688115776,0.12735737688115775,3.6039986128411408,8.60942298494764,0.0,-0.036111111111201626,-0.03472222222230925,0.0,4.33,4.28,4.354,4.354,2.0,1.0,16.64,16.0,0.005291772109038001,0.005291772109038001,4.0,10.0,1.0,1.0,0.11,0.3,0.8,860942298.494764,360399861.28411406,2.33,3.2800000000000002,0.27295198783685387,0.18009772051320333,3.158804,1.0,0.8622018309870053,0.18009772051320333,1.4677981690129949,3.099902279486797,0.0,1.085158,2.491267,1.085158,2.491267,0.3826401690129948,0.6086352794867969,1200000.0,1.0,0.0063214833733174,6.991381483862092,682720204.3182791,755069200257.106,254.78322668487746,45.015706876413695,1,254.78322668487746,254.78322668487746,1500,0.07611609659873327,14.75788390340127,0.11,0.3,3469911125302822.5,3469911125302822.5,1.0,0,1.5611171157861209e-105,5.4169376479669155e-90,0.0,860942298.494764,1.0,16.64,0.27295198783685387,0.5270480121631462,1e-10,5e+23,5315547.458617731,1,51.30805233907697,51.30805233907697,0.0,13.95788390340127,500000000.0,9.60942298494764,6.129108149719374e-102,0,2.944859636557163e-92,0.0,5e-10,1.0,3.603998612832109,1e-08,0,1035047.9508968638,0.0,306.0912790239544,-8.639535e-10,-27500.49402530876,-0.027500494025308755,9.616141135095588e-12,8.00425113211114e-12,0.0,1.6118900029844484e-12,0.0,0.0
7.5,0.27561991631740707,300.0,0.025851999786435535,1.0,1.0,1.0,8.332345028179699,0.0014563277240188233,13.526012757772012,0.13526012757772013,3.6299985306139915,9.145807497804665,0.0,-0.036111111111201626,-0.03472222222230925,0.0,4.33,4.28,4.354,4.354,2.0,1.0,16.64,16.0,0.005291772109038001,0.005291772109038001,4.0,10.0,1.0,1.0,0.11,0.3,0.8,914580749.7804664,362999853.06139916,2.33,3.2800000000000002,0.2813262562146303,0.18074618234665876,3.158804,1.0,0.8886545034357991,0.18074618234665876,1.441345496564201,3.0992538176533415,0.0,1.085158,2.491267,1.085158,2.491267,0.3561874965642009,0.6079868176533414,1200000.0,1.0,0.0063214833733174,6.991381483862092,682720204.3182791,755069200257.106,708.8529839919894,46.159144756638575,1,708.8529839919894,708.8529839919894,1500,0.08083923514120306,15.003160764858794,0.11,0.3,3469911125302822.5,3469911125302822.5,1.0,0,1.9939791079730709e-106,6.918930290377157e-91,0.0,914580749.7804664,1.0,16.64,0.2813262562146303,0.5186737437853697,1e-10,5e+23,5315547.458617731,1,75.35551749859644,75.35551749859644,0.0,14.203160764858794,500000000.0,10.145807497804665,7.296129991950746e-103,0,3.701256518864568e-93,0.0,5e-10,1.0,3.6299985306048943,1e-08,0,1050035.8771330656,0.0,784.2085014905858,-1.2674e-09,-40342.59497493363,-0.04034259497493362,2.463663667165485e-11,2.2269273269844373e-11,0.0,2.367363401810477e-12,0.0,0.0
7.75,0.28480724686132064,300.0,0.025851999786435535,1.0,1.0,1.0,9.318581618730315,0.0016287022097612163,14.482386063387713,0.14482386063387712,3.608918615121965,9.794928100666763,0.0,-0.036111111111201626,-0.03472222222230925,0.0,4.33,4.28,4.354,4.354,2.0,1.0,16.64,16.0,0.005291772109038001,0.005291772109038001,4.0,10.0,1.0,1.0,0.11,0.3,0.8,979492810.0666763,360891861.5121965,2.33,3.2800000000000002,0.2911386507607033,0.18022060887810515,3.158804,1.0,0.9196499345775125,0.18022060887810515,1.4103500654224876,3.099779391121895,0.0,1.085158,2.491267,1.085158,2.491267,0.3251920654224876,0.608512391121895,1200000.0,1.0,0.0063214833733174,6.991381483862092,682720204.3182791,755069200257.106,2351.0209417111128,45.230199974448176,1,2351.0209417111128,2351.0209417111128,1500,0.08655507231509701,15.247444927684906,0.11,0.3,3469911125302822.5,3469911125302822.5,1.0,0,2.0606272093021047e-107,7.15019327865908e-92,0.0,979492810.0666763,1.0,16.64,0.2911386507607033,0.5088613492392968,1e-10,5e+23,5315547.458617731,1,117.96012559968385,117.96012559968385,0.0,14.447444927684906,500000000.0,10.794928100666763,6.982114998191335e-104,0,3.768571469803125e-94,0.0,5e-10,1.0,3.608918615112921,1e-08,0,1037875.8733242489,0.0,2468.981067310797,-2.0226e-09,-64381.3575795335,-0.06438135757953349,7.756532782915886e-11,7.385950118915389e-11,0.0,3.705826640004961e-12,0.0,0.0
8.0,0.2939945774052342,300.0,0.025851999786435535,1.0,1.0,1.0,10.20820029512024,0.0017841898111327374,15.369822849235595,0.15369822849235595,3.607378460770579,10.397259322219128,0.0,-0.036111111111201626,-0.03472222222230925,0.0,4.33,4.28,4.354,4.354,2.0,1.0,16.64,16.0,0.005291772109038001,0.005291772109038001,4.0,10.0,1.0,1.0,0.11,0.3,0.8,1039725932.2219127,360737846.0770579,2.33,3.2800000000000002,0.299956775818165,0.18018214899512963,3.158804,1.0,0.9475046632815228,0.18018214899512963,1.3824953367184771,3.099817851004871,0.0,1.085158,2.491267,1.085158,2.491267,0.29733733671847706,0.6085508510048707,1200000.0,1.0,0.0063214833733174,6.991381483862092,682720204.3182791,755069200257.106,6905.503417856598,45.16296127355596,1,6905.503417856598,6905.503417856598,1500,0.09185890518061675,15.492141094819388,0.11,0.3,3469911125302822.5,3469911125302822.5,1.0,0,2.3911968592326857e-108,8.297240584640663e-93,0.0,1039725932.2219127,1.0,16.64,0.299956775818165,0.5000432241818351,1e-10,5e+23,5315547.458617731,1,176.1127630842248,176.1127630842248,0.0,14.692141094819387,500000000.0,11.397259322219128,7.54466323381592e-105,0,4.29942416873062e-95,0.0,5e-10,1.0,3.6073784607615393,1e-08,0,1036990.207492108,0.0,7081.616180940823,-3.0518e-09,-97141.81106556924,-0.09714181106556924,2.22475533695863e-10,2.1694278806877498e-10,0.0,5.532745627088004e-12,0.0,0.0
8.25,0.3031819079491478,300.0,0.025851999786435535,1.0,1.0,1.0,10.803229116530149,0.001888188981387789,16.04707087725691,0.1604707087725691,3.665415409182899,10.856928831661724,0.0,-0.036111111111201626,-0.03472222222230925,0.0,4.33,4.28,4.354,4.354,2.0,1.0,16.64,16.0,0.005291772109038001,0.005291772109038001,4.0,10.0,1.0,1.0,0.11,0.3,0.8,1085692883.1661725,366541540.9182899,2.33,3.2800000000000002,0.3065157070013112,0.1816257869694336,3.158804,1.0,0.9682230413385698,0.1816257869694336,1.3617769586614301,3.0983742130305667,0.0,1.085158,2.491267,1.085158,2.491267,0.27661895866143005,0.6071072130305666,1200000.0,1.0,0.0063214833733174,6.991381483862092,682720204.3182791,755069200257.106,15390.359945617056,47.75671666495574,1,15390.359945617056,15390.359945617056,1500,0.0959065290862406,15.738093470913762,0.11,0.3,3469911125302822.5,3469911125302822.5,1.0,0,3.7627224671865687e-109,1.305631255031756e-93,0.0,1085692883.1661725,1.0,16.64,0.3065157070013112,0.49348429299868884,1e-10,5e+23,5315547.458617731,1,237.00861924226106,237.00861924226106,0.0,14.938093470913762,500000000.0,11.856928831661724,1.118712007854276e-105,0,6.632244330126771e-96,0.0,5e-10,1.0,3.6654154091737134,1e-08,0,1070625.645493208,0.0,15627.368564859316,-4.5241e-09,-144006.57560840872,-0.14400657560840874,4.90948262783021e-10,4.835024174125315e-10,0.0,7.445845370489479e-12,0.0,0.0
8.5,0.31236923849306136,300.0,0.025851999786435535,1.0,1.0,1.0,11.830113324910778,0.0020676678600184953,17.032446105905155,0.17032446105905155,3.636115022878246,11.525733950656281,0.0,-0.036111111111201626,-0.03472222222230925,0.0,4.33,4.28,4.354,4.354,2.0,1.0,16.64,16.0,0.005291772109038001,0.005291772109038001,4.0,10.0,1.0,1.0,0.11,0.3,0.8,1152573395.065628,363611502.28782463,2.33,3.2800000000000002,0.3158155676178468,0.18089839553728723,3.158804,1.0,0.9975994782535249,0.18089839553728723,1.3324005217464752,3.099101604462713,0.0,1.085158,2.491267,1.085158,2.491267,0.2472425217464751,0.6078346044627128,1200000.0,1.0,0.0063214833733174,6.991381483862092,682720204.3182791,755069200257.106,47945.86926693912,46.43172543077936,1,47945.86926693912,47945.86926693912,1500,0.10179569843995437,15.98220430156005,0.11,0.3,3469911125302822.5,3469911125302822.5,1.0,0,3.964528595262298e-110,1.375656187928182e-94,0.0,1152573395.065628,1.0,16.64,0.3158155676178468,0.48418443238215325,1e-10,5e+23,5315547.458617731,1,360.5425465864252,360.5425465864252,0.0,15.182204301560049,500000000.0,12.52573395065628,1.0965245865558753e-106,0,6.867387620776134e-97,0.0,5e-10,1.0,3.636115022869134,1e-08,0,1053577.447303647,0.0,48306.41181352554,-8.7346e-09,-278030.9531860938,-0.2780309531860938,1.5175906847465506e-09,1.5062639065899258e-09,0.0,1.1326778156624693e-11,0.0,0.0
8.75,0.32155656903697494,300.0,0.025851999786435535,1.0,1.0,1.0,12.72704700865166,0.0022244339787786467,17.925102122091754,0.17925102122091754,3.6330955000513434,12.131607627779132,0.0,-0.036111111111201626,-0.03472222222230925,0.0,4.33,4.28,4.354,4.354,2.0,1.0,16.64,16.0,0.005291772109038001,0.005291772109038001,4.0,10.0,1.0,1.0,0.11,0.3,0.8,1213160762.7779133,363309550.00513434,2.33,3.2800000000000002,0.32401000177927874,0.18082326861218623,3.158804,1.0,1.0234840896603927,0.18082326861218623,1.3065159103396073,3.0991767313878142,0.0,1.085158,2.491267,1.085158,2.491267,0.22135791033960728,0.6079097313878141,1200000.0,1.0,0.0063214833733174,6.991381483862092,682720204.3182791,755069200257.106,130494.89728640251,46.29698888563593,1,130494.89728640251,130494.89728640251,1500,0.10713072442913614,16.22686927557087,0.11,0.3,3469911125302822.5,3469911125302822.5,1.0,0,4.825525997240633e-111,1.674414634326327e-95,0.0,1213160762.7779133,1.0,16.64,0.32401000177927874,0.4759899982207213,1e-10,5e+23,5315547.458617731,1,521.034789354068,521.034789354068,0.0,15.42686927557087,500000000.0,13.131607627779132,1.2492922066202127e-107,0,8.202607534889505e-98,0.0,5e-10,1.0,3.633095500042239,1e-08,0,1051828.3385900054,0.0,131015.93207575659,-1.16194e-08,-369856.9891523937,-0.36985698915239373,4.115986897124163e-09,4.099618106459168e-09,0.0,1.6368790664994457e-11,0.0,0.0
9.0,0.3307438995808885,300.0,0.025851999786435535,1.0,1.0,1.0,13.65951464344835,0.002387410723466012,18.843111479226213,0.18843111479226213,3.6228896813698297,12.754689413769105,0.0,-0.036111111111201626,-0.03472222222230925,0.0,4.33,4.28,4.354,4.354,2.0,1.0,16.64,16.0,0.005291772109038001,0.005291772109038001,4.0,10.0,1.0,1.0,0.11,0.3,0.8,1275468941.3769104,362288968.136983,2.33,3.2800000000000002,0.33222643244723016,0.18056911243312845,3.158804,1.0,1.0494381837200404,0.18056911243312845,1.2805618162799597,3.099430887566872,0.0,1.085158,2.491267,1.085158,2.491267,0.19540381627995962,0.6081638875668718,1200000.0,1.0,0.0063214833733174,6.991381483862092,682720204.3182791,755069200257.106,356125.53943668155,45.844063976422916,1,356125.53943668155,356125.53943668155,1500,0.11261727657219661,16.471382723427805,0.11,0.3,3469911125302822.5,3469911125302822.5,1.0,0,5.7822706150142935e-112,2.006396513654969e-96,0.0,1275468941.3769104,1.0,16.64,0.33222643244723016,0.4677735675527699,1e-10,5e+23,5315547.458617731,1,752.7455804063698,752.7455804063698,0.0,15.671382723427804,500000000.0,13.754689413769105,1.4020824064676644e-108,0,9.642604016736346e-99,0.0,5e-10,1.0,3.6228896813607507,1e-08,0,1045927.2046097857,0.0,356878.28501708794,-1.67453e-08,-533019.4537113429,-0.5330194537113428,1.1211661984354078e-08,1.118801378449981e-08,0.0,2.3648199854268365e-11,0.0,0.0
9.25,0.33993123012480203,300.0,0.025851999786435535,1.0,1.0,1.0,14.460520564531352,0.0025274105825730526,19.667323396156544,0.19667323396156544,3.6392703451995523,13.314107930850685,0.0,-0.036111111111201626,-0.03472222222230925,0.0,4.33,4.28,4.354,4.354,2.0,1.0,16.64,16.0,0.005291772109038001,0.005291772109038001,4.0,10.0,1.0,1.0,0.11,0.3,0.8,1331410793.0850685,363927034.5199552,2.33,3.2800000000000002,0.339433947933191,0.18097686788563253,3.158804,1.0,1.0722053124671553,0.18097686788563253,1.2577946875328447,3.0990231321143678,0.0,1.085158,2.491267,1.085158,2.491267,0.17263668753284467,0.6077561321143676,1200000.0,1.0,0.0063214833733174,6.991381483862092,682720204.3182791,755069200257.106,859160.0001939781,46.572880550203614,1,859160.0001939781,859160.0001939781,1500,0.11754324124132115,16.71645675875868,0.11,0.3,3469911125302822.5,3469911125302822.5,1.0,0,7.9776543871878e-113,2.768175171192382e-97,0.0,1331410793.0850685,1.0,16.64,0.339433947933191,0.46056605206680906,1e-10,5e+23,5315547.458617731,1,1038.4159038378907,1038.4159038378907,0.0,15.916456758758681,500000000.0,14.314107930850685,1.8220959956057454e-109,0,1.3040839370735738e-99,0.0,5e-10,1.0,3.6392703451904325,1e-08,0,1055406.7727335512,0.0,860198.416097816,-2.59294e-08,-825358.436281398,-0.825358436281398,2.702393024642475e-08,2.699130744867607e-08,0.0,3.2622797748679226e-11,0.0,0.0
9.5,0.3491185606687156,300.0,0.025851999786435535,1.0,1.0,1.0,15.296612796243185,0.0026735428289887675,20.51656926426721,0.20516569264267212,3.648555242835713,13.890517776931908,0.0,-0.036111111111201626,-0.03472222222230925,0.0,4.33,4.28,4.354,4.354,2.0,1.0,16.64,16.0,0.005291772109038001,0.005291772109038001,4.0,10.0,1.0,1.0,0.11,0.3,0.8,1389051777.6931908,364855524.2835713,2.33,3.2800000000000002,0.34670368375509847,0.1812075846399708,3.158804,1.0,1.09516898306034,0.1812075846399708,1.2348310169396601,3.0987924153600295,0.0,1.085158,2.491267,1.085158,2.491267,0.14967301693966006,0.6075254153600294,1200000.0,1.0,0.0063214833733174,6.991381483862092,682720204.3182791,755069200257.106,2088558.9434763705,46.99038149884971,1,2088558.9434763705,2088558.9434763705,1500,0.12261882320729599,16.961381176792706,0.11,0.3,3469911125302822.5,3469911125302822.5,1.0,0,1.082045572019715e-113,3.7546019684358655e-98,0.0,1389051777.6931908,1.0,16.64,0.34670368375509847,0.4532963162449016,1e-10,5e+23,5315547.458617731,1,1435.1717562656343,1435.1717562656343,0.0,16.161381176792705,500000000.0,14.890517776931908,2.3287874185972854e-110,0,1.7338425227659122e-100,0.0,5e-10,1.0,3.64855524282657,1e-08,0,1060798.9769328856,0.0,2089994.1152326362,-4.13482e-08,-1316154.0835904612,-1.3161540835904613,6.56591015846075e-08,6.561401433414626e-08,0.0,4.508725046123678e-11,0.0,0.0
9.25,0.33993123012480203,300.0,0.025851999786435535,1.0,1.0,1.0,15.296612796243185,0.0026735428289887675,20.263872071004393,0.20263872071004393,3.4701811794779047,13.719004254472479,0.0,-0.036111111111201626,-0.03472222222230925,0.0,4.33,4.28,4.354,4.354,2.0,1.0,16.64,16.0,0.005291772109038001,0.005291772109038001,4.0,10.0,1.0,1.0,0.11,0.3,0.8,1371900425.4472477,347018117.94779044,2.33,3.2800000000000002,0.344556568991662,0.17672255567789966,3.158804,1.0,1.0883866683571377,0.17672255567789966,1.2416133316428624,3.1032774443221007,0.0,1.085158,2.491267,1.085158,2.491267,0.1564553316428623,0.6120104443221006,1200000.0,1.0,0.0063214833733174,6.991381483862092,682720204.3182791,755069200257.106,1606604.0750024908,39.506067416257984,1,1606604.0750024908,1606604.0750024908,1500,0.12110855937777555,16.712891440622226,0.11,0.3,3469911125302822.5,3469911125302822.5,1.0,0,3.6541891149926423e-113,1.2679711464073445e-97,0.0,1371900425.4472477,1.0,16.64,0.344556568991662,0.45544343100833806,1e-10,5e+23,5315547.458617731,1,1304.4820115800858,1304.4820115800858,0.0,15.912891440622225,500000000.0,14.719004254472477,8.13858359519289e-110,0,5.989592328151203e-100,0.0,5e-10,1.0,3.470181179469209,1e-08,0,959611.711730027,0.0,1607908.557014071,-3.75224e-08,-1194375.0873342666,-1.1943750873342667,5.0513937103595704e-08,5.0472955592552506e-08,0.0,4.098151104320033e-11,0.0,0.0
9.0,0.3307438995808885,300.0,0.025851999786435535,1.0,1.0,1.0,15.296612796243185,0.0026735428289887675,20.01117487774158,0.2001117487774158,3.2918071161201,13.547490732013053,0.0,-0.036111111111201626,-0.03472222222230925,0.0,4.33,4.28,4.354,4.354,2.0,1.0,16.64,16.0,0.005291772109038001,0.005291772109038001,4.0,10.0,1.0,1.0,0.11,0.3,0.8,1354749073.2013052,329180711.61201,2.33,3.2800000000000002,0.3423959902528892,0.17212069788263276,3.158804,1.0,1.0815618235947875,0.17212069788263276,1.2484381764052126,3.1078793021173676,0.0,1.085158,2.491267,1.085158,2.491267,0.16328017640521253,0.6166123021173675,1200000.0,1.0,0.0063214833733174,6.991381483862092,682720204.3182791,755069200257.106,1233833.3882764715,33.06404566526799,1,1233833.3882764715,1233833.3882764715,1500,0.11959829554825518,16.464401704451745,0.11,0.3,3469911125302822.5,3469911125302822.5,1.0,0,1.242238585367052e-112,4.310457487645574e-97,0.0,1354749073.2013052,1.0,16.64,0.3423959902528892,0.45760400974711085,1e-10,5e+23,5315547.458617731,1,1184.8905646119338,1184.8905646119338,0.0,15.664401704451745,500000000.0,14.54749073201305,2.86469080611431e-109,0,2.083703147601546e-99,0.0,5e-10,1.0,3.291807116111851,1e-08,0,863495.3418612693,0.0,1235018.2788410834,-3.06008e-08,-974053.7165132941,-0.9740537165132941,3.879924351856259e-08,3.876201908363166e-08,0.0,3.722443493092714e-11,0.0,0.0
8.75,0.32155656903697494,300.0,0.025851999786435535,1.0,1.0,1.0,15.296612796243185,0.0026735428289887675,19.758477684478766,0.19758477684478767,3.113433052762292,13.375977209553618,0.0,-0.036111111111201626,-0.03472222222230925,0.0,4.33,4.28,4.354,4.354,2.0,1.0,16.64,16.0,0.005291772109038001,0.005291772109038001,4.0,10.0,1.0,1.0,0.11,0.3,0.8,1337597720.9553618,311343305.2762292,2.33,3.2800000000000002,0.3402216910298448,0.1673923761522033,3.158804,1.0,1.0746936385118377,0.1673923761522033,1.2553063614881623,3.112607623847797,0.0,1.085158,2.491267,1.085158,2.491267,0.17014836148816226,0.621340623847797,1200000.0,1.0,0.0063214833733174,6.991381483862092,682720204.3182791,755069200257.106,945967.2196209105,27.53744755524441,1,945967.2196209105,945967.2196209105,1500,0.11808803171873476,16.21591196828127,0.11,0.3,3469911125302822.5,3469911125302822.5,1.0,0,4.25146433427397e-112,1.4752203392325405e-96,0.0,1337597720.9553618,1.0,16.64,0.3402216910298448,0.45977830897015526,1e-10,5e+23,5315547.458617731,1,1075.5194765159722,1075.5194765159722,0.0,15.415911968281268,500000000.0,14.375977209553618,1.0157220340295757e-108,0,7.300998406225312e-99,0.0,5e-10,1.0,3.11343305275449,1e-08,0,772449.8673266097,0.0,947042.7390974264,-2.42547e-08,-772051.0796421987,-0.7720510796421988,2.9752225117840302e-08,2.971843667697815e-08,0.0,3.3788440862153187e-11,0.0,0.0
8.5,0.31236923849306136,300.0,0.025851999786435535,1.0,1.0,1.0,15.296612796243185,0.0026735428289887675,19.505780491215955,0.19505780491215954,2.9350589894044874,13.20446368709419,0.0,-0.036111111111201626,-0.03472222222230925,0.0,4.33,4.28,4.354,4.354,2.0,1.0,16.64,16.0,0.005291772109038001,0.005291772109038001,4.0,10.0,1.0,1.0,0.11,0.3,0.8,1320446368.709419,293505898.94044876,2.33,3.2800000000000002,0.3380334065638451,0.1625265533633102,3.158804,1.0,1.0677812767875001,0.1625265533633102,1.2622187232125,3.1174734466366902,0.0,1.085158,2.491267,1.085158,2.491267,0.17706072321249988,0.6262064466366901,1200000.0,1.0,0.0063214833733174,6.991381483862092,682720204.3182791,755069200257.106,724024.9312676335,22.812950487426665,1,724024.9312676335,724024.9312676335,1500,0.11657776788921435,15.967422232110788,0.11,0.3,3469911125302822.5,3469911125302822.5,1.0,0,1.4650221988778841e-111,5.083496826701974e-96,0.0,1320446368.709419,1.0,16.64,0.3380334065638451,0.4619665934361549,1e-10,5e+23,5315547.458617731,1,975.5554619814204,975.5554619814204,0.0,15.167422232110788,500000000.0,14.20446368709419,3.6282764679207406e-108,0,2.5768860667659263e-98,0.0,5e-10,1.0,2.935058989397132,1e-08,0,686475.2881260515,0.0,725000.4867296149,-1.87059e-08,-595427.2899965369,-0.595427289996537,2.2776562029587826e-08,2.2745914050862525e-08,0.0,3.064797872530228e-11,0.0,0.0
8.25,0.3031819079491478,300.0,0.025851999786435535,1.0,1.0,1.0,15.296612796243185,0.0026735428289887675,19.253083297953143,0.19253083297953144,2.7566849260466806,13.032950164634764,0.0,-0.036111111111201626,-0.03472222222230925,0.0,4.33,4.28,4.354,4.354,2.0,1.0,16.64,16.0,0.005291772109038001,0.005291772109038001,4.0,10.0,1.0,1.0,0.11,0.3,0.8,1303295016.4634764,275668492.6046681,2.33,3.2800000000000002,0.33583086347015284,0.15751048696018022,3.158804,1.0,1.0608238748529726,0.15751048696018022,1.2691761251470275,3.1224895130398203,0.0,1.085158,2.491267,1.085158,2.491267,0.18401812514702742,0.6312225130398201,1200000.0,1.0,0.0063214833733174,6.991381483862092,682720204.3182791,755069200257.106,553189.989767466,18.789501198568477,1,553189.989767466,553189.989767466,1500,0.11506750405969396,15.718932495940308,0.11,0.3,3469911125302822.5,3469911125302822.5,1.0,0,5.083657725694967e-111,1.763984049962061e-95,0.0,1303295016.4634764,1.0,16.64,0.33583086347015284,0.4641691365298472,1e-10,5e+23,5315547.458617731,1,884.2454573449359,884.2454573449359,0.0,14.918932495940307,500000000.0,14.032950164634764,1.3059196688141722e-107,0,9.162952815742808e-98,0.0,5e-10,1.0,2.7566849260397728,1e-08,0,605571.6042595924,0.0,554074.2352248109,-1.49223e-08,-474991.5614600379,-0.4749915614600379,1.740675546925649e-08,1.737897607892884e-08,0.0,2.7779390327649976e-11,0.0,0.0
8.0,0.2939945774052342,300.0,0.025851999786435535,1.0,1.0,1.0,15.296612796243185,0.0026735428289887675,19.000386104690328,0.19000386104690328,2.5783108626888747,12.861436642175331,0.0,-0.036111111111201626,-0.03472222222230925,0.0,4.33,4.28,4.354,4.354,2.0,1.0,16.64,16.0,0.005291772109038001,0.005291772109038001,4.0,10.0,1.0,1.0,0.11,0.3,0.8,1286143664.217533,257831086.26888746,2.33,3.2800000000000002,0.3336137793393118,0.15232933550931443,3.158804,1.0,1.0538205406321355,0.15232933550931443,1.2761794593678646,3.1276706644906858,0.0,1.085158,2.491267,1.085158,2.491267,0.19102145936786452,0.6364036644906856,1200000.0,1.0,0.0063214833733174,6.991381483862092,682720204.3182791,755069200257.106,421913.5526714684,15.377145991283284,1,421913.5526714684,421913.5526714684,1500,0.11355724023017355,15.470442759769828,0.11,0.3,3469911125302822.5,3469911125302822.5,1.0,0,1.7766050164609723e-110,6.164661511886732e-95,0.0,1286143664.217533,1.0,16.64,0.3336137793393118,0.46638622066068824,1e-10,5e+23,5315547.458617731,1,800.8924715940759,800.8924715940759,0.0,14.670442759769827,500000000.0,13.861436642175331,4.736826620525981e-107,0,3.282961104269519e-97,0.0,5e-10,1.0,2.578310862682413,1e-08,0,529738.8157272326,0.0,422714.4451430625,-1.10291e-08,-351067.15657096455,-0.35106715657096454,1.3279965954277308e-08,1.3254805175226555e-08,0.0,2.5160779050753212e-11,0.0,0.0
7.75,0.28480724686132064,300.0,0.025851999786435535,1.0,1.0,1.0,15.296612796243185,0.0026735428289887675,18.747688911427517,0.18747688911427518,2.399936799331068,12.689923119715903,0.0,-0.036111111111201626,-0.03472222222230925,0.0,4.33,4.28,4.354,4.354,2.0,1.0,16.64,16.0,0.005291772109038001,0.005291772109038001,4.0,10.0,1.0,1.0,0.11,0.3,0.8,1268992311.9715903,239993679.93310678,2.33,3.2800000000000002,0.331381862314475,0.14696564023942968,3.158804,1.0,1.0467703522064127,0.14696564023942968,1.2832296477935874,3.1330343597605705,0.0,1.085158,2.491267,1.085158,2.491267,0.19807164779358732,0.6417673597605704,1200000.0,1.0,0.0063214833733174,6.991381483862092,682720204.3182791,755069200257.106,321207.38607900206,12.495959900375322,1,321207.38607900206,321207.38607900206,1500,0.11204697640065316,15.22195302359935,0.11,0.3,3469911125302822.5,3469911125302822.5,1.0,0,6.253826772540663e-110,2.170022309375549e-94,0.0,1268992311.9715903,1.0,16.64,0.331381862314475,0.46861813768552507,1e-10,5e+23,5315547.458617731,1,724.8517034327172,724.8517034327172,0.0,14.421953023599348,500000000.0,13.689923119715903,1.7317293915385165e-106,0,1.1853621117157345e-96,0.0,5e-10,1.0,2.399936799325054,1e-08,0,458976.9225289727,0.0,321932.2377824348,-8.439e-09,-268621.71295050095,-0.26862171295050097,1.0113799531710196e-08,1.0091027643845734e-08,0.0,2.277188786446272e-11,0.0,0.0
7.5,0.27561991631740707,300.0,0.025851999786435535,1.0,1.0,1.0,15.296612796243185,0.0026735428289887675,18.494991718164698,0.184949917181647,2.2215627359732597,12.518409597256474,0.0,-0.036111111111201626,-0.03472222222230925,0.0,4.33,4.28,4.354,4.354,2.0,1.0,16.64,16.0,0.005291772109038001,0.005291772109038001,4.0,10.0,1.0,1.0,0.11,0.3,0.8,1251840959.7256474,222156273.59732598,2.33,3.2800000000000002,0.3291348106429344,0.14139862929060396,3.158804,1.0,1.0396723563981436,0.14139862929060396,1.2903276436018565,3.1386013707093965,0.0,1.085158,2.491267,1.085158,2.491267,0.2051696436018564,0.6473343707093964,1200000.0,1.0,0.0063214833733174,6.991381483862092,682720204.3182791,755069200257.106,244086.88316573476,10.075067282426602,1,244086.88316573476,244086.88316573476,1500,0.11053671257113273,14.973463287428869,0.11,0.3,3469911125302822.5,3469911125302822.5,1.0,0,2.217690947992934e-109,7.695190492924045e-94,0.0,1251840959.7256474,1.0,16.64,0.3291348106429344,0.47086518935706567,1e-10,5e+23,5315547.458617731,1,655.5269085140723,655.5269085140723,0.0,14.173463287428868,500000000.0,13.518409597256474,6.382091251155382e-106,0,4.3137861810092744e-96,0.0,5e-10,1.0,2.2215627359676926,1e-08,0,393285.9246648117,0.0,244742.41007424882,-6.5918e-09,-209823.51077463114,-0.20982351077463113,7.688809575111208e-09,7.668215589911026e-09,0.0,2.059398520018238e-11,0.0,0.0
7.25,0.2664325857734935,300.0,0.025851999786435535,1.0,1.0,1.0,15.296612796243185,0.0026735428289887675,18.242294524901887,0.18242294524901886,2.0431886726154547,12.346896074797046,0.0,-0.036111111111201626,-0.03472222222230925,0.0,4.33,4.28,4.354,4.354,2.0,1.0,16.64,16.0,0.005291772109038001,0.005291772109038001,4.0,10.0,1.0,1.0,0.11,0.3,0.8,1234689607.4797046,204318867.26154548,2.33,3.2800000000000002,0.32687231219990304,0.13560326441327966,3.158804,1.0,1.0325255672663025,0.13560326441327966,1.2974744327336976,3.1443967355867204,0.0,1.085158,2.491267,1.085158,2.491267,0.2123164327336975,0.6531297355867203,1200000.0,1.0,0.0063214833733174,6.991381483862092,682720204.3182791,755069200257.106,185132.9274507837,8.051746814662684,1,185132.9274507837,185132.9274507837,1500,0.10902644874161233,14.724973551258389,0.11,0.3,3469911125302822.5,3469911125302822.5,1.0,0,7.923522103841815e-109,2.7493917499703543e-93,0.0,1234689607.4797046,1.0,16.64,0.32687231219990304,0.473127687800097,1e-10,5e+23,5315547.458617731,1,592.3670018326885,592.3670018326885,0.0,13.924973551258388,500000000.0,13.346896074797046,2.37141648341437e-105,0,1.5825524677096132e-95,0.0,5e-10,1.0,2.0431886726103348,1e-08,0,332665.8221347516,0.0,185725.2944526164,-5.2496e-09,-167099.95785104274,-0.16709995785104276,5.8347322063814086e-09,5.816122448169543e-09,0.0,1.860975821186586e-11,0.0,0.0
7.0,0.2572452552295799,300.0,0.025851999786435535,1.0,1.0,1.0,15.296612796243185,0.0026735428289887675,17.989597331639075,0.17989597331639076,1.864814609257647,12.175382552337613,0.0,-0.036111111111201626,-0.03472222222230925,0.0,4.33,4.28,4.354,4.354,2.0,1.0,16.64,16.0,0.005291772109038001,0.005291772109038001,4.0,10.0,1.0,1.0,0.11,0.3,0.8,1217538255.2337613,186481460.9257647,2.33,3.2800000000000002,0.3245940439824204,0.12954890302049651,3.158804,1.0,1.0253289645078456,0.12954890302049651,1.3046710354921545,3.150451096979504,0.0,1.085158,2.491267,1.085158,2.491267,0.2195130354921544,0.6591840969795038,1200000.0,1.0,0.0063214833733174,6.991381483862092,682720204.3182791,755069200257.106,140147.7285323379,6.370614345585568,1,140147.7285323379,140147.7285323379,1500,0.10751618491209193,14.47648381508791,0.11,0.3,3469911125302822.5,3469911125302822.5,1.0,0,2.852736034837109e-108,9.898740504833545e-93,0.0,1217538255.2337613,1.0,16.64,0.3245940439824204,0.4754059560175796,1e-10,5e+23,5315547.458617731,1,534.8628811062543,534.8628811062543,0.0,13.67648381508791,500000000.0,13.175382552337613,8.88563576097963e-105,0,5.8535825185819074e-95,0.0,5e-10,1.0,1.8648146092529738,1e-08,0,277116.6149387902,0.0,140682.59141344417,-4.0049e-09,-127479.92631774631,-0.1274799263177463,4.419673956724507e-09,4.402870743744894e-09,0.0,1.68032129796128e-11,0.0,0.0
6.75,0.24805792468566637,300.0,0.025851999786435535,1.0,1.0,1.0,15.296612796243185,0.0026735428289887675,17.736900138376264,0.17736900138376263,1.686440545899842,12.003869029878187,0.0,-0.036111111111201626,-0.03472222222230925,0.0,4.33,4.28,4.354,4.354,2.0,1.0,16.64,16.0,0.005291772109038001,0.005291772109038001,4.0,10.0,1.0,1.0,0.11,0.3,0.8,1200386902.9878187,168644054.5899842,2.33,3.2800000000000002,0.32229967157105843,0.12319736696898279,3.158804,1.0,1.0180814917573457,0.12319736696898279,1.3119185082426543,3.1568026330310173,0.0,1.085158,2.491267,1.085158,2.491267,0.22676050824265426,0.6655356330310171,1200000.0,1.0,0.0063214833733174,6.991381483862092,682720204.3182791,755069200257.106,105884.8631611529,4.982877445518458,1,105884.8631611529,105884.8631611529,1500,0.10600592108257154,14.22799407891743,0.11,0.3,3469911125302822.5,3469911125302822.5,1.0,0,1.0351354823376167e-107,3.591828126359e-92,0.0,1200386902.9878187,1.0,16.64,0.32229967157105843,0.4777003284289416,1e-10,5e+23,5315547.458617731,1,482.5444577738298,482.5444577738298,0.0,13.427994078917429,500000000.0,13.003869029878187,3.3580083672174906e-104,0,2.1833550504265672e-94,0.0,5e-10,1.0,1.686440545895616,1e-08,0,226638.30307692935,0.0,106367.40761892672,-2.8406e-09,-90419.10626936756,-0.09041910626936757,3.341630663570112e-09,3.326471082334385e-09,0.0,1.515958123572734e-11,0.0,0.0
6.5,0.2388705941417528,300.0,0.025851999786435535,1.0,1.0,1.0,15.296612796243185,0.0026735428289887675,17.484202945113445,0.17484202945113445,1.5080664825420338,11.832355507418754,0.0,-0.036111111111201626,-0.03472222222230925,0.0,4.33,4.28,4.354,4.354,2.0,1.0,16.64,16.0,0.005291772109038001,0.005291772109038001,4.0,10.0,1.0,1.0,0.11,0.3,0.8,1183235550.7418754,150806648.25420338,2.33,3.2800000000000002,0.31998884855688753,0.11650006086850934,3.158804,1.0,1.0107820547768904,0.11650006086850934,1.3192179452231096,3.163499939131491,0.0,1.085158,2.491267,1.085158,2.491267,0.23405994522310958,0.672232939131491,1200000.0,1.0,0.0063214833733174,6.991381483862092,682720204.3182791,755069200257.106,79837.83206372664,3.8456558392345346,1,79837.83206372664,79837.83206372664,1500,0.10449565725305113,13.97950434274695,0.11,0.3,3469911125302822.5,3469911125302822.5,1.0,0,3.7861139376842095e-107,1.3137478874034515e-91,0.0,1183235550.7418754,1.0,16.64,0.31998884855688753,0.4800111514431125,1e-10,5e+23,5315547.458617731,1,434.9778829909938,434.9778829909938,0.0,13.179504342746949,500000000.0,12.832355507418754,1.2801689105119846e-103,0,8.213791284617366e-94,0.0,5e-10,1.0,1.5080664825382548,1e-08,0,181230.88654916725,0.0,80272.80994671764,-2.1706e-09,-69092.3438950536,-0.0690923438950536,2.5218447001161782e-09,2.5081794668993927e-09,0.0,1.3665233216785468e-11,0.0,0.0
6.25,0.22968326359783922,300.0,0.025851999786435535,1.0,1.0,1.0,15.296612796243185,0.0026735428289887675,17.231505751850637,0.17231505751850637,1.3296924191842292,11.660841984959328,0.0,-0.036111111111201626,-0.03472222222230925,0.0,4.33,4.28,4.354,4.354,2.0,1.0,16.64,16.0,0.005291772109038001,0.005291772109038001,4.0,10.0,1.0,1.0,0.11,0.3,0.8,1166084198.4959328,132969241.91842292,2.33,3.2800000000000002,0.31766121593092433,0.10939349677491154,3.158804,1.0,1.0034295195274674,0.10939349677491154,1.3265704804725327,3.1706065032250885,0.0,1.085158,2.491267,1.085158,2.491267,0.2414124804725326,0.6793395032250884,1200000.0,1.0,0.0063214833733174,6.991381483862092,682720204.3182791,755069200257.106,60074.69570271445,2.9213621145444626,1,60074.69570271445,60074.69570271445,1500,0.10298539342353073,13.73101460657647,0.11,0.3,3469911125302822.5,3469911125302822.5,1.0,0,1.3961179123811102e-106,4.8444050764057656e-91,0.0,1166084198.4959328,1.0,16.64,0.31766121593092433,0.4823387840690757,1e-10,5e+23,5315547.458617731,1,391.76295671686455,391.76295671686455,0.0,12.93101460657647,500000000.0,12.660841984959328,4.924109551347969e-103,0,3.1171686473122804e-93,0.0,5e-10,1.0,1.329692419180897,1e-08,0,140894.3653555057,0.0,60466.458659431315,-1.6734e-09,-53265.97635399553,-0.05326597635399553,1.899609823130604e-09,1.8873022268629007e-09,0.0,1.2307596267703178e-11,0.0,0.0
6.0,0.22049593305392565,300.0,0.025851999786435535,1.0,1.0,1.0,15.296612796243185,0.0026735428289887675,16.978808558587822,0.1697880855858782,1.1513183558264226,11.4893284624999,0.0,-0.036111111111201626,-0.03472222222230925,0.0,4.33,4.28,4.354,4.354,2.0,1.0,16.64,16.0,0.005291772109038001,0.005291772109038001,4.0,10.0,1.0,1.0,0.11,0.3,0.8,1148932846.24999,115131835.58264226,2.33,3.2800000000000002,0.3153164014330114,0.10179199423785136,3.158804,1.0,0.996022710112202,0.10179199423785136,1.3339772898877982,3.1782080057621487,0.0,1.085158,2.491267,1.085158,2.491267,0.2488192898877981,0.6869410057621486,1200000.0,1.0,0.0063214833733174,6.991381483862092,682720204.3182791,755069200257.106,45108.943744808996,2.177137060332385,1,45108.943744808996,45108.943744808996,1500,0.10147512959401032,13.48252487040599,0.11,0.3,3469911125302822.5,3469911125302822.5,1.0,0,5.19106090603774e-106,1.8012519989984904e-90,0.0,1148932846.24999,1.0,16.64,0.3153164014330114,0.48468359856698867,1e-10,5e+23,5315547.458617731,1,352.53070866435075,352.53070866435075,0.0,12.68252487040599,500000000.0,12.4893284624999,1.9113885771852376e-102,0,1.1935979879968387e-92,0.0,5e-10,1.0,1.1513183558235374,1e-08,0,105628.73949594337,0.0,45461.47445347335,-1.2556e-09,-39966.98930923676,-0.03996698930923676,1.4282143416439194e-09,1.417139262798872e-09,0.0,1.107507884504728e-11,0.0,0.0
5.75,0.2113086025100121,300.0,0.025851999786435535,1.0,1.0,1.0,15.296612796243185,0.0026735428289887675,16.72611136532501,0.1672611136532501,0.9729442924686161,11.317814940040469,0.0,-0.036111111111201626,-0.03472222222230925,0.0,4.33,4.28,4.354,4.354,2.0,1.0,16.64,16.0,0.005291772109038001,0.005291772109038001,4.0,10.0,1.0,1.0,0.11,0.3,0.8,1131781494.004047,97294429.2468616,2.33,3.2800000000000002,0.3129540188567876,0.09357501293184495,3.158804,1.0,0.9885604065808961,0.09357501293184495,1.341439593419104,3.1864249870681554,0.0,1.085158,2.491267,1.085158,2.491267,0.25628159341910384,0.6951579870681552,1200000.0,1.0,0.0063214833733174,6.991381483862092,682720204.3182791,755069200257.106,33798.81516282799,1.5843333355919298,1,33798.81516282799,33798.81516282799,1500,0.09996486576448993,13.234035134235508,0.11,0.3,3469911125302822.5,3469911125302822.5,1.0,0,1.9465796323492515e-105,6.754458322576546e-90,0.0,1131781494.004047,1.0,16.64,0.3129540188567876,0.48704598114321246,1e-10,5e+23,5315547.458617731,1,316.94114052593085,316.94114052593085,0.0,12.434035134235508,500000000.0,12.317814940040469,7.488941680884127e-102,0,4.6123698860943144e-92,0.0,5e-10,1.0,0.9729442924661781,1e-08,0,75434.00897048078,0.0,34115.75630335392,-9.446192e-10,-30068.163003902337,-0.030068163003902335,1.0717780937427635e-09,1.0618210941557972e-09,0.0,9.956999586966346e-12,0.0,0.0
5.5,0.20212127196609853,300.0,0.025851999786435535,1.0,1.0,1.0,15.296612796243185,0.0026735428289887675,16.4734141720622,0.16473414172062198,0.7945702291108098,11.14630141758104,0.0,-0.036111111111201626,-0.03472222222230925,0.0,4.33,4.28,4.354,4.354,2.0,1.0,16.64,16.0,0.005291772109038001,0.005291772109038001,4.0,10.0,1.0,1.0,0.11,0.3,0.8,1114630141.7581038,79457022.91108097,2.33,3.2800000000000002,0.31057366730707414,0.08456332538087144,3.158804,1.0,0.981041342584255,0.08456332538087144,1.348958657415745,3.195436674619129,0.0,1.085158,2.491267,1.085158,2.491267,0.263800657415745,0.7041696746191288,1200000.0,1.0,0.0063214833733174,6.991381483862092,682720204.3182791,755069200257.106,25268.924652131158,1.118038792313687,1,25268.924652131158,25268.924652131158,1500,0.09845460193496954,12.985545398065032,0.11,0.3,3469911125302822.5,3469911125302822.5,1.0,0,7.362911374307865e-105,2.5548648092329555e-89,0.0,1114630141.7581038,1.0,16.64,0.31057366730707414,0.4894263326929259,1e-10,5e+23,5315547.458617731,1,284.68111949377,284.68111949377,0.0,12.185545398065031,500000000.0,12.14630141758104,2.962340938834139e-101,0,1.7990742972359724e-91,0.0,5e-10,1.0,0.7945702291088187,1e-08,0,50310.17377911783,0.0,25553.605771624927,-6.94736e-10,-22114.133708778198,-0.022114133708778197,8.027902016486661e-10,7.938466805124927e-10,0.0,8.943521136173458e-12,0.0,0.0
5.25,0.19293394142218495,300.0,0.025851999786435535,1.0,1.0,1.0,15.296612796243185,0.0026735428289887675,16.220716978799384,0.16220716978799385,0.6161961657530033,10.974787895121612,0.0,-0.036111111111201626,-0.03472222222230925,0.0,4.33,4.28,4.354,4.354,2.0,1.0,16.64,16.0,0.005291772109038001,0.005291772109038001,4.0,10.0,1.0,1.0,0.11,0.3,0.8,1097478789.5121613,61619616.57530033,2.33,3.2800000000000002,0.3081749304056315,0.07446897980869163,3.158804,1.0,0.9734642028650303,0.07446897980869163,1.3565357971349696,3.2055310201913088,0.0,1.085158,2.491267,1.085158,2.491267,0.27137779713496957,0.7142640201913086,1200000.0,1.0,0.0063214833733174,6.991381483862092,682720204.3182791,755069200257.106,18849.35160260159,0.7566226366585667,1,18849.35160260159,18849.35160260159,1500,0.0969443381054491,12.737055661894551,0.11,0.3,3469911125302822.5,3469911125302822.5,1.0,0,2.809769582301793e-104,9.749650733166456e-89,0.0,1097478789.5121613,1.0,16.64,0.3081749304056315,0.49182506959436856,1e-10,5e+23,5315547.458617731,1,255.46241366730746,255.46241366730746,0.0,11.93705566189455,500000000.0,11.974787895121613,1.1832854889781272e-100,0,7.084796374944168e-91,0.0,5e-10,1.0,0.6161961657514592,1e-08,0,30257.233921854542,0.0,19104.814016268898,-5.056253e-10,-16094.5531694645,-0.0160945531694645,6.001954336170969e-10,5.921698451966416e-10,0.0,8.025588420455299e-12,0.0,0.0
5.0,0.18374661087827138,300.0,0.025851999786435535,1.0,1.0,1.0,15.296612796243185,0.0026735428289887675,15.96801978553657,0.15968019785536572,0.43782210239519687,10.803274372662182,0.0,-0.036111111111201626,-0.03472222222230925,0.0,4.33,4.28,4.354,4.354,2.0,1.0,16.64,16.0,0.005291772109038001,0.005291772109038001,4.0,10.0,1.0,1.0,0.11,0.3,0.8,1080327437.2662182,43782210.239519686,2.33,3.2800000000000002,0.30575737544083287,0.06277182415720853,3.158804,1.0,0.9658276205720047,0.06277182415720853,1.3641723794279954,3.217228175842792,0.0,1.085158,2.491267,1.085158,2.491267,0.27901437942799534,0.7259611758427917,1200000.0,1.0,0.0063214833733174,6.991381483862092,682720204.3182791,755069200257.106,14028.378638562519,0.4812555645559577,1,14028.378638562519,14028.378638562519,1500,0.0954340742759287,12.488565925724071,0.11,0.3,3469911125302822.5,3469911125302822.5,1.0,0,1.08198491210776e-103,3.754391483932513e-88,0.0,1080327437.2662182,1.0,16.64,0.30575737544083287,0.4942426245591672,1e-10,5e+23,5315547.458617731,1,229.0198604849775,229.0198604849775,0.0,11.68856592572407,500000000.0,11.803274372662182,4.774026041953331e-100,0,2.817456961770481e-90,0.0,5e-10,1.0,0.43782210239409974,1e-08,0,15275.189398690934,0.0,14257.398499047496,-3.509725e-10,-11171.801652864047,-0.011171801652864048,4.479093838390976e-10,4.4071451272684e-10,0.0,7.194871112257648e-12,0.0,0.0
4.75,0.1745592803343578,300.0,0.025851999786435535,1.0,1.0,1.0,15.296612796243185,0.0026735428289887675,15.715322592273754,0.15715322592273753,0.25944803903738867,10.63176085020275,0.0,-0.036111111111201626,-0.03472222222230925,0.0,4.33,4.28,4.354,4.354,2.0,1.0,16.64,16.0,0.005291772109038001,0.005291772109038001,4.0,10.0,1.0,1.0,0.11,0.3,0.8,1063176085.0202751,25944803.903738867,2.33,3.2800000000000002,0.3033205524563362,0.04832157760565851,3.158804,1.0,0.9581301743812847,0.04832157760565851,1.3718698256187154,3.2316784223943418,0.0,1.085158,2.491267,1.085158,2.491267,0.28671182561871533,0.7404114223943417,1200000.0,1.0,0.0063214833733174,6.991381483862092,682720204.3182791,755069200257.106,10415.882564181004,0.27518344693215596,1,10415.882564181004,10415.882564181004,1500,0.0939238104464083,12.24007618955359,0.11,0.3,3469911125302822.5,3469911125302822.5,1.0,0,4.2052336013940044e-103,1.459178685797431e-87,0.0,1063176085.0202751,1.0,16.64,0.3033205524563362,0.49667944754366383,1e-10,5e+23,5315547.458617731,1,205.10965983093578,205.10965983093578,0.0,11.44007618955359,500000000.0,11.63176085020275,1.945924262551826e-99,0,1.1317262827304994e-89,0.0,5e-10,1.0,0.2594480390367385,1e-08,0,5364.0402096269245,0.0,10620.99222401194,-2.557643e-10,-8141.2305222876885,-0.008141230522287688,3.336683114479023e-10,3.2722460144285063e-10,0.0,6.443710005051694e-12,0.0,0.0
4.5,0.16537194979044426,300.0,0.025851999786435535,1.0,1.0,1.0,15.296612796243185,0.0026735428289887675,15.462625399010946,0.15462625399010946,0.08107397567958573,10.460247327743325,0.0,-0.036111111111201626,-0.03472222222230925,0.0,4.33,4.28,4.354,4.354,2.0,1.0,16.64,16.0,0.005291772109038001,0.005291772109038001,4.0,10.0,1.0,1.0,0.11,0.3,0.8,1046024732.7743325,8107397.567958573,2.33,3.2800000000000002,0.30086399327331886,0.02701199393928361,3.158804,1.0,0.9503703854077327,0.02701199393928361,1.3796296145922673,3.2529880060607166,0.0,1.085158,2.491267,1.085158,2.491267,0.29447161459226723,0.7617210060607165,1200000.0,1.0,0.0063214833733174,6.991381483862092,682720204.3182791,755069200257.106,7715.025350122713,0.12068048770906323,1,7715.025350122713,7715.025350122713,1500,0.09241354661688793,11.991586453383116,0.11,0.3,3469911125302822.5,3469911125302822.5,1.0,0,1.6499476402848217e-102,5.725171673191442e-87,0.0,1046024732.7743325,1.0,16.64,0.30086399327331886,0.4991360067266812,1e-10,5e+23,5315547.458617731,1,183.50778395418902,183.50778395418902,0.0,11.191586453383115,500000000.0,11.460247327743325,8.015354506122914e-99,0,4.5928972529855276e-89,0.0,5e-10,1.0,0.08107397567938257,1e-08,0,523.7863546627541,0.0,7898.533134076902,-1.767845e-10,-5627.225407405834,-0.0056272254074058335,2.481397366815156e-10,2.423746696220454e-10,0.0,5.765067059470232e-12,0.0,0.0
4.25,0.15618461924653068,300.0,0.025851999786435535,1.0,1.0,-1.0,15.296612796243185,0.0026735428289887675,15.209928205748131,0.1520992820574813,-0.09730008767822247,10.288733805283893,0.0,-0.036111111111201626,-0.03472222222230925,0.0,4.33,4.28,4.354,4.354,2.0,1.0,16.64,16.0,0.005291772109038001,0.005291772109038001,4.0,10.0,1.0,1.0,0.11,0.3,0.8,1028873380.5283893,9730008.767822247,2.33,3.2800000000000002,0.29838721044025707,0.029591877756369837,3.158804,1.0,0.9425467138875258,0.029591877756369837,1.3874532861124744,3.2504081222436305,0.0,1.085158,2.491267,1.085158,2.491267,0.30229528611247436,0.7591411222436304,1200000.0,1.0,0.0063214833733174,6.991381483862092,682720204.3182791,755069200257.106,5700.401695135329,0.13334514170601275,1,5700.401695135329,5700.401695135329,1500,0.09090328278736752,11.840331894892161,0.11,0.3,3469911125302822.5,3469911125302822.5,1.0,0,6.536689560887794e-102,2.2681731829975377e-86,0.0,1028873380.5283893,1.0,16.64,0.29838721044025707,0.501612789559743,1e-10,5e+23,5315547.458617731,1,164.0084967976507,164.0084967976507,0.0,11.04033189489216,500000000.0,11.288733805283893,3.3372583471931304e-98,0,1.8836710560462473e-88,0.0,5e-10,1.0,0.09730008767797865,1e-08,0,754.4278337981387,0.0,5864.41019193298,-1.203296e-10,-3830.210128054105,-0.003830210128054105,1.8423587976613759e-10,1.7908340087947953e-10,0.0,5.152478886658046e-12,0.0,0.0
4.0,0.1469972887026171,300.0,0.025851999786435535,1.0,1.0,-1.0,15.296612796243185,0.0026735428289887675,14.957231012485318,0.14957231012485317,-0.27567415103602894,10.117220282824466,0.0,-0.036111111111201626,-0.03472222222230925,0.0,4.33,4.28,4.354,4.354,2.0,1.0,16.64,16.0,0.005291772109038001,0.005291772109038001,4.0,10.0,1.0,1.0,0.11,0.3,0.8,1011722028.2824466,27567415.103602894,2.33,3.2800000000000002,0.29588969610357996,0.049809700610139694,3.158804,1.0,0.9346575556107728,0.049809700610139694,1.3953424443892273,3.2301902993898604,0.0,1.085158,2.491267,1.085158,2.491267,0.3101844443892272,0.7389232993898602,1200000.0,1.0,0.0063214833733174,6.991381483862092,682720204.3182791,755069200257.106,4201.200752577143,0.29148866586642647,1,4201.200752577143,4201.200752577143,1500,0.0893930189578471,11.770097226706554,0.11,0.3,3469911125302822.5,3469911125302822.5,1.0,0,2.6154947693830548e-101,9.075534398453602e-86,0.0,1011722028.2824466,1.0,16.64,0.29588969610357996,0.5041103038964201,1e-10,5e+23,5315547.458617731,1,146.42297576975,146.42297576975,0.0,10.970097226706553,500000000.0,11.117220282824466,1.40490533603732e-97,0,7.809321048621208e-88,0.0,5e-10,1.0,0.2756741510353381,1e-08,0,6055.964647033218,0.0,4347.623728346894,-8.12169e-11,-2585.214219520031,-0.002585214219520031,1.3658462765547267e-10,1.3198461420552265e-10,0.0,4.600013449950029e-12,0.0,0.0
3.75,0.13780995815870353,300.0,0.025851999786435535,1.0,1.0,-1.0,15.296612796243185,0.0026735428289887675,14.704533819222505,0.14704533819222504,-0.4540482143938354,9.945706760365036,0.0,-0.036111111111201626,-0.03472222222230925,0.0,4.33,4.28,4.354,4.354,2.0,1.0,16.64,16.0,0.005291772109038001,0.005291772109038001,4.0,10.0,1.0,1.0,0.11,0.3,0.8,994570676.0365037,45404821.439383544,2.33,3.2800000000000002,0.2933709207917845,0.06392443445659543,3.158804,1.0,0.9267012380807721,0.06392443445659543,1.403298761919228,3.216075565543405,0.0,1.085158,2.491267,1.085158,2.491267,0.318140761919228,0.7248085655434049,1200000.0,1.0,0.0063214833733174,6.991381483862092,682720204.3182791,755069200257.106,3088.255210725847,0.5031978361861098,1,3088.255210725847,3088.255210725847,1500,0.08788275512832669,11.699862558520948,0.11,0.3,3469911125302822.5,3469911125302822.5,1.0,0,1.0572145616792368e-100,3.6684405694029306e-85,0.0,994570676.0365037,1.0,16.64,0.2933709207917845,0.5066290792082155,1e-10,5e+23,5315547.458617731,1,130.57802940250807,130.57802940250807,0.0,10.899862558520947,500000000.0,10.945706760365036,5.981634246520764e-97,0,3.2736607205086674e-87,0.0,5e-10,1.0,0.45404821439269755,1e-08,0,16428.39679436797,0.0,3218.833240128355,-5.2245e-11,-1663.0100003672144,-0.0016630100003672144,1.0112262860317872e-10,9.702039882426721e-11,0.0,4.102229778911514e-12,0.0,0.0
3.5,0.12862262761478996,300.0,0.025851999786435535,1.0,1.0,-1.0,15.296612796243185,0.0026735428289887675,14.451836625959693,0.14451836625959694,-0.632422277751642,9.774193237905605,0.0,-0.036111111111201626,-0.03472222222230925,0.0,4.33,4.28,4.354,4.354,2.0,1.0,16.64,16.0,0.005291772109038001,0.005291772109038001,4.0,10.0,1.0,1.0,0.11,0.3,0.8,977419323.7905605,63242227.775164194,2.33,3.2800000000000002,0.2908303321047688,0.07544309356276015,3.158804,1.0,0.918676016373872,0.07544309356276015,1.411323983626128,3.20455690643724,0.0,1.085158,2.491267,1.085158,2.491267,0.3261659836261279,0.71328990643724,1200000.0,1.0,0.0063214833733174,6.991381483862092,682720204.3182791,755069200257.106,2264.098890532253,0.7856764237487625,1,2264.098890532253,2264.098890532253,1500,0.0863724912988063,11.62962789033534,0.11,0.3,3469911125302822.5,3469911125302822.5,1.0,0,4.3181260621150664e-100,1.4983513663393137e-84,0.0,977419323.7905605,1.0,16.64,0.2908303321047688,0.5091696678952313,1e-10,5e+23,5315547.458617731,1,116.31490472880878,116.31490472880878,0.0,10.82962789033534,500000000.0,10.774193237905605,2.576555918881415e-96,0,1.3880155679148904e-86,0.0,5e-10,1.0,0.6324222777500572,1e-08,0,31871.724275802415,0.0,2380.4137952610618,-3.21559e-11,-1023.5540869137354,-0.0010235540869137354,7.47829049169595e-11,7.112876441496927e-11,0.0,3.654140501990224e-12,0.0,0.0
3.25,0.1194352970708764,300.0,0.025851999786435535,1.0,1.0,-1.0,15.296612796243185,0.0026735428289887675,14.199139432696878,0.14199139432696878,-0.8107963411094483,9.602679715446177,0.0,-0.036111111111201626,-0.03472222222230925,0.0,4.33,4.28,4.354,4.354,2.0,1.0,16.64,16.0,0.005291772109038001,0.005291772109038001,4.0,10.0,1.0,1.0,0.11,0.3,0.8,960267971.5446178,81079634.11094484,2.33,3.2800000000000002,0.28826735329919123,0.08542240579639042,3.158804,1.0,0.9105800686708985,0.08542240579639042,1.4194199313291016,3.1945775942036096,0.0,1.085158,2.491267,1.085158,2.491267,0.33426193132910154,0.7033105942036095,1200000.0,1.0,0.0063214833733174,6.991381483862092,682720204.3182791,755069200257.106,1655.348564288618,1.155816229106591,1,1655.348564288618,1655.348564288618,1500,0.0848622274692859,11.559393222149735,0.11,0.3,3469911125302822.5,3469911125302822.5,1.0,0,1.7826453301806235e-99,6.185620863662869e-84,0.0,960267971.5446178,1.0,16.64,0.28826735329919123,0.5117326467008088,1e-10,5e+23,5315547.458617731,1,103.4881785789223,103.4881785789223,0.0,10.759393222149734,500000000.0,10.602679715446177,1.1231660245995709e-95,0,5.954284813050096e-86,0.0,5e-10,1.0,0.8107963411074166,1e-08,0,52385.94709133651,0.0,1758.8367428675404,-1.96015e-11,-623.9351234031573,-0.0006239351234031572,5.5255485902564654e-11,5.200430888699534e-11,0.0,3.251177015569309e-12,0.0,0.0
3.0,0.11024796652696282,300.0,0.025851999786435535,1.0,1.0,-1.0,15.296612796243185,0.0026735428289887675,13.946442239434063,0.13946442239434062,-0.9891704044672565,9.431166192986748,0.0,-0.036111111111201626,-0.03472222222230925,0.0,4.33,4.28,4.354,4.354,2.0,1.0,16.64,16.0,0.005291772109038001,0.005291772109038001,4.0,10.0,1.0,1.0,0.11,0.3,0.8,943116619.2986748,98917040.44672565,2.33,3.2800000000000002,0.2856813817595948,0.09435207712481493,3.158804,1.0,0.902411491427735,0.09435207712481493,1.427588508572265,3.1856479228751855,0.0,1.085158,2.491267,1.085158,2.491267,0.342430508572265,0.6943809228751854,1200000.0,1.0,0.0063214833733174,6.991381483862092,682720204.3182791,755069200257.106,1206.8780773307071,1.6326784636357294,1,1206.8780773307071,1206.8780773307071,1500,0.08335196363976548,11.489158553964128,0.11,0.3,3469911125302822.5,3469911125302822.5,1.0,0,7.440323788784735e-99,2.58172622905594e-83,0.0,943116619.2986748,1.0,16.64,0.2856813817595948,0.5143186182404053,1e-10,5e+23,5315547.458617731,1,91.96472734339189,91.96472734339189,0.0,10.689158553964127,500000000.0,10.431166192986748,4.956528247988982e-95,0,2.585118494750325e-85,0.0,5e-10,1.0,0.9891704044647777,1e-08,0,77971.06524097054,0.0,1298.842804674099,-1.24079e-11,-394.9557236779856,-0.0003949557236779856,4.080435013332112e-11,3.791519301520724e-11,0.0,2.8891571181138835e-12,0.0,0.0
2.75,0.10106063598304926,300.0,0.025851999786435535,1.0,1.0,-1.0,15.296612796243185,0.0026735428289887675,13.693745046171252,0.13693745046171252,-1.1675444678250613,9.25965267052732,0.0,-0.036111111111201626,-0.03472222222230925,0.0,4.33,4.28,4.354,4.354,2.0,1.0,16.64,16.0,0.005291772109038001,0.005291772109038001,4.0,10.0,1.0,1.0,0.11,0.3,0.8,925965267.052732,116754446.78250612,2.33,3.2800000000000002,0.2830717873438149,0.10250678759716757,3.158804,1.0,0.8941682941487918,0.10250678759716757,1.4358317058512082,3.177493212402833,0.0,1.085158,2.491267,1.085158,2.491267,0.35067370585120816,0.6862262124028327,1200000.0,1.0,0.0063214833733174,6.991381483862092,682720204.3182791,755069200257.106,877.3720174735282,2.2381736092230873,1,877.3720174735282,877.3720174735282,1500,0.08184169981024508,11.418923885778522,0.11,0.3,3469911125302822.5,3469911125302822.5,1.0,0,3.140518989227451e-98,1.0897321779945107e-82,0.0,925965267.052732,1.0,16.64,0.2830717873438149,0.5169282126561852,1e-10,5e+23,5315547.458617731,1,81.62277007721804,81.62277007721804,0.0,10.618923885778521,500000000.0,10.25965267052732,2.2150950848651776e-94,0,1.1363053101454479e-84,0.0,5e-10,1.0,1.1675444678221354,1e-08,0,108627.07872470371,0.0,958.9947875507462,-7.5174e-12,-239.2862738398028,-0.0002392862738398028,3.012770979400329e-11,2.756345484560092e-11,0.0,2.56425494840237e-12,0.0,0.0
2.5,0.09187330543913569,300.0,0.025851999786435535,1.0,1.0,-1.0,15.296612796243185,0.0026735428289887675,13.441047852908438,0.1344104785290844,-1.3459185311828674,9.08813914806789,0.0,-0.036111111111201626,-0.03472222222230925,0.0,4.33,4.28,4.354,4.354,2.0,1.0,16.64,16.0,0.005291772109038001,0.005291772109038001,4.0,10.0,1.0,1.0,0.11,0.3,0.8,908813914.806789,134591853.11828673,2.33,3.2800000000000002,0.2804379105897999,0.11005893216461186,3.158804,1.0,0.8858483937227022,0.11005893216461186,1.4441516062772979,3.1699410678353885,0.0,1.085158,2.491267,1.085158,2.491267,0.3589936062772978,0.6786740678353884,1200000.0,1.0,0.0063214833733174,6.991381483862092,682720204.3182791,755069200257.106,635.939210707342,2.9975346731998154,1,635.939210707342,635.939210707342,1500,0.08033143598072467,11.348689217592915,0.11,0.3,3469911125302822.5,3469911125302822.5,1.0,0,1.3409888515415133e-97,4.653112134870952e-82,0.0,908813914.806789,1.0,16.64,0.2804379105897999,0.5195620894102002,1e-10,5e+23,5315547.458617731,1,72.35098012972976,72.35098012972976,0.0,10.548689217592914,500000000.0,10.08813914806789,1.0028780790519527e-93,0,5.058586805011564e-84,0.0,5e-10,1.0,1.3459185311794943,1e-08,0,144353.9875425367,0.0,708.2901908370718,-3.9771e-12,-126.59502483415538,-0.0001265950248341554,2.2251592601434576e-11,1.9978619524878772e-11,0.0,2.2729730765558014e-12,0.0,0.0
2.25,0.08268597489522213,300.0,0.025851999786435535,1.0,1.0,-1.0,15.296612796243185,0.0026735428289887675,13.188350659645627,0.13188350659645626,-1.5242925945406742,8.916625625608459,0.0,-0.036111111111201626,-0.03472222222230925,0.0,4.33,4.28,4.354,4.354,2.0,1.0,16.64,16.0,0.005291772109038001,0.005291772109038001,4.0,10.0,1.0,1.0,0.11,0.3,0.8,891662562.5608459,152429259.4540674,2.33,3.2800000000000002,0.2777790607693877,0.11712512793990218,3.158804,1.0,0.8774496082745848,0.11712512793990218,1.4525503917254152,3.162874872060098,0.0,1.085158,2.491267,1.085158,2.491267,0.36739239172541516,0.6716078720600978,1200000.0,1.0,0.0063214833733174,6.991381483862092,682720204.3182791,755069200257.106,459.53883393465134,3.9397719134282334,1,459.53883393465134,459.53883393465134,1500,0.07882117215120428,11.278454549407309,0.11,0.3,3469911125302822.5,3469911125302822.5,1.0,0,5.794299979755566e-97,2.0105705963095758e-81,0.0,891662562.5608459,1.0,16.64,0.2777790607693877,0.5222209392306123,1e-10,5e+23,5315547.458617731,1,64.04766077679427,64.04766077679427,0.0,10.478454549407308,500000000.0,9.916625625608459,4.601646095781601e-93,0,2.281640079670447e-83,0.0,5e-10,1.0,1.5242925945368544,1e-08,0,185151.79169446963,0.0,523.5864947114457,-2.1132e-12,-67.26524514835864,-6.726524514835864e-05,1.644895485304309e-11,1.4436838247283207e-11,0.0,2.0121166057598805e-12,0.0,0.0
2.0,0.07349864435130855,300.0,0.025851999786435535,1.0,1.0,-1.0,15.296612796243185,0.0026735428289887675,12.935653466382812,0.12935653466382813,-1.7026666578984806,8.745112103149031,0.0,-0.036111111111201626,-0.03472222222230925,0.0,4.33,4.28,4.354,4.354,2.0,1.0,16.64,16.0,0.005291772109038001,0.005291772109038001,4.0,10.0,1.0,1.0,0.11,0.3,0.8,874511210.3149031,170266665.78984806,2.33,3.2800000000000002,0.27509451377276467,0.12378862080442721,3.158804,1.0,0.8689696504834641,0.12378862080442721,1.461030349516536,3.156211379195573,0.0,1.085158,2.491267,1.085158,2.491267,0.3758723495165359,0.6649443791955729,1200000.0,1.0,0.0063214833733174,6.991381483862092,682720204.3182791,755069200257.106,331.02835581657354,5.098152626300694,1,331.02835581657354,331.02835581657354,1500,0.07731090832168387,11.208219881221702,0.11,0.3,3469911125302822.5,3469911125302822.5,1.0,0,2.534391385732637e-96,8.794112865225314e-81,0.0,874511210.3149031,1.0,16.64,0.27509451377276467,0.5249054862272353,1e-10,5e+23,5315547.458617731,1,56.61998060773917,56.61998060773917,0.0,10.4082198812217,500000000.0,9.745112103149031,2.1407459614537236e-92,0,1.0430904689365046e-82,0.0,5e-10,1.0,1.702666657894214,1e-08,0,231020.49118050214,0.0,387.64833642431273,-1.0418e-12,-33.16152394262731,-3.316152394262732e-05,1.2178331658869257e-11,1.0399562507632556e-11,0.0,1.7787691512366995e-12,0.0,0.0
1.75,0.06431131380739498,300.0,0.025851999786435535,1.0,1.0,-1.0,15.296612796243185,0.0026735428289887675,12.682956273119999,0.1268295627312,-1.8810407212562872,8.573598580689602,0.0,-0.036111111111201626,-0.03472222222230925,0.0,4.33,4.28,4.354,4.354,2.0,1.0,16.64,16.0,0.005291772109038001,0.005291772109038001,4.0,10.0,1.0,1.0,0.11,0.3,0.8,857359858.0689602,188104072.1256287,2.33,3.2800000000000002,0.2723835098052458,0.13011129730498458,3.158804,1.0,0.8604061203068496,0.13011129730498458,1.4695938796931505,3.1498887026950158,0.0,1.085158,2.491267,1.085158,2.491267,0.3844358796931504,0.6586217026950156,1200000.0,1.0,0.0063214833733174,6.991381483862092,682720204.3182791,755069200257.106,237.6863391550806,6.51072157264404,1,237.6863391550806,237.6863391550806,1500,0.07580064449216348,11.137985213036094,0.11,0.3,3469911125302822.5,3469911125302822.5,1.0,0,1.1225238452134559e-95,3.895057978923874e-80,0.0,857359858.0689602,1.0,16.64,0.2723835098052458,0.5276164901947542,1e-10,5e+23,5315547.458617731,1,49.98326467959421,49.98326467959421,0.0,10.337985213036093,500000000.0,9.573598580689602,1.010162817598173e-91,0,4.835446658411639e-82,0.0,5e-10,1.0,1.8810407212515734,1e-08,0,281960.08600063424,0.0,287.6696038346748,-4.005795e-13,-12.750841505255977,-1.2750841505255977e-05,9.037407140681005e-12,7.467136569482533e-12,0.0,1.5702705711984737e-12,0.0,0.0
1.5,0.05512398326348141,300.0,0.025851999786435535,1.0,1.0,-1.0,15.296612796243185,0.0026735428289887675,12.430259079857187,0.12430259079857187,-2.0594147846140936,8.402085058230172,0.0,-0.036111111111201626,-0.03472222222230925,0.0,4.33,4.28,4.354,4.354,2.0,1.0,16.64,16.0,0.005291772109038001,0.005291772109038001,4.0,10.0,1.0,1.0,0.11,0.3,0.8,840208505.8230172,205941478.46140936,2.33,3.2800000000000002,0.26964525087561814,0.13614065054975277,3.158804,1.0,0.851756497046906,0.13614065054975277,1.478243502953094,3.1438593494502474,0.0,1.085158,2.491267,1.085158,2.491267,0.39308550295309397,0.6525923494502472,1200000.0,1.0,0.0063214833733174,6.991381483862092,682720204.3182791,755069200257.106,170.0971144730888,8.22087036566665,1,170.0971144730888,170.0971144730888,1500,0.07429038066264308,11.067750544850487,0.11,0.3,3469911125302822.5,3469911125302822.5,1.0,0,5.036478175405408e-95,1.7476131653184085e-79,0.0,840208505.8230172,1.0,16.64,0.26964525087561814,0.5303547491243819,1e-10,5e+23,5315547.458617731,1,44.06033769670854,44.06033769670854,0.0,10.267750544850486,500000000.0,9.402085058230172,4.837157507679166e-91,0,2.273968316362809e-81,0.0,5e-10,1.0,2.059414784608933,1e-08,0,337970.576154866,0.0,214.15745216979732,-1.745637e-13,-5.556535147882138,-5.556535147882138e-06,6.727954784481429e-12,5.343758452254779e-12,0.0,1.3841963322266497e-12,0.0,0.0
1.25,0.045936652719567844,300.0,0.025851999786435535,1.0,1.0,-1.0,15.296612796243185,0.0026735428289887675,12.177561886594372,0.12177561886594372,-2.2377888479719,8.230571535770743,0.0,-0.036111111111201626,-0.03472222222230925,0.0,4.33,4.28,4.354,4.354,2.0,1.0,16.64,16.0,0.005291772109038001,0.005291772109038001,4.0,10.0,1.0,1.0,0.11,0.3,0.8,823057153.5770743,223778884.79718998,2.33,3.2800000000000002,0.26687889805251674,0.14191407181049281,3.158804,1.0,0.8430181306838821,0.14191407181049281,1.4869818693161179,3.1380859281895073,0.0,1.085158,2.491267,1.085158,2.491267,0.4018238693161178,0.6468189281895071,1200000.0,1.0,0.0063214833733174,6.991381483862092,682720204.3182791,755069200257.106,121.31062839444681,10.277962015382629,1,121.31062839444681,121.31062839444681,1500,0.07278011683312266,10.997515876664881,0.11,0.3,3469911125302822.5,3469911125302822.5,1.0,0,2.290006905404929e-94,7.946120438084851e-79,0.0,823057153.5770743,1.0,16.64,0.26687889805251674,0.5331211019474833,1e-10,5e+23,5315547.458617731,1,38.78091570528272,38.78091570528272,0.0,10.19751587666488,500000000.0,9.230571535770743,2.351644626273293e-90,0,1.0853511974763242e-80,0.0,5e-10,1.0,2.2377888479662924,1e-08,0,399051.9616431976,0.0,160.09154409972953,5.01748e-14,1.597113487729446,1.597113487729446e-06,5.0294241884555675e-12,3.811085789663555e-12,0.0,1.2183383987920125e-12,0.0,0.0
1.0,0.03674932217565428,300.0,0.025851999786435535,1.0,1.0,-1.0,15.296612796243185,0.0026735428289887675,11.92486469333156,0.1192486469333156,-2.4161629113297063,8.059058013311313,0.0,-0.036111111111201626,-0.03472222222230925,0.0,4.33,4.28,4.354,4.354,2.0,1.0,16.64,16.0,0.005291772109038001,0.005291772109038001,4.0,10.0,1.0,1.0,0.11,0.3,0.8,805905801.3311313,241616291.13297063,2.33,3.2800000000000002,0.26408356846209924,0.14746162491834114,3.158804,1.0,0.834188232392353,0.14746162491834114,1.495811767607647,3.1325383750816593,0.0,1.085158,2.491267,1.085158,2.491267,0.41065376760764694,0.6412713750816592,1200000.0,1.0,0.0063214833733174,6.991381483862092,682720204.3182791,755069200257.106,86.21108080722348,12.73801625532384,1,86.21108080722348,86.21108080722348,1500,0.07126985300360227,10.927281208479274,0.11,0.3,3469911125302822.5,3469911125302822.5,1.0,0,1.0556097909848786e-93,3.6628721577170174e-78,0.0,805905801.3311313,1.0,16.64,0.26408356846209924,0.5359164315379008,1e-10,5e+23,5315547.458617731,1,34.081043010604056,34.081043010604056,0.0,10.127281208479273,500000000.0,9.059058013311313,1.1613377902466566e-89,0,5.2603132074476134e-80,0.0,5e-10,1.0,2.4161629113236516,1e-08,0,465204.2424656286,0.0,120.29212381782753,7.64001e-14,2.4318907135430226,2.4318907135430223e-06,3.779088524708008e-12,2.7084009812200935e-12,0.0,1.0706875434879148e-12,0.0,0.0
0.75,0.027561991631740706,300.0,0.025851999786435535,0.999999999999497,1.0,-1.0,15.296612796243185,0.0026735428289887675,11.672167500068747,0.11672167500068747,-2.5945369746875127,7.887544490851884,0.0,-0.036111111111201626,-0.03472222222230925,0.0,4.33,4.28,4.354,4.354,2.0,1.0,16.64,16.0,0.005291772109038001,0.005291772109038001,4.0,10.0,1.0,1.0,0.11,0.3,0.8,788754449.0851884,259453697.46875125,2.33,3.2800000000000002,0.261258331996564,0.15280791167109556,3.158804,1.0,0.8252638641440744,0.15280791167109556,1.5047361358559257,3.1271920883289046,0.0,1.085158,2.491267,1.085158,2.491267,0.4195781358559256,0.6359250883289045,1200000.0,1.0,0.0063214833733174,6.991381483862092,682720204.3182791,755069200257.106,61.04362302752084,15.664461269399695,1,61.04362302752084,61.04362302752084,1500,0.06975958917408187,10.857046540293666,0.11,0.3,3469911125302822.5,3469911125302822.5,1.0,0,4.9353196096628235e-93,1.7125120420494215e-77,0.0,788754449.0851884,1.0,16.64,0.261258331996564,0.538741668003436,1e-10,5e+23,5315547.458617731,1,29.90257123048299,29.90257123048299,0.0,10.057046540293666,500000000.0,8.887544490851884,5.828912936647002e-89,0,2.590236152887617e-79,0.0,5e-10,1.0,2.594536974681011,1e-08,0,536427.4186221595,0.0,90.94619425800383,1.001286e-13,3.18719232697423,3.1871923269742303e-06,2.8571589575289508e-12,1.917741976517642e-12,0.0,9.394169810113088e-13,0.0,0.0
0.5,0.01837466108782714,300.0,0.025851999786435535,0.9999999920310759,1.0,-1.0,15.296612796243185,0.0026735428289887675,11.419470306805932,0.11419470306805932,-2.7729110380453195,7.716030968392454,0.0,-0.036111111111201626,-0.03472222222230925,0.0,4.33,4.28,4.354,4.354,2.0,1.0,16.64,16.0,0.005291772109038001,0.005291772109038001,4.0,10.0,1.0,1.0,0.11,0.3,0.8,771603096.8392454,277291103.80453193,2.33,3.2800000000000002,0.2584022076987298,0.15797336773964515,3.158804,1.0,0.8162419272875785,0.15797336773964515,1.5137580727124216,3.122026632260355,0.0,1.085158,2.491267,1.085158,2.491267,0.4286000727124215,0.630759632260355,1200000.0,1.0,0.0063214833733174,6.991381483862092,682720204.3182791,755069200257.106,43.06043702284047,19.128957663156015,1,43.06043702284047,43.06043702284047,1500,0.06824932534456146,10.786811872108059,0.11,0.3,3469911125302822.5,3469911125302822.5,1.0,0,2.3413799802416564e-92,8.124380442001826e-77,0.0,771603096.8392454,1.0,16.64,0.2584022076987298,0.5415977923012703,1e-10,5e+23,5315547.458617731,1,26.192677592239058,26.192677592239058,0.0,9.986811872108058,500000000.0,8.716030968392454,2.9751628893102765e-88,0,1.296580593962017e-78,0.0,5e-10,1.0,2.772911038038371,1e-08,0,612721.49011279,0.0,69.25311461507953,1.559759e-13,4.964867097641431,4.964867097641431e-06,2.175650761129458e-12,1.3527835261132157e-12,0.0,8.228672350162422e-13,0.0,0.0
0.25,0.00918733054391357,300.0,0.025851999786435535,0.9998737627781501,1.0,-1.0,15.296612796243185,0.0026735428289887675,11.16677311354312,0.11166773113543121,-2.9512851014031254,7.544517445933026,0.0,-0.036111111111201626,-0.03472222222230925,0.0,4.33,4.28,4.354,4.354,2.0,1.0,16.64,16.0,0.005291772109038001,0.005291772109038001,4.0,10.0,1.0,1.0,0.11,0.3,0.8,754451744.5933026,295128510.14031255,2.33,3.2800000000000002,0.2555141597828349,0.1629751881751605,3.158804,1.0,0.8071191499786581,0.1629751881751605,1.522880850021342,3.1170248118248396,0.0,1.085158,2.491267,1.085158,2.491267,0.4377228500213419,0.6257578118248395,1200000.0,1.0,0.0063214833733174,6.991381483862092,682720204.3182791,755069200257.106,30.25676691242687,23.212300865688643,1,30.25676691242687,30.25676691242687,1500,0.06673906151504107,10.716577203922453,0.11,0.3,3469911125302822.5,3469911125302822.5,1.0,0,1.1276770567755014e-91,3.9129391650540546e-76,0.0,754451744.5933026,1.0,16.64,0.2555141597828349,0.5444858402171651,1e-10,5e+23,5315547.458617731,1,22.90341976318722,22.90341976318722,0.0,9.916577203922452,500000000.0,8.544517445933026,1.54524341276248e-87,0,6.60167964928105e-78,0.0,5e-10,1.0,2.95128510139573,1e-08,0,694086.4569375201,0.0,53.160186675614085,1.910554e-13,6.0814822628798595,6.081482262879859e-06,1.6700765192357122e-12,9.505443665345898e-13,0.0,7.195321527011225e-13,0.0,0.0
0.0,0.0,300.0,0.025851999786435535,0.0,0.0,-1.0,15.296612796243185,0.0026735428289887675,10.914075920280307,0.10914075920280307,-3.129659164760932,7.373003923473596,0.0,-0.036111111111201626,-0.03472222222230925,0.0,4.33,4.28,4.354,4.354,2.0,1.0,16.64,16.0,0.005291772109038001,0.005291772109038001,4.0,10.0,1.0,1.0,0.11,0.3,0.8,737300392.3473597,312965916.47609323,2.33,3.2800000000000002,0.2525930932457947,0.16782800423782912,3.158804,1.0,0.7978920733171893,0.16782800423782912,1.5321079266828108,3.112171995762171,0.0,1.085158,2.491267,1.085158,2.491267,0.44694992668281075,0.6209049957621708,1200000.0,1.0,0.0063214833733174,6.991381483862092,682720204.3182791,755069200257.106,21.174562897800552,28.005408559324046,1,-6.830845661523494,-6.830845661523494,1500,0.06522879768552065,10.646342535736846,0.11,0.3,3469911125302822.5,3469911125302822.5,1.0,0,5.516687439863353e-91,0.0,0.0,737300392.3473597,1.0,16.64,0.2525930932457947,0.5474069067542053,1e-10,5e+23,5315547.458617731,1,0.0,0.0,0.0,9.846342535736845,500000000.0,8.373003923473597,8.172093168582343e-87,0,0.0,0.0,5e-10,1.0,3.1296591647530896,1e-08,0,0.0,0.0,-6.830845661523494,2.280248e-13,7.258254813508163,7.258254813508164e-06,-2.145973454804792e-13,-2.145973454804792e-13,0.0,0.0,0.0,0.0
