voltage_v,voltage_au,temperature_k,thermal_voltage_v,legacy_bias_drive,voltage_sign,field_sign,polarization_uc_cm2,polarization_au,screening_charge_uc_cm2,screening_charge_c_m2,fe_field_mv_cm,il_field_mv_cm,dl_field_mv_cm,fe_built_in_field_mv_cm,il_built_in_field_mv_cm,dl_built_in_field_mv_cm,top_work_function_ev,bottom_work_function_ev,top_fermi_ev,bottom_fermi_ev,top_affinity_ev,fe_affinity_ev,insulator_k,fe_k,top_screening_len_nm,bottom_screening_len_nm,insulator_thickness_nm,fe_thickness_nm,top_m_eff,bottom_m_eff,insulator_m_eff,fe_m_eff,trap_depth_ev,top_field_v_per_m,bottom_field_v_per_m,top_base_barrier_ev,bottom_base_barrier_ev,top_schottky_lowering_ev,bottom_schottky_lowering_ev,thermionic_top_schottky_scale,thermionic_bottom_schottky_scale,top_schottky_effective_ev,bottom_schottky_effective_ev,top_barrier_ev,bottom_barrier_ev,thermionic_barrier_offset_ev,thermionic_top_barrier_offset_ev,thermionic_bottom_barrier_offset_ev,thermionic_top_barrier_floor_ev,thermionic_bottom_barrier_floor_ev,top_total_barrier_offset_ev,bottom_total_barrier_offset_ev,top_barrier_effective_ev,bottom_barrier_effective_ev,richardson_constant_a_per_m2_k2,thermionic_prefactor_scale,thermionic_top_prefactor_scale,thermionic_bottom_prefactor_scale,top_prefactor_a_per_m2,bottom_prefactor_a_per_m2,top_injection_a_per_m2,bottom_injection_a_per_m2,enable_thermionic,thermionic_raw_a_per_m2,thermionic_a_per_m2,barrier_sampling_points,barrier_profile_min_ev,barrier_profile_max_ev,effective_mass_min,effective_mass_max,flux_top_a_per_m2,flux_bottom_a_per_m2,tunneling_prefactor_scale,enable_tunneling,tunneling_transmission,tunneling_raw_a_per_m2,tunneling_a_per_m2,pf_field_v_per_m,poole_frenkel_field_region,poole_frenkel_region_k,pf_lowering_ev,pf_activation_ev,pf_fe_field_v_per_m,pf_il_field_v_per_m,pf_fe_lowering_ev,pf_il_lowering_ev,pf_fe_activation_ev,pf_il_activation_ev,poole_frenkel_mobility_m2_per_v_s,poole_frenkel_trap_density_m3,poole_frenkel_prefactor_scale,poole_frenkel_fe_prefactor_scale,poole_frenkel_il_prefactor_scale,enable_poole_frenkel,poole_frenkel_fe_raw_a_per_m2,poole_frenkel_il_raw_a_per_m2,poole_frenkel_raw_a_per_m2,poole_frenkel_a_per_m2,tat_reduced_barrier_min_ev,tat_reduced_barrier_max_ev,trap_assisted_prefactor_a_per_m2,field_enhancement,trap_tunneling_transmission,enable_trap_assisted_tunneling,trap_assisted_tunneling_raw_a_per_m2,trap_assisted_tunneling_a_per_m2,sclc_mobility_m2_per_v_s,sclc_prefactor_scale,sclc_voltage_drop_v,sclc_thickness_m,enable_sclc,sclc_raw_a_per_m2,sclc_a_per_m2,background_conductance_a_per_m2_v,background_internal_drop_v,background_raw_a_per_m2,background_a_per_m2,total_a_per_m2,experimental_current_a,experimental_current_density_a_per_m2,experimental_current_density_uA_per_um2,model_total_a,model_thermionic_a,model_tunneling_a,model_pf_a,model_tat_a,model_sclc_a,model_background_a
0.0,0.0,300.0,0.025851999786435535,0.0,0.0,-1.0,0.34009276282656925,5.944143186191275e-05,0.24265491209522355,0.0024265491209522357,-0.10489060618745041,0.12997528857374566,0.0,-0.036111111111201626,-0.03472222222230925,0.0,4.33,4.28,4.354,4.354,2.0,1.0,16.64,16.0,0.005291772109038001,0.005291772109038001,4.0,10.0,1.0,1.0,0.11,0.3,0.8,12997528.857374566,10489060.618745042,2.33,3.2800000000000002,0.033537418782959946,0.03072445628173244,3.782346,1.0,0.12685012178405342,0.03072445628173244,2.203149878215947,3.2492755437182677,0.0,0.898008,2.381264,0.167855,0.0,0.898008,2.381264,1.305141878215947,0.8680115437182678,1200000.0,1.0,0.005081676331890702,4.839316202734844e-10,548821043.8441958,52.26461498953632,6.516466997897464e-14,1.3685340686349055e-13,1,-7.168873688451592e-14,-7.168873688451592e-14,1500,0.0014502453789097907,7.68737038708834,0.11,0.3,3469911125302822.5,3469911125302822.5,1.0,0,2.3689016042775786e-83,0.0,0.0,12997528.857374566,both,16.64,0.03072445628173244,0.7664625812170401,10489060.618745042,12997528.857374566,0.03072445628173244,0.033537418782959946,0.7692755437182676,0.7664625812170401,1e-10,5e+23,1.0,157486379.86607143,3936959.9789048326,1,0.0,0.0,0.0,0.0,0.0,6.88737038708834,500000000.0,1.1299752885737457,8.712474433435678e-79,0,0.0,0.0,5e-10,1.0,0.10489060618718757,1e-08,0,0.0,0.0,14.28864347468568,-0.05290049075781958,-0.7558762520743888,-0.7558762520743888,-0.7558762520744605,3.64095e-14,1.1589503801008727,1.1589503801008726e-06,-2.374655280540112e-14,-2.2521680914152686e-27,0.0,0.0,0.0,0.0,-2.3746552805398868e-14
-0.25,-0.00918733054391357,300.0,0.025851999786435535,-0.9998737627781501,-1.0,-1.0,0.34009276282656925,5.944143186191275e-05,-0.010042281167589616,-0.00010042281167589615,-0.28326466954525686,-0.041538233885683555,0.0,-0.036111111111201626,-0.03472222222230925,0.0,4.33,4.28,4.354,4.354,2.0,1.0,16.64,16.0,0.005291772109038001,0.005291772109038001,4.0,10.0,1.0,1.0,0.11,0.3,0.8,4153823.3885683557,28326466.954525687,2.33,3.2800000000000002,0.01895934164009261,0.05049078390688644,3.782346,1.0,0.07171079001503772,0.05049078390688644,2.2582892099849623,3.229509216093114,0.0,0.898008,2.381264,0.167855,0.0,0.898008,2.381264,1.3602812099849624,0.848245216093114,1200000.0,1.0,0.005081676331890702,4.839316202734844e-10,548821043.8441958,52.26461498953632,7.721687036189491e-15,2.939783192169296e-13,1,-2.939783192169296e-13,-2.939783192169296e-13,1500,0.0,7.617135718902733,0.11,0.3,3469911125302822.5,3469911125302822.5,1.0,0,1.3260035073963762e-82,-4.601114322505249e-67,0.0,4153823.3885683557,both,16.64,0.01895934164009261,0.7495092160931136,28326466.954525687,4153823.3885683557,0.05049078390688644,0.01895934164009261,0.7495092160931136,0.7810406583599074,1e-10,5e+23,1.0,157486379.86607143,3936959.9789048326,1,-0.009160415049995265,-9.917080819515026e-06,-0.009170332130814779,-0.009170332130814779,0.0,6.817135718902733,500000000.0,1.0415382338856836,5.390560762144346e-78,0,-2.8072375679286436e-69,0.0,5e-10,1.0,0.283264669544547,1e-08,0,-6394.0504681682705,0.0,14.28864347468568,-0.2998799630987788,-4.284877877920348,-4.284877877920348,-4.294048210051456,3.41051e-14,1.0855990499286798,1.0855990499286798e-06,-1.3490150310858058e-13,-9.235601279665811e-27,0.0,-2.8809448053146145e-16,0.0,0.0,-1.346134086280399e-13
-0.5,-0.01837466108782714,300.0,0.025851999786435535,-0.9999999920310759,-1.0,-1.0,0.34009276282656925,5.944143186191275e-05,-0.26273947443040274,-0.0026273947443040276,-0.4616387329030633,-0.21305175634511284,0.0,-0.036111111111201626,-0.03472222222230925,0.0,4.33,4.28,4.354,4.354,2.0,1.0,16.64,16.0,0.005291772109038001,0.005291772109038001,4.0,10.0,1.0,1.0,0.11,0.3,0.8,21305175.634511285,46163873.29030633,2.33,3.2800000000000002,0.04293799866639262,0.06445654586817166,3.782346,1.0,0.16240636750383547,0.06445654586817166,2.1675936324961644,3.2155434541318284,0.0,0.898008,2.381264,0.167855,0.0,0.898008,2.381264,1.2695856324961645,0.8342794541318286,1200000.0,1.0,0.005081676331890702,4.839316202734844e-10,548821043.8441958,52.26461498953632,2.5782845049728533e-13,5.045797037759314e-13,1,-5.045797037759314e-13,-5.045797037759314e-13,1500,0.0,7.546901050717127,0.11,0.3,3469911125302822.5,3469911125302822.5,1.0,0,7.57046910093678e-82,-2.626885495710179e-66,0.0,21305175.634511285,both,16.64,0.04293799866639262,0.7355434541318284,46163873.29030633,21305175.634511285,0.06445654586817166,0.04293799866639262,0.7355434541318284,0.7570620013336075,1e-10,5e+23,1.0,157486379.86607143,3936959.9789048326,1,-0.025623559325688598,-0.00012860109088979772,-0.025752160416578396,-0.025752160416578396,0.0,6.746901050717127,500000000.0,1.2130517563451129,3.4143979946507203e-77,0,-2.070920742136144e-68,0.0,5e-10,1.0,0.46163873290190643,1e-08,0,-16982.26917195227,0.0,14.28864347468568,-0.546859435439738,-7.813879503766308,-7.813879503766308,-7.839631664183391,1.234048e-13,3.928096784253345,3.928096784253345e-06,-2.4628929243048466e-13,-1.58518389053298e-26,0.0,-8.090279797878857e-16,0.0,0.0,-2.4548026445068094e-13
-0.75,-0.027561991631740706,300.0,0.025851999786435535,-0.999999999999497,-1.0,-1.0,0.34009276282656925,5.944143186191275e-05,-0.5154366676932159,-0.005154366676932159,-0.6400127962608698,-0.38456527880454205,0.0,-0.036111111111201626,-0.03472222222230925,0.0,4.33,4.28,4.354,4.354,2.0,1.0,16.64,16.0,0.005291772109038001,0.005291772109038001,4.0,10.0,1.0,1.0,0.11,0.3,0.8,38456527.880454205,64001279.62608698,2.33,3.2800000000000002,0.057687839477003455,0.07589448827800035,3.782346,1.0,0.2181953688944861,0.07589448827800035,2.111804631105514,3.204105511722,0.0,0.898008,2.381264,0.167855,0.0,0.898008,2.381264,1.213796631105514,0.8228415117220003,1200000.0,1.0,0.005081676331890702,4.839316202734844e-10,548821043.8441958,52.26461498953632,2.231232424705063e-12,7.853780384907503e-13,1,-7.853780384907503e-13,-7.853780384907503e-13,1500,0.0,7.47666638253152,0.11,0.3,3469911125302822.5,3469911125302822.5,1.0,0,4.411863004439491e-81,-1.5308772522416528e-65,0.0,38456527.880454205,both,16.64,0.057687839477003455,0.7241055117219997,64001279.62608698,38456527.880454205,0.07589448827800035,0.057687839477003455,0.7241055117219997,0.7423121605229965,1e-10,5e+23,1.0,157486379.86607143,3936959.9789048326,1,-0.05529359779245075,-0.0004106917929977472,-0.0557042895854485,-0.0557042895854485,0.0,6.67666638253152,500000000.0,1.384565278804542,2.2163267775107093e-76,0,-1.5343245513130436e-67,0.0,5e-10,1.0,0.640012796259266,1e-08,0,-32641.38320983595,0.0,14.28864347468568,-0.7938389077806972,-11.342881129612266,-11.342881129612266,-11.3985854191985,1.338367e-13,4.260154474421413,4.260154474421413e-06,-3.5809712214269745e-13,-2.467337876013303e-26,0.0,-1.7500018693508344e-15,0.0,0.0,-3.563471202733219e-13
-1.0,-0.03674932217565428,300.0,0.025851999786435535,-1.0,-1.0,-1.0,0.34009276282656925,5.944143186191275e-05,-0.7681338609560292,-0.007681338609560292,-0.8183868596186762,-0.5560788012639712,0.0,-0.036111111111201626,-0.03472222222230925,0.0,4.33,4.28,4.354,4.354,2.0,1.0,16.64,16.0,0.005291772109038001,0.005291772109038001,4.0,10.0,1.0,1.0,0.11,0.3,0.8,55607880.126397125,81838685.96186762,2.33,3.2800000000000002,0.0693693153892548,0.08582132833220042,3.782346,1.0,0.2623787525852863,0.08582132833220042,2.0676212474147135,3.1941786716678,0.0,0.898008,2.381264,0.167855,0.0,0.898008,2.381264,1.1696132474147136,0.8129146716678002,1200000.0,1.0,0.005081676331890702,4.839316202734844e-10,548821043.8441958,52.26461498953632,1.2325172042680978e-11,1.1530345639409048e-12,1,-1.1530345639409048e-12,-1.1530345639409048e-12,1500,0.0,7.4064317143459135,0.11,0.3,3469911125302822.5,3469911125302822.5,1.0,0,2.626664895690464e-80,-9.11429374399872e-65,0.0,55607880.126397125,both,16.64,0.0693693153892548,0.7141786716677996,81838685.96186762,55607880.126397125,0.08582132833220042,0.0693693153892548,0.7141786716677996,0.7306306846107452,1e-10,5e+23,1.0,157486379.86607143,3936959.9789048326,1,-0.10380264324677466,-0.0009330876713441275,-0.10473573091811879,-0.10473573091811879,0.0,6.606431714345914,500000000.0,1.5560788012639712,1.4759834883491552e-75,0,-1.148373308617884e-66,0.0,5e-10,1.0,0.8183868596166254,1e-08,0,-53371.392581819295,0.0,14.28864347468568,-1.0408183801216564,-14.871882755458225,-14.871882755458225,-14.976618486377497,3.538931e-13,11.264767238222884,1.1264767238222884e-05,-4.705043461242063e-13,-3.6223649154118575e-26,0.0,-3.290370028207194e-15,0.0,0.0,-4.67213976095963e-13
-1.25,-0.045936652719567844,300.0,0.025851999786435535,-1.0,-1.0,-1.0,0.34009276282656925,5.944143186191275e-05,-1.0208310542188423,-0.010208310542188424,-0.9967609229764826,-0.7275923237234004,0.0,-0.036111111111201626,-0.03472222222230925,0.0,4.33,4.28,4.354,4.354,2.0,1.0,16.64,16.0,0.005291772109038001,0.005291772109038001,4.0,10.0,1.0,1.0,0.11,0.3,0.8,72759232.37234004,99676092.29764825,2.33,3.2800000000000002,0.07934933529414905,0.09471339631977706,3.782346,1.0,0.3001266409524835,0.09471339631977706,2.0298733590475164,3.185286603680223,0.0,0.898008,2.381264,0.167855,0.0,0.898008,2.381264,1.1318653590475165,0.8040226036802234,1200000.0,1.0,0.005081676331890702,4.839316202734844e-10,548821043.8441958,52.26461498953632,5.307983994087204e-11,1.6263817549912003e-12,1,-1.6263817549912003e-12,-1.6263817549912003e-12,1500,0.0,7.336197046160307,0.11,0.3,3469911125302822.5,3469911125302822.5,1.0,0,1.5990429693702663e-79,-5.548536989255148e-64,0.0,72759232.37234004,both,16.64,0.07934933529414905,0.705286603680223,99676092.29764825,72759232.37234004,0.09471339631977706,0.07934933529414905,0.705286603680223,0.720650664705851,1e-10,5e+23,1.0,157486379.86607143,3936959.9789048326,1,-0.1783285737610873,-0.0017961027416842385,-0.18012467650277153,-0.18012467650277153,0.0,6.536197046160307,500000000.0,1.7275923237234005,1.0096883803417385e-74,0,-8.721649476155503e-66,0.0,5e-10,1.0,0.9967609229739848,1e-08,0,-79172.29728790229,0.0,14.28864347468568,-1.2877978524626157,-18.400884381304184,-18.400884381304184,-18.581009057808583,3.209781e-13,10.217050247848936,1.0217050247848938e-05,-5.837396155229685e-13,-5.1094289734128303e-26,0.0,-5.658783604313451e-15,0.0,0.0,-5.780808319186039e-13
-1.5,-0.05512398326348141,300.0,0.025851999786435535,-1.0,-1.0,-1.0,0.34009276282656925,5.944143186191275e-05,-1.2735282474816554,-0.012735282474816555,-1.175134986334289,-0.8991058461828296,0.0,-0.036111111111201626,-0.03472222222230925,0.0,4.33,4.28,4.354,4.354,2.0,1.0,16.64,16.0,0.005291772109038001,0.005291772109038001,4.0,10.0,1.0,1.0,0.11,0.3,0.8,89910584.61828296,117513498.6334289,2.33,3.2800000000000002,0.08820732455795646,0.10283945978150107,3.782346,1.0,0.3336306212124884,0.10283945978150107,1.9963693787875116,3.177160540218499,0.0,0.898008,2.381264,0.167855,0.0,0.898008,2.381264,1.0983613787875117,0.7958965402184992,1200000.0,1.0,0.005081676331890702,4.839316202734844e-10,548821043.8441958,52.26461498953632,1.9398658637289276e-10,2.2270724810228312e-12,1,-2.2270724810228312e-12,-2.2270724810228312e-12,1500,0.0,7.2659623779747,0.11,0.3,3469911125302822.5,3469911125302822.5,1.0,0,9.963408526228669e-79,-3.4572142091097855e-63,0.0,89910584.61828296,both,16.64,0.08820732455795646,0.6971605402184989,117513498.6334289,89910584.61828296,0.10283945978150107,0.08820732455795646,0.6971605402184989,0.7117926754420436,1e-10,5e+23,1.0,157486379.86607143,3936959.9789048326,1,-0.2878919669049874,-0.0031265225044372147,-0.29101848940942465,-0.29101848940942465,0.0,6.4659623779747,500000000.0,1.8991058461828296,7.104415279639583e-74,0,-6.746018295637077e-65,0.0,5e-10,1.0,1.1751349863313443,1e-08,0,-110044.097328085,0.0,14.28864347468568,-1.5347773248035748,-21.92988600715014,-21.92988600715014,-22.220904496561793,1.11847e-13,3.560200583999843,3.560200583999843e-06,-6.980903032251894e-13,-6.996554545393321e-26,0.0,-9.142615483874476e-15,0.0,0.0,-6.889476877412449e-13
-1.75,-0.06431131380739498,300.0,0.025851999786435535,-1.0,-1.0,-1.0,0.34009276282656925,5.944143186191275e-05,-1.5262254407444686,-0.015262254407444687,-1.3535090496920954,-1.070619368642259,0.0,-0.036111111111201626,-0.03472222222230925,0.0,4.33,4.28,4.354,4.354,2.0,1.0,16.64,16.0,0.005291772109038001,0.005291772109038001,4.0,10.0,1.0,1.0,0.11,0.3,0.8,107061936.8642259,135350904.96920955,2.33,3.2800000000000002,0.09625355681595385,0.11036884313009171,3.782346,1.0,0.3640642556085958,0.11036884313009171,1.9659357443914043,3.1696311568699085,0.0,0.898008,2.381264,0.167855,0.0,0.898008,2.381264,1.0679277443914041,0.7883671568699087,1200000.0,1.0,0.005081676331890702,4.839316202734844e-10,548821043.8441958,52.26461498953632,6.295558393120939e-10,2.9800422728604004e-12,1,-2.9800422728604004e-12,-2.9800422728604004e-12,1500,0.0,7.195727709789093,0.11,0.3,3469911125302822.5,3469911125302822.5,1.0,0,6.360646926326021e-78,-2.207087953378186e-62,0.0,107061936.8642259,both,16.64,0.09625355681595385,0.6896311568699083,135350904.96920955,107061936.8642259,0.11036884313009171,0.09625355681595385,0.6896311568699083,0.7037464431840462,1e-10,5e+23,1.0,157486379.86607143,3936959.9789048326,1,-0.4437016334316538,-0.005082256572170715,-0.4487838900038245,-0.4487838900038245,0.0,6.395727709789093,500000000.0,2.0706193686422587,5.149138976025249e-73,0,-5.330953447794324e-64,0.0,5e-10,1.0,1.3535090496887037,1e-08,0,-145986.79270236735,0.0,14.28864347468568,-1.7817567971445338,-25.4588876329961,-25.4588876329961,-25.907671523002904,1.133132e-13,3.606871179512111,3.606871179512111e-06,-8.139135052828341e-13,-9.362078911805264e-26,0.0,-1.409896171885465e-14,0.0,0.0,-7.998145435638859e-13
-2.0,-0.07349864435130855,300.0,0.025851999786435535,-1.0,-1.0,-1.0,0.34009276282656925,5.944143186191275e-05,-1.7789226340072817,-0.017789226340072815,-1.5318831130499018,-1.2421328911016885,0.0,-0.036111111111201626,-0.03472222222230925,0.0,4.33,4.28,4.354,4.354,2.0,1.0,16.64,16.0,0.005291772109038001,0.005291772109038001,4.0,10.0,1.0,1.0,0.11,0.3,0.8,124213289.11016884,153188311.30499017,2.33,3.2800000000000002,0.10367720238206393,0.11741638974009805,3.782346,1.0,0.39214305172099,0.11741638974009805,1.93785694827901,3.1625836102599023,0.0,0.898008,2.381264,0.167855,0.0,0.898008,2.381264,1.03984894827901,0.7813196102599025,1200000.0,1.0,0.005081676331890702,4.839316202734844e-10,548821043.8441958,52.26461498953632,1.865250951563084e-09,3.9139565214187656e-12,1,-3.9139565214187656e-12,-3.9139565214187656e-12,1500,0.0,7.1254930416034865,0.11,0.3,3469911125302822.5,3469911125302822.5,1.0,0,4.1651552569911906e-77,-1.4452718564847269e-61,0.0,124213289.11016884,both,16.64,0.10367720238206393,0.682583610259902,153188311.30499017,124213289.11016884,0.11741638974009805,0.10367720238206393,0.682583610259902,0.6963227976179361,1e-10,5e+23,1.0,157486379.86607143,3936959.9789048326,1,-0.6595520348578562,-0.007857806113000783,-0.667409840970857,-0.667409840970857,0.0,6.325493041603487,500000000.0,2.2421328911016882,3.8503222159696056e-72,0,-4.316467040882495e-63,0.0,5e-10,1.0,1.531883113046063,1e-08,0,-187000.38341074935,0.0,14.28864347468568,-2.0287362694854933,-28.987889258842063,-28.987889258842063,-29.655299099816833,2.59303e-13,8.253870841711546,8.253870841711546e-06,-9.316486979199257e-13,-1.2296057054159057e-25,0.0,-2.0967298533275767e-14,0.0,0.0,-9.106813993865271e-13
-2.25,-0.08268597489522213,300.0,0.025851999786435535,-1.0,-1.0,-1.0,0.34009276282656925,5.944143186191275e-05,-2.031619827270095,-0.020316198272700953,-1.7102571764077086,-1.4136464135611178,0.0,-0.036111111111201626,-0.03472222222230925,0.0,4.33,4.28,4.354,4.354,2.0,1.0,16.64,16.0,0.005291772109038001,0.005291772109038001,4.0,10.0,1.0,1.0,0.11,0.3,0.8,141364641.35611176,171025717.64077085,2.33,3.2800000000000002,0.11060369518158436,0.12406423991353198,3.782346,1.0,0.4183414440552849,0.12406423991353198,1.9116585559447152,3.1559357600864684,0.0,0.898008,2.381264,0.167855,0.0,0.898008,2.381264,1.0136505559447153,0.7746717600864685,1200000.0,1.0,0.005081676331890702,4.839316202734844e-10,548821043.8441958,52.26461498953632,5.138671918769618e-09,5.061683251893666e-12,1,-5.061683251893666e-12,-5.061683251893666e-12,1500,0.0,7.055258373417879,0.11,0.3,3469911125302822.5,3469911125302822.5,1.0,0,2.8011171637395723e-76,-9.71962760973663e-61,0.0,141364641.35611176,both,16.64,0.11060369518158436,0.675935760086468,171025717.64077085,141364641.35611176,0.12406423991353198,0.11060369518158436,0.675935760086468,0.6893963048184157,1e-10,5e+23,1.0,157486379.86607143,3936959.9789048326,1,-0.9522781617815302,-0.01169052460248163,-0.9639686863840119,-0.9639686863840119,0.0,6.255258373417879,500000000.0,2.4136464135611178,2.9756123072308566e-71,0,-3.59103798674804e-62,0.0,5e-10,1.0,1.7102571764034227,1e-08,0,-233084.86945323108,0.0,14.28864347468568,-2.2757157418264526,-32.516890884688024,-32.516890884688024,-33.4808595710771,9.20097e-14,2.928759713480472,2.9287597134804723e-06,-1.0518322246436732e-12,-1.5901746918947636e-25,0.0,-3.0283969434346155e-14,0.0,0.0,-1.0215482552091681e-12
-2.5,-0.09187330543913569,300.0,0.025851999786435535,-1.0,-1.0,-1.0,0.34009276282656925,5.944143186191275e-05,-2.2843170205329084,-0.022843170205329083,-1.888631239765515,-1.5851599360205468,0.0,-0.036111111111201626,-0.03472222222230925,0.0,4.33,4.28,4.354,4.354,2.0,1.0,16.64,16.0,0.005291772109038001,0.005291772109038001,4.0,10.0,1.0,1.0,0.11,0.3,0.8,158515993.6020547,188863123.9765515,2.33,3.2800000000000002,0.11712127254205451,0.13037355050410432,3.782346,1.0,0.44299317671434973,0.13037355050410432,1.8870068232856503,3.149626449495896,0.0,0.898008,2.381264,0.167855,0.0,0.898008,2.381264,0.9889988232856503,0.7683624494958963,1200000.0,1.0,0.005081676331890702,4.839316202734844e-10,548821043.8441958,52.26461498953632,1.3334654647311261e-08,6.460806251456221e-12,1,-6.460806251456221e-12,-6.460806251456221e-12,1500,0.0,6.985023705232272,0.11,0.3,3469911125302822.5,3469911125302822.5,1.0,0,1.9372399971480595e-75,-6.72205061848566e-60,0.0,158515993.6020547,both,16.64,0.11712127254205451,0.6696264494958957,188863123.9765515,158515993.6020547,0.13037355050410432,0.11712127254205451,0.6696264494958957,0.6828787274579455,1e-10,5e+23,1.0,157486379.86607143,3936959.9789048326,1,-1.3422744560239792,-0.016867735116568153,-1.3591421911405475,-1.3591421911405475,0.0,6.185023705232272,500000000.0,2.585159936020547,2.3812974433970167e-70,0,-3.078017373209062e-61,0.0,5e-10,1.0,1.888631239760782,1e-08,0,-284240.25082981243,0.0,14.28864347468568,-2.522695214167412,-36.04589251053398,-36.04589251053398,-37.40503470168099,2.247426e-13,7.153779142664919,7.153779142664919e-06,-1.175113822260723e-12,-2.0297221455841877e-25,0.0,-4.2698711228710784e-14,0.0,0.0,-1.132415111031809e-12
-2.75,-0.10106063598304926,300.0,0.025851999786435535,-1.0,-1.0,-1.0,0.34009276282656925,5.944143186191275e-05,-2.5370142137957217,-0.025370142137957217,-2.0670053031233215,-1.7566734584799761,0.0,-0.036111111111201626,-0.03472222222230925,0.0,4.33,4.28,4.354,4.354,2.0,1.0,16.64,16.0,0.005291772109038001,0.005291772109038001,4.0,10.0,1.0,1.0,0.11,0.3,0.8,175667345.8479976,206700530.31233215,2.33,3.2800000000000002,0.12329479946826466,0.13639131100172786,3.782346,1.0,0.466343591589593,0.13639131100172786,1.863656408410407,3.143608688998272,0.0,0.898008,2.381264,0.167855,0.0,0.898008,2.381264,0.965648408410407,0.7623446889982723,1200000.0,1.0,0.005081676331890702,4.839316202734844e-10,548821043.8441958,52.26461498953632,3.290421069730448e-08,8.154186577799607e-12,1,-8.154186577799607e-12,-8.154186577799607e-12,1500,0.0,6.914789037046665,0.11,0.3,3469911125302822.5,3469911125302822.5,1.0,0,1.3798266784440033e-74,-4.787875942522487e-59,0.0,175667345.8479976,both,16.64,0.12329479946826466,0.6636086889982722,206700530.31233215,175667345.8479976,0.13639131100172786,0.12329479946826466,0.6636086889982722,0.6767052005317353,1e-10,5e+23,1.0,157486379.86607143,3936959.9789048326,1,-1.854085144503966,-0.02373479103840543,-1.8778199355423715,-1.8778199355423715,0.0,6.114789037046665,500000000.0,2.756673458479976,1.9776254151030792e-69,0,-2.7258337463150517e-60,0.0,5e-10,1.0,2.0670053031181417,1e-08,0,-340466.5275404936,0.0,14.28864347468568,-2.7696746865083712,-39.574894136379946,-39.574894136379946,-41.45271407193047,2.355091e-13,7.496487481624698,7.496487481624698e-06,-1.3022754199973502e-12,-2.5617132648815746e-25,0.0,-5.899345314264373e-14,0.0,0.0,-1.2432819668544503e-12
-3.0,-0.11024796652696282,300.0,0.025851999786435535,-1.0,-1.0,-1.0,0.34009276282656925,5.944143186191275e-05,-2.789711407058534,-0.02789711407058534,-2.245379366481128,-1.928186980939405,0.0,-0.036111111111201626,-0.03472222222230925,0.0,4.33,4.28,4.354,4.354,2.0,1.0,16.64,16.0,0.005291772109038001,0.005291772109038001,4.0,10.0,1.0,1.0,0.11,0.3,0.8,192818698.0939405,224537936.6481128,2.33,3.2800000000000002,0.1291736144495809,0.1421545523804773,3.782346,1.0,0.48857930391891446,0.1421545523804773,1.8414206960810855,3.1378454476195228,0.0,0.898008,2.381264,0.167855,0.0,0.898008,2.381264,0.9434126960810855,0.756581447619523,1200000.0,1.0,0.005081676331890702,4.839316202734844e-10,548821043.8441958,52.26461498953632,7.776693881266797e-08,1.0190578489613173e-11,1,-1.0190578489613173e-11,-1.0190578489613173e-11,1500,0.0,6.844554368861059,0.11,0.3,3469911125302822.5,3469911125302822.5,1.0,0,1.0138051478505626e-73,-3.51781376141594e-58,0.0,192818698.0939405,both,16.64,0.1291736144495809,0.6578454476195228,224537936.6481128,192818698.0939405,0.1421545523804773,0.1291736144495809,0.6578454476195228,0.6708263855504192,1e-10,5e+23,1.0,157486379.86607143,3936959.9789048326,1,-2.5170741222307402,-0.032704179976132314,-2.5497783022068727,-2.5497783022068727,0.0,6.044554368861059,500000000.0,2.928186980939405,1.7084911376344038e-68,0,-2.501390753135707e-59,0.0,5e-10,1.0,2.245379366475501,1e-08,0,-401763.6995852742,0.0,14.28864347468568,-3.01665415884933,-43.103895762225896,-43.103895762225896,-45.65367406444296,2.527495e-13,8.045266457801,8.045266457801e-06,-1.4342524705023689e-12,-3.2014646518798916e-25,0.0,-8.010364782495768e-14,0.0,0.0,-1.354148822677091e-12
-3.25,-0.1194352970708764,300.0,0.025851999786435535,-1.0,-1.0,-1.0,0.34009276282656925,5.944143186191275e-05,-3.0424086003213473,-0.030424086003213474,-2.4237534298389343,-2.0997005033988345,0.0,-0.036111111111201626,-0.03472222222230925,0.0,4.33,4.28,4.354,4.354,2.0,1.0,16.64,16.0,0.005291772109038001,0.005291772109038001,4.0,10.0,1.0,1.0,0.11,0.3,0.8,209970050.33988345,242375342.98389342,2.33,3.2800000000000002,0.13479628245622488,0.1476930729865747,3.782346,1.0,0.5098461797631724,0.1476930729865747,1.8201538202368277,3.1323069270134254,0.0,0.898008,2.381264,0.167855,0.0,0.898008,2.381264,0.9221458202368277,0.7510429270134256,1200000.0,1.0,0.005081676331890702,4.839316202734844e-10,548821043.8441958,52.26461498953632,1.770364913159138e-07,1.26253053172705e-11,1,-1.26253053172705e-11,-1.26253053172705e-11,1500,0.0,6.774319700675452,0.11,0.3,3469911125302822.5,3469911125302822.5,1.0,0,7.697431309645967e-73,-2.6709402537594816e-57,0.0,209970050.33988345,both,16.64,0.13479628245622488,0.6523069270134254,242375342.98389342,209970050.33988345,0.1476930729865747,0.13479628245622488,0.6523069270134254,0.6652037175437752,1e-10,5e+23,1.0,157486379.86607143,3936959.9789048326,1,-3.3661833307100717,-0.04426578145076816,-3.41044911216084,-3.41044911216084,0.0,5.974319700675452,500000000.0,3.0997005033988345,1.5395557905212716e-67,0,-2.386080929444688e-58,0.0,5e-10,1.0,2.42375342983286,1e-08,0,-468131.7669641545,0.0,14.28864347468568,-3.2636336311902894,-46.63289738807186,-46.63289738807186,-50.04334650024533,3.983859e-13,12.6810170486227,1.26810170486227e-05,-1.5721580972621923e-12,-3.966356643406516e-25,0.0,-1.0714241876206328e-13,0.0,0.0,-1.4650156784997322e-12
-3.5,-0.12862262761478996,300.0,0.025851999786435535,-1.0,-1.0,-1.0,0.34009276282656925,5.944143186191275e-05,-3.2951057935841606,-0.032951057935841604,-2.60212749319674,-2.271214025858264,0.0,-0.036111111111201626,-0.03472222222230925,0.0,4.33,4.28,4.354,4.354,2.0,1.0,16.64,16.0,0.005291772109038001,0.005291772109038001,4.0,10.0,1.0,1.0,0.11,0.3,0.8,227121402.5858264,260212749.31967402,2.33,3.2800000000000002,0.14019362631042737,0.15303127410415654,3.782346,1.0,0.5302608017007397,0.15303127410415654,1.7997391982992603,3.1269687258958436,0.0,0.898008,2.381264,0.167855,0.0,0.898008,2.381264,0.9017311982992603,0.7457047258958438,1200000.0,1.0,0.005081676331890702,4.839316202734844e-10,548821043.8441958,52.26461498953632,3.899539717539379e-07,1.5521000798260427e-11,1,-1.5521000798260427e-11,-1.5521000798260427e-11,1500,0.0,6.7040850324898456,0.11,0.3,3469911125302822.5,3469911125302822.5,1.0,0,6.051393898793659e-72,-2.099779901301374e-56,0.0,227121402.5858264,both,16.64,0.14019362631042737,0.6469687258958435,260212749.31967402,227121402.5858264,0.15303127410415654,0.14019362631042737,0.6469687258958435,0.6598063736895727,1e-10,5e+23,1.0,157486379.86607143,3936959.9789048326,1,-4.442789446075758,-0.058998399549845634,-4.5017878456256035,-4.5017878456256035,0.0,5.904085032489846,500000000.0,3.271214025858264,1.451523194596203e-66,0,-2.3741215165108464e-57,0.0,5e-10,1.0,2.6021274931902196,1e-08,0,-539570.7296771347,0.0,14.28864347468568,-3.510613103531249,-50.161899013917825,-50.161899013917825,-54.66368685955895,3.885232e-13,12.367077557176215,1.2367077557176214e-05,-1.7173103705612332e-12,-4.876066208417628e-25,0.0,-1.414278362383722e-13,0.0,0.0,-1.5758825343223734e-12
-3.75,-0.13780995815870353,300.0,0.025851999786435535,-1.0,-1.0,-1.0,0.34009276282656925,5.944143186191275e-05,-3.5478029868469734,-0.035478029868469735,-2.7805015565545466,-2.4427275483176927,0.0,-0.036111111111201626,-0.03472222222230925,0.0,4.33,4.28,4.354,4.354,2.0,1.0,16.64,16.0,0.005291772109038001,0.005291772109038001,4.0,10.0,1.0,1.0,0.11,0.3,0.8,244272754.83176926,278050155.65545464,2.33,3.2800000000000002,0.14539074231916257,0.15818943675121075,3.782346,1.0,0.5499180926479152,0.15818943675121075,1.7800819073520848,3.1218105632487894,0.0,0.898008,2.381264,0.167855,0.0,0.898008,2.381264,0.8820739073520848,0.7405465632487895,1200000.0,1.0,0.005081676331890702,4.839316202734844e-10,548821043.8441958,52.26461498953632,8.341445214071144e-07,1.8948421630736584e-11,1,-1.8948421630736584e-11,-1.8948421630736584e-11,1500,0.0,6.660514887957694,0.11,0.3,3469911125302822.5,3469911125302822.5,1.0,0,4.936725046390324e-71,-1.712999716103088e-55,0.0,244272754.83176926,both,16.64,0.14539074231916257,0.6418105632487893,278050155.65545464,244272754.83176926,0.15818943675121075,0.14539074231916257,0.6418105632487893,0.6546092576808374,1e-10,5e+23,1.0,157486379.86607143,3936959.9789048326,1,-5.795669628464281,-0.07758270287434403,-5.873252331338625,-5.873252331338625,0.0,5.860514887957694,500000000.0,3.4427275483176927,1.4368758385367123e-65,0,-2.473386016421212e-56,0.0,5e-10,1.0,2.780501556547579,1e-08,0,-616080.5877242141,0.0,14.28864347468568,-3.7575925758722066,-53.69090063976376,-53.69090063976376,-59.56415297112133,3.191865e-13,10.160021848640248,1.016002184864025e-05,-1.8712630539137344e-12,-5.952822219224398e-25,0.0,-1.8451366376812552e-13,0.0,0.0,-1.6867493901450137e-12
-4.0,-0.1469972887026171,300.0,0.025851999786435535,-1.0,-1.0,-1.0,0.34009276282656925,5.944143186191275e-05,-3.800500180109787,-0.03800500180109787,-2.958875619912353,-2.614241070777122,0.0,-0.036111111111201626,-0.03472222222230925,0.0,4.33,4.28,4.354,4.354,2.0,1.0,16.64,16.0,0.005291772109038001,0.005291772109038001,4.0,10.0,1.0,1.0,0.11,0.3,0.8,261424107.0777122,295887561.9912353,2.33,3.2800000000000002,0.15040838755257804,0.16318463452601512,3.782346,1.0,0.5688965630259434,0.16318463452601512,1.7611034369740568,3.116815365473985,0.0,0.898008,2.381264,0.167855,0.0,0.898008,2.381264,0.8630954369740568,0.7355513654739854,1200000.0,1.0,0.005081676331890702,4.839316202734844e-10,548821043.8441958,52.26461498953632,1.738063229561621e-06,2.2987337338034534e-11,1,-2.2987337338034534e-11,-2.2987337338034534e-11,1500,0.0,6.658844438049827,0.11,0.3,3469911125302822.5,3469911125302822.5,1.0,0,4.1895620083172306e-70,-1.4537407822805995e-54,0.0,261424107.0777122,both,16.64,0.15040838755257804,0.636815365473985,295887561.9912353,261424107.0777122,0.16318463452601512,0.15040838755257804,0.636815365473985,0.649591612447422,1e-10,5e+23,1.0,157486379.86607143,3936959.9789048326,1,-7.482088097779295,-0.10081571597615085,-7.582903813755446,-7.582903813755446,0.0,5.858844438049827,500000000.0,3.614241070777122,1.49945681516753e-64,0,-2.7096992026175736e-55,0.0,5e-10,1.0,2.9588756199049384,1e-08,0,-697661.3411053936,0.0,14.28864347468568,-4.004572048213166,-57.219902265609726,-57.219902265609726,-64.80280607938816,4.737446e-13,15.079758970618542,1.5079758970618542e-05,-2.0358401951100984e-12,-7.221685010675965e-25,0.0,-2.382239491417214e-13,0.0,0.0,-1.7976162459676549e-12
-4.25,-0.15618461924653068,300.0,0.025851999786435535,-1.0,-1.0,-1.0,0.34009276282656925,5.944143186191275e-05,-4.0531973733726,-0.040531973733726,-3.1372496832701597,-2.7857545932365513,0.0,-0.036111111111201626,-0.03472222222230925,0.0,4.33,4.28,4.354,4.354,2.0,1.0,16.64,16.0,0.005291772109038001,0.005291772109038001,4.0,10.0,1.0,1.0,0.11,0.3,0.8,278575459.3236551,313724968.327016,2.33,3.2800000000000002,0.15526396278665536,0.16803140180071385,3.782346,1.0,0.5872620285902548,0.16803140180071385,1.7427379714097453,3.1119685981992866,0.0,0.898008,2.381264,0.167855,0.0,0.898008,2.381264,0.8447299714097453,0.7307045981992868,1200000.0,1.0,0.005081676331890702,4.839316202734844e-10,548821043.8441958,52.26461498953632,3.5366478140726764e-06,2.7727503942965898e-11,1,-2.7727503942965898e-11,-2.7727503942965898e-11,1500,0.0,6.657173988141959,0.11,0.3,3469911125302822.5,3469911125302822.5,1.0,0,3.7089910374458685e-69,-1.2869869264481877e-53,0.0,278575459.3236551,both,16.64,0.15526396278665536,0.6319685981992862,313724968.327016,278575459.3236551,0.16803140180071385,0.15526396278665536,0.6319685981992862,0.6447360372133447,1e-10,5e+23,1.0,157486379.86607143,3936959.9789048326,1,-9.569016397513655,-0.1296270192180522,-9.698643416731707,-9.698643416731707,0.0,5.857173988141959,500000000.0,3.7857545932365513,1.6573327796088942e-63,0,-3.137127591462936e-54,0.0,5e-10,1.0,3.137249683262298,1e-08,0,-784312.9898206728,0.0,14.28864347468568,-4.251551520554126,-60.74890389145569,-60.74890389145569,-70.44754730821512,5.273173e-13,16.78503097457438,1.678503097457438e-05,-2.2131749708690806e-12,-8.71085226896037e-25,0.0,-3.0469186907791345e-13,0.0,0.0,-1.908483101790296e-12
-4.5,-0.16537194979044426,300.0,0.025851999786435535,-1.0,-1.0,-1.0,0.34009276282656925,5.944143186191275e-05,-4.305894566635414,-0.04305894566635413,-3.315623746627967,-2.9572681156959812,0.0,-0.036111111111201626,-0.03472222222230925,0.0,4.33,4.28,4.354,4.354,2.0,1.0,16.64,16.0,0.005291772109038001,0.005291772109038001,4.0,10.0,1.0,1.0,0.11,0.3,0.8,295726811.56959814,331562374.6627967,2.33,3.2800000000000002,0.15997222644654693,0.17274223292766813,3.782346,1.0,0.605070310811191,0.17274223292766813,1.724929689188809,3.107257767072332,0.0,0.898008,2.381264,0.167855,0.0,0.898008,2.381264,0.826921689188809,0.7259937670723322,1200000.0,1.0,0.005081676331890702,4.839316202734844e-10,548821043.8441958,52.26461498953632,7.043001620297373e-06,3.32697284049529e-11,1,-3.32697284049529e-11,-3.32697284049529e-11,1500,0.0,6.655503538234091,0.11,0.3,3469911125302822.5,3469911125302822.5,1.0,0,3.4362079609869365e-68,-1.1923336232682697e-52,0.0,295726811.56959814,both,16.64,0.15997222644654693,0.6272577670723319,331562374.6627967,295726811.56959814,0.17274223292766813,0.15997222644654693,0.6272577670723319,0.6400277735534531,1e-10,5e+23,1.0,157486379.86607143,3936959.9789048326,1,-12.134501394125847,-0.16509682767770262,-12.29959822180355,-12.29959822180355,0.0,5.855503538234091,500000000.0,3.9572681156959812,1.950986985409151e-62,0,-3.8602892957487262e-53,0.0,5e-10,1.0,3.3156237466196585,1e-08,0,-876035.5338700522,0.0,14.28864347468568,-4.498530992895086,-64.27790551730166,-64.27790551730166,-76.57750373913848,5.80208e-13,18.46859424429248,1.846859424429248e-05,-2.405753231771224e-12,-1.045199343439277e-24,0.0,-3.8640327415724116e-13,0.0,0.0,-2.0193499576129376e-12
-4.75,-0.1745592803343578,300.0,0.025851999786435535,-1.0,-1.0,-1.0,0.1634843319677963,2.857380056661089e-05,-4.684601213640012,-0.04684601213640012,-3.4582809702632247,-3.2143082124532283,0.0,-0.036111111111201626,-0.03472222222230925,0.0,4.33,4.28,4.354,4.354,2.0,1.0,16.64,16.0,0.005291772109038001,0.005291772109038001,4.0,10.0,1.0,1.0,0.11,0.3,0.8,321430821.2453228,345828097.0263225,2.33,3.2800000000000002,0.16677962681960787,0.17641928023679657,3.782346,1.0,0.6308182543826365,0.17641928023679657,1.6991817456173637,3.1035807197632037,0.0,0.898008,2.381264,0.167855,0.0,0.898008,2.381264,0.8011737456173637,0.7223167197632039,1200000.0,1.0,0.005081676331890702,4.839316202734844e-10,548821043.8441958,52.26461498953632,1.9067958705814384e-05,3.8354906784649916e-11,1,-3.8354906784649916e-11,-3.8354906784649916e-11,1500,0.0,6.6530001052698005,0.11,0.3,3469911125302822.5,3469911125302822.5,1.0,0,4.348865358342483e-67,-1.5090176289356628e-51,0.0,321430821.2453228,both,16.64,0.16677962681960787,0.6235807197632035,345828097.0263225,321430821.2453228,0.17641928023679657,0.16677962681960787,0.6235807197632035,0.6332203731803921,1e-10,5e+23,1.0,157486379.86607143,3936959.9789048326,1,-14.59112054627312,-0.23350427627832465,-14.824624822551444,-14.824624822551444,0.0,5.853000105269801,500000000.0,4.214308212453228,3.278400013697499e-61,0,-6.908094050716073e-52,0.0,5e-10,1.0,3.4582809702545583,1e-08,0,-953041.4497762572,0.0,14.28864347468568,-4.744004255232627,-67.78538544541078,-67.78538544541078,-82.61001026800058,7.698526e-13,24.50516934842953,2.450516934842953e-05,-2.59527001370928e-12,-1.204954933837775e-24,0.0,-4.657293243475251e-13,0.0,0.0,-2.1295406893605504e-12
-5.0,-0.18374661087827138,300.0,0.025851999786435535,-1.0,-1.0,-1.0,-0.48549349328943087,-8.485457955917189e-05,-5.400341653782642,-0.05400341653782642,-3.505407409396706,-3.7001037310755946,0.0,-0.036111111111201626,-0.03472222222230925,0.0,4.33,4.28,4.354,4.354,2.0,1.0,16.64,16.0,0.005291772109038001,0.005291772109038001,4.0,10.0,1.0,1.0,0.11,0.3,0.8,370010373.10755944,350540740.93967056,2.33,3.2800000000000002,0.17893948725484987,0.17761725690116983,3.782346,1.0,0.6768110538604324,0.17761725690116983,1.6531889461395677,3.1023827430988304,0.0,0.898008,2.381264,0.167855,0.0,0.898008,2.381264,0.7551809461395677,0.7211187430988306,1200000.0,1.0,0.005081676331890702,4.839316202734844e-10,548821043.8441958,52.26461498953632,0.00011296638407384178,4.01740905215465e-11,1,-4.01740905215465e-11,-4.01740905215465e-11,1500,0.0,6.648268716935583,0.11,0.3,3469911125302822.5,3469911125302822.5,1.0,0,1.1965150911534537e-65,-4.1518010263860895e-50,0.0,370010373.10755944,both,16.64,0.17761725690116983,0.6210605127451502,350540740.93967056,370010373.10755944,0.17761725690116983,0.17893948725484987,0.6223827430988302,0.6210605127451502,1e-10,5e+23,1.0,157486379.86607143,3936959.9789048326,1,-15.491447267857714,-0.4302272203222132,-15.921674488179926,-15.921674488179926,0.0,5.848268716935583,500000000.0,4.700103731075594,1.3152093996853493e-59,0,-3.090810303303402e-50,0.0,5e-10,1.0,3.5054074093879213,1e-08,0,-979192.8648518748,0.0,14.28864347468568,-4.9854489018144506,-71.23530191928994,-71.23530191928994,-87.15697640751004,9.875052e-13,31.43326678179014,3.1433266781790136e-05,-2.738117167909325e-12,-1.2621062764714183e-24,0.0,-5.001941560491409e-13,0.0,0.0,-2.2379230118589216e-12
-5.25,-0.19293394142218495,300.0,0.025851999786435535,-1.0,-1.0,-1.0,-1.3961117136139765,-0.0002440124823788817,-6.3027615355516,-0.063027615355516,-3.4996203607078744,-4.312604450458903,0.0,-0.036111111111201626,-0.03472222222230925,0.0,4.33,4.28,4.354,4.354,2.0,1.0,16.64,16.0,0.005291772109038001,0.005291772109038001,4.0,10.0,1.0,1.0,0.11,0.3,0.8,431260445.04589033,349962036.07078743,2.33,3.2800000000000002,0.19318306497846927,0.1774705828953153,3.782346,1.0,0.7306851930890533,0.1774705828953153,1.5993148069109466,3.102529417104685,0.0,0.898008,2.381264,0.167855,0.0,0.898008,2.381264,0.7013068069109466,0.7212654171046853,1200000.0,1.0,0.005081676331890702,4.839316202734844e-10,548821043.8441958,52.26461498953632,0.0009078099388589659,3.994680402284094e-11,1,-3.994680402284094e-11,-3.994680402284094e-11,1500,0.0,6.642303287763636,0.11,0.3,3469911125302822.5,3469911125302822.5,1.0,0,5.424299544784212e-64,-1.8821837337421775e-48,0.0,431260445.04589033,both,16.64,0.1774705828953153,0.6068169350215308,349962036.07078743,431260445.04589033,0.1774705828953153,0.19318306497846927,0.6225294171046847,0.6068169350215308,1e-10,5e+23,1.0,157486379.86607143,3936959.9789048326,1,-15.378373780197647,-0.8699718217109812,-16.24834560190863,-16.24834560190863,0.0,5.842303287763636,500000000.0,5.312604450458903,9.438886913129059e-58,0,-2.507253631103387e-48,0.0,5e-10,1.0,3.4996203606991045,1e-08,0,-975962.4504543359,0.0,14.28864347468568,-5.224662140878343,-74.65333460669865,-74.65333460669865,-90.90168020864722,1.3257e-12,42.19834161138513,4.2198341611385126e-05,-2.8557605074245484e-12,-1.2549658605254832e-24,0.0,-5.104568317594418e-13,0.0,0.0,-2.345303675663852e-12
-5.5,-0.20212127196609853,300.0,0.025851999786435535,-1.0,-1.0,-1.0,-2.0386759783206942,-0.00035631990003758094,-7.013925924270299,-0.07013925924270299,-3.5480438620094503,-4.795294059242936,0.0,-0.036111111111201626,-0.03472222222230925,0.0,4.33,4.28,4.354,4.354,2.0,1.0,16.64,16.0,0.005291772109038001,0.005291772109038001,4.0,10.0,1.0,1.0,0.11,0.3,0.8,479529405.9242936,354804386.200945,2.33,3.2800000000000002,0.2037074259010995,0.17869417610861552,3.782346,1.0,0.7704919675273201,0.17869417610861552,1.55950803247268,3.101305823891385,0.0,0.898008,2.381264,0.167855,0.0,0.898008,2.381264,0.66150003247268,0.720041823891385,1200000.0,1.0,0.005081676331890702,4.839316202734844e-10,548821043.8441958,52.26461498953632,0.004233692499939068,4.188297284445803e-11,1,-4.188297284445803e-11,-4.188297284445803e-11,1500,0.0,6.637602149328836,0.11,0.3,3469911125302822.5,3469911125302822.5,1.0,0,1.8101589567516846e-62,-6.281090702599221e-47,0.0,479529405.9242936,both,16.64,0.17869417610861552,0.5962925740989006,354804386.200945,479529405.9242936,0.17869417610861552,0.2037074259010995,0.6213058238913846,0.5962925740989006,1e-10,5e+23,1.0,157486379.86607143,3936959.9789048326,1,-16.346844042551442,-1.4533903947096969,-17.80023443726114,-17.80023443726114,0.0,5.837602149328836,500000000.0,5.795294059242936,5.053004625981601e-56,0,-1.4641823845139124e-46,0.0,5e-10,1.0,3.5480438620005588,1e-08,0,-1003157.6739544134,0.0,14.28864347468568,-5.466161485692926,-78.10403264412442,-78.10403264412442,-95.90426708142743,1.5421e-12,49.08656754840236,4.9086567548402356e-05,-3.0129214091092587e-12,-1.3157923979865017e-24,0.0,-5.592108574027564e-13,0.0,0.0,-2.4537105517051868e-12
-5.75,-0.2113086025100121,300.0,0.025851999786435535,-1.0,-1.0,-1.0,-3.0504541148554156,-0.0005331585385971169,-7.988523027252454,-0.07988523027252455,-3.5217984892414336,-5.456783725799607,0.0,-0.036111111111201626,-0.03472222222230925,0.0,4.33,4.28,4.354,4.354,2.0,1.0,16.64,16.0,0.005291772109038001,0.005291772109038001,4.0,10.0,1.0,1.0,0.11,0.3,0.8,545678372.5799607,352179848.9241434,2.33,3.2800000000000002,0.21730394436642397,0.17803203654322755,3.782346,1.0,0.8219187047585662,0.17803203654322755,1.5080812952414338,3.1019679634567727,0.0,0.898008,2.381264,0.167855,0.0,0.898008,2.381264,0.6100732952414337,0.7207039634567729,1200000.0,1.0,0.005081676331890702,4.839316202734844e-10,548821043.8441958,52.26461498953632,0.030949274489317596,4.082385803863487e-11,1,-4.082385803863487e-11,-4.082385803863487e-11,1500,0.0,6.631159594032262,0.11,0.3,3469911125302822.5,3469911125302822.5,1.0,0,1.2379516150487651e-60,-4.295582081644307e-45,0.0,545678372.5799607,both,16.64,0.17803203654322755,0.5826960556335761,352179848.9241434,545678372.5799607,0.17803203654322755,0.21730394436642397,0.6219679634567725,0.5826960556335761,1e-10,5e+23,1.0,157486379.86607143,3936959.9789048326,1,-15.815611448526415,-2.798435102683989,-18.614046551210404,-18.614046551210404,0.0,5.831159594032262,500000000.0,6.456783725799607,6.342423167128376e-54,0,-2.0475827343824447e-44,0.0,5e-10,1.0,3.5217984892326077,1e-08,0,-988371.5713752586,0.0,14.28864347468568,-5.7045119795469805,-81.50973787282025,-81.50973787282025,-100.12378442407149,2.2889e-12,72.85794984860784,7.285794984860785e-05,-3.1454814559627117e-12,-1.2825193250536795e-24,0.0,-5.847775189886103e-13,0.0,0.0,-2.5607039369728186e-12
-6.0,-0.22049593305392565,300.0,0.025851999786435535,-1.0,-1.0,-1.0,-3.7149034738842226,-0.0006492910342496144,-8.71530234877591,-0.08715302348775911,-3.5657960047482535,-5.950071679953967,0.0,-0.036111111111201626,-0.03472222222230925,0.0,4.33,4.28,4.354,4.354,2.0,1.0,16.64,16.0,0.005291772109038001,0.005291772109038001,4.0,10.0,1.0,1.0,0.11,0.3,0.8,595007167.9953967,356579600.4748254,2.33,3.2800000000000002,0.2269135015864465,0.1791406540298136,3.782346,1.0,0.8582653750714896,0.1791406540298136,1.4717346249285104,3.1008593459701865,0.0,0.898008,2.381264,0.167855,0.0,0.898008,2.381264,0.5737266249285103,0.7195953459701867,1200000.0,1.0,0.005081676331890702,4.839316202734844e-10,548821043.8441958,52.26461498953632,0.12625473071851548,4.26125966424939e-11,1,-4.26125966424939e-11,-4.26125966424939e-11,1500,0.0,6.626355233386212,0.11,0.3,3469911125302822.5,3469911125302822.5,1.0,0,5.535730593618792e-59,-1.9208493173477046e-43,0.0,595007167.9953967,both,16.64,0.1791406540298136,0.5730864984135535,356579600.4748254,595007167.9953967,0.1791406540298136,0.2269135015864465,0.6208593459701864,0.5730864984135535,1e-10,5e+23,1.0,157486379.86607143,3936959.9789048326,1,-16.71482877844747,-4.4252127228425575,-21.14004150129003,-21.14004150129003,0.0,5.826355233386212,500000000.0,6.950071679953967,5.359605817635906e-52,0,-1.8624822304433917e-42,0.0,5e-10,1.0,3.565796004739318,1e-08,0,-1013221.1057101829,0.0,14.28864347468568,-5.945824676714941,-84.95776896856803,-84.95776896856803,-106.09781046990068,1.9781e-12,62.96487858601562,6.296487858601562e-05,-3.3331610193420225e-12,-1.3387142056244393e-24,0.0,-6.64133990770361e-13,0.0,0.0,-2.6690270285703226e-12
-6.25,-0.22968326359783922,300.0,0.025851999786435535,-1.0,-1.0,-1.0,-4.659988277861243,-0.0008144730084628583,-9.642314008849423,-0.09642314008849423,-3.5530385218728244,-6.579263611717177,0.0,-0.036111111111201626,-0.03472222222230925,0.0,4.33,4.28,4.354,4.354,2.0,1.0,16.64,16.0,0.005291772109038001,0.005291772109038001,4.0,10.0,1.0,1.0,0.11,0.3,0.8,657926361.1717178,355303852.18728244,2.33,3.2800000000000002,0.23860958347371838,0.17881990774849463,3.782346,1.0,0.9025040036134848,0.17881990774849463,1.4274959963865153,3.101180092251506,0.0,0.898008,2.381264,0.167855,0.0,0.898008,2.381264,0.5294879963865152,0.719916092251506,1200000.0,1.0,0.005081676331890702,4.839316202734844e-10,548821043.8441958,52.26461498953632,0.6989142739913852,4.2087167543675334e-11,1,-4.2087167543675334e-11,-4.2087167543675334e-11,1500,0.0,6.6202272407394895,0.11,0.3,3469911125302822.5,3469911125302822.5,1.0,0,4.671318679676236e-57,-1.6209060656443463e-41,0.0,657926361.1717178,both,16.64,0.17881990774849463,0.5613904165262816,355303852.18728244,657926361.1717178,0.17881990774849463,0.23860958347371838,0.6211800922515054,0.5613904165262816,1e-10,5e+23,1.0,157486379.86607143,3936959.9789048326,1,-16.449664847431983,-7.69262868773918,-24.142293535171163,-24.142293535171163,0.0,5.82022724073949,500000000.0,7.579263611717177,1.0325718647357283e-49,0,-3.913067180437228e-40,0.0,5e-10,1.0,3.5530385218639204,1e-08,0,-1005983.9964088701,0.0,14.28864347468568,-6.184743966544196,-88.37160152016335,-88.37160152016335,-112.5138950553766,2.3602e-12,75.12749933709827,7.512749933709827e-05,-3.534728261327441e-12,-1.3222073636561322e-24,0.0,-7.584525201090209e-13,0.0,0.0,-2.776275741217098e-12
-6.5,-0.2388705941417528,300.0,0.025851999786435535,-1.0,-1.0,-1.0,-5.461705457884376,-0.0009545971814467208,-10.467033406368758,-0.10467033406368759,-3.56927534250411,-7.139026571814825,0.0,-0.036111111111201626,-0.03472222222230925,0.0,4.33,4.28,4.354,4.354,2.0,1.0,16.64,16.0,0.005291772109038001,0.005291772109038001,4.0,10.0,1.0,1.0,0.11,0.3,0.8,713902657.1814826,356927534.25041103,2.33,3.2800000000000002,0.24855284468676375,0.17922803127600653,3.782346,1.0,0.9401128578896021,0.17922803127600653,1.389887142110398,3.100771968723994,0.0,0.898008,2.381264,0.167855,0.0,0.898008,2.381264,0.49187914211039796,0.719507968723994,1200000.0,1.0,0.005081676331890702,4.839316202734844e-10,548821043.8441958,52.26461498953632,2.993814274163691,4.275686674887983e-11,1,-4.275686674887983e-11,-4.275686674887983e-11,1500,0.0,6.614775449115631,0.11,0.3,3469911125302822.5,3469911125302822.5,1.0,0,3.732477279547072e-55,-1.2951364437240398e-39,0.0,713902657.1814826,both,16.64,0.17922803127600653,0.5514471553132363,356927534.25041103,713902657.1814826,0.17922803127600653,0.24855284468676375,0.6207719687239935,0.5514471553132363,1e-10,5e+23,1.0,157486379.86607143,3936959.9789048326,1,-16.787783625289286,-12.262412387611054,-29.05019601290034,-29.05019601290034,0.0,5.814775449115631,500000000.0,8.139026571814824,2.227890739302693e-47,0,-9.066430963142395e-38,0.0,5e-10,1.0,3.5692753424951658,1e-08,0,-1015199.3783730102,0.0,14.28864347468568,-6.424885971213939,-91.80290500818562,-91.80290500818562,-120.85310102112871,3.0564e-12,97.28823361321378,9.728823361321378e-05,-3.7967121433152315e-12,-1.3432465846879858e-24,0.0,-9.126388237947122e-13,0.0,0.0,-2.884073319519176e-12
-6.75,-0.24805792468566637,300.0,0.025851999786435535,-1.0,-1.0,-1.0,-6.114992603226643,-0.0010687787447748662,-11.18584853024689,-0.1118584853024689,-3.6155302757075387,-7.626908974866399,0.0,-0.036111111111201626,-0.03472222222230925,0.0,4.33,4.28,4.354,4.354,2.0,1.0,16.64,16.0,0.005291772109038001,0.005291772109038001,4.0,10.0,1.0,1.0,0.11,0.3,0.8,762690897.48664,361553027.5707539,2.33,3.2800000000000002,0.25690557002716713,0.18038561845291215,3.782346,1.0,0.9717057551699755,0.18038561845291215,1.3582942448300246,3.099614381547088,0.0,0.898008,2.381264,0.167855,0.0,0.898008,2.381264,0.46028624483002456,0.7183503815470882,1200000.0,1.0,0.005081676331890702,4.839316202734844e-10,548821043.8441958,52.26461498953632,10.161601741059995,4.471492235825656e-11,1,-4.471492235825656e-11,-4.471492235825656e-11,1500,0.0,6.610023735644055,0.11,0.3,3469911125302822.5,3469911125302822.5,1.0,0,2.825062718709926e-53,-9.802716557329812e-38,0.0,762690897.48664,both,16.64,0.18038561845291215,0.5430944299728329,361553027.5707539,762690897.48664,0.18038561845291215,0.25690557002716713,0.6196143815470879,0.5430944299728329,1e-10,5e+23,1.0,157486379.86607143,3936959.9789048326,1,-17.78410126025394,-18.09693773396935,-35.88103899422329,-35.88103899422329,0.0,5.810023735644055,500000000.0,8.6269089748664,6.244448067612402e-45,0,-2.693514253878629e-35,0.0,5e-10,1.0,3.6155302756984784,1e-08,0,-1041682.2039848039,0.0,14.28864347468568,-6.666293865637393,-95.25229634357692,-95.25229634357692,-131.13333533784493,3.6799e-12,117.13485501677313,0.00011713485501677313,-4.119675229381005e-12,-1.4047607158653681e-24,0.0,-1.127236085074208e-12,0.0,0.0,-2.992439144305392e-12
-7.0,-0.2572452552295799,300.0,0.025851999786435535,-1.0,-1.0,-1.0,-7.34117912167359,-0.0012830916921616022,-12.313425210427287,-0.12313425210427287,-3.5459234972880918,-8.39223068566084,0.0,-0.036111111111201626,-0.03472222222230925,0.0,4.33,4.28,4.354,4.354,2.0,1.0,16.64,16.0,0.005291772109038001,0.005291772109038001,4.0,10.0,1.0,1.0,0.11,0.3,0.8,839223068.566084,354592349.7288092,2.33,3.2800000000000002,0.2694870779744123,0.17864077295645442,3.782346,1.0,1.0192933714282064,0.17864077295645442,1.3107066285717937,3.1013592270435457,0.0,0.898008,2.381264,0.167855,0.0,0.898008,2.381264,0.4126986285717936,0.7200952270435459,1200000.0,1.0,0.005081676331890702,4.839316202734844e-10,548821043.8441958,52.26461498953632,64.03227579297908,4.1796543392458965e-11,1,-4.1796543392458965e-11,-4.1796543392458965e-11,1500,0.0,6.6025699118116625,0.11,0.3,3469911125302822.5,3469911125302822.5,1.0,0,8.318342473122747e-51,-2.886390909156761e-35,0.0,839223068.566084,both,16.64,0.17864077295645442,0.5305129220255878,354592349.7288092,839223068.566084,0.17864077295645442,0.2694870779744123,0.6213592270435456,0.5305129220255878,1e-10,5e+23,1.0,157486379.86607143,3936959.9789048326,1,-16.303361831103462,-32.39619266367242,-48.69955449477588,-48.69955449477588,0.0,5.802569911811663,500000000.0,9.39223068566084,2.1170116382170207e-41,0,-9.941730835181513e-32,0.0,5e-10,1.0,3.5459234972792055,1e-08,0,-1001959.027802988,0.0,14.28864347468568,-6.902815771535129,-98.63187353090281,-98.63187353090281,-147.33142802572047,4.4193e-12,140.6706880012026,0.0001406706880012026,-4.628553319284968e-12,-1.313077136671961e-24,0.0,-1.5299416263388372e-12,0.0,0.0,-3.0986116929448187e-12
-7.25,-0.2664325857734935,300.0,0.025851999786435535,-1.0,-1.0,-1.0,-8.165456933011747,-0.0014271590135321818,-13.15424153386489,-0.1315424153386489,-3.557597713241898,-8.962919134994685,0.0,-0.036111111111201626,-0.03472222222230925,0.0,4.33,4.28,4.354,4.354,2.0,1.0,16.64,16.0,0.005291772109038001,0.005291772109038001,4.0,10.0,1.0,1.0,0.11,0.3,0.8,896291913.4994686,355759771.3241898,2.33,3.2800000000000002,0.27849921659996146,0.1789346001176594,3.782346,1.0,1.0533803979099978,0.1789346001176594,1.2766196020900022,3.1010653998823408,0.0,0.898008,2.381264,0.167855,0.0,0.898008,2.381264,0.3786116020900022,0.7198013998823409,1200000.0,1.0,0.005081676331890702,4.839316202734844e-10,548821043.8441958,52.26461498953632,239.35129362425516,4.2274302021095776e-11,1,-4.2274302021095776e-11,-4.2274302021095776e-11,1500,0.0,6.597011711770401,0.11,0.3,3469911125302822.5,3469911125302822.5,1.0,0,1.6566861648672474e-48,-5.7485537546081276e-33,0.0,896291913.4994686,both,16.64,0.1789346001176594,0.5215007834000386,355759771.3241898,896291913.4994686,0.1789346001176594,0.27849921659996146,0.6210653998823407,0.5215007834000386,1e-10,5e+23,1.0,157486379.86607143,3936959.9789048326,1,-16.544007642770726,-49.03015921367539,-65.57416685644611,-65.57416685644611,0.0,5.797011711770401,500000000.0,9.962919134994685,3.226863350901598e-38,0,-1.6074489312355301e-28,0.0,5e-10,1.0,3.557597713232983,1e-08,0,-1008567.371828732,0.0,14.28864347468568,-7.142765367221871,-102.06042775556566,-102.06042775556566,-167.63459461205406,8.9524e-12,284.96374250717673,0.00028496374250717673,-5.266396109207322e-12,-1.3280863666511064e-24,0.0,-2.0600732086148243e-12,0.0,0.0,-3.2063229005911693e-12
-7.5,-0.27561991631740707,300.0,0.025851999786435535,-1.0,-1.0,-1.0,-8.675671128702945,-0.0015163342788218597,-13.770974644199887,-0.13770974644199888,-3.6327873557707604,-9.381515268988554,0.0,-0.036111111111201626,-0.03472222222230925,0.0,4.33,4.28,4.354,4.354,2.0,1.0,16.64,16.0,0.005291772109038001,0.005291772109038001,4.0,10.0,1.0,1.0,0.11,0.3,0.8,938151526.8988554,363278735.577076,2.33,3.2800000000000002,0.28492839627703903,0.1808156001050486,3.782346,1.0,1.0776977799448735,0.1808156001050486,1.2523022200551266,3.0991843998949515,0.0,0.898008,2.381264,0.167855,0.0,0.898008,2.381264,0.35429422005512656,0.7179203998949517,1200000.0,1.0,0.005081676331890702,4.839316202734844e-10,548821043.8441958,52.26461498953632,613.1261190876552,4.546485965719611e-11,1,-4.546485965719611e-11,-4.546485965719611e-11,1500,0.0,6.592934809474669,0.11,0.3,3469911125302822.5,3469911125302822.5,1.0,0,2.82379929265003e-46,-9.79833258118858e-31,0.0,938151526.8988554,both,16.64,0.1808156001050486,0.515071603722961,363278735.577076,938151526.8988554,0.1808156001050486,0.28492839627703903,0.6191843998949514,0.515071603722961,1e-10,5e+23,1.0,157486379.86607143,3936959.9789048326,1,-18.168675615291413,-65.81005898483261,-83.97873460012403,-83.97873460012403,0.0,5.792934809474669,500000000.0,10.381515268988554,1.594088496490874e-35,0,-8.274527033219508e-26,0.0,5e-10,1.0,3.6327873557616566,1e-08,0,-1051649.922612975,0.0,14.28864347468568,-7.385393463347674,-105.52725411804902,-105.52725411804902,-189.5059887182185,1.09581e-11,348.8071563790596,0.0003488071563790597,-5.9535062196842554e-12,-1.4283206909553828e-24,0.0,-2.6382697567751663e-12,0.0,0.0,-3.3152364629076606e-12
-7.75,-0.28480724686132064,300.0,0.025851999786435535,-1.0,-1.0,-1.0,-9.509967753608185,-0.001662152688980791,-14.618939353581416,-0.14618939353581417,-3.6424353923590314,-9.957055552398243,0.0,-0.036111111111201626,-0.03472222222230925,0.0,4.33,4.28,4.354,4.354,2.0,1.0,16.64,16.0,0.005291772109038001,0.005291772109038001,4.0,10.0,1.0,1.0,0.11,0.3,0.8,995705555.2398243,364243539.23590314,2.33,3.2800000000000002,0.2935382521044518,0.18105554792055187,3.782346,1.0,1.1102632336942648,0.18105554792055187,1.2197367663057352,3.0989444520794485,0.0,0.898008,2.381264,0.167855,0.0,0.898008,2.381264,0.3217287663057352,0.7176804520794486,1200000.0,1.0,0.005081676331890702,4.839316202734844e-10,548821043.8441958,52.26461498953632,2160.853689985421,4.588881053952219e-11,1,-4.588881053952219e-11,-4.588881053952219e-11,1500,0.0,6.587329355166405,0.11,0.3,3469911125302822.5,3469911125302822.5,1.0,0,2.7252230313642035e-43,-9.456281715462133e-28,0.0,995705555.2398243,both,16.64,0.18105554792055187,0.5064617478955482,364243539.23590314,995705555.2398243,0.18105554792055187,0.2935382521044518,0.6189444520794481,0.5064617478955482,1e-10,5e+23,1.0,157486379.86607143,3936959.9789048326,1,-18.38679766123788,-97.45170287186296,-115.83850053310084,-115.83850053310084,0.0,5.787329355166405,500000000.0,10.957055552398243,1.3780767901207087e-32,0,-7.54983197241163e-23,0.0,5e-10,1.0,3.6424353923499035,1e-08,0,-1057243.3303164416,0.0,14.28864347468568,-7.62525761329922,-108.9545874390652,-108.9545874390652,-224.79308797221194,9.6035e-12,305.68889919660336,0.0003056888991966034,-7.062083137512652e-12,-1.441639500729368e-24,0.0,-3.639173822776469e-12,0.0,0.0,-3.42290931473474e-12
-8.0,-0.2939945774052342,300.0,0.025851999786435535,-1.0,-1.0,-1.0,-10.448426148458477,-0.001826176499041049,-15.541223095569315,-0.15541223095569315,-3.631018017606213,-10.583038497649603,0.0,-0.036111111111201626,-0.03472222222230925,0.0,4.33,4.28,4.354,4.354,2.0,1.0,16.64,16.0,0.005291772109038001,0.005291772109038001,4.0,10.0,1.0,1.0,0.11,0.3,0.8,1058303849.7649603,363101801.7606213,2.33,3.2800000000000002,0.30262473821539804,0.18077156189489973,3.782346,1.0,1.144631468090058,0.18077156189489973,1.185368531909942,3.0992284381051007,0.0,0.898008,2.381264,0.167855,0.0,0.898008,2.381264,0.28736053190994204,0.7179644381051009,1200000.0,1.0,0.005081676331890702,4.839316202734844e-10,548821043.8441958,52.26461498953632,8165.5659102535965,4.538747737775089e-11,1,-4.538747737775089e-11,-4.538747737775089e-11,1500,0.0,6.5812326163307295,0.11,0.3,3469911125302822.5,3469911125302822.5,1.0,0,5.3109386199632014e-40,-1.8428485003210732e-24,0.0,1058303849.7649603,both,16.64,0.18077156189489973,0.497375261784602,363101801.7606213,1058303849.7649603,0.18077156189489973,0.30262473821539804,0.6192284381051003,0.497375261784602,1e-10,5e+23,1.0,157486379.86607143,3936959.9789048326,1,-18.128918156833365,-147.2024798664941,-165.33139802332744,-165.33139802332744,0.0,5.78123261633073,500000000.0,11.583038497649603,1.2348335033496632e-29,0,-7.15156200374334e-20,0.0,5e-10,1.0,3.6310180175971136,1e-08,0,-1050625.7662109947,0.0,14.28864347468568,-7.864233416646346,-112.36922749216889,-112.36922749216889,-277.70062551554173,1.34826e-11,429.16448714615757,0.0004291644871461576,-8.724222450169163e-12,-1.4258896549491515e-24,0.0,-5.194039054378156e-12,0.0,0.0,-3.53018339578958e-12
-8.25,-0.3031819079491478,300.0,0.025851999786435535,-1.0,-1.0,-1.0,-11.42634634214083,-0.001997097444479694,-16.49166268317748,-0.1649166268317748,-3.611619989057909,-11.228131699717837,0.0,-0.036111111111201626,-0.03472222222230925,0.0,4.33,4.28,4.354,4.354,2.0,1.0,16.64,16.0,0.005291772109038001,0.005291772109038001,4.0,10.0,1.0,1.0,0.11,0.3,0.8,1122813169.9717836,361161998.9057909,2.33,3.2800000000000002,0.3117116168226136,0.18028804627939812,3.782346,1.0,1.1790011870425452,0.18028804627939812,1.1509988129574549,3.099711953720602,0.0,0.898008,2.381264,0.167855,0.0,0.898008,2.381264,0.25299081295745485,0.7184479537206023,1200000.0,1.0,0.005081676331890702,4.839316202734844e-10,548821043.8441958,52.26461498953632,30858.311214787303,4.454647468972036e-11,1,-4.454647468972036e-11,-4.454647468972036e-11,1500,0.0,6.574949753822231,0.11,0.3,3469911125302822.5,3469911125302822.5,1.0,0,9.216319952216448e-37,-3.1979811136546228e-21,0.0,1122813169.9717836,both,16.64,0.18028804627939812,0.48828838317738643,361161998.9057909,1122813169.9717836,0.18028804627939812,0.3117116168226136,0.619711953720602,0.48828838317738643,1e-10,5e+23,1.0,157486379.86607143,3936959.9789048326,1,-17.697944449017605,-221.95508054440197,-239.65302499341956,-239.65302499341956,0.0,5.774949753822231,500000000.0,12.228131699717837,9.630941138580001e-27,0,-5.888420831739335e-17,0.0,5e-10,1.0,3.611619989048858,1e-08,0,-1039430.2115909467,0.0,14.28864347468568,-8.102872668924737,-115.77905868704039,-115.77905868704039,-355.4320836805045,1.91266e-11,608.818586908289,0.000608818586908289,-1.1166228229407856e-11,-1.3994687762854917e-24,0.0,-7.528921827298981e-12,0.0,0.0,-3.6373064021074764e-12
-8.5,-0.31236923849306136,300.0,0.025851999786435535,-1.0,-1.0,-1.0,-12.312771552385854,-0.0021520268916621114,-17.37682094289552,-0.1737682094289552,-3.6107256731747213,-11.82891641401581,0.0,-0.036111111111201626,-0.03472222222230925,0.0,4.33,4.28,4.354,4.354,2.0,1.0,16.64,16.0,0.005291772109038001,0.005291772109038001,4.0,10.0,1.0,1.0,0.11,0.3,0.8,1182891641.401581,361072567.3174721,2.33,3.2800000000000002,0.31994234253733456,0.18026572327111462,3.782346,1.0,1.2101326395267171,0.18026572327111462,1.119867360473283,3.099734276728886,0.0,0.898008,2.381264,0.167855,0.0,0.898008,2.381264,0.22185936047328292,0.718470276728886,1200000.0,1.0,0.005081676331890702,4.839316202734844e-10,548821043.8441958,52.26461498953632,102886.29739598637,4.4508025744884537e-11,1,-4.4508025744884537e-11,-4.4508025744884537e-11,1500,0.0,6.569098432268942,0.11,0.3,3469911125302822.5,3469911125302822.5,1.0,0,9.907106768439507e-34,-3.437677999537114e-18,0.0,1182891641.401581,both,16.64,0.18026572327111462,0.4800576574626655,361072567.3174721,1182891641.401581,0.18026572327111462,0.31994234253733456,0.6197342767288854,0.4800576574626655,1e-10,5e+23,1.0,157486379.86607143,3936959.9789048326,1,-17.678290388015593,-321.49384425581684,-339.1721346438324,-339.1721346438324,0.0,5.769098432268942,500000000.0,12.82891641401581,4.292026430491568e-24,0,-2.753102416176148e-14,0.0,5e-10,1.0,3.6107256731656734,1e-08,0,-1038915.5041419378,0.0,14.28864347468568,-8.342292238760141,-119.20003956128107,-119.20003956128107,-458.372174205158,3.62616e-11,1154.2425768842143,0.0011542425768842142,-1.4400186550929054e-11,-1.3982608670591465e-24,0.0,-1.0655406864994322e-11,0.0,0.0,-3.744779685933334e-12
-8.75,-0.32155656903697494,300.0,0.025851999786435535,-1.0,-1.0,-1.0,-13.038253146564458,-0.002278826604743422,-18.14714653553678,-0.18147146535536782,-3.6423801847255355,-12.351760590196031,0.0,-0.036111111111201626,-0.03472222222230925,0.0,4.33,4.28,4.354,4.354,2.0,1.0,16.64,16.0,0.005291772109038001,0.005291772109038001,4.0,10.0,1.0,1.0,0.11,0.3,0.8,1235176059.019603,364238018.47255355,2.33,3.2800000000000002,0.32693669756445903,0.18105417580476518,3.782346,1.0,1.2365877102861413,0.18105417580476518,1.0934122897138587,3.0989458241952352,0.0,0.898008,2.381264,0.167855,0.0,0.898008,2.381264,0.1954042897138587,0.7176818241952354,1200000.0,1.0,0.005081676331890702,4.839316202734844e-10,548821043.8441958,52.26461498953632,286274.8308628874,4.588637501844168e-11,1,-4.588637501844168e-11,-4.588637501844168e-11,1500,0.0,6.564006209840031,0.11,0.3,3469911125302822.5,3469911125302822.5,1.0,0,5.109329692146336e-31,-1.7728919941618615e-15,0.0,1235176059.019603,both,16.64,0.18105417580476518,0.473063302435541,364238018.47255355,1235176059.019603,0.18105417580476518,0.32693669756445903,0.6189458241952348,0.473063302435541,1e-10,5e+23,1.0,157486379.86607143,3936959.9789048326,1,-18.385543122920428,-440.00393155529156,-458.38947467821197,-458.38947467821197,0.0,5.764006209840031,500000000.0,13.35176059019603,8.4544228882637e-22,0,-5.644071516618528e-12,0.0,5e-10,1.0,3.642380184716408,1e-08,0,-1057211.281726049,0.0,14.28864347468568,-8.583084420782441,-122.64063320168934,-122.64063320168934,-581.0301078799472,8.20693e-11,2612.346954218337,0.002612346954218337,-1.8253599184301274e-11,-1.441562986578026e-24,0.0,-1.4400730061319553e-11,0.0,0.0,-3.852869122980277e-12
-9.0,-0.3307438995808885,300.0,0.025851999786435535,-1.0,-1.0,-1.0,-14.03262618081833,-0.002452623178565449,-19.10932516325099,-0.1910932516325099,-3.6196547755600292,-13.004821447515535,0.0,-0.036111111111201626,-0.03472222222230925,0.0,4.33,4.28,4.354,4.354,2.0,1.0,16.64,16.0,0.005291772109038001,0.005291772109038001,4.0,10.0,1.0,1.0,0.11,0.3,0.8,1300482144.7515535,361965477.5560029,2.33,3.2800000000000002,0.3354682596934462,0.18048847866109555,3.782346,1.0,1.2688570301784674,0.18048847866109555,1.0611429698215327,3.0995115213389046,0.0,0.898008,2.381264,0.167855,0.0,0.898008,2.381264,0.167855,0.7182475213389048,1200000.0,1.0,0.005081676331890702,4.839316202734844e-10,548821043.8441958,52.26461498953632,830980.5609416369,4.489318897017654e-11,1,-4.489318897017654e-11,-4.489318897017654e-11,1500,0.0,6.557645746633992,0.11,0.3,3469911125302822.5,3469911125302822.5,1.0,0,4.394383606620649e-28,-1.524812056546133e-12,0.0,1300482144.7515535,both,16.64,0.18048847866109555,0.46453174030655386,361965477.5560029,1300482144.7515535,0.18048847866109555,0.3354682596934462,0.6195115213389045,0.46453174030655386,1e-10,5e+23,1.0,157486379.86607143,3936959.9789048326,1,-17.875370291999666,-644.4007263349971,-662.2760966269967,-662.2760966269967,0.0,5.757645746633992,500000000.0,14.004821447515535,2.8611323525233247e-19,0,-2.003482386739962e-09,0.0,5e-10,1.0,3.6196547755509587,1e-08,0,-1044060.2057649348,0.0,14.28864347468568,-8.821583354544137,-126.04845943530289,-126.04845943530289,-788.3245560623445,1.373866e-10,4373.151300917797,0.004373151300917798,-2.4765946339698968e-11,-1.4103611266492496e-24,0.0,-2.080601719811497e-11,0.0,0.0,-3.959929141582586e-12
-9.25,-0.33993123012480203,300.0,0.025851999786435535,-1.0,-1.0,-1.0,-14.765697200348017,-0.0025807493718286024,-19.885065782445935,-0.19885065782445935,-3.649774421037161,-13.531340972307433,0.0,-0.036111111111201626,-0.03472222222230925,0.0,4.33,4.28,4.354,4.354,2.0,1.0,16.64,16.0,0.005291772109038001,0.005291772109038001,4.0,10.0,1.0,1.0,0.11,0.3,0.8,1353134097.2307434,364977442.1037161,2.33,3.2800000000000002,0.3421918468435586,0.18123785770284628,3.782346,1.0,1.2942879631413464,0.18123785770284628,1.0357120368586537,3.098762142297154,0.0,0.898008,2.381264,0.167855,0.0,0.898008,2.381264,0.167855,0.717498142297154,1200000.0,1.0,0.005081676331890702,4.839316202734844e-10,548821043.8441958,52.26461498953632,830980.5609416369,4.621356480513925e-11,1,-4.621356480513925e-11,-4.621356480513925e-11,1500,0.0,6.552517728276796,0.11,0.3,3469911125302822.5,3469911125302822.5,1.0,0,1.2831965434159482e-25,-4.452577961949125e-10,0.0,1353134097.2307434,both,16.64,0.18123785770284628,0.45780815315644147,364977442.1037161,1353134097.2307434,0.18123785770284628,0.3421918468435586,0.6187621422971538,0.45780815315644147,1e-10,5e+23,1.0,157486379.86607143,3936959.9789048326,1,-18.55422985103694,-869.6485117761823,-888.2027416272192,-888.2027416272192,0.0,5.752517728276796,500000000.0,14.531340972307435,3.026990086734232e-17,0,-2.1993112535064789e-07,0.0,5e-10,1.0,3.649774421028015,1e-08,0,-1061508.0351675493,0.0,14.28864347468568,-9.062310809937426,-129.4881282199859,-129.4881282199859,-1017.6908698472513,2.775039e-10,8833.223482455802,0.008833223482455802,-3.197170160337531e-11,-1.4518419568802131e-24,0.0,-2.7903712079943852e-11,0.0,0.0,-4.067989523430009e-12
-9.5,-0.3491185606687156,300.0,0.025851999786435535,-1.0,-1.0,-1.0,-15.804451537338801,-0.0027623029121930914,-20.87891030338525,-0.2087891030338525,-3.618073450122854,-14.205894466006216,0.0,-0.036111111111201626,-0.03472222222230925,0.0,4.33,4.28,4.354,4.354,2.0,1.0,16.64,16.0,0.005291772109038001,0.005291772109038001,4.0,10.0,1.0,1.0,0.11,0.3,0.8,1420589446.6006215,361807345.0122854,2.33,3.2800000000000002,0.3506174531922971,0.18044904918246468,3.782346,1.0,1.326156521612072,0.18044904918246468,1.003843478387928,3.0995509508175356,0.0,0.898008,2.381264,0.167855,0.0,0.898008,2.381264,0.167855,0.7182869508175358,1200000.0,1.0,0.005081676331890702,4.839316202734844e-10,548821043.8441958,52.26461498953632,830980.5609416369,4.482477005304085e-11,1,-4.482477005304085e-11,-4.482477005304085e-11,1500,0.0,6.54594793829614,0.11,0.3,3469911125302822.5,3469911125302822.5,1.0,0,7.217833097954351e-23,-2.5045239367170737e-07,0.0,1420589446.6006215,both,16.64,0.18044904918246468,0.44938254680770295,361807345.0122854,1420589446.6006215,0.18044904918246468,0.3506174531922971,0.6195509508175354,0.44938254680770295,1e-10,5e+23,1.0,157486379.86607143,3936959.9789048326,1,-17.84033020662623,-1264.7813737719223,-1282.6217039785486,-1282.6217039785486,0.0,5.7459479382961405,500000000.0,15.205894466006214,6.050589376104829e-15,0,-4.600231175509421e-05,0.0,5e-10,1.0,3.6180734501137874,1e-08,0,-1043148.1639122466,0.0,14.28864347468568,-9.300431236502034,-132.89054609920765,-132.89054609920765,-1415.5122500778011,6.294106e-10,20034.761644887138,0.02003476164488714,-4.446962885910778e-11,-1.4082116829748491e-24,0.0,-4.029474922553831e-11,0.0,0.0,-4.1748796335680655e-12
-9.25,-0.33993123012480203,300.0,0.025851999786435535,-1.0,-1.0,-1.0,-15.804451537338801,-0.0027623029121930914,-20.62621311012244,-0.20626213110122438,-3.4396993867650485,-14.034380943546783,0.0,-0.036111111111201626,-0.03472222222230925,0.0,4.33,4.28,4.354,4.354,2.0,1.0,16.64,16.0,0.005291772109038001,0.005291772109038001,4.0,10.0,1.0,1.0,0.11,0.3,0.8,1403438094.3546782,343969938.67650485,2.33,3.2800000000000002,0.34849445245082916,0.17594468535631233,3.782346,1.0,1.3181265982495838,0.17594468535631233,1.0118734017504163,3.104055314643688,0.0,0.898008,2.381264,0.167855,0.0,0.898008,2.381264,0.167855,0.722791314643688,1200000.0,1.0,0.005081676331890702,4.839316202734844e-10,548821043.8441958,52.26461498953632,830980.5609416369,3.7657205513693977e-11,1,-3.7657205513693977e-11,-3.7657205513693977e-11,1500,0.0,6.5476183882040075,0.11,0.3,3469911125302822.5,3469911125302822.5,1.0,0,3.438984495188322e-24,-1.193297055959787e-08,0.0,1403438094.3546782,both,16.64,0.17594468535631233,0.4515055475491709,343969938.67650485,1403438094.3546782,0.17594468535631233,0.34849445245082916,0.6240553146436877,0.4515055475491709,1e-10,5e+23,1.0,157486379.86607143,3936959.9789048326,1,-14.248725385624377,-1150.9999243429381,-1165.2486497285624,-1165.2486497285624,0.0,5.747618388204008,500000000.0,15.03438094354678,8.544313291079713e-16,0,-6.422923045955116e-06,0.0,5e-10,1.0,3.4396993867564287,1e-08,0,-942827.4483496947,0.0,14.28864347468568,-9.053451764161073,-129.36154447336168,-129.36154447336168,-1294.6101942019618,5.328221e-10,16960.254200720832,0.016960254200720833,-4.067137875367339e-11,-1.1830360019654205e-24,0.0,-3.6607365975926784e-11,0.0,0.0,-4.0640127777454235e-12
-9.0,-0.3307438995808885,300.0,0.025851999786435535,-1.0,-1.0,-1.0,-15.804451537338801,-0.0027623029121930914,-20.373515916859628,-0.20373515916859627,-3.2613253234072435,-13.862867421087357,0.0,-0.036111111111201626,-0.03472222222230925,0.0,4.33,4.28,4.354,4.354,2.0,1.0,16.64,16.0,0.005291772109038001,0.005291772109038001,4.0,10.0,1.0,1.0,0.11,0.3,0.8,1386286742.1087356,326132532.34072435,2.33,3.2800000000000002,0.34635843904105157,0.1713219345542419,3.782346,1.0,1.3100474564731652,0.1713219345542419,1.0199525435268348,3.1086780654457584,0.0,0.898008,2.381264,0.167855,0.0,0.898008,2.381264,0.167855,0.7274140654457586,1200000.0,1.0,0.005081676331890702,4.839316202734844e-10,548821043.8441958,52.26461498953632,830980.5609416369,3.149120601076651e-11,1,-3.149120601076651e-11,-3.149120601076651e-11,1500,0.0,6.549288838111876,0.11,0.3,3469911125302822.5,3469911125302822.5,1.0,0,1.1616372563549105e-25,-4.0307780393921506e-10,0.0,1386286742.1087356,both,16.64,0.1713219345542419,0.4536415609589485,326132532.34072435,1386286742.1087356,0.1713219345542419,0.34635843904105157,0.6286780654457581,0.4536415609589485,1e-10,5e+23,1.0,157486379.86607143,3936959.9789048326,1,-11.297721236910085,-1046.7709420778108,-1058.0686633147209,-1058.0686633147209,0.0,5.749288838111876,500000000.0,14.862867421087355,9.677309034869204e-17,0,-7.19162805890759e-07,0.0,5e-10,1.0,3.261325323399071,1e-08,0,-847577.6281212432,0.0,14.28864347468568,-8.806472291820118,-125.83254284751577,-125.83254284751577,-1183.901206162268,4.357024e-10,13868.838135400443,0.013868838135400442,-3.719335331855476e-11,-9.893254145610681e-25,0.0,-3.3240207396631e-11,0.0,0.0,-3.953145921922785e-12
-8.75,-0.32155656903697494,300.0,0.025851999786435535,-1.0,-1.0,-1.0,-15.804451537338801,-0.0027623029121930914,-20.120818723596813,-0.20120818723596812,-3.0829512600494353,-13.691353898627927,0.0,-0.036111111111201626,-0.03472222222230925,0.0,4.33,4.28,4.354,4.354,2.0,1.0,16.64,16.0,0.005291772109038001,0.005291772109038001,4.0,10.0,1.0,1.0,0.11,0.3,0.8,1369135389.8627927,308295126.00494355,2.33,3.2800000000000002,0.344209170710056,0.16657094048387946,3.782346,1.0,1.3019181799984976,0.16657094048387946,1.0280818200015025,3.113429059516121,0.0,0.898008,2.381264,0.167855,0.0,0.898008,2.381264,0.167855,0.7321650595161211,1200000.0,1.0,0.005081676331890702,4.839316202734844e-10,548821043.8441958,52.26461498953632,830980.5609416369,2.6204513754751888e-11,1,-2.6204513754751888e-11,-2.6204513754751888e-11,1500,0.0,6.550959288019743,0.11,0.3,3469911125302822.5,3469911125302822.5,1.0,0,2.621468118472247e-27,-9.096261388913508e-12,0.0,1369135389.8627927,both,16.64,0.16657094048387946,0.455790829289944,308295126.00494355,1369135389.8627927,0.16657094048387946,0.344209170710056,0.6334290595161206,0.455790829289944,1e-10,5e+23,1.0,157486379.86607143,3936959.9789048326,1,-8.886898156082063,-951.3468094662414,-960.2337076223235,-960.2337076223235,0.0,5.750959288019743,500000000.0,14.691353898627927,8.448618431904421e-18,0,-6.20608216687894e-08,0.0,5e-10,1.0,3.0829512600417095,1e-08,0,-757398.7032268897,0.0,14.28864347468568,-8.559492819479157,-122.30354122166979,-122.30354122166979,-1082.5372488440196,2.985269e-10,9502.406356179985,0.009502406356179986,-3.400891068205678e-11,-8.232390790282122e-25,0.0,-3.0166631615955815e-11,0.0,0.0,-3.842279066100143e-12
-8.5,-0.31236923849306136,300.0,0.025851999786435535,-1.0,-1.0,-1.0,-15.804451537338801,-0.0027623029121930914,-19.868121530334005,-0.19868121530334004,-2.9045771966916307,-13.5198403761685,0.0,-0.036111111111201626,-0.03472222222230925,0.0,4.33,4.28,4.354,4.354,2.0,1.0,16.64,16.0,0.005291772109038001,0.005291772109038001,4.0,10.0,1.0,1.0,0.11,0.3,0.8,1351984037.61685,290457719.66916305,2.33,3.2800000000000002,0.34204639759374034,0.16168039821809047,3.782346,1.0,1.2937378237530934,0.16168039821809047,1.0362621762469066,3.1183196017819097,0.0,0.898008,2.381264,0.167855,0.0,0.898008,2.381264,0.167855,0.7370556017819099,1200000.0,1.0,0.005081676331890702,4.839316202734844e-10,548821043.8441958,52.26461498953632,830980.5609416369,2.1687955394103825e-11,1,-2.1687955394103825e-11,-2.1687955394103825e-11,1500,0.0,6.552629737927611,0.11,0.3,3469911125302822.5,3469911125302822.5,1.0,0,3.666400136210093e-29,-1.2722082622447185e-13,0.0,1351984037.61685,both,16.64,0.16168039821809047,0.4579536024062597,290457719.66916305,1351984037.61685,0.16168039821809047,0.34204639759374034,0.6383196017819096,0.4579536024062597,1e-10,5e+23,1.0,157486379.86607143,3936959.9789048326,1,-6.929612882577932,-864.0344218544566,-870.9640347370345,-870.9640347370345,0.0,5.752629737927611,500000000.0,14.5198403761685,5.397945177631101e-19,0,-3.918865116925605e-09,0.0,5e-10,1.0,2.904577196684352,1e-08,0,-672290.6736666375,0.0,14.28864347468568,-8.3125133471382,-118.77453959582385,-118.77453959582385,-989.73857433288,2.499255e-10,7955.375745942697,0.007955375745942695,-3.1093554340986114e-11,-6.813472133749971e-25,0.0,-2.7362142130707932e-11,0.0,0.0,-3.7314122102775024e-12
-8.25,-0.3031819079491478,300.0,0.025851999786435535,-1.0,-1.0,-1.0,-15.804451537338801,-0.0027623029121930914,-19.615424337071186,-0.19615424337071186,-2.726203133333822,-13.348326853709068,0.0,-0.036111111111201626,-0.03472222222230925,0.0,4.33,4.28,4.354,4.354,2.0,1.0,16.64,16.0,0.005291772109038001,0.005291772109038001,4.0,10.0,1.0,1.0,0.11,0.3,0.8,1334832685.3709068,272620313.3333822,2.33,3.2800000000000002,0.33986986187775714,0.156637237342327,3.782346,1.0,1.2855054125938872,0.156637237342327,1.044494587406113,3.123362762657673,0.0,0.898008,2.381264,0.167855,0.0,0.898008,2.381264,0.167855,0.7420987626576734,1200000.0,1.0,0.005081676331890702,4.839316202734844e-10,548821043.8441958,52.26461498953632,830980.5609416369,1.7844206378544875e-11,1,-1.7844206378544875e-11,-1.7844206378544875e-11,1500,0.0,6.554300187835479,0.11,0.3,3469911125302822.5,3469911125302822.5,1.0,0,2.895222258078092e-31,-1.004616392352953e-15,0.0,1334832685.3709068,both,16.64,0.156637237342327,0.4601301381222429,272620313.3333822,1334832685.3709068,0.156637237342327,0.33986986187775714,0.643362762657673,0.4601301381222429,1e-10,5e+23,1.0,157486379.86607143,3936959.9789048326,1,-5.351344239447116,-784.191484706067,-789.5428289455141,-789.5428289455141,0.0,5.754300187835479,500000000.0,14.348326853709068,2.3764456505448964e-20,0,-1.7049009472046724e-10,0.0,5e-10,1.0,2.7262031333269903,1e-08,0,-592253.5394404831,0.0,14.28864347468568,-8.065533874797236,-115.24553796997783,-115.24553796997783,-904.7883669155098,1.892083e-10,6022.687243802852,0.006022687243802852,-2.842476486555272e-11,-5.6059227667976715e-25,0.0,-2.48042195110973e-11,0.0,0.0,-3.6205453544548596e-12
-8.0,-0.2939945774052342,300.0,0.025851999786435535,-1.0,-1.0,-1.0,-15.804451537338801,-0.0027623029121930914,-19.36272714380837,-0.1936272714380837,-2.5478290699760158,-13.17681333124964,0.0,-0.036111111111201626,-0.03472222222230925,0.0,4.33,4.28,4.354,4.354,2.0,1.0,16.64,16.0,0.005291772109038001,0.005291772109038001,4.0,10.0,1.0,1.0,0.11,0.3,0.8,1317681333.124964,254782906.99760157,2.33,3.2800000000000002,0.33767929743879227,0.15142621000511328,3.782346,1.0,1.2772199399504263,0.15142621000511328,1.0527800600495738,3.128573789994887,0.0,0.898008,2.381264,0.167855,0.0,0.898008,2.381264,0.167855,0.7473097899948873,1200000.0,1.0,0.005081676331890702,4.839316202734844e-10,548821043.8441958,52.26461498953632,830980.5609416369,1.458665902679148e-11,1,-1.458665902679148e-11,-1.458665902679148e-11,1500,0.0,6.555970637743346,0.11,0.3,3469911125302822.5,3469911125302822.5,1.0,0,1.14527781424022e-33,-3.974012229194639e-18,0.0,1317681333.124964,both,16.64,0.15142621000511328,0.4623207025612078,254782906.99760157,1317681333.124964,0.15142621000511328,0.33767929743879227,0.6485737899948868,0.4623207025612078,1e-10,5e+23,1.0,157486379.86607143,3936959.9789048326,1,-4.088213411032015,-711.2230452372308,-715.3112586482629,-715.3112586482629,0.0,5.755970637743347,500000000.0,14.17681333124964,6.659105322967441e-22,0,-4.720244655842013e-12,0.0,5e-10,1.0,2.547829069969631,1e-08,0,-517287.3005484296,0.0,14.28864347468568,-7.818554402456279,-111.7165363441319,-111.7165363441319,-827.0277949924093,1.306524e-10,4158.795057363909,0.0041587950573639095,-2.5981844450627188e-11,-4.582534083898736e-25,0.0,-2.2472165951994513e-11,0.0,0.0,-3.5096784986322193e-12
-7.75,-0.28480724686132064,300.0,0.025851999786435535,-1.0,-1.0,-1.0,-15.804451537338801,-0.0027623029121930914,-19.110029950545563,-0.19110029950545562,-2.369455006618209,-13.00529980879021,0.0,-0.036111111111201626,-0.03472222222230925,0.0,4.33,4.28,4.354,4.354,2.0,1.0,16.64,16.0,0.005291772109038001,0.005291772109038001,4.0,10.0,1.0,1.0,0.11,0.3,0.8,1300529980.8790212,236945500.6618209,2.33,3.2800000000000002,0.3354744294647611,0.14602934647114205,3.782346,1.0,1.2688803663883212,0.14602934647114205,1.0611196336116788,3.1339706535288583,0.0,0.898008,2.381264,0.167855,0.0,0.898008,2.381264,0.167855,0.7527066535288585,1200000.0,1.0,0.005081676331890702,4.839316202734844e-10,548821043.8441958,52.26461498953632,830980.5609416369,1.1838386483323771e-11,1,-1.1838386483323771e-11,-1.1838386483323771e-11,1500,0.0,6.557641087651214,0.11,0.3,3469911125302822.5,3469911125302822.5,1.0,0,1.9395619423738278e-36,-6.7301075620568966e-21,0.0,1300529980.8790212,both,16.64,0.14602934647114205,0.46452557053523896,236945500.6618209,1300529980.8790212,0.14602934647114205,0.3354744294647611,0.653970653528858,0.46452557053523896,1e-10,5e+23,1.0,157486379.86607143,3936959.9789048326,1,-3.085662477408348,-644.5782445902538,-647.6639070676622,-647.6639070676622,0.0,5.757641087651214,500000000.0,14.005299808790213,1.0717276104677353e-23,0,-7.504933248979481e-14,0.0,5e-10,1.0,2.369455006612271,1e-08,0,-447391.9569904753,0.0,14.28864347468568,-7.571574930115319,-108.18753471828593,-108.18753471828593,-755.85144178596,9.89885e-11,3150.9018168504163,0.003150901816850416,-2.3745773367200255e-11,-3.719138800636667e-25,0.0,-2.0346961724390303e-11,0.0,0.0,-3.398811642809578e-12
-7.5,-0.27561991631740707,300.0,0.025851999786435535,-1.0,-1.0,-1.0,-15.804451537338801,-0.0027623029121930914,-18.857332757282748,-0.1885733275728275,-2.1910809432604026,-12.833786286330783,0.0,-0.036111111111201626,-0.03472222222230925,0.0,4.33,4.28,4.354,4.354,2.0,1.0,16.64,16.0,0.005291772109038001,0.005291772109038001,4.0,10.0,1.0,1.0,0.11,0.3,0.8,1283378628.6330783,219108094.32604027,2.33,3.2800000000000002,0.3332549740523877,0.14042522204029104,3.782346,1.0,1.2604856180871524,0.14042522204029104,1.0695143819128476,3.139574777959709,0.0,0.898008,2.381264,0.167855,0.0,0.898008,2.381264,0.17150638191284762,0.7583107779597094,1200000.0,1.0,0.005081676331890702,4.839316202734844e-10,548821043.8441958,52.26461498953632,721523.2798699248,9.531195270810174e-12,1,-9.531195270810174e-12,-9.531195270810174e-12,1500,0.0,6.559311537559082,0.11,0.3,3469911125302822.5,3469911125302822.5,1.0,0,5.078916000971764e-39,-1.7623387136250445e-23,0.0,1283378628.6330783,both,16.64,0.14042522204029104,0.46674502594761236,219108094.32604027,1283378628.6330783,0.14042522204029104,0.3332549740523877,0.659574777959709,0.46674502594761236,1e-10,5e+23,1.0,157486379.86607143,3936959.9789048326,1,-2.2972762770609854,-583.7472774722426,-586.0445537493035,-586.0445537493035,0.0,5.759311537559082,500000000.0,13.833786286330783,8.649774722092773e-26,0,-5.982956746516883e-16,0.0,5e-10,1.0,2.191080943254912,1e-08,0,-382567.5087666212,0.0,14.28864347468568,-7.32459545777436,-104.65853309243998,-104.65853309243998,-690.703086841753,7.36117e-11,2343.1331848795344,0.0023431331848795343,-2.1699077434338442e-11,-2.994313304270703e-25,0.0,-1.8411132647351207e-11,0.0,0.0,-3.2879447869869373e-12
-7.25,-0.2664325857734935,300.0,0.025851999786435535,-1.0,-1.0,-1.0,-15.804451537338801,-0.0027623029121930914,-18.604635564019937,-0.18604635564019936,-2.012706879902598,-12.662272763871355,0.0,-0.036111111111201626,-0.03472222222230925,0.0,4.33,4.28,4.354,4.354,2.0,1.0,16.64,16.0,0.005291772109038001,0.005291772109038001,4.0,10.0,1.0,1.0,0.11,0.3,0.8,1266227276.3871355,201270687.9902598,2.33,3.2800000000000002,0.33102063778049884,0.1345879487151106,3.782346,1.0,1.2520345852265187,0.1345879487151106,1.0779654147734814,3.1454120512848895,0.0,0.898008,2.381264,0.167855,0.0,0.898008,2.381264,0.17995741477348137,0.7641480512848897,1200000.0,1.0,0.005081676331890702,4.839316202734844e-10,548821043.8441958,52.26461498953632,520330.4533940839,7.60475962794521e-12,1,-7.60475962794521e-12,-7.60475962794521e-12,1500,0.0,6.56098198746695,0.11,0.3,3469911125302822.5,3469911125302822.5,1.0,0,4.4456746194884425e-41,-1.5426095821639338e-25,0.0,1266227276.3871355,both,16.64,0.1345879487151106,0.4689793622195012,201270687.9902598,1266227276.3871355,0.1345879487151106,0.33102063778049884,0.6654120512848894,0.4689793622195012,1e-10,5e+23,1.0,157486379.86607143,3936959.9789048326,1,-1.6837339211196858,-528.2585469089113,-529.942280830031,-529.942280830031,0.0,5.76098198746695,500000000.0,13.662272763871355,2.914464783908014e-28,0,-1.9909106419224334e-18,0.0,5e-10,1.0,2.012706879897554,1e-08,0,-322813.955876867,0.0,14.28864347468568,-7.077615985433402,-101.12953146659405,-101.12953146659405,-631.0718122966326,5.35863e-11,1705.7049054010463,0.0017057049054010464,-1.9825705693986982e-11,-2.3891056979468924e-25,0.0,-1.6648627762822446e-11,0.0,0.0,-3.177077931164297e-12
-7.0,-0.2572452552295799,300.0,0.025851999786435535,-1.0,-1.0,-1.0,-15.804451537338801,-0.0027623029121930914,-18.35193837075712,-0.1835193837075712,-1.8343328165447896,-12.490759241411922,0.0,-0.036111111111201626,-0.03472222222230925,0.0,4.33,4.28,4.354,4.354,2.0,1.0,16.64,16.0,0.005291772109038001,0.005291772109038001,4.0,10.0,1.0,1.0,0.11,0.3,0.8,1249075924.1411922,183433281.65447897,2.33,3.2800000000000002,0.3287711172572171,0.12848575366015255,3.782346,1.0,1.243526120273366,0.12848575366015255,1.086473879726634,3.151514246339848,0.0,0.898008,2.381264,0.167855,0.0,0.898008,2.381264,0.18846587972663398,0.770250246339848,1200000.0,1.0,0.005081676331890702,4.839316202734844e-10,548821043.8441958,52.26461498953632,374406.45220824325,6.0058312631266055e-12,1,-6.0058312631266055e-12,-6.0058312631266055e-12,1500,0.0,6.562652437374817,0.11,0.3,3469911125302822.5,3469911125302822.5,1.0,0,6.454981876079953e-43,-2.2398213425437915e-27,0.0,1249075924.1411922,both,16.64,0.12848575366015255,0.47122888274278296,183433281.65447897,1249075924.1411922,0.12848575366015255,0.3287711172572171,0.6715142463398475,0.47122888274278296,1e-10,5e+23,1.0,157486379.86607143,3936959.9789048326,1,-1.2118774404336625,-477.6760024494952,-478.88787988992885,-478.88787988992885,0.0,5.762652437374817,500000000.0,13.490759241411922,3.1785901352818086e-31,0,-2.1440797121106916e-21,0.0,5e-10,1.0,1.8343328165401929,1e-08,0,-268131.2983212115,0.0,14.28864347468568,-6.830636513092442,-97.60052984074805,-97.60052984074805,-576.488409730683,4.15831e-11,1323.6311828169185,0.0013236311828169185,-1.8110917528895764e-11,-1.8867875374938453e-25,0.0,-1.504470645355392e-11,0.0,0.0,-3.066211075341655e-12
-6.75,-0.24805792468566637,300.0,0.025851999786435535,-1.0,-1.0,-1.0,-15.804451537338801,-0.0027623029121930914,-18.09924117749431,-0.1809924117749431,-1.6559587531869853,-12.319245718952494,0.0,-0.036111111111201626,-0.03472222222230925,0.0,4.33,4.28,4.354,4.354,2.0,1.0,16.64,16.0,0.005291772109038001,0.005291772109038001,4.0,10.0,1.0,1.0,0.11,0.3,0.8,1231924571.8952494,165595875.31869853,2.33,3.2800000000000002,0.32650609863907504,0.12207891647575192,3.782346,1.0,1.2349590361631109,0.12207891647575192,1.0950409638368892,3.1579210835242484,0.0,0.898008,2.381264,0.167855,0.0,0.898008,2.381264,0.19703296383688917,0.7766570835242486,1200000.0,1.0,0.005081676331890702,4.839316202734844e-10,548821043.8441958,52.26461498953632,268795.9034960457,4.687518542810604e-12,1,-4.687518542810604e-12,-4.687518542810604e-12,1500,0.0,6.564322887282685,0.11,0.3,3469911125302822.5,3469911125302822.5,1.0,0,1.309738168870202e-44,-4.544675043396461e-29,0.0,1231924571.8952494,both,16.64,0.12207891647575192,0.473493901360925,165595875.31869853,1231924571.8952494,0.12207891647575192,0.32650609863907504,0.6779210835242482,0.473493901360925,1e-10,5e+23,1.0,157486379.86607143,3936959.9789048326,1,-0.8538861173776957,-431.5966508091381,-432.4505369265158,-432.4505369265158,0.0,5.7643228872826855,500000000.0,13.319245718952494,2.614353472207863e-34,0,-1.7410608146266585e-24,0.0,5e-10,1.0,1.6559587531828355,1e-08,0,-218519.53609965672,0.0,14.28864347468568,-6.5836570407514845,-94.07152821490213,-94.07152821490213,-526.5220651414226,2.67706e-11,852.1346639071786,0.0008521346639071785,-1.6541178518012197e-11,-1.4726273817659728e-25,0.0,-1.3585834298493036e-11,0.0,0.0,-2.955344219519015e-12
-6.5,-0.2388705941417528,300.0,0.025851999786435535,-1.0,-1.0,-1.0,-15.804451537338801,-0.0027623029121930914,-17.846543984231495,-0.17846543984231494,-1.4775846898291771,-12.147732196493063,0.0,-0.036111111111201626,-0.03472222222230925,0.0,4.33,4.28,4.354,4.354,2.0,1.0,16.64,16.0,0.005291772109038001,0.005291772109038001,4.0,10.0,1.0,1.0,0.11,0.3,0.8,1214773219.6493063,147758468.98291773,2.33,3.2800000000000002,0.3242252571198919,0.115316671830962,3.782346,1.0,1.2263321043663946,0.115316671830962,1.1036678956336055,3.1646833281690383,0.0,0.898008,2.381264,0.167855,0.0,0.898008,2.381264,0.20565989563360543,0.7834193281690385,1200000.0,1.0,0.005081676331890702,4.839316202734844e-10,548821043.8441958,52.26461498953632,192529.18398135505,3.608629445767495e-12,1,-3.608629445767495e-12,-3.608629445767495e-12,1500,0.0,6.565993337190553,0.11,0.3,3469911125302822.5,3469911125302822.5,1.0,0,3.411702748237699e-46,-1.1838305322336206e-30,0.0,1214773219.6493063,both,16.64,0.115316671830962,0.4757747428801081,147758468.98291773,1214773219.6493063,0.115316671830962,0.3242252571198919,0.6846833281690381,0.4757747428801081,1e-10,5e+23,1.0,157486379.86607143,3936959.9789048326,1,-0.5865460439475885,-389.64822855151243,-390.23477459546,-390.23477459546,0.0,5.765993337190553,500000000.0,13.147732196493063,1.2087607446001287e-36,0,-7.94623127981802e-27,0.0,5e-10,1.0,1.4775846898254743,1e-08,0,-173978.66921220065,0.0,14.28864347468568,-6.336677568410523,-90.54252658905614,-90.54252658905614,-480.77730118451973,1.89724e-11,603.9102484633349,0.0006039102484633349,-1.5104064374140145e-11,-1.133684375635097e-25,0.0,-1.2259587010443661e-11,0.0,0.0,-2.844477363696373e-12
-6.25,-0.22968326359783922,300.0,0.025851999786435535,-1.0,-1.0,-1.0,-15.804451537338801,-0.0027623029121930914,-17.593846790968684,-0.17593846790968684,-1.2992106264713708,-11.976218674033635,0.0,-0.036111111111201626,-0.03472222222230925,0.0,4.33,4.28,4.354,4.354,2.0,1.0,16.64,16.0,0.005291772109038001,0.005291772109038001,4.0,10.0,1.0,1.0,0.11,0.3,0.8,1197621867.4033635,129921062.64713708,2.33,3.2800000000000002,0.3219282563870569,0.1081323622069081,3.782346,1.0,1.2176440528325592,0.1081323622069081,1.112355947167441,3.1718676377930923,0.0,0.898008,2.381264,0.167855,0.0,0.898008,2.381264,0.21434794716744088,0.7906036377930925,1200000.0,1.0,0.005081676331890702,4.839316202734844e-10,548821043.8441958,52.26461498953632,137576.33258145998,2.733072792572593e-12,1,-2.733072792572593e-12,-2.733072792572593e-12,1500,0.0,6.56766378709842,0.11,0.3,3469911125302822.5,3469911125302822.5,1.0,0,1.0838308009200955e-47,-3.760796554058508e-32,0.0,1197621867.4033635,both,16.64,0.1081323622069081,0.47807174361294313,129921062.64713708,1197621867.4033635,0.1081323622069081,0.3219282563870569,0.6918676377930919,0.47807174361294313,1e-10,5e+23,1.0,157486379.86607143,3936959.9789048326,1,-0.39060536301153537,-351.48702699877344,-351.877632361785,-351.877632361785,0.0,5.76766378709842,500000000.0,12.976218674033635,1.113760778036631e-38,0,-7.226201703182582e-29,0.0,5e-10,1.0,1.299210626468115,1e-08,0,-134508.69765884467,0.0,14.28864347468568,-6.089698096069564,-87.01352496321019,-87.01352496321019,-438.89115732499795,1.26038e-11,401.1914143483261,0.00040119141434832606,-1.3788172355777357e-11,-8.5862014068722e-26,0.0,-1.105456184790354e-11,0.0,0.0,-2.7336105078737323e-12
-6.0,-0.22049593305392565,300.0,0.025851999786435535,-1.0,-1.0,-1.0,-15.804451537338801,-0.0027623029121930914,-17.34114959770587,-0.17341149597705868,-1.120836563113564,-11.804705151574206,0.0,-0.036111111111201626,-0.03472222222230925,0.0,4.33,4.28,4.354,4.354,2.0,1.0,16.64,16.0,0.005291772109038001,0.005291772109038001,4.0,10.0,1.0,1.0,0.11,0.3,0.8,1180470515.1574206,112083656.3113564,2.33,3.2800000000000002,0.31961474804264156,0.10043545544638183,3.782346,1.0,1.208893563800093,0.10043545544638183,1.121106436199907,3.1795645445536183,0.0,0.898008,2.381264,0.167855,0.0,0.898008,2.381264,0.223098436199907,0.7983005445536184,1200000.0,1.0,0.005081676331890702,4.839316202734844e-10,548821043.8441958,52.26461498953632,98071.31132371325,2.0293121528232377e-12,1,-2.0293121528232377e-12,-2.0293121528232377e-12,1500,0.0,6.569334237006289,0.11,0.3,3469911125302822.5,3469911125302822.5,1.0,0,4.056568751059389e-49,-1.407593303985675e-33,0.0,1180470515.1574206,both,16.64,0.10043545544638183,0.4803852519573585,112083656.3113564,1180470515.1574206,0.10043545544638183,0.31961474804264156,0.6995645445536183,0.4803852519573585,1e-10,5e+23,1.0,157486379.86607143,3936959.9789048326,1,-0.25020649830525604,-316.79586010945724,-317.0460666077625,-317.0460666077625,0.0,5.769334237006289,500000000.0,12.804705151574206,1.5727149371394049e-40,0,-1.006907552877332e-30,0.0,5e-10,1.0,1.1208365631107553,1e-08,0,-100109.62143958837,0.0,14.28864347468568,-5.842718623728604,-83.48452333736422,-83.48452333736422,-400.5305899451288,9.4227e-12,299.9338564544004,0.0002999338564544004,-1.2583039589096026e-11,-6.375272151149972e-26,0.0,-9.96029593704487e-12,0.0,0.0,-2.622743652051091e-12
-5.75,-0.2113086025100121,300.0,0.025851999786435535,-1.0,-1.0,-1.0,-15.804451537338801,-0.0027623029121930914,-17.088452404443053,-0.17088452404443052,-0.9424624997557578,-11.633191629114776,0.0,-0.036111111111201626,-0.03472222222230925,0.0,4.33,4.28,4.354,4.354,2.0,1.0,16.64,16.0,0.005291772109038001,0.005291772109038001,4.0,10.0,1.0,1.0,0.11,0.3,0.8,1163319162.9114776,94246249.97557577,2.33,3.2800000000000002,0.31728437098652035,0.09209752257796264,3.782346,1.0,1.2000792714633812,0.09209752257796264,1.1299207285366188,3.1879024774220377,0.0,0.898008,2.381264,0.167855,0.0,0.898008,2.381264,0.23191272853661882,0.8066384774220379,1200000.0,1.0,0.005081676331890702,4.839316202734844e-10,548821043.8441958,52.26461498953632,69737.82336980152,1.4698660160624276e-12,1,-1.4698660160624276e-12,-1.4698660160624276e-12,1500,0.0,6.571004686914156,0.11,0.3,3469911125302822.5,3469911125302822.5,1.0,0,1.7449339416159394e-50,-6.054765696931654e-35,0.0,1163319162.9114776,both,16.64,0.09209752257796264,0.4827156290134797,94246249.97557577,1163319162.9114776,0.09209752257796264,0.31728437098652035,0.7079024774220374,0.4827156290134797,1e-10,5e+23,1.0,157486379.86607143,3936959.9789048326,1,-0.15238747277365694,-285.2821665894335,-285.43455406220716,-285.43455406220716,0.0,5.771004686914156,500000000.0,12.633191629114776,3.0232419478936316e-42,0,-1.909659743445924e-32,0.0,5e-10,1.0,0.9424624997533959,1e-08,0,-70781.44055443176,0.0,14.28864347468568,-5.595739151387645,-79.95552171151824,-79.95552171151824,-365.3900757737269,6.4708e-12,205.97196115180725,0.00020597196115180726,-1.1479067777453584e-11,-4.6177202778230196e-26,0.0,-8.967190981225087e-12,0.0,0.0,-2.5118767962284496e-12
-5.5,-0.20212127196609853,300.0,0.025851999786435535,-1.0,-1.0,-1.0,-15.804451537338801,-0.0027623029121930914,-16.835755211180246,-0.16835755211180245,-0.7640884363979529,-11.461678106655349,0.0,-0.036111111111201626,-0.03472222222230925,0.0,4.33,4.28,4.354,4.354,2.0,1.0,16.64,16.0,0.005291772109038001,0.005291772109038001,4.0,10.0,1.0,1.0,0.11,0.3,0.8,1146167810.665535,76408843.63979529,2.33,3.2800000000000002,0.31493675075840627,0.08292542806205186,3.782346,1.0,1.1911997594840549,0.08292542806205186,1.1388002405159452,3.1970745719379483,0.0,0.898008,2.381264,0.167855,0.0,0.898008,2.381264,0.24079224051594517,0.8158105719379485,1200000.0,1.0,0.005081676331890702,4.839316202734844e-10,548821043.8441958,52.26461498953632,49465.12971854708,1.0308449382553618e-12,1,-1.0308449382553618e-12,-1.0308449382553618e-12,1500,0.0,6.572675136822023,0.11,0.3,3469911125302822.5,3469911125302822.5,1.0,0,8.466383690573943e-52,-2.9377598959004896e-36,0.0,1146167810.665535,both,16.64,0.08292542806205186,0.4850632492415938,76408843.63979529,1146167810.665535,0.08292542806205186,0.31493675075840627,0.7170745719379482,0.4850632492415938,1e-10,5e+23,1.0,157486379.86607143,3936959.9789048326,1,-0.08664518012078873,-256.67623799776925,-256.76288317789005,-256.76288317789005,0.0,5.7726751368220235,500000000.0,12.46167810665535,7.387466243654809e-44,0,-4.603011317610429e-34,0.0,5e-10,1.0,0.7640884363960381,1e-08,0,-46524.15500337501,0.0,14.28864347468568,-5.3487596790466885,-76.42652008567234,-76.42652008567234,-333.1894032635634,4.7689e-12,151.79880162218794,0.00015179880162218793,-1.0467453815467779e-11,-3.238494885013269e-26,0.0,-8.066443875061937e-12,0.0,0.0,-2.40100994040581e-12
-5.25,-0.19293394142218495,300.0,0.025851999786435535,-1.0,-1.0,-1.0,-15.804451537338801,-0.0027623029121930914,-16.58305801791743,-0.1658305801791743,-0.5857143730401465,-11.290164584195917,0.0,-0.036111111111201626,-0.03472222222230925,0.0,4.33,4.28,4.354,4.354,2.0,1.0,16.64,16.0,0.005291772109038001,0.005291772109038001,4.0,10.0,1.0,1.0,0.11,0.3,0.8,1129016458.4195917,58571437.30401465,2.33,3.2800000000000002,0.3125714988354074,0.07260371597618626,3.782346,1.0,1.1822535583341078,0.07260371597618626,1.1477464416658922,3.207396284023814,0.0,0.898008,2.381264,0.167855,0.0,0.898008,2.381264,0.2497384416658922,0.8261322840238141,1200000.0,1.0,0.005081676331890702,4.839316202734844e-10,548821043.8441958,52.26461498953632,34995.28926458899,6.9150641190621e-13,1,-6.9150641190621e-13,-6.9150641190621e-13,1500,0.0,6.5743455867298914,0.11,0.3,3469911125302822.5,3469911125302822.5,1.0,0,4.566479803958113e-53,-1.5845279075224906e-37,0.0,1129016458.4195917,both,16.64,0.07260371597618626,0.48742850116459263,58571437.30401465,1129016458.4195917,0.07260371597618626,0.3125714988354074,0.7273962840238137,0.48742850116459263,1e-10,5e+23,1.0,157486379.86607143,3936959.9789048326,1,-0.044554290460917106,-230.7295650797641,-230.774119370225,-230.774119370225,0.0,5.774345586729892,500000000.0,12.290164584195917,2.1941405872027247e-45,0,-1.3483174468792881e-35,0.0,5e-10,1.0,0.5857143730386787,1e-08,0,-27337.764786417698,0.0,14.28864347468568,-5.101780206705729,-72.89751845982637,-72.89751845982637,-303.6716378300521,3.3149e-12,105.51654417106477,0.00010551654417106476,-9.54012586510472e-12,-2.172431463554787e-26,0.0,-7.24998278052153e-12,0.0,0.0,-2.290143084583169e-12
-5.0,-0.18374661087827138,300.0,0.025851999786435535,-1.0,-1.0,-1.0,-15.804451537338801,-0.0027623029121930914,-16.33036082465462,-0.1633036082465462,-0.40734030968234003,-11.118651061736491,0.0,-0.036111111111201626,-0.03472222222230925,0.0,4.33,4.28,4.354,4.354,2.0,1.0,16.64,16.0,0.005291772109038001,0.005291772109038001,4.0,10.0,1.0,1.0,0.11,0.3,0.8,1111865106.173649,40734030.968234,2.33,3.2800000000000002,0.3101882118813733,0.060547275147828976,3.782346,1.0,1.1732391424566648,0.060547275147828976,1.1567608575433352,3.219452724852171,0.0,0.898008,2.381264,0.167855,0.0,0.898008,2.381264,0.2587528575433352,0.8381887248521713,1200000.0,1.0,0.005081676331890702,4.839316202734844e-10,548821043.8441958,52.26461498953632,24693.01191805102,4.3376741050216904e-13,1,-4.3376741050216904e-13,-4.3376741050216904e-13,1500,0.0,6.576016036637759,0.11,0.3,3469911125302822.5,3469911125302822.5,1.0,0,2.7061885089860654e-54,-9.390233614497406e-39,0.0,1111865106.173649,both,16.64,0.060547275147828976,0.48981178811862675,40734030.968234,1111865106.173649,0.060547275147828976,0.3101882118813733,0.7394527248521711,0.48981178811862675,1e-10,5e+23,1.0,157486379.86607143,3936959.9789048326,1,-0.019436664933737982,-207.21329500477682,-207.23273166971057,-207.23273166971057,0.0,5.776016036637759,500000000.0,12.118651061736491,7.675009308243931e-47,0,-4.650537985109388e-37,0.0,5e-10,1.0,0.40734030968131923,1e-08,0,-13222.269903560049,0.0,14.28864347468568,-4.854800734364771,-69.36851683398042,-69.36851683398042,-276.6012485036914,2.3554e-12,74.97471059173004,7.497471059173005e-05,-8.689684502729618e-12,-1.3627205102002823e-26,0.0,-6.510408273969077e-12,0.0,0.0,-2.179276228760528e-12
-4.75,-0.1745592803343578,300.0,0.025851999786435535,-1.0,-1.0,-1.0,-15.804451537338801,-0.0027623029121930914,-16.0776636313918,-0.160776636313918,-0.22896624632453177,-10.94713753927706,0.0,-0.036111111111201626,-0.03472222222230925,0.0,4.33,4.28,4.354,4.354,2.0,1.0,16.64,16.0,0.005291772109038001,0.005291772109038001,4.0,10.0,1.0,1.0,0.11,0.3,0.8,1094713753.927706,22896624.632453177,2.33,3.2800000000000002,0.307786470943923,0.04539433314966832,3.782346,1.0,1.1641549272288634,0.04539433314966832,1.1658450727711367,3.234605666850332,0.0,0.898008,2.381264,0.167855,0.0,0.898008,2.381264,0.26783707277113666,0.8533416668503322,1200000.0,1.0,0.005081676331890702,4.839316202734844e-10,548821043.8441958,52.26461498953632,17376.64652871955,2.4137856332109637e-13,1,-2.4137856332109637e-13,-2.4137856332109637e-13,1500,0.0,6.577686486545627,0.11,0.3,3469911125302822.5,3469911125302822.5,1.0,0,1.745337817641004e-55,-6.056167110844269e-40,0.0,1094713753.927706,both,16.64,0.04539433314966832,0.49221352905607707,22896624.632453177,1094713753.927706,0.04539433314966832,0.307786470943923,0.7546056668503317,0.49221352905607707,1e-10,5e+23,1.0,157486379.86607143,3936959.9789048326,1,-0.006079636327488003,-185.9167926080641,-185.92287224439158,-185.92287224439158,0.0,5.777686486545627,500000000.0,11.94713753927706,3.088750236052452e-48,0,-1.8450861947296567e-38,0.0,5e-10,1.0,0.228966246323958,1e-08,0,-4177.670354802003,0.0,14.28864347468568,-4.607821262023808,-65.83951520813443,-65.83951520813443,-251.76238745252624,1.4452e-12,46.00214475128142,4.600214475128142e-05,-7.909348668710836e-12,-7.583131212636152e-27,0.0,-5.8409392957729434e-12,0.0,0.0,-2.068409372937886e-12
-4.5,-0.16537194979044426,300.0,0.025851999786435535,-1.0,-1.0,-1.0,-15.804451537338801,-0.0027623029121930914,-15.824966438128993,-0.15824966438128993,-0.05059218296672711,-10.775624016817632,0.0,-0.036111111111201626,-0.03472222222230925,0.0,4.33,4.28,4.354,4.354,2.0,1.0,16.64,16.0,0.005291772109038001,0.005291772109038001,4.0,10.0,1.0,1.0,0.11,0.3,0.8,1077562401.6817632,5059218.296672711,2.33,3.2800000000000002,0.30536584059462996,0.02133819196603307,3.782346,1.0,1.1549992657097363,0.02133819196603307,1.1750007342902637,3.2586618080339673,0.0,0.898008,2.381264,0.167855,0.0,0.898008,2.381264,0.2769927342902637,0.8773978080339675,1200000.0,1.0,0.005081676331890702,4.839316202734844e-10,548821043.8441958,52.26461498953632,12194.320995096754,9.518605172476533e-14,1,-9.518605172476533e-14,-9.518605172476533e-14,1500,0.0,6.579356936453494,0.11,0.3,3469911125302822.5,3469911125302822.5,1.0,0,1.215329651469344e-56,-4.2170858785438785e-41,0.0,1077562401.6817632,both,16.64,0.02133819196603307,0.4946341594053701,5059218.296672711,1077562401.6817632,0.02133819196603307,0.30536584059462996,0.778661808033967,0.4946341594053701,1e-10,5e+23,1.0,157486379.86607143,3936959.9789048326,1,-0.0005297417119173393,-166.64629913481258,-166.6468288765245,-166.6468288765245,0.0,5.779356936453494,500000000.0,11.775624016817632,1.4046240434826571e-49,0,-8.270162310516937e-40,0.0,5e-10,1.0,0.05059218296660032,1e-08,0,-203.9661401437613,0.0,14.28864347468568,-4.360841789682851,-62.31051358228849,-62.31051358228849,-228.95734245881306,9.432925e-13,30.02593283130233,3.0025932831302333e-05,-7.192907050540496e-12,-2.9903580082274084e-27,0.0,-5.235364533425248e-12,0.0,0.0,-1.9575425171152457e-12
-4.25,-0.15618461924653068,300.0,0.025851999786435535,-1.0,-1.0,1.0,-15.804451537338801,-0.0027623029121930914,-15.572269244866176,-0.15572269244866177,0.12778188039108107,-10.6041104943582,0.0,-0.036111111111201626,-0.03472222222230925,0.0,4.33,4.28,4.354,4.354,2.0,1.0,16.64,16.0,0.005291772109038001,0.005291772109038001,4.0,10.0,1.0,1.0,0.11,0.3,0.8,1060411049.4358199,12778188.039108107,2.33,3.2800000000000002,0.30292586800736504,0.03391177685324896,3.782346,1.0,1.145770445154185,0.03391177685324896,1.184229554845815,3.246088223146751,0.0,0.898008,2.381264,0.167855,0.0,0.898008,2.381264,0.286221554845815,0.8648242231467513,1200000.0,1.0,0.005081676331890702,4.839316202734844e-10,548821043.8441958,52.26461498953632,8533.3638009438,1.5481043903190038e-13,1,-1.5481043903190038e-13,-1.5481043903190038e-13,1500,0.0,6.581027386361362,0.11,0.3,3469911125302822.5,3469911125302822.5,1.0,0,9.075853572272822e-58,-3.149240528204883e-42,0.0,1060411049.4358199,both,16.64,0.03391177685324896,0.497074131992635,12778188.039108107,1060411049.4358199,0.03391177685324896,0.30292586800736504,0.7660882231467511,0.497074131992635,1e-10,5e+23,1.0,157486379.86607143,3936959.9789048326,1,-0.0021760905149502663,-149.22368236205722,-149.22585845257217,-149.22585845257217,0.0,5.781027386361362,500000000.0,11.6041104943582,7.11574503766712e-51,0,-4.128594583338515e-41,0.0,5e-10,1.0,0.12778188039076085,1e-08,0,-1301.1572595851615,0.0,14.28864347468568,-4.113862317341889,-58.781511956442486,-58.781511956442486,-208.0073704090148,5.996871e-13,19.088633254688748,1.9088633254688746e-05,-6.534744267694919e-12,-4.8635133796162886e-27,0.0,-4.688068606402311e-12,0.0,0.0,-1.8466756612926034e-12
-4.0,-0.1469972887026171,300.0,0.025851999786435535,-1.0,-1.0,1.0,-15.804451537338801,-0.0027623029121930914,-15.319572051603362,-0.1531957205160336,0.3061559437488876,-10.432596971898771,0.0,-0.036111111111201626,-0.03472222222230925,0.0,4.33,4.28,4.354,4.354,2.0,1.0,16.64,16.0,0.005291772109038001,0.005291772109038001,4.0,10.0,1.0,1.0,0.11,0.3,0.8,1043259697.1898772,30615594.37488876,2.33,3.2800000000000002,0.3004660819692735,0.05249129123072101,3.782346,1.0,1.1364666832721537,0.05249129123072101,1.1935333167278463,3.227508708769279,0.0,0.898008,2.381264,0.167855,0.0,0.898008,2.381264,0.2955253167278463,0.8462447087692793,1200000.0,1.0,0.005081676331890702,4.839316202734844e-10,548821043.8441958,52.26461498953632,5954.207159806916,3.176306083937768e-13,1,-3.176306083937768e-13,-3.176306083937768e-13,1500,0.0,6.582697836269229,0.11,0.3,3469911125302822.5,3469911125302822.5,1.0,0,7.227177536301394e-59,-2.507766373775085e-43,0.0,1043259697.1898772,both,16.64,0.05249129123072101,0.49953391803072655,30615594.37488876,1043259697.1898772,0.05249129123072101,0.3004660819692735,0.747508708769279,0.49953391803072655,1e-10,5e+23,1.0,157486379.86607143,3936959.9789048326,1,-0.01069725825378908,-133.4852723312762,-133.49596958953,-133.49596958953,0.0,5.78269783626923,500000000.0,11.432596971898771,3.9696079519854526e-52,0,-2.2691463925747083e-42,0.0,5e-10,1.0,0.3061559437481204,1e-08,0,-7469.24371312625,0.0,14.28864347468568,-3.866882845000931,-55.25251033059655,-55.25251033059655,-188.74847992012687,3.903802e-13,12.426187703040544,1.2426187703040544e-05,-5.929708378933112e-12,-9.978659858851459e-27,0.0,-4.193899573463139e-12,0.0,0.0,-1.735808805469963e-12
-3.75,-0.13780995815870353,300.0,0.025851999786435535,-1.0,-1.0,1.0,-15.804451537338801,-0.0027623029121930914,-15.066874858340553,-0.15066874858340554,0.48453000710669225,-10.261083449439344,0.0,-0.036111111111201626,-0.03472222222230925,0.0,4.33,4.28,4.354,4.354,2.0,1.0,16.64,16.0,0.005291772109038001,0.005291772109038001,4.0,10.0,1.0,1.0,0.11,0.3,0.8,1026108344.9439343,48453000.71066923,2.33,3.2800000000000002,0.29798599181826785,0.06603531404326148,3.782346,1.0,1.1270861242098582,0.06603531404326148,1.2029138757901419,3.213964685956739,0.0,0.898008,2.381264,0.167855,0.0,0.898008,2.381264,0.30490587579014183,0.832700685956739,1200000.0,1.0,0.005081676331890702,4.839316202734844e-10,548821043.8441958,52.26461498953632,4142.261231626156,5.363544836961285e-13,1,-5.363544836961285e-13,-5.363544836961285e-13,1500,0.0,6.584368286177097,0.11,0.3,3469911125302822.5,3469911125302822.5,1.0,0,6.106413899211423e-60,-2.1188713524577505e-44,0.0,1026108344.9439343,both,16.64,0.06603531404326148,0.5020140081817321,48453000.71066923,1026108344.9439343,0.06603531404326148,0.29798599181826785,0.7339646859567386,0.5020140081817321,1e-10,5e+23,1.0,157486379.86607143,3936959.9789048326,1,-0.028587753759822365,-119.28077726220303,-119.30936501596285,-119.30936501596285,0.0,5.784368286177097,500000000.0,11.261083449439344,2.415468152256101e-53,0,-1.3600394216009507e-43,0.0,5e-10,1.0,0.484530007105478,1e-08,0,-18708.225500766872,0.0,14.28864347468568,-3.619903372659974,-51.72350870475062,-51.72350870475062,-171.032873720714,1.372696e-13,4.369427075249447,4.369427075249446e-06,-5.373156196033459e-12,-1.685007305699704e-26,0.0,-3.7482142463861205e-12,0.0,0.0,-1.6249419496473228e-12
-3.5,-0.12862262761478996,300.0,0.025851999786435535,-1.0,-1.0,1.0,-15.804451537338801,-0.0027623029121930914,-14.814177665077738,-0.14814177665077738,0.6629040704644987,-10.089569926979914,0.0,-0.036111111111201626,-0.03472222222230925,0.0,4.33,4.28,4.354,4.354,2.0,1.0,16.64,16.0,0.005291772109038001,0.005291772109038001,4.0,10.0,1.0,1.0,0.11,0.3,0.8,1008956992.6979914,66290407.04644987,2.33,3.2800000000000002,0.29548508630025205,0.07723981969499916,3.782346,1.0,1.1176268342274132,0.07723981969499916,1.212373165772587,3.202760180305001,0.0,0.898008,2.381264,0.167855,0.0,0.898008,2.381264,0.3143651657725869,0.8214961803050014,1200000.0,1.0,0.005081676331890702,4.839316202734844e-10,548821043.8441958,52.26461498953632,2872.952241230048,8.273310541600376e-13,1,-8.273310541600376e-13,-8.273310541600376e-13,1500,0.0,6.586038736084966,0.11,0.3,3469911125302822.5,3469911125302822.5,1.0,0,5.450852980307345e-61,-1.8913975398758503e-45,0.0,1008956992.6979914,both,16.64,0.07723981969499916,0.504514913699748,66290407.04644987,1008956992.6979914,0.07723981969499916,0.29548508630025205,0.7227601803050009,0.504514913699748,1e-10,5e+23,1.0,157486379.86607143,3936959.9789048326,1,-0.06033057308255545,-106.47227453773714,-106.53260511081969,-106.53260511081969,0.0,5.786038736084966,500000000.0,11.089569926979914,1.5904154489932866e-54,0,-8.818511667280105e-45,0.0,5e-10,1.0,0.6629040704628375,1e-08,0,-35018.10262250726,0.0,14.28864347468568,-3.3729239003190137,-48.19450707890465,-48.19450707890465,-154.72711218972518,9.59233e-14,3.0533334705373605,3.0533334705373604e-06,-4.860895589664044e-12,-2.5991371618358733e-26,0.0,-3.346820495839336e-12,0.0,0.0,-1.5140750938246815e-12
-3.25,-0.1194352970708764,300.0,0.025851999786435535,-1.0,-1.0,1.0,-15.804451537338801,-0.0027623029121930914,-14.561480471814926,-0.14561480471814925,0.8412781338223052,-9.918056404520485,0.0,-0.036111111111201626,-0.03472222222230925,0.0,4.33,4.28,4.354,4.354,2.0,1.0,16.64,16.0,0.005291772109038001,0.005291772109038001,4.0,10.0,1.0,1.0,0.11,0.3,0.8,991805640.4520484,84127813.38223052,2.33,3.2800000000000002,0.2929628323385375,0.08701331387919779,3.782346,1.0,1.108086797044338,0.08701331387919779,1.221913202955662,3.1929866861208023,0.0,0.898008,2.381264,0.167855,0.0,0.898008,2.381264,0.32390520295566205,0.8117226861208025,1200000.0,1.0,0.005081676331890702,4.839316202734844e-10,548821043.8441958,52.26461498953632,1986.3822948312722,1.2074434556619872e-12,1,-1.2074434556619872e-12,-1.2074434556619872e-12,1500,0.0,6.587709185992833,0.11,0.3,3469911125302822.5,3469911125302822.5,1.0,0,5.121006068540234e-62,-1.7769435929971027e-46,0.0,991805640.4520484,both,16.64,0.08701331387919779,0.5070371676614626,84127813.38223052,991805640.4520484,0.08701331387919779,0.2929628323385375,0.7129866861208023,0.5070371676614626,1e-10,5e+23,1.0,157486379.86607143,3936959.9789048326,1,-0.11174133147264005,-94.93327195173826,-95.0450132832109,-95.0450132832109,0.0,5.787709185992833,500000000.0,10.918056404520485,1.1254538973198722e-55,0,-6.143884565812885e-46,0.0,5e-10,1.0,0.841278133820197,1e-08,0,-56398.87507834731,0.0,14.28864347468568,-3.1259444279780553,-44.6655054530587,-44.6655054530587,-139.7105187362708,2.54115e-14,0.8088731672759396,8.088731672759396e-07,-4.389135392910876e-12,-3.7932954899327725e-26,0.0,-2.985927154908797e-12,0.0,0.0,-1.4032082380020407e-12
-3.0,-0.11024796652696282,300.0,0.025851999786435535,-1.0,-1.0,1.0,-15.804451537338801,-0.0027623029121930914,-14.308783278552111,-0.14308783278552112,1.0196521971801134,-9.746542882061055,0.0,-0.036111111111201626,-0.03472222222230925,0.0,4.33,4.28,4.354,4.354,2.0,1.0,16.64,16.0,0.005291772109038001,0.005291772109038001,4.0,10.0,1.0,1.0,0.11,0.3,0.8,974654288.2061055,101965219.71801133,2.33,3.2800000000000002,0.2904186737070615,0.09579480068335457,3.782346,1.0,1.0984639088212091,0.09579480068335457,1.231536091178791,3.184205199316646,0.0,0.898008,2.381264,0.167855,0.0,0.898008,2.381264,0.3335280911787909,0.802941199316646,1200000.0,1.0,0.005081676331890702,4.839316202734844e-10,548821043.8441958,52.26461498953632,1369.006242355611,1.695857230475684e-12,1,-1.695857230475684e-12,-1.695857230475684e-12,1500,0.0,6.5893796359007,0.11,0.3,3469911125302822.5,3469911125302822.5,1.0,0,5.04661414106289e-63,-1.751130255318467e-47,0.0,974654288.2061055,both,16.64,0.09579480068335457,0.5095813262929385,101965219.71801133,974654288.2061055,0.09579480068335457,0.2904186737070615,0.7042051993166455,0.5095813262929385,1e-10,5e+23,1.0,157486379.86607143,3936959.9789048326,1,-0.19021676253142578,-84.54783469680561,-84.73805145933703,-84.73805145933703,0.0,5.7893796359007,500000000.0,10.746542882061055,8.509835916440294e-57,0,-4.572565829766448e-47,0.0,5e-10,1.0,1.019652197177558,1e-08,0,-82850.54286828732,0.0,14.28864347468568,-2.878964955637094,-41.136503827212714,-41.136503827212714,-125.87455528655144,-3.112657e-13,-9.907894953991793,-9.907894953991791e-06,-3.954465781621123e-12,-5.327692616799542e-26,0.0,-2.662124399441671e-12,0.0,0.0,-1.2923413821793987e-12
-2.75,-0.10106063598304926,300.0,0.025851999786435535,-1.0,-1.0,1.0,-15.804451537338801,-0.0027623029121930914,-14.0560860852893,-0.140560860852893,1.1980262605379182,-9.575029359601626,0.0,-0.036111111111201626,-0.03472222222230925,0.0,4.33,4.28,4.354,4.354,2.0,1.0,16.64,16.0,0.005291772109038001,0.005291772109038001,4.0,10.0,1.0,1.0,0.11,0.3,0.8,957502935.9601625,119802626.05379182,2.33,3.2800000000000002,0.2878520295980545,0.10383626959635746,3.782346,1.0,1.088755972742083,0.10383626959635746,1.241244027257917,3.1761637304036427,0.0,0.898008,2.381264,0.167855,0.0,0.898008,2.381264,0.343236027257917,0.7948997304036429,1200000.0,1.0,0.005081676331890702,4.839316202734844e-10,548821043.8441958,52.26461498953632,940.4144207315827,2.3146216948472135e-12,1,-2.3146216948472135e-12,-2.3146216948472135e-12,1500,0.0,6.591050085808568,0.11,0.3,3469911125302822.5,3469911125302822.5,1.0,0,5.2011552103245187e-64,-1.804754632873179e-48,0.0,957502935.9601625,both,16.64,0.10383626959635746,0.5121479704019456,119802626.05379182,957502935.9601625,0.10383626959635746,0.2878520295980545,0.6961637304036425,0.5121479704019456,1e-10,5e+23,1.0,157486379.86607143,3936959.9789048326,1,-0.3050378956232804,-75.20977383876104,-75.51481173438432,-75.51481173438432,0.0,5.7910500858085685,500000000.0,10.575029359601626,6.840625634581078e-58,0,-3.61699084618692e-48,0.0,5e-10,1.0,1.198026260534916,1e-08,0,-114373.10599232644,0.0,14.28864347468568,-2.6319854832961367,-37.60750220136678,-37.60750220136678,-113.12231393575343,-4.5601e-14,-1.4515249119867037,-1.4515249119867036e-06,-3.5538423041764125e-12,-7.271598512371562e-26,0.0,-2.372367777819581e-12,0.0,0.0,-1.1814745263567586e-12
-2.5,-0.09187330543913569,300.0,0.025851999786435535,-1.0,-1.0,1.0,-15.804451537338801,-0.0027623029121930914,-13.803388892026485,-0.13803388892026486,1.3764003238957263,-9.403515837142194,0.0,-0.036111111111201626,-0.03472222222230925,0.0,4.33,4.28,4.354,4.354,2.0,1.0,16.64,16.0,0.005291772109038001,0.005291772109038001,4.0,10.0,1.0,1.0,0.11,0.3,0.8,940351583.7142195,137640032.38957262,2.33,3.2800000000000002,0.2852622930737076,0.11129823866266372,3.782346,1.0,1.0789606931581657,0.11129823866266372,1.2510393068418344,3.1687017613373367,0.0,0.898008,2.381264,0.167855,0.0,0.898008,2.381264,0.35303130684183437,0.7874377613373369,1200000.0,1.0,0.005081676331890702,4.839316202734844e-10,548821043.8441958,52.26461498953632,643.8220189189473,3.089125713541779e-12,1,-3.089125713541779e-12,-3.089125713541779e-12,1500,0.0,6.592720535716436,0.11,0.3,3469911125302822.5,3469911125302822.5,1.0,0,5.591017110402598e-65,-1.940033247314441e-49,0.0,940351583.7142195,both,16.64,0.11129823866266372,0.5147377069262924,137640032.38957262,940351583.7142195,0.11129823866266372,0.2852622930737076,0.6887017613373363,0.5147377069262924,1e-10,5e+23,1.0,157486379.86607143,3936959.9789048326,1,-0.4677219887016248,-66.82189227924962,-67.28961426795125,-67.28961426795125,0.0,5.792720535716436,500000000.0,10.403515837142194,5.820118904640192e-59,0,-3.0274849599237454e-49,0.0,5e-10,1.0,1.376400323892277,1e-08,0,-150966.56445046587,0.0,14.28864347468568,-2.3850060109551747,-34.07850057552078,-34.07850057552078,-101.36811484347511,7.33967e-14,2.3362895223265827,2.3362895223265827e-06,-3.184573249005079e-12,-9.704774647678182e-26,0.0,-2.113965578470866e-12,0.0,0.0,-1.0706076705341162e-12
-2.25,-0.08268597489522213,300.0,0.025851999786435535,-1.0,-1.0,1.0,-15.804451537338801,-0.0027623029121930914,-13.55069169876367,-0.1355069169876367,1.5547743872535327,-9.232002314682767,0.0,-0.036111111111201626,-0.03472222222230925,0.0,4.33,4.28,4.354,4.354,2.0,1.0,16.64,16.0,0.005291772109038001,0.005291772109038001,4.0,10.0,1.0,1.0,0.11,0.3,0.8,923200231.4682766,155477438.72535327,2.33,3.2800000000000002,0.28264882939014707,0.1182904263883391,3.782346,1.0,1.0690756692485053,0.1182904263883391,1.2609243307514948,3.161709573611661,0.0,0.898008,2.381264,0.167855,0.0,0.898008,2.381264,0.36291633075149476,0.7804455736116611,1200000.0,1.0,0.005081676331890702,4.839316202734844e-10,548821043.8441958,52.26461498953632,439.24288233212405,4.048546822665645e-12,1,-4.048546822665645e-12,-4.048546822665645e-12,1500,0.0,6.594390985624304,0.11,0.3,3469911125302822.5,3469911125302822.5,1.0,0,6.25353366475836e-66,-2.1699206035800763e-50,0.0,923200231.4682766,both,16.64,0.1182904263883391,0.517351170609853,155477438.72535327,923200231.4682766,0.1182904263883391,0.28264882939014707,0.681709573611661,0.517351170609853,1e-10,5e+23,1.0,157486379.86607143,3936959.9789048326,1,-0.6924269822228613,-59.29528444839597,-59.98771143061883,-59.98771143061883,0.0,5.794390985624304,500000000.0,10.232002314682767,5.220808660820433e-60,0,-2.6709663151015253e-50,0.0,5e-10,1.0,1.5547743872496365,1e-08,0,-192630.91824270468,0.0,14.28864347468568,-2.138026538614216,-30.549498949674827,-30.549498949674827,-90.53721038029771,4.88036e-14,1.5534668361359245,1.5534668361359244e-06,-2.8443103500725688e-12,-1.2718884955800691e-25,0.0,-1.884569535360966e-12,0.0,0.0,-9.597408147114754e-13
-2.0,-0.07349864435130855,300.0,0.025851999786435535,-1.0,-1.0,1.0,-15.804451537338801,-0.0027623029121930914,-13.297994505500856,-0.13297994505500857,1.733148450611339,-9.060488792223337,0.0,-0.036111111111201626,-0.03472222222230925,0.0,4.33,4.28,4.354,4.354,2.0,1.0,16.64,16.0,0.005291772109038001,0.005291772109038001,4.0,10.0,1.0,1.0,0.11,0.3,0.8,906048879.2223337,173314845.0611339,2.33,3.2800000000000002,0.2800109741806044,0.12489176122090233,3.782346,1.0,1.0590983881481122,0.12489176122090233,1.2709016118518879,3.155108238779098,0.0,0.898008,2.381264,0.167855,0.0,0.898008,2.381264,0.37289361185188785,0.7738442387790982,1200000.0,1.0,0.005081676331890702,4.839316202734844e-10,548821043.8441958,52.26461498953632,298.60273914437704,5.226328583149562e-12,1,-5.226328583149562e-12,-5.226328583149562e-12,1500,0.0,6.596061435532172,0.11,0.3,3469911125302822.5,3469911125302822.5,1.0,0,7.261999419847021e-67,-2.519849257886982e-51,0.0,906048879.2223337,both,16.64,0.12489176122090233,0.5199890258193957,173314845.0611339,906048879.2223337,0.12489176122090233,0.2800109741806044,0.6751082387790978,0.5199890258193957,1e-10,5e+23,1.0,157486379.86607143,3936959.9789048326,1,-0.9964142109408767,-52.54868619662075,-53.54510040756163,-53.54510040756163,0.0,5.796061435532172,500000000.0,10.060488792223337,4.920545111550748e-61,0,-2.4751544473192814e-51,0.0,5e-10,1.0,1.7331484506069958,1e-08,0,-239366.16736904313,0.0,14.28864347468568,-1.8910470662732568,-27.02049732382887,-27.02049732382887,-80.56559773139573,-1.015524e-13,-3.2325132885690784,-3.232513288569078e-06,-2.5310428996502336e-12,-1.6418995482069018e-25,0.0,-1.6821689407612346e-12,0.0,0.0,-8.488739588888346e-13
-1.75,-0.06431131380739498,300.0,0.025851999786435535,-1.0,-1.0,1.0,-15.804451537338801,-0.0027623029121930914,-13.045297312238047,-0.13045297312238047,1.911522513969144,-8.88897526976391,0.0,-0.036111111111201626,-0.03472222222230925,0.0,4.33,4.28,4.354,4.354,2.0,1.0,16.64,16.0,0.005291772109038001,0.005291772109038001,4.0,10.0,1.0,1.0,0.11,0.3,0.8,888897526.976391,191152251.39691442,2.33,3.2800000000000002,0.2773480314830479,0.13116127121442017,3.782346,1.0,1.0490262174877802,0.13116127121442017,1.2809737825122198,3.14883872878558,0.0,0.898008,2.381264,0.167855,0.0,0.898008,2.381264,0.3829657825122198,0.7675747287855801,1200000.0,1.0,0.005081676331890702,4.839316202734844e-10,548821043.8441958,52.26461498953632,202.25011041042217,6.6606995345822785e-12,1,-6.6606995345822785e-12,-6.6606995345822785e-12,1500,0.0,6.597731885440039,0.11,0.3,3469911125302822.5,3469911125302822.5,1.0,0,8.738203884919056e-68,-3.032079087544498e-52,0.0,888897526.976391,both,16.64,0.13116127121442017,0.5226519685169522,191152251.39691442,888897526.976391,0.13116127121442017,0.2773480314830479,0.6688387287855799,0.5226519685169522,1e-10,5e+23,1.0,157486379.86607143,3936959.9789048326,1,-1.4005760624454455,-46.5078715690899,-47.908447631535346,-47.908447631535346,0.0,5.797731885440039,500000000.0,9.88897526976391,4.85757356427417e-62,0,-2.4018212424083098e-52,0.0,5e-10,1.0,1.911522513964354,1e-08,0,-291172.31182948087,0.0,14.28864347468568,-1.6440675939322997,-23.49149569798294,-23.49149569798294,-71.39994332952494,-2.230171e-13,-7.098854771803906,-7.0988547718039065e-06,-2.2430953743076314e-12,-2.092520472561264e-25,0.0,-1.505088271241228e-12,0.0,0.0,-7.380071030661945e-13
-1.5,-0.05512398326348141,300.0,0.025851999786435535,-1.0,-1.0,1.0,-15.804451537338801,-0.0027623029121930914,-12.792600118975233,-0.12792600118975234,2.0898965773269507,-8.71746174730448,0.0,-0.036111111111201626,-0.03472222222230925,0.0,4.33,4.28,4.354,4.354,2.0,1.0,16.64,16.0,0.005291772109038001,0.005291772109038001,4.0,10.0,1.0,1.0,0.11,0.3,0.8,871746174.730448,208989657.73269507,2.33,3.2800000000000002,0.27465927159568515,0.137144471679709,3.782346,1.0,1.0388563972828533,0.137144471679709,1.2911436027171468,3.1428555283202915,0.0,0.898008,2.381264,0.167855,0.0,0.898008,2.381264,0.39313560271714676,0.7615915283202916,1200000.0,1.0,0.005081676331890702,4.839316202734844e-10,548821043.8441958,52.26461498953632,136.47192179259278,8.395241369322832e-12,1,-8.395241369322832e-12,-8.395241369322832e-12,1500,0.0,6.599402335347906,0.11,0.3,3469911125302822.5,3469911125302822.5,1.0,0,1.0875228625979658e-68,-3.7736076799498545e-53,0.0,871746174.730448,both,16.64,0.137144471679709,0.5253407284043149,208989657.73269507,871746174.730448,0.137144471679709,0.27465927159568515,0.662855528320291,0.5253407284043149,1e-10,5e+23,1.0,157486379.86607143,3936959.9789048326,1,-1.9300360481596543,-41.10509334865424,-43.0351293968139,-43.0351293968139,0.0,5.7994023353479065,500000000.0,9.71746174730448,5.009048157396737e-63,0,-2.433761692995439e-53,0.0,5e-10,1.0,2.089896577321713,1e-08,0,-348049.3516240185,0.0,14.28864347468568,-1.3970881215913404,-19.96249407213698,-19.96249407213698,-62.997623468959276,3.04684e-14,0.9698392936202207,9.698392936202207e-07,-1.979128710836984e-12,-2.6374428610977727e-25,0.0,-1.3519884635931671e-12,0.0,0.0,-6.271402472435533e-13
-1.25,-0.045936652719567844,300.0,0.025851999786435535,-1.0,-1.0,1.0,-15.804451537338801,-0.0027623029121930914,-12.53990292571242,-0.1253990292571242,2.268270640684757,-8.54594822484505,0.0,-0.036111111111201626,-0.03472222222230925,0.0,4.33,4.28,4.354,4.354,2.0,1.0,16.64,16.0,0.005291772109038001,0.005291772109038001,4.0,10.0,1.0,1.0,0.11,0.3,0.8,854594822.484505,226827064.0684757,2.33,3.2800000000000002,0.271943928741612,0.14287733605449926,3.782346,1.0,1.0285860311001211,0.14287733605449926,1.301413968899879,3.137122663945501,0.0,0.898008,2.381264,0.167855,0.0,0.898008,2.381264,0.4034059688998789,0.7558586639455012,1200000.0,1.0,0.005081676331890702,4.839316202734844e-10,548821043.8441958,52.26461498953632,91.72944147448644,1.0479512249786124e-11,1,-1.0479512249786124e-11,-1.0479512249786124e-11,1500,0.0,6.6010727852557745,0.11,0.3,3469911125302822.5,3469911125302822.5,1.0,0,1.3976114767771692e-69,-4.8495876121200064e-54,0.0,854594822.484505,both,16.64,0.14287733605449926,0.528056071258388,226827064.0684757,854594822.484505,0.14287733605449926,0.271943928741612,0.6571226639455008,0.528056071258388,1e-10,5e+23,1.0,157486379.86607143,3936959.9789048326,1,-2.6148295252037,-36.27856444403477,-38.893393969238474,-38.893393969238474,0.0,5.801072785255775,500000000.0,9.54594822484505,5.3819279494640215e-64,0,-2.5687802777715018e-54,0.0,5e-10,1.0,2.2682706406790727,1e-08,0,-409997.286752656,0.0,14.28864347468568,-1.1501086492503811,-16.43349244629102,-16.43349244629102,-55.326886415539974,-6.97053e-14,-2.2187886109406985,-2.2187886109406985e-06,-1.7381453990905733e-12,-3.2922358697132334e-25,0.0,-1.2218720076693317e-12,0.0,0.0,-5.162733914209123e-13
-1.0,-0.03674932217565428,300.0,0.025851999786435535,-1.0,-1.0,1.0,-15.804451537338801,-0.0027623029121930914,-12.287205732449607,-0.12287205732449608,2.4466447040425634,-8.37443470238562,0.0,-0.036111111111201626,-0.03472222222230925,0.0,4.33,4.28,4.354,4.354,2.0,1.0,16.64,16.0,0.005291772109038001,0.005291772109038001,4.0,10.0,1.0,1.0,0.11,0.3,0.8,837443470.2385621,244664470.40425634,2.33,3.2800000000000002,0.26920119852142854,0.1483888816716203,3.782346,1.0,1.0182120764227311,0.1483888816716203,1.311787923577269,3.13161111832838,0.0,0.898008,2.381264,0.167855,0.0,0.898008,2.381264,0.4137799235772689,0.7503471183283801,1200000.0,1.0,0.005081676331890702,4.839316202734844e-10,548821043.8441958,52.26461498953632,61.40927652547075,1.2969730768109957e-11,1,-1.2969730768109957e-11,-1.2969730768109957e-11,1500,0.0,6.657435411545288,0.11,0.3,3469911125302822.5,3469911125302822.5,1.0,0,1.8518537886966253e-70,-6.425768063832603e-55,0.0,837443470.2385621,both,16.64,0.1483888816716203,0.5307988014785715,244664470.40425634,837443470.2385621,0.1483888816716203,0.26920119852142854,0.6516111183283797,0.5307988014785715,1e-10,5e+23,1.0,157486379.86607143,3936959.9789048326,1,-3.4906741232469476,-31.971977380110978,-35.462651503357925,-35.462651503357925,0.0,5.857435411545288,500000000.0,9.37443470238562,6.011555731341704e-65,0,-2.8177468331607425e-55,0.0,5e-10,1.0,2.446644704036432,1e-08,0,-477016.11721539294,0.0,14.28864347468568,-0.9031291769094218,-12.904490820445059,-12.904490820445059,-48.367142323815955,-1.784002e-13,-5.678654735716549,-5.6786547357165485e-06,-1.5194985899963218e-12,-4.074561090013175e-25,0.0,-1.114092054397643e-12,0.0,0.0,-4.0540653559827124e-13
-0.75,-0.027561991631740706,300.0,0.025851999786435535,-0.999999999999497,-1.0,1.0,-15.804451537338801,-0.0027623029121930914,-12.03450853918679,-0.1203450853918679,2.6250187674003715,-8.202921179926191,0.0,-0.036111111111201626,-0.03472222222230925,0.0,4.33,4.28,4.354,4.354,2.0,1.0,16.64,16.0,0.005291772109038001,0.005291772109038001,4.0,10.0,1.0,1.0,0.11,0.3,0.8,820292117.9926192,262501876.74003714,2.33,3.2800000000000002,0.2664302351298069,0.15370291880598091,3.782346,1.0,1.0077313341222847,0.15370291880598091,1.3222686658777154,3.126297081194019,0.0,0.898008,2.381264,0.167855,0.0,0.898008,2.381264,0.4242606658777154,0.7450330811940193,1200000.0,1.0,0.005081676331890702,4.839316202734844e-10,548821043.8441958,52.26461498953632,40.94164229226413,1.592952609310651e-11,1,-1.592952609310651e-11,-1.592952609310651e-11,1500,0.0,6.905925147715769,0.11,0.3,3469911125302822.5,3469911125302822.5,1.0,0,2.5263384362113803e-71,-8.766169846090005e-56,0.0,820292117.9926192,both,16.64,0.15370291880598091,0.5335697648701931,262501876.74003714,820292117.9926192,0.15370291880598091,0.2664302351298069,0.6462970811940192,0.5335697648701931,1e-10,5e+23,1.0,157486379.86607143,3936959.9789048326,1,-4.599839806897936,-28.13405931699955,-32.73389912389749,-32.73389912389749,0.0,6.105925147715769,500000000.0,9.202921179926191,6.966436271804431e-66,0,-3.205578195719753e-56,0.0,5e-10,1.0,2.6250187673937937,1e-08,0,-549105.8430122307,0.0,14.28864347468568,-0.6561497045684602,-9.375489194599066,-9.375489194599066,-42.10938831851249,-3.788501e-13,-12.05917322117177,-1.2059173221171772e-05,-1.3229054498859869e-12,-5.004408214927034e-25,0.0,-1.0283657701098572e-12,0.0,0.0,-2.9453967977562916e-13
-0.5,-0.01837466108782714,300.0,0.025851999786435535,-0.9999999920310759,-1.0,1.0,-15.804451537338801,-0.0027623029121930914,-11.781811345923979,-0.11781811345923979,2.8033928307581775,-8.031407657466762,0.0,-0.036111111111201626,-0.03472222222230925,0.0,4.33,4.28,4.354,4.354,2.0,1.0,16.64,16.0,0.005291772109038001,0.005291772109038001,4.0,10.0,1.0,1.0,0.11,0.3,0.8,803140765.7466762,280339283.07581776,2.33,3.2800000000000002,0.26363014830871445,0.1588392718920663,3.782346,1.0,0.9971404369348729,0.1588392718920663,1.3328595630651272,3.121160728107934,0.0,0.898008,2.381264,0.167855,0.0,0.898008,2.381264,0.4348515630651272,0.7398967281079343,1200000.0,1.0,0.005081676331890702,4.839316202734844e-10,548821043.8441958,52.26461498953632,27.179785030681952,1.943076009657887e-11,1,-1.943076009657887e-11,-1.943076009657887e-11,1500,0.0,7.15441488388625,0.11,0.3,3469911125302822.5,3469911125302822.5,1.0,0,3.543886286295539e-72,-1.2296970451624994e-56,0.0,803140765.7466762,both,16.64,0.1588392718920663,0.5363698516912856,280339283.07581776,803140765.7466762,0.1588392718920663,0.26363014830871445,0.6411607281079337,0.5363698516912856,1e-10,5e+23,1.0,157486379.86607143,3936959.9789048326,1,-5.992129450818813,-24.718160184722354,-30.710289635541166,-30.710289635541166,0.0,6.35441488388625,500000000.0,9.031407657466762,8.359794396718869e-67,0,-3.775035556468726e-57,0.0,5e-10,1.0,2.803392830751152,1e-08,0,-626266.4641431667,0.0,14.28864347468568,-0.4091702322275021,-5.846487568753122,-5.846487568753122,-36.55677720431372,4.73721e-14,1.5079007759287149,1.507900775928715e-06,-1.148465027039908e-12,-6.104353317307788e-25,0.0,-9.64792203086309e-13,0.0,0.0,-1.836728239529886e-13
-0.25,-0.00918733054391357,300.0,0.025851999786435535,-0.9998737627781501,-1.0,1.0,-15.804451537338801,-0.0027623029121930914,-11.529114152661165,-0.11529114152661166,2.9817668941159847,-7.859894135007332,0.0,-0.036111111111201626,-0.03472222222230925,0.0,4.33,4.28,4.354,4.354,2.0,1.0,16.64,16.0,0.005291772109038001,0.005291772109038001,4.0,10.0,1.0,1.0,0.11,0.3,0.8,785989413.5007333,298176689.41159844,2.33,3.2800000000000002,0.2608000000061837,0.1638146554522079,3.782346,1.0,0.9864358368233889,0.1638146554522079,1.343564163176611,3.1161853445477923,0.0,0.898008,2.381264,0.167855,0.0,0.898008,2.381264,0.44555616317661106,0.7349213445477925,1200000.0,1.0,0.005081676331890702,4.839316202734844e-10,548821043.8441958,52.26461498953632,17.964562721079158,2.3554427600783164e-11,1,-2.3554427600783164e-11,-2.3554427600783164e-11,1500,0.0,7.402904620056729,0.11,0.3,3469911125302822.5,3469911125302822.5,1.0,0,5.105658115330289e-73,-1.771617989637721e-57,0.0,785989413.5007333,both,16.64,0.1638146554522079,0.5391999999938164,298176689.41159844,785989413.5007333,0.1638146554522079,0.2608000000061837,0.6361853445477921,0.5391999999938164,1e-10,5e+23,1.0,157486379.86607143,3936959.9789048326,1,-7.725981828659968,-21.681871671175237,-29.407853499835205,-29.407853499835205,0.0,6.602904620056729,500000000.0,8.859894135007332,1.03704240521238e-67,0,-4.594042961847532e-58,0.0,5e-10,1.0,2.9817668941085125,1e-08,0,-708497.9806082033,0.0,14.28864347468568,-0.1621907598865417,-2.3174859429071457,-2.3174859429071457,-31.725339442765907,-2.246412e-13,-7.150551480419015,-7.150551480419015e-06,-9.966809332603588e-13,-7.399841671013305e-25,0.0,-9.238749651292717e-13,0.0,0.0,-7.280596813034705e-14
0.0,0.0,300.0,0.025851999786435535,0.0,0.0,1.0,-15.804451537338801,-0.0027623029121930914,-11.276416959398354,-0.11276416959398354,3.160140957473789,-7.688380612547905,0.0,-0.036111111111201626,-0.03472222222230925,0.0,4.33,4.28,4.354,4.354,2.0,1.0,16.64,16.0,0.005291772109038001,0.005291772109038001,4.0,10.0,1.0,1.0,0.11,0.3,0.8,768838061.2547905,316014095.7473789,2.33,3.2800000000000002,0.257938800705082,0.16864331705303173,3.782346,1.0,0.9756137910916641,0.16864331705303173,1.3543862089083358,3.1113566829469685,0.0,0.898008,2.381264,0.167855,0.0,0.898008,2.381264,0.4563782089083358,0.7300926829469687,1200000.0,1.0,0.005081676331890702,4.839316202734844e-10,548821043.8441958,52.26461498953632,11.819913103644847,2.8391641301655207e-11,1,11.819913103616456,11.819913103616456,1500,0.0,7.651394356227206,0.11,0.3,3469911125302822.5,3469911125302822.5,1.0,0,7.546140697684222e-74,0.0,0.0,768838061.2547905,both,16.64,0.16864331705303173,0.542061199294918,316014095.7473789,768838061.2547905,0.16864331705303173,0.257938800705082,0.6313566829469683,0.542061199294918,1e-10,5e+23,1.0,157486379.86607143,3936959.9789048326,1,0.0,0.0,0.0,0.0,0.0,6.851394356227206,500000000.0,8.688380612547906,1.3277883088399636e-68,0,0.0,0.0,5e-10,1.0,3.16014095746587,1e-08,0,0.0,0.0,14.28864347468568,0.08478871245441459,1.2115156829387714,1.2115156829387714,13.031428786555226,-2.45361e-13,-7.810083198394106,-7.810083198394105e-06,4.0939440941620455e-13,3.713335217239119e-13,0.0,0.0,0.0,0.0,3.806088769229266e-14
0.25,0.00918733054391357,300.0,0.025851999786435535,0.9998737627781501,1.0,1.0,-15.760598645371548,-0.002754638301314122,-10.992430892014859,-0.1099243089201486,3.3296463235324447,-7.495630348417797,0.0,-0.036111111111201626,-0.03472222222230925,0.0,4.33,4.28,4.354,4.354,2.0,1.0,16.64,16.0,0.005291772109038001,0.005291772109038001,4.0,10.0,1.0,1.0,0.11,0.3,0.8,749563034.8417797,332964632.3532445,2.33,3.2800000000000002,0.25468497176824806,0.17310713192074226,3.782346,1.0,0.963306684227746,0.17310713192074226,1.366693315772254,3.106892868079258,0.0,0.898008,2.381264,0.167855,0.0,0.898008,2.381264,0.46868531577225403,0.7256288680792582,1200000.0,1.0,0.005081676331890702,4.839316202734844e-10,548821043.8441958,52.26461498953632,7.342838698751424,3.374265789815663e-11,1,7.342838698751424,7.342838698751424,1500,0.0,7.8996970920822465,0.11,0.3,3469911125302822.5,3469911125302822.5,1.0,0,1.0715304783837612e-74,3.7181155280448686e-59,0.0,749563034.8417797,both,16.64,0.17310713192074226,0.545315028231752,332964632.3532445,749563034.8417797,0.17310713192074226,0.25468497176824806,0.6268928680792578,0.545315028231752,1e-10,5e+23,1.0,157486379.86607143,3936959.9789048326,1,12.359042702161522,16.321507950992988,28.680550653154512,28.680550653154512,0.0,7.099697092082247,500000000.0,8.495630348417798,1.6333773798337474e-69,0,6.938285219267364e-60,0.0,5e-10,1.0,3.3296463235241007,1e-08,0,883461.1365173145,0.0,14.28864347468568,0.33139418416449573,4.735173347110806,4.735173347110806,40.75856269901674,-2.741196e-13,-8.725497867674623,-8.725497867674622e-06,1.2804680114610999e-12,2.3068208112492313e-13,0.0,9.010260723286016e-13,0.0,0.0,1.48759858007575e-13
0.5,0.01837466108782714,300.0,0.025851999786435535,0.9999999920310759,1.0,1.0,-15.359859638540817,-0.0026845971155771385,-10.453807918775285,-0.10453807918775285,3.4269759497252323,-7.13005001796351,0.0,-0.036111111111201626,-0.03472222222230925,0.0,4.33,4.28,4.354,4.354,2.0,1.0,16.64,16.0,0.005291772109038001,0.005291772109038001,4.0,10.0,1.0,1.0,0.11,0.3,0.8,713005001.796351,342697594.9725232,2.33,3.2800000000000002,0.2483965313735345,0.1756189744619273,3.782346,1.0,0.9395216268545628,0.1756189744619273,1.3904783731454373,3.104381025538073,0.0,0.898008,2.381264,0.167855,0.0,0.898008,2.381264,0.4924703731454373,0.7231170255380732,1200000.0,1.0,0.005081676331890702,4.839316202734844e-10,548821043.8441958,52.26461498953632,2.926123220153363,3.718573639539738e-11,1,2.926123220153363,2.926123220153363,1500,0.0,8.146477971269192,0.11,0.3,3469911125302822.5,3469911125302822.5,1.0,0,9.284332555852557e-76,3.2215808826563974e-60,0.0,713005001.796351,both,16.64,0.1756189744619273,0.5516034686264655,342697594.9725232,713005001.796351,0.1756189744619273,0.2483965313735345,0.6243810255380727,0.5516034686264655,1e-10,5e+23,1.0,157486379.86607143,3936959.9789048326,1,14.018284891851645,12.173166086424263,26.19145097827591,26.19145097827591,0.0,7.346477971269192,500000000.0,8.130050017963509,1.1802778610409439e-70,0,4.797859022678929e-61,0.0,5e-10,1.0,3.4269759497166445,1e-08,0,935865.3172220595,0.0,14.28864347468568,0.574955942538388,8.215340476582892,8.215340476582892,37.33291467501216,-3.022379e-13,-9.620531154942789,-9.62053115494279e-06,1.172848104801128e-12,9.192687211932315e-14,0.0,8.22828699802088e-13,0.0,0.0,2.5809253287971687e-13
0.75,0.027561991631740706,300.0,0.025851999786435535,0.999999999999497,1.0,1.0,-14.777254776831557,-0.0025827694056844404,-9.785424339453138,-0.09785424339453139,3.4875254881378703,-6.676397088291446,0.0,-0.036111111111201626,-0.03472222222230925,0.0,4.33,4.28,4.354,4.354,2.0,1.0,16.64,16.0,0.005291772109038001,0.005291772109038001,4.0,10.0,1.0,1.0,0.11,0.3,0.8,667639708.8291446,348752548.81378704,2.33,3.2800000000000002,0.24036449569962373,0.17716364361820966,3.782346,1.0,0.909141688851489,0.17716364361820966,1.420858311148511,3.1028363563817907,0.0,0.898008,2.381264,0.167855,0.0,0.898008,2.381264,0.5228503111485109,0.7215723563817908,1200000.0,1.0,0.005081676331890702,4.839316202734844e-10,548821043.8441958,52.26461498953632,0.9035082331973611,3.9475322436968314e-11,1,0.9035082331973611,0.9035082331973611,1500,0.0,8.392483326409621,0.11,0.3,3469911125302822.5,3469911125302822.5,1.0,0,6.4353938092851514e-77,2.233024457454346e-61,0.0,667639708.8291446,both,16.64,0.17716364361820966,0.5596355043003763,348752548.81378704,667639708.8291446,0.17716364361820966,0.24036449569962373,0.6228363563817904,0.5596355043003763,1e-10,5e+23,1.0,157486379.86607143,3936959.9789048326,1,15.14434571923146,8.354507811530624,23.498853530762084,23.498853530762084,0.0,7.592483326409622,500000000.0,7.676397088291446,6.739087450385142e-72,0,2.5865955640938966e-62,0.0,5e-10,1.0,3.487525488129131,1e-08,0,969228.1522225264,0.0,14.28864347468568,0.8169666528192451,11.673345232841507,11.673345232841507,36.07570699680095,-2.939467e-13,-9.356614062110085,-9.356614062110086e-06,1.1333517607420778e-12,2.8384548278707233e-14,0.0,7.382382562002474e-13,0.0,0.0,3.6672895626312316e-13
1.0,0.03674932217565428,300.0,0.025851999786435535,1.0,1.0,1.0,-13.978935587089726,-0.0024432391336295326,-8.963129395268705,-0.08963129395268706,3.50444950967834,-6.118279680825936,0.0,-0.036111111111201626,-0.03472222222230925,0.0,4.33,4.28,4.354,4.354,2.0,1.0,16.64,16.0,0.005291772109038001,0.005291772109038001,4.0,10.0,1.0,1.0,0.11,0.3,0.8,611827968.0825937,350444950.967834,2.33,3.2800000000000002,0.2300985604589237,0.17759298709094423,3.782346,1.0,0.8703123697575683,0.17759298709094423,1.4596876302424318,3.102407012909056,0.0,0.898008,2.381264,0.167855,0.0,0.898008,2.381264,0.5616796302424317,0.7211430129090561,1200000.0,1.0,0.005081676331890702,4.839316202734844e-10,548821043.8441958,52.26461498953632,0.20120013294260866,4.013639285669167e-11,1,0.20120013294260866,0.20120013294260866,1500,0.0,8.637568818672657,0.11,0.3,3469911125302822.5,3469911125302822.5,1.0,0,3.4406439151153874e-78,1.1938728599264343e-62,0.0,611827968.0825937,both,16.64,0.17759298709094423,0.5699014395410763,350444950.967834,611827968.0825937,0.17759298709094423,0.2300985604589237,0.6224070129090558,0.5699014395410763,1e-10,5e+23,1.0,157486379.86607143,3936959.9789048326,1,15.472681475917573,5.146925884628997,20.61960736054657,20.61960736054657,0.0,7.837568818672657,500000000.0,7.118279680825937,2.9284451241231244e-73,0,1.0422745711729712e-63,0.0,5e-10,1.0,3.5044495096695583,1e-08,0,978657.782732353,0.0,14.28864347468568,1.0571376373453167,15.105062803698797,15.105062803698797,35.92587029718798,-3.256465e-13,-10.365650035114978,-1.0365650035114977e-05,1.1286445019946553e-12,6.3208885955378914e-15,0.0,6.477840700379914e-13,0.0,0.0,4.745395433611259e-13
1.25,0.045936652719567844,300.0,0.025851999786435535,1.0,1.0,1.0,-13.132102318225835,-0.002295229568147414,-8.106219837392102,-0.08106219837392102,3.5115621672886514,-5.536668247778824,0.0,-0.036111111111201626,-0.03472222222230925,0.0,4.33,4.28,4.354,4.354,2.0,1.0,16.64,16.0,0.005291772109038001,0.005291772109038001,4.0,10.0,1.0,1.0,0.11,0.3,0.8,553666824.7778823,351156216.72886515,2.33,3.2800000000000002,0.2188887744502118,0.17777311778314403,3.782346,1.0,0.8279130804866608,0.17777311778314403,1.5020869195133393,3.1022268822168564,0.0,0.898008,2.381264,0.167855,0.0,0.898008,2.381264,0.6040789195133393,0.7209628822168566,1200000.0,1.0,0.005081676331890702,4.839316202734844e-10,548821043.8441958,52.26461498953632,0.0390257764864115,4.041703043427277e-11,1,0.0390257764864115,0.0390257764864115,1500,0.0,8.882447434086934,0.11,0.3,3469911125302822.5,3469911125302822.5,1.0,0,1.810510458792899e-79,6.282310383442598e-64,0.0,553666824.7778823,both,16.64,0.17777311778314403,0.5811112255497882,351156216.72886515,553666824.7778823,0.17777311778314403,0.2188887744502118,0.622226882216856,0.5811112255497882,1e-10,5e+23,1.0,157486379.86607143,3936959.9789048326,1,15.612491024653147,3.018915615965678,18.631406640618824,18.631406640618824,0.0,8.082447434086934,500000000.0,6.536668247778823,1.260912979746845e-74,0,4.121084918961692e-65,0.0,5e-10,1.0,3.5115621672798514,1e-08,0,982634.3968123217,0.0,14.28864347468568,1.2968948681738717,18.530868395485935,18.530868395485935,37.20130081259117,-2.92595e-13,-9.313588114794621,-9.313588114794622e-06,1.1687133333682044e-12,1.2260309271034767e-15,0.0,5.853229022821219e-13,0.0,0.0,5.82164400158979e-13
1.5,0.05512398326348141,300.0,0.025851999786435535,1.0,1.0,1.0,-12.240781432569243,-0.0021394444545462933,-7.217568531609903,-0.07217568531609903,3.5096777624660054,-4.933512693398134,0.0,-0.036111111111201626,-0.03472222222230925,0.0,4.33,4.28,4.354,4.354,2.0,1.0,16.64,16.0,0.005291772109038001,0.005291772109038001,4.0,10.0,1.0,1.0,0.11,0.3,0.8,493351269.3398134,350967776.2466005,2.33,3.2800000000000002,0.20662238192898116,0.17772541230923092,3.782346,1.0,0.7815173397995542,0.17772541230923092,1.5484826602004458,3.1022745876907694,0.0,0.898008,2.381264,0.167855,0.0,0.898008,2.381264,0.6504746602004458,0.7210105876907695,1200000.0,1.0,0.005081676331890702,4.839316202734844e-10,548821043.8441958,52.26461498953632,0.006485409651155685,4.0342516443182426e-11,1,0.006485409651155685,0.006485409651155685,1500,0.0,9.12713634255145,0.11,0.3,3469911125302822.5,3469911125302822.5,1.0,0,9.436638576999136e-81,3.27442971837911e-65,0.0,493351269.3398134,both,16.64,0.17772541230923092,0.5933776180710189,350967776.2466005,493351269.3398134,0.17772541230923092,0.20662238192898116,0.6222745876907692,0.5933776180710189,1e-10,5e+23,1.0,157486379.86607143,3936959.9789048326,1,15.57534472684139,1.6737569650621005,17.24910169190349,17.24910169190349,0.0,8.32713634255145,500000000.0,5.933512693398134,5.414561840855198e-76,0,1.6063685705951741e-66,0.0,5e-10,1.0,3.50967776245721,1e-08,0,981580.0602660574,0.0,14.28864347468568,1.536272685102902,21.95125267733343,21.95125267733343,39.206839778888074,-3.842566e-13,-12.231267461137037,-1.2231267461137036e-05,1.2317191981982686e-12,2.0374515315591045e-16,0.0,5.418965115630728e-13,0.0,0.0,6.896189414820398e-13
1.75,0.06431131380739498,300.0,0.025851999786435535,1.0,1.0,1.0,-11.453221856365861,-0.0020017947483396284,-6.4029505313735,-0.064029505313735,3.5287777808734466,-4.380605868928222,0.0,-0.036111111111201626,-0.03472222222230925,0.0,4.33,4.28,4.354,4.354,2.0,1.0,16.64,16.0,0.005291772109038001,0.005291772109038001,4.0,10.0,1.0,1.0,0.11,0.3,0.8,438060586.8928222,352877778.08734465,2.33,3.2800000000000002,0.19470016928547035,0.1782083559037882,3.782346,1.0,0.7364234064962216,0.1782083559037882,1.5935765935037784,3.101791644096212,0.0,0.898008,2.381264,0.167855,0.0,0.898008,2.381264,0.6955685935037784,0.7205276440962121,1200000.0,1.0,0.005081676331890702,4.839316202734844e-10,548821043.8441958,52.26461498953632,0.001133424707725549,4.1103242187791353e-11,1,0.001133424707725549,0.001133424707725549,1500,0.0,9.372267716648851,0.11,0.3,3469911125302822.5,3469911125302822.5,1.0,0,5.933058163872364e-82,2.0587184529889452e-66,0.0,438060586.8928222,both,16.64,0.1782083559037882,0.6052998307145296,352877778.08734465,438060586.8928222,0.1782083559037882,0.19470016928547035,0.6217916440962119,0.6052998307145296,1e-10,5e+23,1.0,157486379.86607143,3936959.9789048326,1,15.95540487823925,0.9371000707513684,16.89250494899062,16.89250494899062,0.0,8.57226771664885,500000000.0,5.380605868928222,2.861118646440164e-77,0,7.697275890367959e-68,0.0,5e-10,1.0,3.5287777808646035,1e-08,0,992292.8454712242,0.0,14.28864347468568,1.7765354332977057,25.384281426537157,25.384281426537157,42.2779198002355,-4.29687e-13,-13.677362006465446,-1.3677362006465445e-05,1.3282000225347832e-12,3.5607587351877434e-17,0.0,5.306936944847816e-13,0.0,0.0,7.974707204626497e-13
2.0,0.07349864435130855,300.0,0.025851999786435535,1.0,1.0,1.0,-10.745170550227385,-0.0018780415019642237,-5.645061383945065,-0.05645061383945065,3.5639573495306487,-3.866202698751208,0.0,-0.036111111111201626,-0.03472222222230925,0.0,4.33,4.28,4.354,4.354,2.0,1.0,16.64,16.0,0.005291772109038001,0.005291772109038001,4.0,10.0,1.0,1.0,0.11,0.3,0.8,386620269.8751208,356395734.95306486,2.33,3.2800000000000002,0.18291172631247743,0.17909446232835893,3.782346,1.0,0.6918354363710938,0.17909446232835893,1.6381645636289064,3.1009055376716415,0.0,0.898008,2.381264,0.167855,0.0,0.898008,2.381264,0.7401565636289064,0.7196415376716416,1200000.0,1.0,0.005081676331890702,4.839316202734844e-10,548821043.8441958,52.26461498953632,0.0002019983142526789,4.253652551036266e-11,1,0.0002019983142526789,0.0002019983142526789,1500,0.0,9.617738135012553,0.11,0.3,3469911125302822.5,3469911125302822.5,1.0,0,4.319864009546797e-83,1.498954418652169e-67,0.0,386620269.8751208,both,16.64,0.17909446232835893,0.6170882736875226,356395734.95306486,386620269.8751208,0.17909446232835893,0.18291172631247743,0.6209055376716411,0.6170882736875226,1e-10,5e+23,1.0,157486379.86607143,3936959.9789048326,1,16.67638641671608,0.5242027366134226,17.200589153329503,17.200589153329503,0.0,8.817738135012553,500000000.0,4.866202698751208,1.7780593313230808e-78,0,4.3261985583120725e-69,0.0,5e-10,1.0,3.5639573495217176,1e-08,0,1012176.4671701408,0.0,14.28864347468568,2.01747627002511,28.826999141027493,28.826999141027493,46.02779029267125,-6.957439e-13,-22.14621616220666,-2.2146216162206662e-05,1.446005678444276e-12,6.345964200937385e-18,0.0,5.403724452151625e-13,0.0,0.0,9.056268872649126e-13
2.25,0.08268597489522213,300.0,0.025851999786435535,1.0,1.0,1.0,-9.792781541331065,-0.0017115828984119502,-4.712838201027351,-0.04712838201027351,3.549722682835996,-3.233473542736134,0.0,-0.036111111111201626,-0.03472222222230925,0.0,4.33,4.28,4.354,4.354,2.0,1.0,16.64,16.0,0.005291772109038001,0.005291772109038001,4.0,10.0,1.0,1.0,0.11,0.3,0.8,323347354.2736134,354972268.28359956,2.33,3.2800000000000002,0.16727610008152438,0.1787364472920372,3.782346,1.0,0.6326960880389534,0.1787364472920372,1.6973039119610467,3.1012635527079633,0.0,0.898008,2.381264,0.167855,0.0,0.898008,2.381264,0.7992959119610467,0.7199995527079635,1200000.0,1.0,0.005081676331890702,4.839316202734844e-10,548821043.8441958,52.26461498953632,2.0504558364962453e-05,4.195151265091683e-11,1,2.0504558364962453e-05,2.0504558364962453e-05,1500,0.0,9.862166632867943,0.11,0.3,3469911125302822.5,3469911125302822.5,1.0,0,2.38579202704104e-84,8.278486297288477e-69,0.0,323347354.2736134,both,16.64,0.16727610008152438,0.6212635527079629,354972268.28359956,323347354.2736134,0.1787364472920372,0.16727610008152438,0.6212635527079629,0.6327238999184757,1e-10,5e+23,1.0,157486379.86607143,3936959.9789048326,1,16.38134245890916,0.2394511989932692,16.62079365790243,16.62079365790243,0.0,9.062166632867942,500000000.0,4.233473542736133,8.275521331314523e-80,0,1.751710030423427e-70,0.0,5e-10,1.0,3.5497226828271002,1e-08,0,1004107.2227746526,0.0,14.28864347468568,2.256333265735888,32.239941594173324,32.239941594173324,48.86075575663412,-7.248421e-13,-23.07244063522198,-2.307244063522198e-05,1.5350059133388696e-12,6.441696992446919e-19,0.0,5.22157632524981e-13,0.0,0.0,1.0128476366441893e-12
2.5,0.09187330543913569,300.0,0.025851999786435535,1.0,1.0,1.0,-8.890742252489058,-0.0015539244217103653,-3.8165393547296116,-0.03816539354729612,3.5456706154233286,-2.62512736239306,0.0,-0.036111111111201626,-0.03472222222230925,0.0,4.33,4.28,4.354,4.354,2.0,1.0,16.64,16.0,0.005291772109038001,0.005291772109038001,4.0,10.0,1.0,1.0,0.11,0.3,0.8,262512736.239306,354567061.5423329,2.33,3.2800000000000002,0.1507212294919557,0.17863440285043283,3.782346,1.0,0.5700798394839807,0.17863440285043283,1.7599201605160193,3.1013655971495675,0.0,0.898008,2.381264,0.167855,0.0,0.898008,2.381264,0.8619121605160193,0.7201015971495677,1200000.0,1.0,0.005081676331890702,4.839316202734844e-10,548821043.8441958,52.26461498953632,1.8194651491887198e-06,4.178624571278418e-11,1,1.8194651491887198e-06,1.8194651491887198e-06,1500,0.0,10.106809835229926,0.11,0.3,3469911125302822.5,3469911125302822.5,1.0,0,1.4699973335417737e-85,5.1007601018220847e-70,0.0,262512736.239306,both,16.64,0.1507212294919557,0.6213655971495672,354567061.5423329,262512736.239306,0.17863440285043283,0.1507212294919557,0.6213655971495672,0.6492787705080443,1e-10,5e+23,1.0,157486379.86607143,3936959.9789048326,1,16.298182660673664,0.10246805612453495,16.4006507167982,16.4006507167982,0.0,9.306809835229926,500000000.0,3.62512736239306,4.351157346055973e-81,0,7.88674977663254e-72,0.0,5e-10,1.0,3.545670615414443,1e-08,0,1001816.1210354808,0.0,14.28864347468568,2.495619670459851,35.659019719613376,35.659019719613376,52.05967225587672,-5.852308e-13,-18.628474933924874,-1.8628474933924872e-05,1.635502839073547e-12,5.71601834615394e-20,0.0,5.15241638059854e-13,0.0,0.0,1.1202611438535096e-12
2.75,0.10106063598304926,300.0,0.025851999786435535,1.0,1.0,1.0,-7.860056671281509,-0.0013737811389271121,-2.8284518608114686,-0.028284518608114685,3.5156014491497656,-1.9544813437657143,0.0,-0.036111111111201626,-0.03472222222230925,0.0,4.33,4.28,4.354,4.354,2.0,1.0,16.64,16.0,0.005291772109038001,0.005291772109038001,4.0,10.0,1.0,1.0,0.11,0.3,0.8,195448134.37657142,351560144.91497654,2.33,3.2800000000000002,0.1300513915277816,0.17787533288249144,3.782346,1.0,0.49189936053953864,0.17787533288249144,1.8381006394604613,3.1021246671175087,0.0,0.898008,2.381264,0.167855,0.0,0.898008,2.381264,0.9400926394604613,0.7208606671175088,1200000.0,1.0,0.005081676331890702,4.839316202734844e-10,548821043.8441958,52.26461498953632,8.842386629651057e-08,4.0577149911950566e-11,1,8.842386629651057e-08,8.842386629651057e-08,1500,0.0,10.350904455818315,0.11,0.3,3469911125302822.5,3469911125302822.5,1.0,0,8.046561466830577e-87,2.7920853154188415e-71,0.0,195448134.37657142,both,16.64,0.1300513915277816,0.6221246671175086,351560144.91497654,195448134.37657142,0.17787533288249144,0.1300513915277816,0.6221246671175086,0.6699486084722184,1e-10,5e+23,1.0,157486379.86607143,3936959.9789048326,1,15.692372663357414,0.03429506679986738,15.726667730157281,15.726667730157281,0.0,9.550904455818314,500000000.0,2.954481343765714,2.0285557955105188e-82,0,2.996665126311823e-73,0.0,5e-10,1.0,3.5156014491409557,1e-08,0,984896.3075613179,0.0,14.28864347468568,2.733808911636629,39.06242086629428,39.06242086629428,54.78908868487543,-6.896741e-13,-21.953008427490825,-2.1953008427490827e-05,1.7212499850928434e-12,2.7779176875912374e-21,0.0,4.940678380650978e-13,0.0,0.0,1.2271821442498278e-12
3.0,0.11024796652696282,300.0,0.025851999786435535,1.0,1.0,1.0,-7.342156428060868,-0.0012832625058259235,-2.206234784360534,-0.02206234784360534,3.5892366849814263,-1.5321630697138258,0.0,-0.036111111111201626,-0.03472222222230925,0.0,4.33,4.28,4.354,4.354,2.0,1.0,16.64,16.0,0.005291772109038001,0.005291772109038001,4.0,10.0,1.0,1.0,0.11,0.3,0.8,153216306.9713826,358923668.49814266,2.33,3.2800000000000002,0.11514676307092639,0.17972850317713432,3.782346,1.0,0.43552489871426614,0.17972850317713432,1.894475101285734,3.1002714968228657,0.0,0.898008,2.381264,0.167855,0.0,0.898008,2.381264,0.9964671012857339,0.7190074968228659,1200000.0,1.0,0.005081676331890702,4.839316202734844e-10,548821043.8441958,52.26461498953632,9.988958847786235e-09,4.359266602085631e-11,1,9.988958847786235e-09,9.988958847786235e-09,1500,0.0,10.597185728544218,0.11,0.3,3469911125302822.5,3469911125302822.5,1.0,0,8.635078563373042e-88,2.996295517491203e-72,0.0,153216306.9713826,both,16.64,0.11514676307092639,0.6202714968228658,358923668.49814266,153216306.9713826,0.17972850317713432,0.11514676307092639,0.6202714968228658,0.6848532369290736,1e-10,5e+23,1.0,157486379.86607143,3936959.9789048326,1,17.211668270742496,0.015104918145170312,17.226773188887666,17.226773188887666,0.0,9.797185728544218,500000000.0,2.532163069713826,1.937097854685133e-83,0,2.4525238250277862e-74,0.0,5e-10,1.0,3.5892366849724318,1e-08,0,1026586.2321702262,0.0,14.28864347468568,2.9763714570884376,42.528310598567415,42.528310598567415,59.755083797444044,-8.102244e-13,-25.790243654733008,-2.5790243654733006e-05,1.877261322726927e-12,3.1381239733216002e-22,0.0,5.411950409526711e-13,0.0,0.0,1.3360662814604434e-12
3.25,0.1194352970708764,300.0,0.025851999786435535,1.0,1.0,1.0,-6.363365921865548,-0.001112189447118216,-1.2551742320350576,-0.012551742320350577,3.569662646644783,-0.8866483993870248,0.0,-0.036111111111201626,-0.03472222222230925,0.0,4.33,4.28,4.354,4.354,2.0,1.0,16.64,16.0,0.005291772109038001,0.005291772109038001,4.0,10.0,1.0,1.0,0.11,0.3,0.8,88664839.93870248,356966264.6644783,2.33,3.2800000000000002,0.08759412041805012,0.17923775508112003,3.782346,1.0,0.3313112709867302,0.17923775508112003,1.9986887290132698,3.1007622449188803,0.0,0.898008,2.381264,0.167855,0.0,0.898008,2.381264,1.1006807290132699,0.7194982449188805,1200000.0,1.0,0.005081676331890702,4.839316202734844e-10,548821043.8441958,52.26461498953632,1.773406646532079e-10,4.277295206697173e-11,1,1.773406646532079e-10,1.773406646532079e-10,1500,0.0,10.841501643440958,0.11,0.3,3469911125302822.5,3469911125302822.5,1.0,0,5.4388862300571346e-89,1.8872451838931577e-73,0.0,88664839.93870248,both,16.64,0.08759412041805012,0.62076224491888,356966264.6644783,88664839.93870248,0.17923775508112003,0.08759412041805012,0.62076224491888,0.7124058795819499,1e-10,5e+23,1.0,157486379.86607143,3936959.9789048326,1,16.795921599522035,0.003010930948791687,16.79893253047083,16.79893253047083,0.0,10.041501643440958,500000000.0,1.8866483993870249,1.056738585639777e-84,0,9.968470805838969e-76,0.0,5e-10,1.0,3.569662646635838,1e-08,0,1015419.7100749989,0.0,14.28864347468568,3.2150032868819167,45.93803573619831,45.93803573619831,62.736968266846475,-9.473983e-13,-30.156624504371674,-3.0156624504371675e-05,1.970939986156209e-12,5.571321292572491e-24,0.0,5.277540302587776e-13,0.0,0.0,1.44318595589186e-12
3.5,0.12862262761478996,300.0,0.025851999786435535,1.0,1.0,1.0,-5.502512535182432,-0.0009617294446696615,-0.3882613726217985,-0.003882613726217985,3.573939911297887,-0.29824741137642763,0.0,-0.036111111111201626,-0.03472222222230925,0.0,4.33,4.28,4.354,4.354,2.0,1.0,16.64,16.0,0.005291772109038001,0.005291772109038001,4.0,10.0,1.0,1.0,0.11,0.3,0.8,29824741.137642764,357393991.1297887,2.33,3.2800000000000002,0.05080279194426248,0.1793451066537147,3.782346,1.0,0.19215373689921342,0.1793451066537147,2.1378462631007866,3.1006548933462854,0.0,0.898008,2.381264,0.167855,0.0,0.898008,2.381264,1.2398382631007867,0.7193908933462856,1200000.0,1.0,0.005081676331890702,4.839316202734844e-10,548821043.8441958,52.26461498953632,8.148255712004848e-13,4.295093793368854e-11,1,8.148255712004848e-13,8.148255712004848e-13,1500,0.0,11.086320473369328,0.11,0.3,3469911125302822.5,3469911125302822.5,1.0,0,4.101160568764797e-90,1.423066268421022e-74,0.0,29824741.137642764,both,16.64,0.05080279194426248,0.6206548933462853,357393991.1297887,29824741.137642764,0.1793451066537147,0.05080279194426248,0.6206548933462853,0.7491972080557375,1e-10,5e+23,1.0,157486379.86607143,3936959.9789048326,1,16.886021483484956,0.0002440388269477246,16.886265522311906,16.886265522311906,0.0,10.286320473369328,500000000.0,1.2982474113764275,6.998890375484027e-86,0,4.5431456562397654e-77,0.0,5e-10,1.0,3.5739399112889307,1e-08,0,1017854.5737269862,0.0,14.28864347468568,3.4546409467386585,49.36213282099929,49.36213282099929,66.248398343312,-1.0878e-12,-34.62574941907275,-3.4625749419072746e-05,2.0812548154743922e-12,2.5598500284405504e-26,0.0,5.304976771146169e-13,0.0,0.0,1.55075713835975e-12
3.75,0.13780995815870353,300.0,0.025851999786435535,1.0,1.0,1.0,-4.481912624609102,-0.0007833489359566444,0.5926300330855048,0.005926300330855048,3.5459104453930164,0.36751439614816045,0.0,-0.036111111111201626,-0.03472222222230925,0.0,4.33,4.28,4.354,4.354,2.0,1.0,16.64,16.0,0.005291772109038001,0.005291772109038001,4.0,10.0,1.0,1.0,0.11,0.3,0.8,36751439.61481605,354591044.53930163,2.33,3.2800000000000002,0.056394456652092716,0.17864044418416533,3.782346,1.0,0.21330334754021626,0.17864044418416533,2.1166966524597837,3.101359555815835,0.0,0.898008,2.381264,0.167855,0.0,0.898008,2.381264,1.2186886524597838,0.7200955558158353,1200000.0,1.0,0.005081676331890702,4.839316202734844e-10,548821043.8441958,52.26461498953632,1.846555948811529e-12,4.179601184913556e-11,1,1.846555948811529e-12,1.846555948811529e-12,1500,0.0035418980784866104,11.330458101921513,0.11,0.3,3469911125302822.5,3469911125302822.5,1.0,0,2.6506201742561223e-91,9.197416431603425e-76,0.0,36751439.61481605,both,16.64,0.056394456652092716,0.6213595558158347,354591044.53930163,36751439.61481605,0.17864044418416533,0.056394456652092716,0.6213595558158347,0.7436055433479073,1e-10,5e+23,1.0,157486379.86607143,3936959.9789048326,1,16.30309448581827,0.0003733296080324689,16.303467815426302,16.303467815426302,0.0,10.530458101921512,500000000.0,1.3675143961481604,3.955273626757241e-87,0,2.704446812647836e-78,0.0,5e-10,1.0,3.5459104453841306,1e-08,0,1001951.6517611515,0.0,14.28864347468568,3.6929162038430263,52.76676301860267,52.76676301860267,69.07023083403081,-1.2874e-12,-40.97921474730121,-4.097921474730121e-05,2.1699052976994242e-12,5.801126603228831e-26,0.0,5.12188547169809e-13,0.0,0.0,1.6577167505295572e-12
4.0,0.1469972887026171,300.0,0.025851999786435535,1.0,1.0,1.0,-3.7980304851931623,-0.0006638199778752821,1.3332745706088998,0.013332745706088998,3.585977924836012,0.8702131079176125,0.0,-0.036111111111201626,-0.03472222222230925,0.0,4.33,4.28,4.354,4.354,2.0,1.0,16.64,16.0,0.005291772109038001,0.005291772109038001,4.0,10.0,1.0,1.0,0.11,0.3,0.8,87021310.79176125,358597792.4836012,2.33,3.2800000000000002,0.08677848206577558,0.17964689458787567,3.782346,1.0,0.328226244527558,0.17964689458787567,2.001773755472442,3.1003531054121245,0.0,0.898008,2.381264,0.167855,0.0,0.898008,2.381264,1.103765755472442,0.7190891054121247,1200000.0,1.0,0.005081676331890702,4.839316202734844e-10,548821043.8441958,52.26461498953632,1.5739182396892766e-10,4.3455271360346346e-11,1,1.5739182396892766e-10,1.5739182396892766e-10,1500,0.007968416003401207,11.576031583996599,0.11,0.3,3469911125302822.5,3469911125302822.5,1.0,0,2.628869308078635e-92,9.12194285906919e-77,0.0,87021310.79176125,both,16.64,0.08677848206577558,0.6203531054121244,358597792.4836012,87021310.79176125,0.17964689458787567,0.08677848206577558,0.6203531054121244,0.7132215179342245,1e-10,5e+23,1.0,157486379.86607143,3936959.9789048326,1,17.141843149848462,0.002863339607982248,17.144706489456446,17.144706489456446,0.0,10.776031583996598,500000000.0,1.8702131079176125,3.519154461482181e-88,0,3.2907844013253615e-79,0.0,5e-10,1.0,3.5859779248270254,1e-08,0,1024722.9504163576,0.0,14.28864347468568,3.9340631679931977,56.21242601434728,56.21242601434728,73.35713250396111,-1.5745e-12,-50.11789157963784,-5.011789157963784e-05,2.304582285628573e-12,4.944609979158811e-24,0.0,5.386168395522963e-13,0.0,0.0,1.7659654460713321e-12
4.25,0.15618461924653068,300.0,0.025851999786435535,1.0,1.0,1.0,-2.7668633553717985,-0.00048359252999872224,2.321705647658843,0.02321705647658843,3.555811371395967,1.5410923272086925,0.0,-0.036111111111201626,-0.03472222222230925,0.0,4.33,4.28,4.354,4.354,2.0,1.0,16.64,16.0,0.005291772109038001,0.005291772109038001,4.0,10.0,1.0,1.0,0.11,0.3,0.8,154109232.72086924,355581137.1395967,2.33,3.2800000000000002,0.11548180620286398,0.17888967113412288,3.782346,1.0,0.4367921477641778,0.17888967113412288,1.8932078522358222,3.1011103288658775,0.0,0.898008,2.381264,0.167855,0.0,0.898008,2.381264,0.9951998522358222,0.7198463288658776,1200000.0,1.0,0.005081676331890702,4.839316202734844e-10,548821043.8441958,52.26461498953632,1.0490811194330589e-08,4.220089602043579e-11,1,1.0490811194330589e-08,1.0490811194330589e-08,1500,0.01387584886550614,11.820124151134493,0.11,0.3,3469911125302822.5,3469911125302822.5,1.0,0,1.7969613283848426e-93,6.235296105101504e-78,0.0,154109232.72086924,both,16.64,0.11548180620286398,0.6211103288658771,355581137.1395967,154109232.72086924,0.17888967113412288,0.11548180620286398,0.6211103288658771,0.6845181937971361,1e-10,5e+23,1.0,157486379.86607143,3936959.9789048326,1,16.506987618029676,0.015391130517819707,16.522378748547496,16.522378748547496,0.0,11.020124151134493,500000000.0,2.5410923272086925,2.123867104426514e-89,0,2.6984712015345784e-80,0.0,5e-10,1.0,3.5558113713870565,1e-08,0,1007554.7819158589,0.0,14.28864347468568,4.172248302268988,59.61576847898419,59.61576847898419,76.1381472380225,-1.9015e-12,-60.52662485784779,-6.052662485784779e-05,2.391950440209095e-12,3.2957855378306545e-22,0.0,5.190658369626494e-13,0.0,0.0,1.872884602916867e-12
4.5,0.16537194979044426,300.0,0.025851999786435535,1.0,1.0,1.0,-1.950965668129058,-0.0003409898871801709,3.1565427839510947,0.03156542783951095,3.569180362325778,2.1077225144166243,0.0,-0.036111111111201626,-0.03472222222230925,0.0,4.33,4.28,4.354,4.354,2.0,1.0,16.64,16.0,0.005291772109038001,0.005291772109038001,4.0,10.0,1.0,1.0,0.11,0.3,0.8,210772251.44166243,356918036.2325778,2.33,3.2800000000000002,0.1350535349557484,0.17922564658696058,3.782346,1.0,0.5108191977257351,0.17922564658696058,1.819180802274265,3.1007743534130396,0.0,0.898008,2.381264,0.167855,0.0,0.898008,2.381264,0.921172802274265,0.7195103534130398,1200000.0,1.0,0.005081676331890702,4.839316202734844e-10,548821043.8441958,52.26461498953632,1.838267783560653e-07,4.275292287103364e-11,1,1.838267783560653e-07,1.838267783560653e-07,1500,0.018865315959314677,12.065134684040684,0.11,0.3,3469911125302822.5,3469911125302822.5,1.0,0,1.6228976140643859e-94,5.631310486269418e-79,0.0,210772251.44166243,both,16.64,0.1350535349557484,0.6207743534130394,356918036.2325778,210772251.44166243,0.17922564658696058,0.1350535349557484,0.6207743534130394,0.6649464650442516,1e-10,5e+23,1.0,157486379.86607143,3936959.9789048326,1,16.785788436229367,0.04487927882663921,16.830667715056006,16.830667715056006,0.0,11.265134684040683,500000000.0,3.1077225144166243,1.7222563399779243e-90,0,2.676147401673084e-81,0.0,5e-10,1.0,3.5691803623168337,1e-08,0,1015145.349178955,0.0,14.28864347468568,4.412269368081371,63.04534391479139,63.04534391479139,79.87601181367417,-2.8518e-12,-90.77561334189342,-9.077561334189341e-05,2.509378919118903e-12,5.7750885641649395e-21,0.0,5.287510204863086e-13,0.0,0.0,1.980627892857506e-12
4.75,0.1745592803343578,300.0,0.025851999786435535,1.0,1.0,1.0,-0.9740425699305575,-0.00017024321414523902,4.106270947667215,0.04106270947667215,3.5499839838312766,2.7523328507430165,0.0,-0.036111111111201626,-0.03472222222230925,0.0,4.33,4.28,4.354,4.354,2.0,1.0,16.64,16.0,0.005291772109038001,0.005291772109038001,4.0,10.0,1.0,1.0,0.11,0.3,0.8,275233285.07430166,354998398.3831276,2.33,3.2800000000000002,0.15432977238144832,0.17874302571467535,3.782346,1.0,0.5837285972478815,0.17874302571467535,1.7462714027521185,3.101256974285325,0.0,0.898008,2.381264,0.167855,0.0,0.898008,2.381264,0.8482634027521184,0.7199929742853253,1200000.0,1.0,0.005081676331890702,4.839316202734844e-10,548821043.8441958,52.26461498953632,3.0848409697655864e-06,4.19621891903999e-11,1,3.0848409697655864e-06,3.0848409697655864e-06,1500,0.02454143794158588,12.309458562058413,0.11,0.3,3469911125302822.5,3469911125302822.5,1.0,0,1.2585694622968595e-95,4.3671241791902645e-80,0.0,275233285.07430166,both,16.64,0.15432977238144832,0.6212569742853247,354998398.3831276,275233285.07430166,0.17874302571467535,0.15432977238144832,0.6212569742853247,0.6456702276185518,1e-10,5e+23,1.0,157486379.86607143,3936959.9789048326,1,16.38671762828991,0.12352643987043803,16.51024406816035,16.51024406816035,0.0,11.509458562058413,500000000.0,3.7523328507430165,1.1937270567636283e-91,0,2.239630624957468e-82,0.0,5e-10,1.0,3.5499839838223806,1e-08,0,1004255.0562236429,0.0,14.28864347468568,4.650917124116829,66.45529661681582,66.45529661681582,82.96554376981713,-4.2229e-12,-134.41908183655295,-0.00013441908183655296,2.6064394280833994e-12,9.691313728108381e-20,0.0,5.186846147350702e-13,0.0,0.0,2.0877547164351924e-12
5.0,0.18374661087827138,300.0,0.025851999786435535,1.0,1.0,1.0,-0.2147469395255412,-3.7533481945545587e-05,4.9007227284693515,0.04900722728469351,3.574800030726702,3.291552228648124,0.0,-0.036111111111201626,-0.03472222222230925,0.0,4.33,4.28,4.354,4.354,2.0,1.0,16.64,16.0,0.005291772109038001,0.005291772109038001,4.0,10.0,1.0,1.0,0.11,0.3,0.8,329155222.8648124,357480003.07267016,2.33,3.2800000000000002,0.1687716957814816,0.17936668632972114,3.782346,1.0,0.6383529484523038,0.17936668632972114,1.6916470515476962,3.1006333136702793,0.0,0.898008,2.381264,0.167855,0.0,0.898008,2.381264,0.7936390515476962,0.7193693136702795,1200000.0,1.0,0.005081676331890702,4.839316202734844e-10,548821043.8441958,52.26461498953632,2.5520048304525262e-05,4.298680573062138e-11,1,2.5520048304525262e-05,2.5520048304525262e-05,1500,0.02928953891315336,12.554710461086845,0.11,0.3,3469911125302822.5,3469911125302822.5,1.0,0,1.280254044208383e-96,4.4423677512126e-81,0.0,329155222.8648124,both,16.64,0.1687716957814816,0.6206333136702789,357480003.07267016,329155222.8648124,0.17936668632972114,0.1687716957814816,0.6206333136702789,0.6312283042185185,1e-10,5e+23,1.0,157486379.86607143,3936959.9789048326,1,16.90419004585,0.2582696397896626,17.162459685639664,17.162459685639664,0.0,11.754710461086844,500000000.0,4.291552228648124,1.1019361576655604e-92,0,2.3645082866287932e-83,0.0,5e-10,1.0,3.5748000307177437,1e-08,0,1018344.5550161136,0.0,14.28864347468568,4.891420922173694,69.89176964155816,69.89176964155816,87.05425484724613,-5.9038e-12,-187.92379060518633,-0.00018792379060518632,2.734890074918421e-12,8.017359627275323e-19,0.0,5.391745726593657e-13,0.0,0.0,2.1957147005230924e-12
5.25,0.19293394142218495,300.0,0.025851999786435535,1.0,1.0,1.0,0.6421145811444104,0.00011222882194085397,5.764787406438026,0.05764787406438025,3.5798846002060403,3.8780200664489506,0.0,-0.036111111111201626,-0.03472222222230925,0.0,4.33,4.28,4.354,4.354,2.0,1.0,16.64,16.0,0.005291772109038001,0.005291772109038001,4.0,10.0,1.0,1.0,0.11,0.3,0.8,387802006.6448951,357988460.020604,2.33,3.2800000000000002,0.18319105542248942,0.17949420091905233,3.782346,1.0,0.6928919557130312,0.17949420091905233,1.6371080442869688,3.100505799080948,0.0,0.898008,2.381264,0.167855,0.0,0.898008,2.381264,0.7391000442869687,0.7192417990809483,1200000.0,1.0,0.005081676331890702,4.839316202734844e-10,548821043.8441958,52.26461498953632,0.0002104245896329155,4.319936126791095e-11,1,0.0002104245896329155,0.0002104245896329155,1500,0.03445368661361902,12.799546313386381,0.11,0.3,3469911125302822.5,3469911125302822.5,1.0,0,1.1994994025259382e-97,4.1621563216188416e-82,0.0,387802006.6448951,both,16.64,0.17949420091905233,0.6168089445775107,357988460.020604,387802006.6448951,0.17949420091905233,0.18319105542248942,0.6205057990809477,0.6168089445775107,1e-10,5e+23,1.0,157486379.86607143,3936959.9789048326,1,17.011938012641714,0.5315170968970938,17.543455109538808,17.543455109538808,0.0,11.99954631338638,500000000.0,4.878020066448951,9.354311974607424e-94,0,2.281526075997936e-84,0.0,5e-10,1.0,3.5798846001970692,1e-08,0,1021243.4729516704,0.0,14.28864347468568,5.131092626772762,73.31635317954444,73.31635317954444,90.86001871367287,-1.24506e-11,-396.3149068919904,-0.0003963149068919904,2.8544516729590586e-12,6.6106834492541435e-18,0.0,5.511438969070945e-13,0.0,0.0,2.303301165368515e-12
5.5,0.20212127196609853,300.0,0.025851999786435535,1.0,1.0,1.0,1.3746911065235095,0.00024026858748906862,6.540175205909182,0.06540175205909182,3.6101042509220767,4.404300121412008,0.0,-0.036111111111201626,-0.03472222222230925,0.0,4.33,4.28,4.354,4.354,2.0,1.0,16.64,16.0,0.005291772109038001,0.005291772109038001,4.0,10.0,1.0,1.0,0.11,0.3,0.8,440430012.1412008,361010425.0922077,2.33,3.2800000000000002,0.19522601590778232,0.18025021032964236,3.782346,1.0,0.7384123403647368,0.18025021032964236,1.5915876596352634,3.099749789670358,0.0,0.898008,2.381264,0.167855,0.0,0.898008,2.381264,0.6935796596352634,0.7184857896703583,1200000.0,1.0,0.005081676331890702,4.839316202734844e-10,548821043.8441958,52.26461498953632,0.0012240672938733685,4.4481325942657004e-11,1,0.0012240672938733685,0.0012240672938733685,1500,0.03908785026329117,13.044912149736708,0.11,0.3,3469911125302822.5,3469911125302822.5,1.0,0,1.319132831129465e-98,4.57727368648834e-83,0.0,440430012.1412008,both,16.64,0.18025021032964236,0.6047739840922177,361010425.0922077,440430012.1412008,0.18025021032964236,0.19522601590778232,0.6197497896703577,0.6047739840922177,1e-10,5e+23,1.0,157486379.86607143,3936959.9789048326,1,17.664644716269578,0.9615293156817449,18.626174031951322,18.626174031951322,0.0,12.244912149736708,500000000.0,5.404300121412008,9.406977223573402e-95,0,2.5419064075738863e-85,0.0,5e-10,1.0,3.61010425091303,1e-08,0,1038557.9307810504,0.0,14.28864347468568,5.371824299473419,76.75608222382884,76.75608222382884,95.38348032307404,-2.90187e-11,-923.6939094201566,-0.0009236939094201566,2.9965604105679603e-12,3.845520817932113e-17,0.0,5.851585150326326e-13,0.0,0.0,2.411363440327148e-12
5.75,0.2113086025100121,300.0,0.025851999786435535,1.0,1.0,1.0,2.429220549569295,0.00042457930176072753,7.5452752059161945,0.07545275205916195,3.5752129626948697,5.08649306229634,0.0,-0.036111111111201626,-0.03472222222230925,0.0,4.33,4.28,4.354,4.354,2.0,1.0,16.64,16.0,0.005291772109038001,0.005291772109038001,4.0,10.0,1.0,1.0,0.11,0.3,0.8,508649306.229634,357521296.26948696,2.33,3.2800000000000002,0.20980144112245455,0.17937704552455913,3.782346,1.0,0.7935416416237515,0.17937704552455913,1.5364583583762486,3.1006229544754413,0.0,0.898008,2.381264,0.167855,0.0,0.898008,2.381264,0.6384503583762485,0.7193589544754415,1200000.0,1.0,0.005081676331890702,4.839316202734844e-10,548821043.8441958,52.26461498953632,0.010326111105654599,4.300403449171484e-11,1,0.010326111105654599,0.010326111105654599,1500,0.04509490620032651,13.288905093799674,0.11,0.3,3469911125302822.5,3469911125302822.5,1.0,0,1.0513811869377993e-99,3.6481992774895565e-84,0.0,508649306.229634,both,16.64,0.17937704552455913,0.5901985588775455,357521296.26948696,508649306.229634,0.17937704552455913,0.20980144112245455,0.6206229544754409,0.5901985588775455,1e-10,5e+23,1.0,157486379.86607143,3936959.9789048326,1,16.912918525159235,1.9514635675719065,18.86438209273114,18.86438209273114,0.0,12.488905093799673,500000000.0,6.08649306229634,6.774774350584045e-96,0,2.061730854172649e-86,0.0,5e-10,1.0,3.57521296268591,1e-08,0,1018579.8304466524,0.0,14.28864347468568,5.609810187599347,80.15657773126667,80.15657773126667,99.03128593510345,-5.5206e-11,-1757.2615576662347,-0.0017572615576662348,3.1111596036927124e-12,3.2440434789676465e-16,0.0,5.9264204197035e-13,0.0,0.0,2.518193157374466e-12
6.0,0.22049593305392565,300.0,0.025851999786435535,1.0,1.0,1.0,3.1670727621197288,0.0005535411522039965,8.324427188418362,0.08324427188418362,3.6043656718599917,5.615327986518114,0.0,-0.036111111111201626,-0.03472222222230925,0.0,4.33,4.28,4.354,4.354,2.0,1.0,16.64,16.0,0.005291772109038001,0.005291772109038001,4.0,10.0,1.0,1.0,0.11,0.3,0.8,561532798.6518114,360436567.18599916,2.33,3.2800000000000002,0.22043817296159782,0.18010689155023427,3.782346,1.0,0.8337734417486077,0.18010689155023427,1.4962265582513923,3.099893108449766,0.0,0.898008,2.381264,0.167855,0.0,0.898008,2.381264,0.5982185582513923,0.718629108449766,1200000.0,1.0,0.005081676331890702,4.839316202734844e-10,548821043.8441958,52.26461498953632,0.048955477285569274,4.423541185255917e-11,1,0.048955477285569274,0.048955477285569274,1500,0.049751566773712085,13.534248433226288,0.11,0.3,3469911125302822.5,3469911125302822.5,1.0,0,1.2054036367675103e-100,4.182643489700066e-85,0.0,561532798.6518114,both,16.64,0.18010689155023427,0.5795618270384022,360436567.18599916,561532798.6518114,0.18010689155023427,0.22043817296159782,0.6198931084497658,0.5795618270384022,1e-10,5e+23,1.0,157486379.86607143,3936959.9789048326,1,17.5390618199283,3.2509205038849593,20.78998232381326,20.78998232381326,0.0,12.734248433226288,500000000.0,6.615327986518114,7.142590913255821e-97,0,2.3625290782355606e-87,0.0,5e-10,1.0,3.6043656718509594,1e-08,0,1035258.7961680833,0.0,14.28864347468568,5.850496866452576,83.59566387450661,83.59566387450661,104.43460167560545,-1.029157e-10,-3275.9084753525144,-0.003275908475352515,3.280909774046584e-12,1.5379816779332644e-15,0.0,6.531365573675339e-13,0.0,0.0,2.6262352350011165e-12
6.25,0.22968326359783922,300.0,0.025851999786435535,1.0,1.0,1.0,4.068726629897664,0.0007111322649907257,9.220451038230895,0.09220451038230895,3.6003915510227174,6.223487518108848,0.0,-0.036111111111201626,-0.03472222222230925,0.0,4.33,4.28,4.354,4.354,2.0,1.0,16.64,16.0,0.005291772109038001,0.005291772109038001,4.0,10.0,1.0,1.0,0.11,0.3,0.8,622348751.8108848,360039155.10227174,2.33,3.2800000000000002,0.23206847598875738,0.18000757255445216,3.782346,1.0,0.8777632718821725,0.18000757255445216,1.4522367281178274,3.099992427445548,0.0,0.898008,2.381264,0.167855,0.0,0.898008,2.381264,0.5542287281178274,0.7187284274455483,1200000.0,1.0,0.005081676331890702,4.839316202734844e-10,548821043.8441958,52.26461498953632,0.26840951663943796,4.406579293967129e-11,1,0.26840951663943796,0.26840951663943796,1500,0.055106720874502135,13.7788932791255,0.11,0.3,3469911125302822.5,3469911125302822.5,1.0,0,1.1889184413564437e-101,4.1254413267404155e-86,0.0,622348751.8108848,both,16.64,0.18000757255445216,0.5679315240112427,360039155.10227174,622348751.8108848,0.18000757255445216,0.23206847598875738,0.6199924274455479,0.5679315240112427,1e-10,5e+23,1.0,157486379.86607143,3936959.9789048326,1,17.45254482982396,5.64996211863862,23.10250694846258,23.10250694846258,0.0,12.978893279125499,500000000.0,7.223487518108849,6.449189580896424e-98,0,2.329282021976148e-88,0.0,5e-10,1.0,3.600391551013695,1e-08,0,1032977.1323327168,0.0,14.28864347468568,6.089786558250996,87.01478896778166,87.01478896778166,110.38570543288367,-1.608126e-10,-5118.824040291945,-0.005118824040291945,3.467869212492743e-12,8.432333656280457e-15,0.0,7.25786661087972e-13,0.0,0.0,2.7336502177484904e-12
6.5,0.2388705941417528,300.0,0.025851999786435535,1.0,1.0,1.0,4.909648224180935,0.0008581085876632851,10.073142638442732,0.10073142638442732,3.6086997706594923,6.802236090799947,0.0,-0.036111111111201626,-0.03472222222230925,0.0,4.33,4.28,4.354,4.354,2.0,1.0,16.64,16.0,0.005291772109038001,0.005291772109038001,4.0,10.0,1.0,1.0,0.11,0.3,0.8,680223609.0799947,360869977.06594926,2.33,3.2800000000000002,0.2426191570127491,0.18021514451545054,3.782346,1.0,0.9176695980505435,0.18021514451545054,1.4123304019494567,3.0997848554845495,0.0,0.898008,2.381264,0.167855,0.0,0.898008,2.381264,0.5143224019494567,0.7185208554845497,1200000.0,1.0,0.005081676331890702,4.839316202734844e-10,548821043.8441958,52.26461498953632,1.2565931373648032,4.442103209467805e-11,1,1.2565931373648032,1.2565931373648032,1500,0.06020289651819624,14.023797103481806,0.11,0.3,3469911125302822.5,3469911125302822.5,1.0,0,1.2787911632922661e-102,4.437291684446773e-87,0.0,680223609.0799947,both,16.64,0.18021514451545054,0.5573808429872509,360869977.06594926,680223609.0799947,0.18021514451545054,0.2426191570127491,0.6197848554845495,0.5573808429872509,1e-10,5e+23,1.0,157486379.86607143,3936959.9789048326,1,17.633837560342624,9.287675956857218,26.92151351719984,26.92151351719984,0.0,13.223797103481806,500000000.0,7.802236090799947,6.383889546967609e-99,0,2.49043067115156e-89,0.0,5e-10,1.0,3.608699770650449,1e-08,0,1037750.0037632193,0.0,14.28864347468568,6.329594206963609,90.44131496273886,90.44131496273886,118.6194216173035,-2.316351e-10,-7373.1742317170965,-0.007373174231717097,3.72653903525991e-12,3.947703768896616e-14,0.0,8.457642908915334e-13,0.0,0.0,2.8412977066794106e-12
6.75,0.24805792468566637,300.0,0.025851999786435535,1.0,1.0,1.0,5.590785565684131,0.0009771578098139294,10.811828772938963,0.10811828772938963,3.649322351048934,7.30360557292008,0.0,-0.036111111111201626,-0.03472222222230925,0.0,4.33,4.28,4.354,4.354,2.0,1.0,16.64,16.0,0.005291772109038001,0.005291772109038001,4.0,10.0,1.0,1.0,0.11,0.3,0.8,730360557.292008,364932235.1048934,2.33,3.2800000000000002,0.2514015172835067,0.18122663307304954,3.782346,1.0,0.9508875232912024,0.18122663307304954,1.3791124767087977,3.0987733669269506,0.0,0.898008,2.381264,0.167855,0.0,0.898008,2.381264,0.48110447670879763,0.7175093669269508,1200000.0,1.0,0.005081676331890702,4.839316202734844e-10,548821043.8441958,52.26461498953632,4.5418341022445645,4.6193503782244165e-11,1,4.5418341022445645,4.5418341022445645,1500,0.06461770989975062,14.269382290100252,0.11,0.3,3469911125302822.5,3469911125302822.5,1.0,0,1.6560671433638647e-103,5.746405805006739e-88,0.0,730360557.292008,both,16.64,0.18122663307304954,0.5485984827164934,364932235.1048934,730360557.292008,0.18122663307304954,0.2514015172835067,0.6187733669269505,0.5485984827164934,1e-10,5e+23,1.0,157486379.86607143,3936959.9789048326,1,18.543878399842384,14.006506389582979,32.550384789425365,32.550384789425365,0.0,13.469382290100251,500000000.0,8.30360557292008,7.67652996388125e-100,0,3.187143849438617e-90,0.0,5e-10,1.0,3.649322351039789,1e-08,0,1061245.0894891026,0.0,14.28864347468568,6.5707645802005,93.88731244257765,93.88731244257765,130.97953133424758,-3.75288e-10,-11945.788056614243,-0.011945788056614242,4.114843334103064e-12,1.426859264943512e-13,0.0,1.0226004972597968e-12,0.0,0.0,2.9495569103489156e-12
7.0,0.2572452552295799,300.0,0.025851999786435535,1.0,1.0,1.0,6.762306853581124,0.001181916365187308,11.900402015929108,0.11900402015929108,3.5907709297744126,8.042454425768813,0.0,-0.036111111111201626,-0.03472222222230925,0.0,4.33,4.28,4.354,4.354,2.0,1.0,16.64,16.0,0.005291772109038001,0.005291772109038001,4.0,10.0,1.0,1.0,0.11,0.3,0.8,804245442.5768813,359077092.97744125,2.33,3.2800000000000002,0.26381139053694563,0.17976691218761284,3.782346,1.0,0.9978259577518541,0.17976691218761284,1.332174042248146,3.1002330878123874,0.0,0.898008,2.381264,0.167855,0.0,0.898008,2.381264,0.43416604224814603,0.7189690878123876,1200000.0,1.0,0.005081676331890702,4.839316202734844e-10,548821043.8441958,52.26461498953632,27.91015577141261,4.365748095240071e-11,1,27.91015577141261,27.91015577141261,1500,0.07112364996756093,14.512876350032439,0.11,0.3,3469911125302822.5,3469911125302822.5,1.0,0,1.3271155518361615e-104,4.6049730178786914e-89,0.0,804245442.5768813,both,16.64,0.17976691218761284,0.5361886094630544,359077092.97744125,804245442.5768813,0.17976691218761284,0.26381139053694563,0.6202330878123872,0.5361886094630544,1e-10,5e+23,1.0,157486379.86607143,3936959.9789048326,1,17.24462730361729,24.926299903292428,42.17092720690972,42.17092720690972,0.0,13.712876350032438,500000000.0,9.042454425768813,5.615256652172493e-101,0,2.5387851183132467e-91,0.0,5e-10,1.0,3.5907709297654145,1e-08,0,1027464.062945626,0.0,14.28864347468568,6.807752700064879,97.27355119505584,97.27355119505584,167.35463417337817,-6.157396e-10,-19599.600199485278,-0.019599600199485277,5.257600892632923e-12,8.768234033201663e-13,0.0,1.324838751082975e-12,0.0,0.0,3.055938738229781e-12
7.25,0.2664325857734935,300.0,0.025851999786435535,1.0,1.0,1.0,7.578903263335745,0.0013246411307650595,12.735737688115776,0.12735737688115775,3.6039986128411408,8.60942298494764,0.0,-0.036111111111201626,-0.03472222222230925,0.0,4.33,4.28,4.354,4.354,2.0,1.0,16.64,16.0,0.005291772109038001,0.005291772109038001,4.0,10.0,1.0,1.0,0.11,0.3,0.8,860942298.494764,360399861.28411406,2.33,3.2800000000000002,0.27295198783685387,0.18009772051320333,3.782346,1.0,1.0323988593867728,0.18009772051320333,1.2976011406132273,3.099902279486797,0.0,0.898008,2.381264,0.167855,0.0,0.898008,2.381264,0.39959314061322726,0.7186382794867971,1200000.0,1.0,0.005081676331890702,4.839316202734844e-10,548821043.8441958,52.26461498953632,106.30689787265707,4.421972205473216e-11,1,106.30689787265707,106.30689787265707,1500,0.07611609659873327,14.75788390340127,0.11,0.3,3469911125302822.5,3469911125302822.5,1.0,0,1.5611171157861209e-105,5.4169376479669155e-90,0.0,860942298.494764,both,16.64,0.18009772051320333,0.5270480121631462,360399861.28411406,860942298.494764,0.18009772051320333,0.27295198783685387,0.6199022794867968,0.5270480121631462,1e-10,5e+23,1.0,157486379.86607143,3936959.9789048326,1,17.53105541612819,38.001306587342285,55.532362003470475,55.532362003470475,0.0,13.95788390340127,500000000.0,9.60942298494764,6.129108149719374e-102,0,2.944859636557163e-92,0.0,5e-10,1.0,3.603998612832109,1e-08,0,1035047.9508968638,0.0,14.28864347468568,7.0477678068025345,100.70304148376884,100.70304148376884,262.5423013598964,-8.639535e-10,-27500.49402530876,-0.027500494025308755,8.24800965208808e-12,3.339729693826599e-12,0.0,1.7446006050659182e-12,0.0,0.0,3.163679353195564e-12
7.5,0.27561991631740707,300.0,0.025851999786435535,1.0,1.0,1.0,8.332345028179699,0.0014563277240188233,13.526012757772012,0.13526012757772013,3.6299985306139915,9.145807497804665,0.0,-0.036111111111201626,-0.03472222222230925,0.0,4.33,4.28,4.354,4.354,2.0,1.0,16.64,16.0,0.005291772109038001,0.005291772109038001,4.0,10.0,1.0,1.0,0.11,0.3,0.8,914580749.7804664,362999853.06139916,2.33,3.2800000000000002,0.2813262562146303,0.18074618234665876,3.782346,1.0,1.064073239888382,0.18074618234665876,1.265926760111618,3.0992538176533415,0.0,0.898008,2.381264,0.167855,0.0,0.898008,2.381264,0.36791876011161795,0.7179898176533417,1200000.0,1.0,0.005081676331890702,4.839316202734844e-10,548821043.8441958,52.26461498953632,361.9658663730679,4.5342941232189734e-11,1,361.9658663730679,361.9658663730679,1500,0.08083923514120306,15.003160764858794,0.11,0.3,3469911125302822.5,3469911125302822.5,1.0,0,1.9939791079730709e-106,6.918930290377157e-91,0.0,914580749.7804664,both,16.64,0.18074618234665876,0.5186737437853697,362999853.06139916,914580749.7804664,0.18074618234665876,0.2813262562146303,0.6192538176533413,0.5186737437853697,1e-10,5e+23,1.0,157486379.86607143,3936959.9789048326,1,18.106044190343976,55.81206054339025,73.91810473373422,73.91810473373422,0.0,14.203160764858794,500000000.0,10.145807497804665,7.296129991950746e-103,0,3.701256518864568e-93,0.0,5e-10,1.0,3.6299985306048943,1e-08,0,1050035.8771330656,0.0,14.28864347468568,7.288321529717592,104.14022786701042,104.14022786701042,540.0241989738126,-1.2674e-09,-40342.59497493363,-0.04034259497493362,1.6965360562568427e-11,1.137149306647895e-11,0.0,2.3222057479878036e-12,0.0,0.0,3.27166174810167e-12
7.75,0.28480724686132064,300.0,0.025851999786435535,1.0,1.0,1.0,9.318581618730315,0.0016287022097612163,14.482386063387713,0.14482386063387712,3.608918615121965,9.794928100666763,0.0,-0.036111111111201626,-0.03472222222230925,0.0,4.33,4.28,4.354,4.354,2.0,1.0,16.64,16.0,0.005291772109038001,0.005291772109038001,4.0,10.0,1.0,1.0,0.11,0.3,0.8,979492810.0666763,360891861.5121965,2.33,3.2800000000000002,0.2911386507607033,0.18022060887810515,3.782346,1.0,1.101187111150143,0.18022060887810515,1.228812888849857,3.099779391121895,0.0,0.898008,2.381264,0.167855,0.0,0.898008,2.381264,0.33080488884985704,0.7185153911218953,1200000.0,1.0,0.005081676331890702,4.839316202734844e-10,548821043.8441958,52.26461498953632,1521.0840559161345,4.443042240436308e-11,1,1521.0840559161345,1521.0840559161345,1500,0.08655507231509701,15.247444927684906,0.11,0.3,3469911125302822.5,3469911125302822.5,1.0,0,2.0606272093021047e-107,7.15019327865908e-92,0.0,979492810.0666763,both,16.64,0.18022060887810515,0.5088613492392968,360891861.5121965,979492810.0666763,0.18022060887810515,0.2911386507607033,0.619779391121895,0.5088613492392968,1e-10,5e+23,1.0,157486379.86607143,3936959.9789048326,1,17.638634840947187,87.36716155917978,105.00579640012697,105.00579640012697,0.0,14.447444927684906,500000000.0,10.794928100666763,6.982114998191335e-104,0,3.768571469803125e-94,0.0,5e-10,1.0,3.608918615112921,1e-08,0,1037875.8733242489,0.0,14.28864347468568,7.526889855369807,107.54904561660763,107.54904561660763,1733.638897932869,-2.0226e-09,-64381.3575795335,-0.06438135757953349,5.446387225723407e-11,4.778626495558695e-11,0.0,3.2988543855498445e-12,0.0,0.0,3.378752916097281e-12
8.0,0.2939945774052342,300.0,0.025851999786435535,1.0,1.0,1.0,10.20820029512024,0.0017841898111327374,15.369822849235595,0.15369822849235595,3.607378460770579,10.397259322219128,0.0,-0.036111111111201626,-0.03472222222230925,0.0,4.33,4.28,4.354,4.354,2.0,1.0,16.64,16.0,0.005291772109038001,0.005291772109038001,4.0,10.0,1.0,1.0,0.11,0.3,0.8,1039725932.2219127,360737846.0770579,2.33,3.2800000000000002,0.299956775818165,0.18018214899512963,3.782346,1.0,1.134540311188733,0.18018214899512963,1.195459688811267,3.099817851004871,0.0,0.898008,2.381264,0.167855,0.0,0.898008,2.381264,0.29745168881126693,0.718553851004871,1200000.0,1.0,0.005081676331890702,4.839316202734844e-10,548821043.8441958,52.26461498953632,5526.654481282916,4.4364372643711073e-11,1,5526.654481282916,5526.654481282916,1500,0.09185890518061675,15.492141094819388,0.11,0.3,3469911125302822.5,3469911125302822.5,1.0,0,2.3911968592326857e-108,8.297240584640663e-93,0.0,1039725932.2219127,both,16.64,0.18018214899512963,0.5000432241818351,360737846.0770579,1039725932.2219127,0.18018214899512963,0.299956775818165,0.6198178510048704,0.5000432241818351,1e-10,5e+23,1.0,157486379.86607143,3936959.9789048326,1,17.604897113679385,130.43790981733457,148.04280693101396,148.04280693101396,0.0,14.692141094819387,500000000.0,11.397259322219128,7.54466323381592e-105,0,4.29942416873062e-95,0.0,5e-10,1.0,3.6073784607615393,1e-08,0,1036990.207492108,0.0,14.28864347468568,7.766282189638768,110.96963733154959,110.96963733154959,5785.666925545479,-3.0518e-09,-97141.81106556924,-0.09714181106556924,1.8176208709411123e-10,1.736249711732752e-10,0.0,4.650901946712856e-12,0.0,0.0,3.486213974123199e-12
8.25,0.3031819079491478,300.0,0.025851999786435535,1.0,1.0,1.0,10.803229116530149,0.001888188981387789,16.04707087725691,0.1604707087725691,3.665415409182899,10.856928831661724,0.0,-0.036111111111201626,-0.03472222222230925,0.0,4.33,4.28,4.354,4.354,2.0,1.0,16.64,16.0,0.005291772109038001,0.005291772109038001,4.0,10.0,1.0,1.0,0.11,0.3,0.8,1085692883.1661725,366541540.9182899,2.33,3.2800000000000002,0.3065157070013112,0.1816257869694336,3.782346,1.0,1.1593484583135814,0.1816257869694336,1.1706515416864187,3.0983742130305667,0.0,0.898008,2.381264,0.167855,0.0,0.898008,2.381264,0.2726435416864187,0.7171102130305669,1200000.0,1.0,0.005081676331890702,4.839316202734844e-10,548821043.8441958,52.26461498953632,14428.488676013018,4.691226426741785e-11,1,14428.488676013018,14428.488676013018,1500,0.0959065290862406,15.738093470913762,0.11,0.3,3469911125302822.5,3469911125302822.5,1.0,0,3.7627224671865687e-109,1.305631255031756e-93,0.0,1085692883.1661725,both,16.64,0.1816257869694336,0.49348429299868884,366541540.9182899,1085692883.1661725,0.1816257869694336,0.3065157070013112,0.6183742130305665,0.49348429299868884,1e-10,5e+23,1.0,157486379.86607143,3936959.9789048326,1,18.91546557809,175.54042285889395,194.45588843698394,194.45588843698394,0.0,14.938093470913762,500000000.0,11.856928831661724,1.118712007854276e-105,0,6.632244330126771e-96,0.0,5e-10,1.0,3.6654154091737134,1e-08,0,1070625.645493208,0.0,14.28864347468568,8.008186941827521,114.42612809040688,114.42612809040688,14737.370692540408,-4.5241e-09,-144006.57560840872,-0.14400657560840874,4.629881550091447e-10,4.532843402696602e-10,0.0,6.109011905609052e-12,0.0,0.0,3.5948028338754695e-12
8.5,0.31236923849306136,300.0,0.025851999786435535,1.0,1.0,1.0,11.830113324910778,0.0020676678600184953,17.032446105905155,0.17032446105905155,3.636115022878246,11.525733950656281,0.0,-0.036111111111201626,-0.03472222222230925,0.0,4.33,4.28,4.354,4.354,2.0,1.0,16.64,16.0,0.005291772109038001,0.005291772109038001,4.0,10.0,1.0,1.0,0.11,0.3,0.8,1152573395.065628,363611502.28782463,2.33,3.2800000000000002,0.3158155676178468,0.18089839553728723,3.782346,1.0,1.1945237489170923,0.18089839553728723,1.1354762510829077,3.099101604462713,0.0,0.898008,2.381264,0.167855,0.0,0.898008,2.381264,0.2374682510829077,0.717837604462713,1200000.0,1.0,0.005081676331890702,4.839316202734844e-10,548821043.8441958,52.26461498953632,56252.226540373245,4.561070203135009e-11,1,56252.226540373245,56252.226540373245,1500,0.10179569843995437,15.98220430156005,0.11,0.3,3469911125302822.5,3469911125302822.5,1.0,0,3.964528595262298e-110,1.375656187928182e-94,0.0,1152573395.065628,both,16.64,0.18089839553728723,0.48418443238215325,363611502.28782463,1152573395.065628,0.18089839553728723,0.3158155676178468,0.6191016044627128,0.48418443238215325,1e-10,5e+23,1.0,157486379.86607143,3936959.9789048326,1,18.243653234598707,267.0358204218353,285.279473656434,285.279473656434,0.0,15.182204301560049,500000000.0,12.52573395065628,1.0965245865558753e-106,0,6.867387620776134e-97,0.0,5e-10,1.0,3.636115022869134,1e-08,0,1053577.447303647,0.0,14.28864347468568,8.246408603120093,117.82999247656377,117.82999247656377,56655.336006506244,-8.7346e-09,-278030.9531860938,-0.2780309531860938,1.7798798738470132e-09,1.7672158164730539e-09,0.0,8.96231898659016e-12,0.0,0.0,3.701738387369134e-12
8.75,0.32155656903697494,300.0,0.025851999786435535,1.0,1.0,1.0,12.72704700865166,0.0022244339787786467,17.925102122091754,0.17925102122091754,3.6330955000513434,12.131607627779132,0.0,-0.036111111111201626,-0.03472222222230925,0.0,4.33,4.28,4.354,4.354,2.0,1.0,16.64,16.0,0.005291772109038001,0.005291772109038001,4.0,10.0,1.0,1.0,0.11,0.3,0.8,1213160762.7779133,363309550.00513434,2.33,3.2800000000000002,0.32401000177927874,0.18082326861218623,3.782346,1.0,1.225517934189848,0.18082326861218623,1.1044820658101522,3.0991767313878142,0.0,0.898008,2.381264,0.167855,0.0,0.898008,2.381264,0.20647406581015215,0.7179127313878144,1200000.0,1.0,0.005081676331890702,4.839316202734844e-10,548821043.8441958,52.26461498953632,186560.2491722323,4.54783479489582e-11,1,186560.2491722323,186560.2491722323,1500,0.10713072442913614,16.22686927557087,0.11,0.3,3469911125302822.5,3469911125302822.5,1.0,0,4.825525997240633e-111,1.674414634326327e-95,0.0,1213160762.7779133,both,16.64,0.18082326861218623,0.4759899982207213,363309550.00513434,1213160762.7779133,0.18082326861218623,0.32401000177927874,0.6191767313878138,0.4759899982207213,1e-10,5e+23,1.0,157486379.86607143,3936959.9789048326,1,18.175607389516003,385.90439259054216,404.0799999800582,404.0799999800582,0.0,15.42686927557087,500000000.0,13.131607627779132,1.2492922066202127e-107,0,8.202607534889505e-98,0.0,5e-10,1.0,3.633095500042239,1e-08,0,1051828.3385900054,0.0,14.28864347468568,8.485738551141731,121.24969277666001,121.24969277666001,187085.578864989,-1.16194e-08,-369856.9891523937,-0.36985698915239373,5.8774668015484335e-09,5.8609630825136626e-09,0.0,1.2694547593999146e-11,0.0,0.0,3.809171440771745e-12
9.0,0.3307438995808885,300.0,0.025851999786435535,1.0,1.0,1.0,13.65951464344835,0.002387410723466012,18.843111479226213,0.18843111479226213,3.6228896813698297,12.754689413769105,0.0,-0.036111111111201626,-0.03472222222230925,0.0,4.33,4.28,4.354,4.354,2.0,1.0,16.64,16.0,0.005291772109038001,0.005291772109038001,4.0,10.0,1.0,1.0,0.11,0.3,0.8,1275468941.3769104,362288968.136983,2.33,3.2800000000000002,0.33222643244723016,0.18056911243312845,3.782346,1.0,1.2565953178610512,0.18056911243312845,1.073404682138949,3.099430887566872,0.0,0.898008,2.381264,0.167855,0.0,0.898008,2.381264,0.17539668213894888,0.7181668875668721,1200000.0,1.0,0.005081676331890702,4.839316202734844e-10,548821043.8441958,52.26461498953632,620720.6315619026,4.503343182996762e-11,1,620720.6315619026,620720.6315619026,1500,0.11261727657219661,16.471382723427805,0.11,0.3,3469911125302822.5,3469911125302822.5,1.0,0,5.7822706150142935e-112,2.006396513654969e-96,0.0,1275468941.3769104,both,16.64,0.18056911243312845,0.4677735675527699,362288968.136983,1275468941.3769104,0.18056911243312845,0.33222643244723016,0.6194308875668716,0.4677735675527699,1e-10,5e+23,1.0,157486379.86607143,3936959.9789048326,1,17.947236794614515,557.520979246042,575.4682160406564,575.4682160406564,0.0,15.671382723427804,500000000.0,13.754689413769105,1.4020824064676644e-108,0,9.642604016736346e-99,0.0,5e-10,1.0,3.6228896813607507,1e-08,0,1045927.2046097857,0.0,14.28864347468568,8.724765446855608,124.66506287037647,124.66506287037647,621420.7648408136,-1.67453e-08,-533019.4537113429,-0.5330194537113428,1.9522509096120506e-08,1.95005137604649e-08,0.0,1.8078867198877505e-11,0.0,0.0,3.916468456728844e-12
9.25,0.33993123012480203,300.0,0.025851999786435535,1.0,1.0,1.0,14.460520564531352,0.0025274105825730526,19.667323396156544,0.19667323396156544,3.6392703451995523,13.314107930850685,0.0,-0.036111111111201626,-0.03472222222230925,0.0,4.33,4.28,4.354,4.354,2.0,1.0,16.64,16.0,0.005291772109038001,0.005291772109038001,4.0,10.0,1.0,1.0,0.11,0.3,0.8,1331410793.0850685,363927034.5199552,2.33,3.2800000000000002,0.339433947933191,0.18097686788563253,3.782346,1.0,1.2838566352293133,0.18097686788563253,1.0461433647706868,3.0990231321143678,0.0,0.898008,2.381264,0.167855,0.0,0.898008,2.381264,0.167855,0.7177591321143679,1200000.0,1.0,0.005081676331890702,4.839316202734844e-10,548821043.8441958,52.26461498953632,830980.5609416369,4.574936119235537e-11,1,830980.5609416369,830980.5609416369,1500,0.11754324124132115,16.71645675875868,0.11,0.3,3469911125302822.5,3469911125302822.5,1.0,0,7.9776543871878e-113,2.768175171192382e-97,0.0,1331410793.0850685,both,16.64,0.18097686788563253,0.46056605206680906,363927034.5199552,1331410793.0850685,0.18097686788563253,0.339433947933191,0.6190231321143675,0.46056605206680906,1e-10,5e+23,1.0,157486379.86607143,3936959.9789048326,1,18.314994468434854,769.1026910577469,787.4176855261818,787.4176855261818,0.0,15.916456758758681,500000000.0,14.314107930850685,1.8220959956057454e-109,0,1.3040839370735738e-99,0.0,5e-10,1.0,3.6392703451904325,1e-08,0,1055406.7727335512,0.0,14.28864347468568,8.96491351751736,128.09645303319587,128.09645303319587,831896.0750801963,-2.59294e-08,-825358.436281398,-0.825358436281398,2.6134785980221278e-08,2.6106024255301722e-08,0.0,2.473745616155731e-11,0.0,0.0,4.024268757999982e-12
9.5,0.3491185606687156,300.0,0.025851999786435535,1.0,1.0,1.0,15.296612796243185,0.0026735428289887675,20.51656926426721,0.20516569264267212,3.648555242835713,13.890517776931908,0.0,-0.036111111111201626,-0.03472222222230925,0.0,4.33,4.28,4.354,4.354,2.0,1.0,16.64,16.0,0.005291772109038001,0.005291772109038001,4.0,10.0,1.0,1.0,0.11,0.3,0.8,1389051777.6931908,364855524.2835713,2.33,3.2800000000000002,0.34670368375509847,0.1812075846399708,3.782346,1.0,1.3113532914363617,0.1812075846399708,1.0186467085636384,3.0987924153600295,0.0,0.898008,2.381264,0.167855,0.0,0.898008,2.381264,0.167855,0.7175284153600296,1200000.0,1.0,0.005081676331890702,4.839316202734844e-10,548821043.8441958,52.26461498953632,830980.5609416369,4.6159479730700265e-11,1,830980.5609416369,830980.5609416369,1500,0.12261882320729599,16.961381176792706,0.11,0.3,3469911125302822.5,3469911125302822.5,1.0,0,1.082045572019715e-113,3.7546019684358655e-98,0.0,1389051777.6931908,both,16.64,0.1812075846399708,0.4532963162449016,364855524.2835713,1389051777.6931908,0.1812075846399708,0.34670368375509847,0.6187924153600293,0.4532963162449016,1e-10,5e+23,1.0,157486379.86607143,3936959.9789048326,1,18.526324658262546,1062.9598947728443,1081.486219431107,1081.486219431107,0.0,16.161381176792705,500000000.0,14.890517776931908,2.3287874185972854e-110,0,1.7338425227659122e-100,0.0,5e-10,1.0,3.64855524282657,1e-08,0,1060798.9769328856,0.0,14.28864347468568,9.204762353585409,131.52356753959054,131.52356753959054,832193.5707286077,-4.13482e-08,-1316154.0835904612,-1.3161540835904613,2.6144132081656522e-08,2.6106024255301722e-08,0.0,3.397589161923365e-11,0.0,0.0,4.131934735562987e-12
9.25,0.33993123012480203,300.0,0.025851999786435535,1.0,1.0,1.0,15.296612796243185,0.0026735428289887675,20.263872071004393,0.20263872071004393,3.4701811794779047,13.719004254472479,0.0,-0.036111111111201626,-0.03472222222230925,0.0,4.33,4.28,4.354,4.354,2.0,1.0,16.64,16.0,0.005291772109038001,0.005291772109038001,4.0,10.0,1.0,1.0,0.11,0.3,0.8,1371900425.4472477,347018117.94779044,2.33,3.2800000000000002,0.344556568991662,0.17672255567789966,3.782346,1.0,1.3032321604993367,0.17672255567789966,1.0267678395006634,3.1032774443221007,0.0,0.898008,2.381264,0.167855,0.0,0.898008,2.381264,0.167855,0.7220134443221009,1200000.0,1.0,0.005081676331890702,4.839316202734844e-10,548821043.8441958,52.26461498953632,830980.5609416369,3.880750613154905e-11,1,830980.5609416369,830980.5609416369,1500,0.12110855937777555,16.712891440622226,0.11,0.3,3469911125302822.5,3469911125302822.5,1.0,0,3.6541891149926423e-113,1.2679711464073445e-97,0.0,1371900425.4472477,both,16.64,0.17672255567789966,0.45544343100833806,347018117.94779044,1371900425.4472477,0.17672255567789966,0.344556568991662,0.6232774443221004,0.45544343100833806,1e-10,5e+23,1.0,157486379.86607143,3936959.9789048326,1,14.814101767793316,966.1645414276043,980.9786431953976,980.9786431953976,0.0,15.912891440622225,500000000.0,14.719004254472477,8.13858359519289e-110,0,5.989592328151203e-100,0.0,5e-10,1.0,3.470181179469209,1e-08,0,959611.711730027,0.0,14.28864347468568,8.957782881244448,127.99456591374457,127.99456591374457,832089.534150746,-3.75224e-08,-1194375.0873342666,-1.1943750873342667,2.614086367616937e-08,2.6106024255301722e-08,0.0,3.081835298791144e-11,0.0,0.0,4.0210678797403454e-12
9.0,0.3307438995808885,300.0,0.025851999786435535,1.0,1.0,1.0,15.296612796243185,0.0026735428289887675,20.01117487774158,0.2001117487774158,3.2918071161201,13.547490732013053,0.0,-0.036111111111201626,-0.03472222222230925,0.0,4.33,4.28,4.354,4.354,2.0,1.0,16.64,16.0,0.005291772109038001,0.005291772109038001,4.0,10.0,1.0,1.0,0.11,0.3,0.8,1354749073.2013052,329180711.61201,2.33,3.2800000000000002,0.3423959902528892,0.17212069788263276,3.782346,1.0,1.2950601041490544,0.17212069788263276,1.0349398958509457,3.1078793021173676,0.0,0.898008,2.381264,0.167855,0.0,0.898008,2.381264,0.167855,0.7266153021173678,1200000.0,1.0,0.005081676331890702,4.839316202734844e-10,548821043.8441958,52.26461498953632,830980.5609416369,3.2479394655228465e-11,1,830980.5609416369,830980.5609416369,1500,0.11959829554825518,16.464401704451745,0.11,0.3,3469911125302822.5,3469911125302822.5,1.0,0,1.242238585367052e-112,4.310457487645574e-97,0.0,1354749073.2013052,both,16.64,0.17212069788263276,0.45760400974711085,329180711.61201,1354749073.2013052,0.17212069788263276,0.3423959902528892,0.6278793021173673,0.45760400974711085,1e-10,5e+23,1.0,157486379.86607143,3936959.9789048326,1,11.761148810969695,877.5891417724636,889.3502905834332,889.3502905834332,0.0,15.664401704451745,500000000.0,14.54749073201305,2.86469080611431e-109,0,2.083703147601546e-99,0.0,5e-10,1.0,3.291807116111851,1e-08,0,863495.3418612693,0.0,14.28864347468568,8.710803408903491,124.46556428789864,124.46556428789864,831994.3767965082,-3.06008e-08,-974053.7165132941,-0.9740537165132941,2.6137874219719286e-08,2.6106024255301722e-08,0.0,2.7939763393648618e-11,0.0,0.0,3.910201023917705e-12
8.75,0.32155656903697494,300.0,0.025851999786435535,1.0,1.0,1.0,15.296612796243185,0.0026735428289887675,19.758477684478766,0.19758477684478767,3.113433052762292,13.375977209553618,0.0,-0.036111111111201626,-0.03472222222230925,0.0,4.33,4.28,4.354,4.354,2.0,1.0,16.64,16.0,0.005291772109038001,0.005291772109038001,4.0,10.0,1.0,1.0,0.11,0.3,0.8,1337597720.9553618,311343305.2762292,2.33,3.2800000000000002,0.3402216910298448,0.1673923761522033,3.782346,1.0,1.2868361521799694,0.1673923761522033,1.0431638478200307,3.112607623847797,0.0,0.898008,2.381264,0.167855,0.0,0.898008,2.381264,0.167855,0.7313436238477973,1200000.0,1.0,0.005081676331890702,4.839316202734844e-10,548821043.8441958,52.26461498953632,830980.5609416369,2.7050519951463726e-11,1,830980.5609416369,830980.5609416369,1500,0.11808803171873476,16.21591196828127,0.11,0.3,3469911125302822.5,3469911125302822.5,1.0,0,4.25146433427397e-112,1.4752203392325405e-96,0.0,1337597720.9553618,both,16.64,0.1673923761522033,0.45977830897015526,311343305.2762292,1337597720.9553618,0.1673923761522033,0.3402216910298448,0.6326076238477968,0.45977830897015526,1e-10,5e+23,1.0,157486379.86607143,3936959.9789048326,1,9.26451284746151,796.5834504424031,805.8479632898647,805.8479632898647,0.0,15.415911968281268,500000000.0,14.375977209553618,1.0157220340295757e-108,0,7.300998406225312e-99,0.0,5e-10,1.0,3.11343305275449,1e-08,0,772449.8673266097,0.0,14.28864347468568,8.46382393656253,120.93656266205267,120.93656266205267,831907.3454675887,-2.42547e-08,-772051.0796421987,-0.7720510796421988,2.613514004988363e-08,2.6106024255301722e-08,0.0,2.5316460413817362e-11,0.0,0.0,3.799334168095064e-12
8.5,0.31236923849306136,300.0,0.025851999786435535,1.0,1.0,1.0,15.296612796243185,0.0026735428289887675,19.505780491215955,0.19505780491215954,2.9350589894044874,13.20446368709419,0.0,-0.036111111111201626,-0.03472222222230925,0.0,4.33,4.28,4.354,4.354,2.0,1.0,16.64,16.0,0.005291772109038001,0.005291772109038001,4.0,10.0,1.0,1.0,0.11,0.3,0.8,1320446368.709419,293505898.94044876,2.33,3.2800000000000002,0.3380334065638451,0.1625265533633102,3.782346,1.0,1.2785593031831333,0.1625265533633102,1.0514406968168668,3.1174734466366902,0.0,0.898008,2.381264,0.167855,0.0,0.898008,2.381264,0.167855,0.7362094466366904,1200000.0,1.0,0.005081676331890702,4.839316202734844e-10,548821043.8441958,52.26461498953632,830980.5609416369,2.240956323471469e-11,1,830980.5609416369,830980.5609416369,1500,0.11657776788921435,15.967422232110788,0.11,0.3,3469911125302822.5,3469911125302822.5,1.0,0,1.4650221988778841e-111,5.083496826701974e-96,0.0,1320446368.709419,both,16.64,0.1625265533633102,0.4619665934361549,293505898.94044876,1320446368.709419,0.1625265533633102,0.3380334065638451,0.6374734466366898,0.4619665934361549,1e-10,5e+23,1.0,157486379.86607143,3936959.9789048326,1,7.235318695201977,722.5451077096806,729.7804264048825,729.7804264048825,0.0,15.167422232110788,500000000.0,14.20446368709419,3.6282764679207406e-108,0,2.5768860667659263e-98,0.0,5e-10,1.0,2.935058989397132,1e-08,0,686475.2881260515,0.0,14.28864347468568,8.216844464221571,117.4075610362067,117.4075610362067,831827.748929078,-1.87059e-08,-595427.2899965369,-0.595427289996537,2.6132639450877266e-08,2.6106024255301722e-08,0.0,2.292672826327206e-11,0.0,0.0,3.688467312272423e-12
8.25,0.3031819079491478,300.0,0.025851999786435535,1.0,1.0,1.0,15.296612796243185,0.0026735428289887675,19.253083297953143,0.19253083297953144,2.7566849260466806,13.032950164634764,0.0,-0.036111111111201626,-0.03472222222230925,0.0,4.33,4.28,4.354,4.354,2.0,1.0,16.64,16.0,0.005291772109038001,0.005291772109038001,4.0,10.0,1.0,1.0,0.11,0.3,0.8,1303295016.4634764,275668492.6046681,2.33,3.2800000000000002,0.33583086347015284,0.15751048696018022,3.782346,1.0,1.2702285231228787,0.15751048696018022,1.0597714768771214,3.1224895130398203,0.0,0.898008,2.381264,0.167855,0.0,0.898008,2.381264,0.167855,0.7412255130398204,1200000.0,1.0,0.005081676331890702,4.839316202734844e-10,548821043.8441958,52.26461498953632,830980.5609416369,1.8457258103906248e-11,1,830980.5609416369,830980.5609416369,1500,0.11506750405969396,15.718932495940308,0.11,0.3,3469911125302822.5,3469911125302822.5,1.0,0,5.083657725694967e-111,1.763984049962061e-95,0.0,1303295016.4634764,both,16.64,0.15751048696018022,0.4641691365298472,275668492.6046681,1303295016.4634764,0.15751048696018022,0.33583086347015284,0.6424895130398198,0.4641691365298472,1e-10,5e+23,1.0,157486379.86607143,3936959.9789048326,1,5.597083111023612,654.9163570069381,660.5134401179617,660.5134401179617,0.0,14.918932495940307,500000000.0,14.032950164634764,1.3059196688141722e-107,0,9.162952815742808e-98,0.0,5e-10,1.0,2.7566849260397728,1e-08,0,605571.6042595924,0.0,14.28864347468568,7.9698649918806135,113.87855941036077,113.87855941036077,831754.9529411652,-1.49223e-08,-474991.5614600379,-0.4749915614600379,2.6130352497468888e-08,2.6106024255301722e-08,0.0,2.0750641710719105e-11,0.0,0.0,3.577600456449782e-12
8.0,0.2939945774052342,300.0,0.025851999786435535,1.0,1.0,1.0,15.296612796243185,0.0026735428289887675,19.000386104690328,0.19000386104690328,2.5783108626888747,12.861436642175331,0.0,-0.036111111111201626,-0.03472222222230925,0.0,4.33,4.28,4.354,4.354,2.0,1.0,16.64,16.0,0.005291772109038001,0.005291772109038001,4.0,10.0,1.0,1.0,0.11,0.3,0.8,1286143664.217533,257831086.26888746,2.33,3.2800000000000002,0.3336137793393118,0.15232933550931443,3.782346,1.0,1.2618427438289286,0.15232933550931443,1.0681572561710715,3.1276706644906858,0.0,0.898008,2.381264,0.167855,0.0,0.898008,2.381264,0.17014925617107146,0.7464066644906859,1200000.0,1.0,0.005081676331890702,4.839316202734844e-10,548821043.8441958,52.26461498953632,760412.1669206109,1.5105241457084894e-11,1,760412.1669206109,760412.1669206109,1500,0.11355724023017355,15.470442759769828,0.11,0.3,3469911125302822.5,3469911125302822.5,1.0,0,1.7766050164609723e-110,6.164661511886732e-95,0.0,1286143664.217533,both,16.64,0.15232933550931443,0.46638622066068824,257831086.26888746,1286143664.217533,0.15232933550931443,0.3336137793393118,0.6476706644906856,0.46638622066068824,1e-10,5e+23,1.0,157486379.86607143,3936959.9789048326,1,4.284206434468706,593.1809719731085,597.4651784075772,597.4651784075772,0.0,14.670442759769827,500000000.0,13.861436642175331,4.736826620525981e-107,0,3.282961104269519e-97,0.0,5e-10,1.0,2.578310862682413,1e-08,0,529738.8157272326,0.0,14.28864347468568,7.722885519539653,110.34955778451479,110.34955778451479,761119.981656803,-1.10291e-08,-351067.15657096455,-0.35106715657096454,2.3911289428734108e-08,2.388905277298087e-08,0.0,1.87699221526096e-11,0.0,0.0,3.4667336006271404e-12
7.75,0.28480724686132064,300.0,0.025851999786435535,1.0,1.0,1.0,15.296612796243185,0.0026735428289887675,18.747688911427517,0.18747688911427518,2.399936799331068,12.689923119715903,0.0,-0.036111111111201626,-0.03472222222230925,0.0,4.33,4.28,4.354,4.354,2.0,1.0,16.64,16.0,0.005291772109038001,0.005291772109038001,4.0,10.0,1.0,1.0,0.11,0.3,0.8,1268992311.9715903,239993679.93310678,2.33,3.2800000000000002,0.331381862314475,0.14696564023942968,3.782346,1.0,1.2534008613977052,0.14696564023942968,1.0765991386022948,3.1330343597605705,0.0,0.898008,2.381264,0.167855,0.0,0.898008,2.381264,0.1785911386022948,0.7517703597605707,1200000.0,1.0,0.005081676331890702,4.839316202734844e-10,548821043.8441958,52.26461498953632,548569.5208997029,1.2275001592637375e-11,1,548569.5208997029,548569.5208997029,1500,0.11204697640065316,15.22195302359935,0.11,0.3,3469911125302822.5,3469911125302822.5,1.0,0,6.253826772540663e-110,2.170022309375549e-94,0.0,1268992311.9715903,both,16.64,0.14696564023942968,0.46861813768552507,239993679.93310678,1268992311.9715903,0.14696564023942968,0.331381862314475,0.6530343597605703,0.46861813768552507,1e-10,5e+23,1.0,157486379.86607143,3936959.9789048326,1,3.2406251718778223,536.8613805580976,540.1020057299754,540.1020057299754,0.0,14.421953023599348,500000000.0,13.689923119715903,1.7317293915385165e-106,0,1.1853621117157345e-96,0.0,5e-10,1.0,2.399936799325054,1e-08,0,458976.9225289727,0.0,14.28864347468568,7.475906047198695,106.82055615866885,106.82055615866885,549216.4434615915,-8.439e-09,-268621.71295050095,-0.26862171295050097,1.72541434400965e-08,1.7233819768417794e-08,0.0,1.6967804933904033e-11,0.0,0.0,3.3558667448045004e-12
7.5,0.27561991631740707,300.0,0.025851999786435535,1.0,1.0,1.0,15.296612796243185,0.0026735428289887675,18.494991718164698,0.184949917181647,2.2215627359732597,12.518409597256474,0.0,-0.036111111111201626,-0.03472222222230925,0.0,4.33,4.28,4.354,4.354,2.0,1.0,16.64,16.0,0.005291772109038001,0.005291772109038001,4.0,10.0,1.0,1.0,0.11,0.3,0.8,1251840959.7256474,222156273.59732598,2.33,3.2800000000000002,0.3291348106429344,0.14139862929060396,3.782346,1.0,1.2449017344960602,0.14139862929060396,1.0850982655039398,3.1386013707093965,0.0,0.898008,2.381264,0.167855,0.0,0.898008,2.381264,0.1870902655039398,0.7573373707093967,1200000.0,1.0,0.005081676331890702,4.839316202734844e-10,548821043.8441958,52.26461498953632,394868.62389163097,9.89691611718446e-12,1,394868.62389163097,394868.62389163097,1500,0.11053671257113273,14.973463287428869,0.11,0.3,3469911125302822.5,3469911125302822.5,1.0,0,2.217690947992934e-109,7.695190492924045e-94,0.0,1251840959.7256474,both,16.64,0.14139862929060396,0.47086518935706567,222156273.59732598,1251840959.7256474,0.14139862929060396,0.3291348106429344,0.6586013707093961,0.47086518935706567,1e-10,5e+23,1.0,157486379.86607143,3936959.9789048326,1,2.4186103684222253,485.51597441408717,487.9345847825094,487.9345847825094,0.0,14.173463287428868,500000000.0,13.518409597256474,6.382091251155382e-106,0,4.3137861810092744e-96,0.0,5e-10,1.0,2.2215627359676926,1e-08,0,393285.9246648117,0.0,14.28864347468568,7.228926574857733,103.29155453282286,103.29155453282286,395459.8500309463,-6.5918e-09,-209823.51077463114,-0.20982351077463113,1.2423737596469424e-08,1.240516367951059e-08,0.0,1.5328917069851175e-11,0.0,0.0,3.244999888981858e-12
7.25,0.2664325857734935,300.0,0.025851999786435535,1.0,1.0,1.0,15.296612796243185,0.0026735428289887675,18.242294524901887,0.18242294524901886,2.0431886726154547,12.346896074797046,0.0,-0.036111111111201626,-0.03472222222230925,0.0,4.33,4.28,4.354,4.354,2.0,1.0,16.64,16.0,0.005291772109038001,0.005291772109038001,4.0,10.0,1.0,1.0,0.11,0.3,0.8,1234689607.4797046,204318867.26154548,2.33,3.2800000000000002,0.32687231219990304,0.13560326441327966,3.782346,1.0,1.2363441825600545,0.13560326441327966,1.0936558174399456,3.1443967355867204,0.0,0.898008,2.381264,0.167855,0.0,0.898008,2.381264,0.19564781743994553,0.7631327355867206,1200000.0,1.0,0.005081676331890702,4.839316202734844e-10,548821043.8441958,52.26461498953632,283590.7629541219,7.909372770196611e-12,1,283590.7629541219,283590.7629541219,1500,0.10902644874161233,14.724973551258389,0.11,0.3,3469911125302822.5,3469911125302822.5,1.0,0,7.923522103841815e-109,2.7493917499703543e-93,0.0,1234689607.4797046,both,16.64,0.13560326441327966,0.473127687800097,204318867.26154548,1234689607.4797046,0.13560326441327966,0.32687231219990304,0.6643967355867204,0.473127687800097,1e-10,5e+23,1.0,157486379.86607143,3936959.9789048326,1,1.777697884317028,438.7365924573256,440.51429034164266,440.51429034164266,0.0,13.924973551258388,500000000.0,13.346896074797046,2.37141648341437e-105,0,1.5825524677096132e-95,0.0,5e-10,1.0,2.0431886726103348,1e-08,0,332665.8221347516,0.0,14.28864347468568,6.981947102516776,99.76255290697692,99.76255290697692,284131.03979737055,-5.2496e-09,-167099.95785104274,-0.16709995785104276,8.926239872842486e-09,8.90926657522594e-09,0.0,1.3839164583386258e-11,0.0,0.0,3.1341330331592177e-12
7.0,0.2572452552295799,300.0,0.025851999786435535,1.0,1.0,1.0,15.296612796243185,0.0026735428289887675,17.989597331639075,0.17989597331639076,1.864814609257647,12.175382552337613,0.0,-0.036111111111201626,-0.03472222222230925,0.0,4.33,4.28,4.354,4.354,2.0,1.0,16.64,16.0,0.005291772109038001,0.005291772109038001,4.0,10.0,1.0,1.0,0.11,0.3,0.8,1217538255.2337613,186481460.9257647,2.33,3.2800000000000002,0.3245940439824204,0.12954890302049651,3.782346,1.0,1.2277269838807319,0.12954890302049651,1.1022730161192682,3.150451096979504,0.0,0.898008,2.381264,0.167855,0.0,0.898008,2.381264,0.20426501611926817,0.769187096979504,1200000.0,1.0,0.005081676331890702,4.839316202734844e-10,548821043.8441958,52.26461498953632,203202.71889560774,6.2579667237722664e-12,1,203202.71889560774,203202.71889560774,1500,0.10751618491209193,14.47648381508791,0.11,0.3,3469911125302822.5,3469911125302822.5,1.0,0,2.852736034837109e-108,9.898740504833545e-93,0.0,1217538255.2337613,both,16.64,0.12954890302049651,0.4754059560175796,186481460.9257647,1217538255.2337613,0.12954890302049651,0.3245940439824204,0.6704510969795036,0.4754059560175796,1e-10,5e+23,1.0,157486379.86607143,3936959.9789048326,1,1.2837378649802194,396.1461681060105,397.4299059709907,397.4299059709907,0.0,13.67648381508791,500000000.0,13.175382552337613,8.88563576097963e-105,0,5.8535825185819074e-95,0.0,5e-10,1.0,1.8648146092529738,1e-08,0,277116.6149387902,0.0,14.28864347468568,6.734967630175815,96.23355128113093,96.23355128113093,203696.38235285986,-4.0049e-09,-127479.92631774631,-0.1274799263177463,6.399310583625622e-09,6.383801688719132e-09,0.0,1.2485628729153467e-11,0.0,0.0,3.0232661773365757e-12
6.75,0.24805792468566637,300.0,0.025851999786435535,1.0,1.0,1.0,15.296612796243185,0.0026735428289887675,17.736900138376264,0.17736900138376263,1.686440545899842,12.003869029878187,0.0,-0.036111111111201626,-0.03472222222230925,0.0,4.33,4.28,4.354,4.354,2.0,1.0,16.64,16.0,0.005291772109038001,0.005291772109038001,4.0,10.0,1.0,1.0,0.11,0.3,0.8,1200386902.9878187,168644054.5899842,2.33,3.2800000000000002,0.32229967157105843,0.12319736696898279,3.782346,1.0,1.2190488735681067,0.12319736696898279,1.1109511264318934,3.1568026330310173,0.0,0.898008,2.381264,0.167855,0.0,0.898008,2.381264,0.2129431264318934,0.7755386330310174,1200000.0,1.0,0.005081676331890702,4.839316202734844e-10,548821043.8441958,52.26461498953632,145259.20996443185,4.894768314502899e-12,1,145259.20996443185,145259.20996443185,1500,0.10600592108257154,14.22799407891743,0.11,0.3,3469911125302822.5,3469911125302822.5,1.0,0,1.0351354823376167e-107,3.591828126359e-92,0.0,1200386902.9878187,both,16.64,0.12319736696898279,0.4777003284289416,168644054.5899842,1200386902.9878187,0.12319736696898279,0.32229967157105843,0.6768026330310173,0.4777003284289416,1e-10,5e+23,1.0,157486379.86607143,3936959.9789048326,1,0.9080517799874568,357.3965302892657,358.3045820692531,358.3045820692531,0.0,13.427994078917429,500000000.0,13.003869029878187,3.3580083672174906e-104,0,2.1833550504265672e-94,0.0,5e-10,1.0,1.686440545895616,1e-08,0,226638.30307692935,0.0,14.28864347468568,6.487988157834858,92.704549655285,92.704549655285,145710.2190961564,-2.8406e-09,-90419.10626936756,-0.09041910626936757,4.577621538654442e-09,4.5634526689051645e-09,0.0,1.1256470427763269e-11,0.0,0.0,2.9123993215139358e-12
6.5,0.2388705941417528,300.0,0.025851999786435535,1.0,1.0,1.0,15.296612796243185,0.0026735428289887675,17.484202945113445,0.17484202945113445,1.5080664825420338,11.832355507418754,0.0,-0.036111111111201626,-0.03472222222230925,0.0,4.33,4.28,4.354,4.354,2.0,1.0,16.64,16.0,0.005291772109038001,0.005291772109038001,4.0,10.0,1.0,1.0,0.11,0.3,0.8,1183235550.7418754,150806648.25420338,2.33,3.2800000000000002,0.31998884855688753,0.11650006086850934,3.782346,1.0,1.2103085413837493,0.11650006086850934,1.1196914586162507,3.163499939131491,0.0,0.898008,2.381264,0.167855,0.0,0.898008,2.381264,0.22168345861625072,0.7822359391314913,1200000.0,1.0,0.005081676331890702,4.839316202734844e-10,548821043.8441958,52.26461498953632,103588.74214035748,3.777655492470114e-12,1,103588.74214035748,103588.74214035748,1500,0.10449565725305113,13.97950434274695,0.11,0.3,3469911125302822.5,3469911125302822.5,1.0,0,3.7861139376842095e-107,1.3137478874034515e-91,0.0,1183235550.7418754,both,16.64,0.11650006086850934,0.4800111514431125,150806648.25420338,1183235550.7418754,0.11650006086850934,0.31998884855688753,0.6834999391314907,0.4800111514431125,1e-10,5e+23,1.0,157486379.86607143,3936959.9789048326,1,0.6266864087162958,322.1663488805746,322.7930352892909,322.7930352892909,0.0,13.179504342746949,500000000.0,12.832355507418754,1.2801689105119846e-103,0,8.213791284617366e-94,0.0,5e-10,1.0,1.5080664825382548,1e-08,0,181230.88654916725,0.0,14.28864347468568,6.241008685493896,89.17554802943901,89.17554802943901,104000.71072367621,-2.1706e-09,-69092.3438950536,-0.0690923438950536,3.267278687776184e-09,3.254336313027545e-09,0.0,1.0140842282947872e-11,0.0,0.0,2.8015324656912938e-12
6.25,0.22968326359783922,300.0,0.025851999786435535,1.0,1.0,1.0,15.296612796243185,0.0026735428289887675,17.231505751850637,0.17231505751850637,1.3296924191842292,11.660841984959328,0.0,-0.036111111111201626,-0.03472222222230925,0.0,4.33,4.28,4.354,4.354,2.0,1.0,16.64,16.0,0.005291772109038001,0.005291772109038001,4.0,10.0,1.0,1.0,0.11,0.3,0.8,1166084198.4959328,132969241.91842292,2.33,3.2800000000000002,0.31766121593092433,0.10939349677491154,3.782346,1.0,1.201504629431468,0.10939349677491154,1.128495370568532,3.1706065032250885,0.0,0.898008,2.381264,0.167855,0.0,0.898008,2.381264,0.23048737056853208,0.7893425032250887,1200000.0,1.0,0.005081676331890702,4.839316202734844e-10,548821043.8441958,52.26461498953632,73690.81304396773,2.8697054803790385e-12,1,73690.81304396773,73690.81304396773,1500,0.10298539342353073,13.73101460657647,0.11,0.3,3469911125302822.5,3469911125302822.5,1.0,0,1.3961179123811102e-106,4.8444050764057656e-91,0.0,1166084198.4959328,both,16.64,0.10939349677491154,0.4823387840690757,132969241.91842292,1166084198.4959328,0.10939349677491154,0.31766121593092433,0.6906065032250885,0.4823387840690757,1e-10,5e+23,1.0,157486379.86607143,3936959.9789048326,1,0.4197550780915677,290.15921573820356,290.5789708162951,290.5789708162951,0.0,12.93101460657647,500000000.0,12.660841984959328,4.924109551347969e-103,0,3.1171686473122804e-93,0.0,5e-10,1.0,1.329692419180897,1e-08,0,140894.3653555057,0.0,14.28864347468568,5.994029213152939,85.64654640359308,85.64654640359308,74067.03856118761,-1.6734e-09,-53265.97635399553,-0.05326597635399553,2.3268846421697896e-09,2.3150651689598797e-09,0.0,9.128807600041558e-12,0.0,0.0,2.6906656098686534e-12
6.0,0.22049593305392565,300.0,0.025851999786435535,1.0,1.0,1.0,15.296612796243185,0.0026735428289887675,16.978808558587822,0.1697880855858782,1.1513183558264226,11.4893284624999,0.0,-0.036111111111201626,-0.03472222222230925,0.0,4.33,4.28,4.354,4.354,2.0,1.0,16.64,16.0,0.005291772109038001,0.005291772109038001,4.0,10.0,1.0,1.0,0.11,0.3,0.8,1148932846.24999,115131835.58264226,2.33,3.2800000000000002,0.3153164014330114,0.10179199423785136,3.782346,1.0,1.192635729694545,0.10179199423785136,1.1373642703054552,3.1782080057621487,0.0,0.898008,2.381264,0.167855,0.0,0.898008,2.381264,0.23935627030545514,0.7969440057621489,1200000.0,1.0,0.005081676331890702,4.839316202734844e-10,548821043.8441958,52.26461498953632,52290.451304812515,2.138640096161576e-12,1,52290.451304812515,52290.451304812515,1500,0.10147512959401032,13.48252487040599,0.11,0.3,3469911125302822.5,3469911125302822.5,1.0,0,5.19106090603774e-106,1.8012519989984904e-90,0.0,1148932846.24999,both,16.64,0.10179199423785136,0.48468359856698867,115131835.58264226,1148932846.24999,0.10179199423785136,0.3153164014330114,0.6982080057621487,0.48468359856698867,1e-10,5e+23,1.0,157486379.86607143,3936959.9789048326,1,0.27085731727954115,261.1018530361162,261.37271035339575,261.37271035339575,0.0,12.68252487040599,500000000.0,12.4893284624999,1.9113885771852376e-102,0,1.1935979879968387e-92,0.0,5e-10,1.0,1.1513183558235374,1e-08,0,105628.73949594337,0.0,14.28864347468568,5.747049740811981,82.11754477774714,82.11754477774714,52633.94155994366,-1.2556e-09,-39966.98930923676,-0.03996698930923676,1.6535440413419352e-09,1.6427529767209384e-09,0.0,8.21126586695081e-12,0.0,0.0,2.5797987540460135e-12
5.75,0.2113086025100121,300.0,0.025851999786435535,1.0,1.0,1.0,15.296612796243185,0.0026735428289887675,16.72611136532501,0.1672611136532501,0.9729442924686161,11.317814940040469,0.0,-0.036111111111201626,-0.03472222222230925,0.0,4.33,4.28,4.354,4.354,2.0,1.0,16.64,16.0,0.005291772109038001,0.005291772109038001,4.0,10.0,1.0,1.0,0.11,0.3,0.8,1131781494.004047,97294429.2468616,2.33,3.2800000000000002,0.3129540188567876,0.09357501293184495,3.782346,1.0,1.1837003814068952,0.09357501293184495,1.146299618593105,3.1864249870681554,0.0,0.898008,2.381264,0.167855,0.0,0.898008,2.381264,0.2482916185931049,0.8051609870681555,1200000.0,1.0,0.005081676331890702,4.839316202734844e-10,548821043.8441958,52.26461498953632,37009.6642769825,1.5563185519725755e-12,1,37009.6642769825,37009.6642769825,1500,0.09996486576448993,13.234035134235508,0.11,0.3,3469911125302822.5,3469911125302822.5,1.0,0,1.9465796323492515e-105,6.754458322576546e-90,0.0,1131781494.004047,both,16.64,0.09357501293184495,0.48704598114321246,97294429.2468616,1131781494.004047,0.09357501293184495,0.3129540188567876,0.7064249870681552,0.48704598114321246,1e-10,5e+23,1.0,157486379.86607143,3936959.9789048326,1,0.16656889632060615,234.7424410436022,234.9090099399228,234.9090099399228,0.0,12.434035134235508,500000000.0,12.317814940040469,7.488941680884127e-102,0,4.6123698860943144e-92,0.0,5e-10,1.0,0.9729442924661781,1e-08,0,75434.00897048078,0.0,14.28864347468568,5.5000702684710205,78.58854315190116,78.58854315190116,37323.16183007432,-9.446192e-10,-30068.163003902337,-0.030068163003902335,1.1725417101410448e-09,1.1626928940439283e-09,0.0,7.379884198893133e-12,0.0,0.0,2.4689318982233715e-12
5.5,0.20212127196609853,300.0,0.025851999786435535,1.0,1.0,1.0,15.296612796243185,0.0026735428289887675,16.4734141720622,0.16473414172062198,0.7945702291108098,11.14630141758104,0.0,-0.036111111111201626,-0.03472222222230925,0.0,4.33,4.28,4.354,4.354,2.0,1.0,16.64,16.0,0.005291772109038001,0.005291772109038001,4.0,10.0,1.0,1.0,0.11,0.3,0.8,1114630141.7581038,79457022.91108097,2.33,3.2800000000000002,0.31057366730707414,0.08456332538087144,3.782346,1.0,1.1746970682442426,0.08456332538087144,1.1553029317557575,3.195436674619129,0.0,0.898008,2.381264,0.167855,0.0,0.898008,2.381264,0.25729493175575746,0.8141726746191291,1200000.0,1.0,0.005081676331890702,4.839316202734844e-10,548821043.8441958,52.26461498953632,26125.592062655032,1.0982692058629821e-12,1,26125.592062655032,26125.592062655032,1500,0.09845460193496954,12.985545398065032,0.11,0.3,3469911125302822.5,3469911125302822.5,1.0,0,7.362911374307865e-105,2.5548648092329555e-89,0.0,1114630141.7581038,both,16.64,0.08456332538087144,0.4894263326929259,79457022.91108097,1114630141.7581038,0.08456332538087144,0.31057366730707414,0.7154366746191286,0.4894263326929259,1e-10,5e+23,1.0,157486379.86607143,3936959.9789048326,1,0.09599498266904535,210.84905796104903,210.94505294371808,210.94505294371808,0.0,12.185545398065031,500000000.0,12.14630141758104,2.962340938834139e-101,0,1.7990742972359724e-91,0.0,5e-10,1.0,0.7945702291088187,1e-08,0,50310.17377911783,0.0,14.28864347468568,5.253090796130062,75.05954152605521,75.05954152605521,26411.596657124803,-6.94736e-10,-22114.133708778198,-0.022114133708778197,8.297447802760003e-10,8.207596809472086e-10,0.0,6.627034286390948e-12,0.0,0.0,2.3580650424007307e-12
5.25,0.19293394142218495,300.0,0.025851999786435535,1.0,1.0,1.0,15.296612796243185,0.0026735428289887675,16.220716978799384,0.16220716978799385,0.6161961657530033,10.974787895121612,0.0,-0.036111111111201626,-0.03472222222230925,0.0,4.33,4.28,4.354,4.354,2.0,1.0,16.64,16.0,0.005291772109038001,0.005291772109038001,4.0,10.0,1.0,1.0,0.11,0.3,0.8,1097478789.5121613,61619616.57530033,2.33,3.2800000000000002,0.3081749304056315,0.07446897980869163,3.782346,1.0,1.1656242153200187,0.07446897980869163,1.1643757846799814,3.2055310201913088,0.0,0.898008,2.381264,0.167855,0.0,0.898008,2.381264,0.26636778467998135,0.8242670201913089,1200000.0,1.0,0.005081676331890702,4.839316202734844e-10,548821043.8441958,52.26461498953632,18392.845401730763,7.432437479037077e-13,1,18392.845401730763,18392.845401730763,1500,0.0969443381054491,12.737055661894551,0.11,0.3,3469911125302822.5,3469911125302822.5,1.0,0,2.809769582301793e-104,9.749650733166456e-89,0.0,1097478789.5121613,both,16.64,0.07446897980869163,0.49182506959436856,61619616.57530033,1097478789.5121613,0.07446897980869163,0.3081749304056315,0.7255310201913084,0.49182506959436856,1e-10,5e+23,1.0,157486379.86607143,3936959.9789048326,1,0.05037994571507423,189.20822484466296,189.25860479037803,189.25860479037803,0.0,11.93705566189455,500000000.0,11.974787895121613,1.1832854889781272e-100,0,7.084796374944168e-91,0.0,5e-10,1.0,0.6161961657514592,1e-08,0,30257.233921854542,0.0,14.28864347468568,5.006111323789103,71.53053990020925,71.53053990020925,18653.634546421352,-5.056253e-10,-16094.5531694645,-0.0160945531694645,5.86021212537861e-10,5.778282799269018e-10,0.0,5.945734424381057e-12,0.0,0.0,2.2471981865780896e-12
5.0,0.18374661087827138,300.0,0.025851999786435535,1.0,1.0,1.0,15.296612796243185,0.0026735428289887675,15.96801978553657,0.15968019785536572,0.43782210239519687,10.803274372662182,0.0,-0.036111111111201626,-0.03472222222230925,0.0,4.33,4.28,4.354,4.354,2.0,1.0,16.64,16.0,0.005291772109038001,0.005291772109038001,4.0,10.0,1.0,1.0,0.11,0.3,0.8,1080327437.2662182,43782210.239519686,2.33,3.2800000000000002,0.30575737544083287,0.06277182415720853,3.782346,1.0,1.1564801859691325,0.06277182415720853,1.1735198140308676,3.217228175842792,0.0,0.898008,2.381264,0.167855,0.0,0.898008,2.381264,0.27551181403086755,0.835964175842792,1200000.0,1.0,0.005081676331890702,4.839316202734844e-10,548821043.8441958,52.26461498953632,12913.262763932085,4.727458209282961e-13,1,12913.262763932085,12913.262763932085,1500,0.0954340742759287,12.488565925724071,0.11,0.3,3469911125302822.5,3469911125302822.5,1.0,0,1.08198491210776e-103,3.754391483932513e-88,0.0,1080327437.2662182,both,16.64,0.06277182415720853,0.4942426245591672,43782210.239519686,1080327437.2662182,0.06277182415720853,0.30575737544083287,0.7372281758427915,0.4942426245591672,1e-10,5e+23,1.0,157486379.86607143,3936959.9789048326,1,0.02276841608580277,169.62354905550785,169.64631747159365,169.64631747159365,0.0,11.68856592572407,500000000.0,11.803274372662182,4.774026041953331e-100,0,2.817456961770481e-90,0.0,5e-10,1.0,0.43782210239409974,1e-08,0,15275.189398690934,0.0,14.28864347468568,4.759131851448143,68.00153827436328,68.00153827436328,13150.910619678043,-3.509725e-10,-11171.801652864047,-0.011171801652864048,4.1314804190796536e-10,4.056821143304367e-10,0.0,5.3295962467732045e-12,0.0,0.0,2.1363313307554484e-12
4.75,0.1745592803343578,300.0,0.025851999786435535,1.0,1.0,1.0,15.296612796243185,0.0026735428289887675,15.715322592273754,0.15715322592273753,0.25944803903738867,10.63176085020275,0.0,-0.036111111111201626,-0.03472222222230925,0.0,4.33,4.28,4.354,4.354,2.0,1.0,16.64,16.0,0.005291772109038001,0.005291772109038001,4.0,10.0,1.0,1.0,0.11,0.3,0.8,1063176085.0202751,25944803.903738867,2.33,3.2800000000000002,0.3033205524563362,0.04832157760565851,3.782346,1.0,1.1472632783010135,0.04832157760565851,1.1827367216989866,3.2316784223943418,0.0,0.898008,2.381264,0.167855,0.0,0.898008,2.381264,0.28472872169898655,0.850414422394342,1200000.0,1.0,0.005081676331890702,4.839316202734844e-10,548821043.8441958,52.26461498953632,9040.631223579028,2.7031754873494853e-13,1,9040.631223579028,9040.631223579028,1500,0.0939238104464083,12.24007618955359,0.11,0.3,3469911125302822.5,3469911125302822.5,1.0,0,4.2052336013940044e-103,1.459178685797431e-87,0.0,1063176085.0202751,both,16.64,0.04832157760565851,0.49667944754366383,25944803.903738867,1063176085.0202751,0.04832157760565851,0.3033205524563362,0.7516784223943416,0.49667944754366383,1e-10,5e+23,1.0,157486379.86607143,3936959.9789048326,1,0.007714931459013907,151.91446004908119,151.9221749805402,151.9221749805402,0.0,11.44007618955359,500000000.0,11.63176085020275,1.945924262551826e-99,0,1.1317262827304994e-89,0.0,5e-10,1.0,0.2594480390367385,1e-08,0,5364.0402096269245,0.0,14.28864347468568,4.5121523791071825,64.4725366485173,64.4725366485173,9257.025935208087,-2.557643e-10,-8141.2305222876885,-0.008141230522287688,2.908180467213991e-10,2.8401980635810383e-10,0.0,4.772775888362482e-12,0.0,0.0,2.025464474932807e-12
4.5,0.16537194979044426,300.0,0.025851999786435535,1.0,1.0,1.0,15.296612796243185,0.0026735428289887675,15.462625399010946,0.15462625399010946,0.08107397567958573,10.460247327743325,0.0,-0.036111111111201626,-0.03472222222230925,0.0,4.33,4.28,4.354,4.354,2.0,1.0,16.64,16.0,0.005291772109038001,0.005291772109038001,4.0,10.0,1.0,1.0,0.11,0.3,0.8,1046024732.7743325,8107397.567958573,2.33,3.2800000000000002,0.30086399327331886,0.02701199393928361,3.782346,1.0,1.1379717215013645,0.02701199393928361,1.1920282784986356,3.2529880060607166,0.0,0.898008,2.381264,0.167855,0.0,0.898008,2.381264,0.29402027849863555,0.8717240060607168,1200000.0,1.0,0.005081676331890702,4.839316202734844e-10,548821043.8441958,52.26461498953632,6311.134998687842,1.1854656950239637e-13,1,6311.134998687842,6311.134998687842,1500,0.09241354661688793,11.991586453383116,0.11,0.3,3469911125302822.5,3469911125302822.5,1.0,0,1.6499476402848217e-102,5.725171673191442e-87,0.0,1046024732.7743325,both,16.64,0.02701199393928361,0.4991360067266812,8107397.567958573,1046024732.7743325,0.02701199393928361,0.30086399327331886,0.7729880060607164,0.4991360067266812,1e-10,5e+23,1.0,157486379.86607143,3936959.9789048326,1,0.001057250502337702,135.91503168199117,135.9160889324935,135.9160889324935,0.0,11.191586453383115,500000000.0,11.460247327743325,8.015354506122914e-99,0,4.5928972529855276e-89,0.0,5e-10,1.0,0.08107397567938257,1e-08,0,523.7863546627541,0.0,14.28864347468568,4.265172906766227,60.943535022671405,60.943535022671405,6507.994622643007,-1.767845e-10,-5627.225407405834,-0.0056272254074058335,2.0445468096097148e-10,1.9827015347691156e-10,0.0,4.2699298649497855e-12,0.0,0.0,1.9145976191101677e-12
4.25,0.15618461924653068,300.0,0.025851999786435535,1.0,1.0,-1.0,15.296612796243185,0.0026735428289887675,15.209928205748131,0.1520992820574813,-0.09730008767822247,10.288733805283893,0.0,-0.036111111111201626,-0.03472222222230925,0.0,4.33,4.28,4.354,4.354,2.0,1.0,16.64,16.0,0.005291772109038001,0.005291772109038001,4.0,10.0,1.0,1.0,0.11,0.3,0.8,1028873380.5283893,9730008.767822247,2.33,3.2800000000000002,0.29838721044025707,0.029591877756369837,3.782346,1.0,1.1286036718598647,0.029591877756369837,1.2013963281401354,3.2504081222436305,0.0,0.898008,2.381264,0.167855,0.0,0.898008,2.381264,0.3033883281401354,0.8691441222436307,1200000.0,1.0,0.005081676331890702,4.839316202734844e-10,548821043.8441958,52.26461498953632,4392.696142154865,1.309872822785392e-13,1,4392.696142154865,4392.696142154865,1500,0.09090328278736752,11.840331894892161,0.11,0.3,3469911125302822.5,3469911125302822.5,1.0,0,6.536689560887794e-102,2.2681731829975377e-86,0.0,1028873380.5283893,both,16.64,0.029591877756369837,0.501612789559743,9730008.767822247,1028873380.5283893,0.029591877756369837,0.29838721044025707,0.7704081222436302,0.501612789559743,1e-10,5e+23,1.0,157486379.86607143,3936959.9789048326,1,0.0014020057734571293,121.47288555309044,121.47428755886389,121.47428755886389,0.0,11.04033189489216,500000000.0,11.288733805283893,3.3372583471931304e-98,0,1.8836710560462473e-88,0.0,5e-10,1.0,0.09730008767797865,1e-08,0,754.4278337981387,0.0,14.28864347468568,4.018193434425265,57.4145333968254,57.4145333968254,4571.584963110554,-1.203296e-10,-3830.210128054105,-0.003830210128054105,1.4362057735369683e-10,1.380006192964595e-10,0.0,3.816227293949808e-12,0.0,0.0,1.803730763287525e-12
4.0,0.1469972887026171,300.0,0.025851999786435535,1.0,1.0,-1.0,15.296612796243185,0.0026735428289887675,14.957231012485318,0.14957231012485317,-0.27567415103602894,10.117220282824466,0.0,-0.036111111111201626,-0.03472222222230925,0.0,4.33,4.28,4.354,4.354,2.0,1.0,16.64,16.0,0.005291772109038001,0.005291772109038001,4.0,10.0,1.0,1.0,0.11,0.3,0.8,1011722028.2824466,27567415.103602894,2.33,3.2800000000000002,0.29588969610357996,0.049809700610139694,3.782346,1.0,1.1191572084985912,0.049809700610139694,1.2108427915014088,3.2301902993898604,0.0,0.898008,2.381264,0.167855,0.0,0.898008,2.381264,0.3128347915014088,0.8489262993898605,1200000.0,1.0,0.005081676331890702,4.839316202734844e-10,548821043.8441958,52.26461498953632,3048.1586177796994,2.8633445259684674e-13,1,3048.1586177796994,3048.1586177796994,1500,0.0893930189578471,11.770097226706554,0.11,0.3,3469911125302822.5,3469911125302822.5,1.0,0,2.6154947693830548e-101,9.075534398453602e-86,0.0,1011722028.2824466,both,16.64,0.049809700610139694,0.5041103038964201,27567415.103602894,1011722028.2824466,0.049809700610139694,0.29588969610357996,0.7501902993898604,0.5041103038964201,1e-10,5e+23,1.0,157486379.86607143,3936959.9789048326,1,0.008683145761964172,108.44817021868194,108.4568533644439,108.4568533644439,0.0,10.970097226706553,500000000.0,11.117220282824466,1.40490533603732e-97,0,7.809321048621208e-88,0.0,5e-10,1.0,0.2756741510353381,1e-08,0,6055.964647033218,0.0,14.28864347468568,3.7712139620843064,53.885531770979455,53.885531770979455,3210.5010029151226,-8.12169e-11,-2585.214219520031,-0.002585214219520031,1.0086086365100813e-10,9.576072720593123e-11,0.0,3.407272537612024e-12,0.0,0.0,1.6928639074648847e-12
3.75,0.13780995815870353,300.0,0.025851999786435535,1.0,1.0,-1.0,15.296612796243185,0.0026735428289887675,14.704533819222505,0.14704533819222504,-0.4540482143938354,9.945706760365036,0.0,-0.036111111111201626,-0.03472222222230925,0.0,4.33,4.28,4.354,4.354,2.0,1.0,16.64,16.0,0.005291772109038001,0.005291772109038001,4.0,10.0,1.0,1.0,0.11,0.3,0.8,994570676.0365037,45404821.439383544,2.33,3.2800000000000002,0.2933709207917845,0.06392443445659543,3.782346,1.0,1.109630328773123,0.06392443445659543,1.220369671226877,3.216075565543405,0.0,0.898008,2.381264,0.167855,0.0,0.898008,2.381264,0.322361671226877,0.8348115655434052,1200000.0,1.0,0.005081676331890702,4.839316202734844e-10,548821043.8441958,52.26461498953632,2108.594295985105,4.943001009798917e-13,1,2108.594295985105,2108.594295985105,1500,0.08788275512832669,11.699862558520948,0.11,0.3,3469911125302822.5,3469911125302822.5,1.0,0,1.0572145616792368e-100,3.6684405694029306e-85,0.0,994570676.0365037,both,16.64,0.06392443445659543,0.5066290792082155,45404821.439383544,994570676.0365037,0.06392443445659543,0.2933709207917845,0.7360755655434046,0.5066290792082155,1e-10,5e+23,1.0,157486379.86607143,3936959.9789048326,1,0.02468880731471859,96.7126114260328,96.73730023334751,96.73730023334751,0.0,10.899862558520947,500000000.0,10.945706760365036,5.981634246520764e-97,0,3.2736607205086674e-87,0.0,5e-10,1.0,0.45404821439269755,1e-08,0,16428.39679436797,0.0,14.28864347468568,3.524234489743347,50.35653014513349,50.35653014513349,2255.688126363586,-5.2245e-11,-1663.0100003672144,-0.0016630100003672144,7.086453246573568e-11,6.624344349668148e-11,0.0,3.0390919174119475e-12,0.0,0.0,1.5819970516422436e-12
3.5,0.12862262761478996,300.0,0.025851999786435535,1.0,1.0,-1.0,15.296612796243185,0.0026735428289887675,14.451836625959693,0.14451836625959694,-0.632422277751642,9.774193237905605,0.0,-0.036111111111201626,-0.03472222222230925,0.0,4.33,4.28,4.354,4.354,2.0,1.0,16.64,16.0,0.005291772109038001,0.005291772109038001,4.0,10.0,1.0,1.0,0.11,0.3,0.8,977419323.7905605,63242227.775164194,2.33,3.2800000000000002,0.2908303321047688,0.07544309356276015,3.782346,1.0,1.1000209433151438,0.07544309356276015,1.2299790566848563,3.20455690643724,0.0,0.898008,2.381264,0.167855,0.0,0.898008,2.381264,0.33197105668485627,0.8232929064372403,1200000.0,1.0,0.005081676331890702,4.839316202734844e-10,548821043.8441958,52.26461498953632,1453.9934720092683,7.71783794898704e-13,1,1453.9934720092683,1453.9934720092683,1500,0.0863724912988063,11.62962789033534,0.11,0.3,3469911125302822.5,3469911125302822.5,1.0,0,4.3181260621150664e-100,1.4983513663393137e-84,0.0,977419323.7905605,both,16.64,0.07544309356276015,0.5091696678952313,63242227.775164194,977419323.7905605,0.07544309356276015,0.2908303321047688,0.7245569064372399,0.5091696678952313,1e-10,5e+23,1.0,157486379.86607143,3936959.9789048326,1,0.053692083193157075,86.14862879740504,86.2023208805982,86.2023208805982,0.0,10.82962789033534,500000000.0,10.774193237905605,2.576555918881415e-96,0,1.3880155679148904e-86,0.0,5e-10,1.0,0.6324222777500572,1e-08,0,31871.724275802415,0.0,14.28864347468568,3.277255017402388,46.82752851928753,46.82752851928753,1587.023321409154,-3.21559e-11,-1023.5540869137354,-0.0010235540869137354,4.9857808076146716e-11,4.567855210031834e-11,0.0,2.7081257800087734e-12,0.0,0.0,1.4711301958196026e-12
3.25,0.1194352970708764,300.0,0.025851999786435535,1.0,1.0,-1.0,15.296612796243185,0.0026735428289887675,14.199139432696878,0.14199139432696878,-0.8107963411094483,9.602679715446177,0.0,-0.036111111111201626,-0.03472222222230925,0.0,4.33,4.28,4.354,4.354,2.0,1.0,16.64,16.0,0.005291772109038001,0.005291772109038001,4.0,10.0,1.0,1.0,0.11,0.3,0.8,960267971.5446178,81079634.11094484,2.33,3.2800000000000002,0.28826735329919123,0.08542240579639042,3.782346,1.0,1.0903268706817828,0.08542240579639042,1.2396731293182173,3.1945775942036096,0.0,0.898008,2.381264,0.167855,0.0,0.898008,2.381264,0.34166512931821724,0.8133135942036098,1200000.0,1.0,0.005081676331890702,4.839316202734844e-10,548821043.8441958,52.26461498953632,999.3306417260575,1.1353786476742292e-12,1,999.3306417260575,999.3306417260575,1500,0.0848622274692859,11.559393222149735,0.11,0.3,3469911125302822.5,3469911125302822.5,1.0,0,1.7826453301806235e-99,6.185620863662869e-84,0.0,960267971.5446178,both,16.64,0.08542240579639042,0.5117326467008088,81079634.11094484,960267971.5446178,0.08542240579639042,0.28826735329919123,0.7145775942036097,0.5117326467008088,1e-10,5e+23,1.0,157486379.86607143,3936959.9789048326,1,0.10126513396856746,76.64851466887708,76.74977980284565,76.74977980284565,0.0,10.759393222149734,500000000.0,10.602679715446177,1.1231660245995709e-95,0,5.954284813050096e-86,0.0,5e-10,1.0,0.8107963411074166,1e-08,0,52385.94709133651,0.0,14.28864347468568,3.0302755450614285,43.29852689344157,43.29852689344157,1119.3789484223446,-1.96015e-11,-623.9351234031573,-0.0006239351234031572,3.516632680946706e-11,3.139489802553756e-11,0.0,2.411165443932542e-12,0.0,0.0,1.3602633399969614e-12
3.0,0.11024796652696282,300.0,0.025851999786435535,1.0,1.0,-1.0,15.296612796243185,0.0026735428289887675,13.946442239434063,0.13946442239434062,-0.9891704044672565,9.431166192986748,0.0,-0.036111111111201626,-0.03472222222230925,0.0,4.33,4.28,4.354,4.354,2.0,1.0,16.64,16.0,0.005291772109038001,0.005291772109038001,4.0,10.0,1.0,1.0,0.11,0.3,0.8,943116619.2986748,98917040.44672565,2.33,3.2800000000000002,0.2856813817595948,0.09435207712481493,3.782346,1.0,1.0805458315728762,0.09435207712481493,1.2494541684271239,3.1856479228751855,0.0,0.898008,2.381264,0.167855,0.0,0.898008,2.381264,0.35144616842712384,0.8043839228751857,1200000.0,1.0,0.005081676331890702,4.839316202734844e-10,548821043.8441958,52.26461498953632,684.5339291578762,1.6038088231054084e-12,1,684.5339291578762,684.5339291578762,1500,0.08335196363976548,11.489158553964128,0.11,0.3,3469911125302822.5,3469911125302822.5,1.0,0,7.440323788784735e-99,2.58172622905594e-83,0.0,943116619.2986748,both,16.64,0.09435207712481493,0.5143186182404053,98917040.44672565,943116619.2986748,0.09435207712481493,0.2856813817595948,0.7056479228751851,0.5143186182404053,1e-10,5e+23,1.0,157486379.86607143,3936959.9789048326,1,0.17451435291962394,68.1136710452737,68.28818539819333,68.28818539819333,0.0,10.689158553964127,500000000.0,10.431166192986748,4.956528247988982e-95,0,2.585118494750325e-85,0.0,5e-10,1.0,0.9891704044647777,1e-08,0,77971.06524097054,0.0,14.28864347468568,2.783296072720467,39.76952526759558,39.76952526759558,792.5916398236651,-1.24079e-11,-394.9557236779856,-0.0003949557236779856,2.490000072966714e-11,2.15052676297534e-11,0.0,2.1453366157394197e-12,0.0,0.0,1.2493964841743194e-12
2.75,0.10106063598304926,300.0,0.025851999786435535,1.0,1.0,-1.0,15.296612796243185,0.0026735428289887675,13.693745046171252,0.13693745046171252,-1.1675444678250613,9.25965267052732,0.0,-0.036111111111201626,-0.03472222222230925,0.0,4.33,4.28,4.354,4.354,2.0,1.0,16.64,16.0,0.005291772109038001,0.005291772109038001,4.0,10.0,1.0,1.0,0.11,0.3,0.8,925965267.052732,116754446.78250612,2.33,3.2800000000000002,0.2830717873438149,0.10250678759716757,3.782346,1.0,1.070675442572729,0.10250678759716757,1.2593245574272711,3.177493212402833,0.0,0.898008,2.381264,0.167855,0.0,0.898008,2.381264,0.3613165574272711,0.796229212402833,1200000.0,1.0,0.005081676331890702,4.839316202734844e-10,548821043.8441958,52.26461498953632,467.2827420863798,2.198597373618913e-12,1,467.2827420863798,467.2827420863798,1500,0.08184169981024508,11.418923885778522,0.11,0.3,3469911125302822.5,3469911125302822.5,1.0,0,3.140518989227451e-98,1.0897321779945107e-82,0.0,925965267.052732,both,16.64,0.10250678759716757,0.5169282126561852,116754446.78250612,925965267.052732,0.10250678759716757,0.2830717873438149,0.6974932124028325,0.5169282126561852,1e-10,5e+23,1.0,157486379.86607143,3936959.9789048326,1,0.2823752147029764,60.4539008753243,60.736276090027275,60.736276090027275,0.0,10.618923885778521,500000000.0,10.25965267052732,2.2150950848651776e-94,0,1.1363053101454479e-84,0.0,5e-10,1.0,1.1675444678221354,1e-08,0,108627.07872470371,0.0,14.28864347468568,2.5363166003795103,36.240523641749654,36.240523641749654,564.2595418181568,-7.5174e-12,-239.2862738398028,-0.0002392862738398028,1.7726736312938642e-11,1.468012029687865e-11,0.0,1.908086387708311e-12,0.0,0.0,1.1385296283516795e-12
2.5,0.09187330543913569,300.0,0.025851999786435535,1.0,1.0,-1.0,15.296612796243185,0.0026735428289887675,13.441047852908438,0.1344104785290844,-1.3459185311828674,9.08813914806789,0.0,-0.036111111111201626,-0.03472222222230925,0.0,4.33,4.28,4.354,4.354,2.0,1.0,16.64,16.0,0.005291772109038001,0.005291772109038001,4.0,10.0,1.0,1.0,0.11,0.3,0.8,908813914.806789,134591853.11828673,2.33,3.2800000000000002,0.2804379105897999,0.11005893216461186,3.782346,1.0,1.0607132093676872,0.11005893216461186,1.2692867906323129,3.1699410678353885,0.0,0.898008,2.381264,0.167855,0.0,0.898008,2.381264,0.37127879063231284,0.7886770678353887,1200000.0,1.0,0.005081676331890702,4.839316202734844e-10,548821043.8441958,52.26461498953632,317.84954186912313,2.9445311269291395e-12,1,317.84954186912313,317.84954186912313,1500,0.08033143598072467,11.348689217592915,0.11,0.3,3469911125302822.5,3469911125302822.5,1.0,0,1.3409888515415133e-97,4.653112134870952e-82,0.0,908813914.806789,both,16.64,0.11005893216461186,0.5195620894102002,134591853.11828673,908813914.806789,0.11005893216461186,0.2804379105897999,0.6899410678353882,0.5195620894102002,1e-10,5e+23,1.0,157486379.86607143,3936959.9789048326,1,0.4359557009982212,53.58675008036823,54.022705781366454,54.022705781366454,0.0,10.548689217592914,500000000.0,10.08813914806789,1.0028780790519527e-93,0,5.058586805011564e-84,0.0,5e-10,1.0,1.3459185311794943,1e-08,0,144353.9875425367,0.0,14.28864347468568,2.2893371280385515,32.711522015903704,32.711522015903704,404.5837696663933,-3.9771e-12,-126.59502483415538,-0.0001265950248341554,1.2710373985456063e-11,9.985537856829187e-12,0.0,1.6971733560978372e-12,0.0,0.0,1.0276627725290387e-12
2.25,0.08268597489522213,300.0,0.025851999786435535,1.0,1.0,-1.0,15.296612796243185,0.0026735428289887675,13.188350659645627,0.13188350659645626,-1.5242925945406742,8.916625625608459,0.0,-0.036111111111201626,-0.03472222222230925,0.0,4.33,4.28,4.354,4.354,2.0,1.0,16.64,16.0,0.005291772109038001,0.005291772109038001,4.0,10.0,1.0,1.0,0.11,0.3,0.8,891662562.5608459,152429259.4540674,2.33,3.2800000000000002,0.2777790607693877,0.11712512793990218,3.782346,1.0,1.0506565193848505,0.11712512793990218,1.2793434806151496,3.162874872060098,0.0,0.898008,2.381264,0.167855,0.0,0.898008,2.381264,0.38133548061514955,0.781610872060098,1200000.0,1.0,0.005081676331890702,4.839316202734844e-10,548821043.8441958,52.26461498953632,215.41534352161375,3.870107370503568e-12,1,215.41534352161375,215.41534352161375,1500,0.07882117215120428,11.278454549407309,0.11,0.3,3469911125302822.5,3469911125302822.5,1.0,0,5.794299979755566e-97,2.0105705963095758e-81,0.0,891662562.5608459,both,16.64,0.11712512793990218,0.5222209392306123,152429259.4540674,891662562.5608459,0.11712512793990218,0.2777790607693877,0.6828748720600979,0.5222209392306123,1e-10,5e+23,1.0,157486379.86607143,3936959.9789048326,1,0.6489314055635587,47.43689698638914,48.085828391952695,48.085828391952695,0.0,10.478454549407308,500000000.0,9.916625625608459,4.601646095781601e-93,0,2.281640079670447e-83,0.0,5e-10,1.0,1.5242925945368544,1e-08,0,185151.79169446963,0.0,14.28864347468568,2.0423576556975913,29.18252039005773,29.18252039005773,292.6836923036242,-2.1132e-12,-67.26524514835864,-6.726524514835864e-05,9.194929375666014e-12,6.767472606780234e-12,0.0,1.510660852179381e-12,0.0,0.0,9.167959167063971e-13
2.0,0.07349864435130855,300.0,0.025851999786435535,1.0,1.0,-1.0,15.296612796243185,0.0026735428289887675,12.935653466382812,0.12935653466382813,-1.7026666578984806,8.745112103149031,0.0,-0.036111111111201626,-0.03472222222230925,0.0,4.33,4.28,4.354,4.354,2.0,1.0,16.64,16.0,0.005291772109038001,0.005291772109038001,4.0,10.0,1.0,1.0,0.11,0.3,0.8,874511210.3149031,170266665.78984806,2.33,3.2800000000000002,0.27509451377276467,0.12378862080442721,3.782346,1.0,1.0405026337903613,0.12378862080442721,1.2894973662096387,3.156211379195573,0.0,0.898008,2.381264,0.167855,0.0,0.898008,2.381264,0.3914893662096387,0.7749473791955732,1200000.0,1.0,0.005081676331890702,4.839316202734844e-10,548821043.8441958,52.26461498953632,145.44502258986347,5.00800515576797e-12,1,145.44502258986347,145.44502258986347,1500,0.07731090832168387,11.208219881221702,0.11,0.3,3469911125302822.5,3469911125302822.5,1.0,0,2.534391385732637e-96,8.794112865225314e-81,0.0,874511210.3149031,both,16.64,0.12378862080442721,0.5249054862272353,170266665.78984806,874511210.3149031,0.12378862080442721,0.27509451377276467,0.6762113791955728,0.5249054862272353,1e-10,5e+23,1.0,157486379.86607143,3936959.9789048326,1,0.93799783911706,41.93558601337427,42.87358385249133,42.87358385249133,0.0,10.4082198812217,500000000.0,9.745112103149031,2.1407459614537236e-92,0,1.0430904689365046e-82,0.0,5e-10,1.0,1.702666657894214,1e-08,0,231020.49118050214,0.0,14.28864347468568,1.7953781833566322,25.65351876421177,25.65351876421177,213.97212520656657,-1.0418e-12,-33.16152394262731,-3.316152394262732e-05,6.72213256621945e-12,4.569290144695166e-12,0.0,1.3469133606405276e-12,0.0,0.0,8.059290608837562e-13
1.75,0.06431131380739498,300.0,0.025851999786435535,1.0,1.0,-1.0,15.296612796243185,0.0026735428289887675,12.682956273119999,0.1268295627312,-1.8810407212562872,8.573598580689602,0.0,-0.036111111111201626,-0.03472222222230925,0.0,4.33,4.28,4.354,4.354,2.0,1.0,16.64,16.0,0.005291772109038001,0.005291772109038001,4.0,10.0,1.0,1.0,0.11,0.3,0.8,857359858.0689602,188104072.1256287,2.33,3.2800000000000002,0.2723835098052458,0.13011129730498458,3.782346,1.0,1.0302486787778322,0.13011129730498458,1.2997513212221679,3.1498887026950158,0.0,0.898008,2.381264,0.167855,0.0,0.898008,2.381264,0.4017433212221678,0.7686247026950159,1200000.0,1.0,0.005081676331890702,4.839316202734844e-10,548821043.8441958,52.26461498953632,97.82278001336056,6.395596521642462e-12,1,97.82278001336056,97.82278001336056,1500,0.07580064449216348,11.137985213036094,0.11,0.3,3469911125302822.5,3469911125302822.5,1.0,0,1.1225238452134559e-95,3.895057978923874e-80,0.0,857359858.0689602,both,16.64,0.13011129730498458,0.5276164901947542,188104072.1256287,857359858.0689602,0.13011129730498458,0.2723835098052458,0.6698887026950154,0.5276164901947542,1e-10,5e+23,1.0,157486379.86607143,3936959.9789048326,1,1.3233864814454068,37.02010266873652,38.343489150181924,38.343489150181924,0.0,10.337985213036093,500000000.0,9.573598580689602,1.010162817598173e-91,0,4.835446658411639e-82,0.0,5e-10,1.0,1.8810407212515734,1e-08,0,281960.08600063424,0.0,14.28864347468568,1.548398711015673,22.124517138365814,22.124517138365814,158.2907863019083,-4.005795e-13,-12.750841505255977,-1.2750841505255977e-05,4.97285171377027e-12,3.07319327043704e-12,0.0,1.204596238272115e-12,0.0,0.0,6.950622050611152e-13
1.5,0.05512398326348141,300.0,0.025851999786435535,1.0,1.0,-1.0,15.296612796243185,0.0026735428289887675,12.430259079857187,0.12430259079857187,-2.0594147846140936,8.402085058230172,0.0,-0.036111111111201626,-0.03472222222230925,0.0,4.33,4.28,4.354,4.354,2.0,1.0,16.64,16.0,0.005291772109038001,0.005291772109038001,4.0,10.0,1.0,1.0,0.11,0.3,0.8,840208505.8230172,205941478.46140936,2.33,3.2800000000000002,0.26964525087561814,0.13614065054975277,3.782346,1.0,1.0198916360683907,0.13614065054975277,1.3101083639316093,3.1438593494502474,0.0,0.898008,2.381264,0.167855,0.0,0.898008,2.381264,0.4121003639316093,0.7625953494502475,1200000.0,1.0,0.005081676331890702,4.839316202734844e-10,548821043.8441958,52.26461498953632,65.53138413801463,8.075505814354655e-12,1,65.53138413801463,65.53138413801463,1500,0.07429038066264308,11.067750544850487,0.11,0.3,3469911125302822.5,3469911125302822.5,1.0,0,5.036478175405408e-95,1.7476131653184085e-79,0.0,840208505.8230172,both,16.64,0.13614065054975277,0.5303547491243819,205941478.46140936,840208505.8230172,0.13614065054975277,0.26964525087561814,0.6638593494502473,0.5303547491243819,1e-10,5e+23,1.0,157486379.86607143,3936959.9789048326,1,1.8294519162005858,32.63328707332836,34.462738989528944,34.462738989528944,0.0,10.267750544850486,500000000.0,9.402085058230172,4.837157507679166e-91,0,2.273968316362809e-81,0.0,5e-10,1.0,2.059414784608933,1e-08,0,337970.576154866,0.0,14.28864347468568,1.301419238674714,18.59551551251986,18.59551551251986,118.58963864006344,-1.745637e-13,-5.556535147882138,-5.556535147882138e-06,3.725603375434916e-12,2.0587291498755747e-12,0.0,1.0826788763208666e-12,0.0,0.0,5.841953492384743e-13
1.25,0.045936652719567844,300.0,0.025851999786435535,1.0,1.0,-1.0,15.296612796243185,0.0026735428289887675,12.177561886594372,0.12177561886594372,-2.2377888479719,8.230571535770743,0.0,-0.036111111111201626,-0.03472222222230925,0.0,4.33,4.28,4.354,4.354,2.0,1.0,16.64,16.0,0.005291772109038001,0.005291772109038001,4.0,10.0,1.0,1.0,0.11,0.3,0.8,823057153.5770743,223778884.79718998,2.33,3.2800000000000002,0.26687889805251674,0.14191407181049281,3.782346,1.0,1.0094283325333444,0.14191407181049281,1.3205716674666557,3.1380859281895073,0.0,0.898008,2.381264,0.167855,0.0,0.898008,2.381264,0.42256366746665563,0.7568219281895074,1200000.0,1.0,0.005081676331890702,4.839316202734844e-10,548821043.8441958,52.26461498953632,43.71933808907998,1.0096223188432196e-11,1,43.71933808907998,43.71933808907998,1500,0.07278011683312266,10.997515876664881,0.11,0.3,3469911125302822.5,3469911125302822.5,1.0,0,2.290006905404929e-94,7.946120438084851e-79,0.0,823057153.5770743,both,16.64,0.14191407181049281,0.5331211019474833,223778884.79718998,823057153.5770743,0.14191407181049281,0.26687889805251674,0.6580859281895073,0.5331211019474833,1e-10,5e+23,1.0,157486379.86607143,3936959.9789048326,1,2.4853381524284592,28.723083420025187,31.208421572453645,31.208421572453645,0.0,10.19751587666488,500000000.0,9.230571535770743,2.351644626273293e-90,0,1.0853511974763242e-80,0.0,5e-10,1.0,2.2377888479662924,1e-08,0,399051.9616431976,0.0,14.28864347468568,1.0544397663337544,15.066513886673892,15.066513886673892,89.99427354820752,5.01748e-14,1.597113487729446,1.597113487729446e-06,2.82725348644199e-12,1.373483513604621e-12,0.0,9.80441479421536e-13,0.0,0.0,4.733284934158331e-13
1.0,0.03674932217565428,300.0,0.025851999786435535,1.0,1.0,-1.0,15.296612796243185,0.0026735428289887675,11.92486469333156,0.1192486469333156,-2.4161629113297063,8.059058013311313,0.0,-0.036111111111201626,-0.03472222222230925,0.0,4.33,4.28,4.354,4.354,2.0,1.0,16.64,16.0,0.005291772109038001,0.005291772109038001,4.0,10.0,1.0,1.0,0.11,0.3,0.8,805905801.3311313,241616291.13297063,2.33,3.2800000000000002,0.26408356846209924,0.14746162491834114,3.782346,1.0,0.9988554288383472,0.14746162491834114,1.3311445711616527,3.1325383750816593,0.0,0.898008,2.381264,0.167855,0.0,0.898008,2.381264,0.4331365711616527,0.7512743750816595,1200000.0,1.0,0.005081676331890702,4.839316202734844e-10,548821043.8441958,52.26461498953632,29.044012396419173,1.2512777815207664e-11,1,29.044012396419173,29.044012396419173,1500,0.07126985300360227,10.927281208479274,0.11,0.3,3469911125302822.5,3469911125302822.5,1.0,0,1.0556097909848786e-93,3.6628721577170174e-78,0.0,805905801.3311313,both,16.64,0.14746162491834114,0.5359164315379008,241616291.13297063,805905801.3311313,0.14746162491834114,0.26408356846209924,0.6525383750816589,0.5359164315379008,1e-10,5e+23,1.0,157486379.86607143,3936959.9789048326,1,3.325733043587454,25.242122926501693,28.56785597008915,28.56785597008915,0.0,10.127281208479273,500000000.0,9.059058013311313,1.1613377902466566e-89,0,5.2603132074476134e-80,0.0,5e-10,1.0,2.4161629113236516,1e-08,0,465204.2424656286,0.0,14.28864347468568,0.8074602939927954,11.537512260827937,11.537512260827937,69.14938062733626,7.64001e-14,2.4318907135430226,2.4318907135430223e-06,2.1723918617912396e-12,9.124445597536137e-13,0.0,8.974856644444339e-13,0.0,0.0,3.6246163759319215e-13
0.75,0.027561991631740706,300.0,0.025851999786435535,0.999999999999497,1.0,-1.0,15.296612796243185,0.0026735428289887675,11.672167500068747,0.11672167500068747,-2.5945369746875127,7.887544490851884,0.0,-0.036111111111201626,-0.03472222222230925,0.0,4.33,4.28,4.354,4.354,2.0,1.0,16.64,16.0,0.005291772109038001,0.005291772109038001,4.0,10.0,1.0,1.0,0.11,0.3,0.8,788754449.0851884,259453697.46875125,2.33,3.2800000000000002,0.261258331996564,0.15280791167109556,3.782346,1.0,0.9881694069938759,0.15280791167109556,1.341830593006124,3.1271920883289046,0.0,0.898008,2.381264,0.167855,0.0,0.898008,2.381264,0.44382259300612403,0.7459280883289048,1200000.0,1.0,0.005081676331890702,4.839316202734844e-10,548821043.8441958,52.26461498953632,19.21053003197997,1.538747631735858e-11,1,19.21053003197997,19.21053003197997,1500,0.06975958917408187,10.857046540293666,0.11,0.3,3469911125302822.5,3469911125302822.5,1.0,0,4.9353196096628235e-93,1.7125120420494215e-77,0.0,788754449.0851884,both,16.64,0.15280791167109556,0.538741668003436,259453697.46875125,788754449.0851884,0.15280791167109556,0.261258331996564,0.6471920883289045,0.538741668003436,1e-10,5e+23,1.0,157486379.86607143,3936959.9789048326,1,4.391720580079448,22.147337996183776,26.539058576263223,26.539058576263223,0.0,10.057046540293666,500000000.0,8.887544490851884,5.828912936647002e-89,0,2.590236152887617e-79,0.0,5e-10,1.0,2.594536974681011,1e-08,0,536427.4186221595,0.0,14.28864347468568,0.5604808216518361,8.008510634981976,8.008510634981976,53.75809924322517,1.001286e-13,3.18719232697423,3.1871923269742303e-06,1.6888604965346722e-12,6.035166002003438e-13,0.0,8.337491145637774e-13,0.0,0.0,2.515947817705511e-13
0.5,0.01837466108782714,300.0,0.025851999786435535,0.9999999920310759,1.0,-1.0,15.296612796243185,0.0026735428289887675,11.419470306805932,0.11419470306805932,-2.7729110380453195,7.716030968392454,0.0,-0.036111111111201626,-0.03472222222230925,0.0,4.33,4.28,4.354,4.354,2.0,1.0,16.64,16.0,0.005291772109038001,0.005291772109038001,4.0,10.0,1.0,1.0,0.11,0.3,0.8,771603096.8392454,277291103.80453193,2.33,3.2800000000000002,0.2584022076987298,0.15797336773964515,3.782346,1.0,0.9773665566804598,0.15797336773964515,1.3526334433195402,3.122026632260355,0.0,0.898008,2.381264,0.167855,0.0,0.898008,2.381264,0.45462544331954013,0.7407626322603553,1200000.0,1.0,0.005081676331890702,4.839316202734844e-10,548821043.8441958,52.26461498953632,12.649094865006258,1.8790712170393604e-11,1,12.649094865006258,12.649094865006258,1500,0.06824932534456146,10.786811872108059,0.11,0.3,3469911125302822.5,3469911125302822.5,1.0,0,2.3413799802416564e-92,8.124380442001826e-77,0.0,771603096.8392454,both,16.64,0.15797336773964515,0.5415977923012703,277291103.80453193,771603096.8392454,0.15797336773964515,0.2584022076987298,0.642026632260355,0.5415977923012703,1e-10,5e+23,1.0,157486379.86607143,3936959.9789048326,1,5.731741765419181,19.399605444933425,25.131347210352605,25.131347210352605,0.0,9.986811872108058,500000000.0,8.716030968392454,2.9751628893102765e-88,0,1.296580593962017e-78,0.0,5e-10,1.0,2.772911038038371,1e-08,0,612721.49011279,0.0,14.28864347468568,0.3135013493108765,4.479509009136011,4.479509009136011,42.25995108449487,1.559759e-13,4.964867097641431,4.964867097641431e-06,1.3276355186811312e-12,3.973830350246404e-13,0.0,7.895245577085809e-13,0.0,0.0,1.4072792594790987e-13
0.25,0.00918733054391357,300.0,0.025851999786435535,0.9998737627781501,1.0,-1.0,15.296612796243185,0.0026735428289887675,11.16677311354312,0.11166773113543121,-2.9512851014031254,7.544517445933026,0.0,-0.036111111111201626,-0.03472222222230925,0.0,4.33,4.28,4.354,4.354,2.0,1.0,16.64,16.0,0.005291772109038001,0.005291772109038001,4.0,10.0,1.0,1.0,0.11,0.3,0.8,754451744.5933026,295128510.14031255,2.33,3.2800000000000002,0.2555141597828349,0.1629751881751605,3.782346,1.0,0.9664429601979665,0.1629751881751605,1.3635570398020336,3.1170248118248396,0.0,0.898008,2.381264,0.167855,0.0,0.898008,2.381264,0.46554903980203355,0.7357608118248398,1200000.0,1.0,0.005081676331890702,4.839316202734844e-10,548821043.8441958,52.26461498953632,8.289934621291167,2.2801852147952876e-11,1,8.289934621291167,8.289934621291167,1500,0.06673906151504107,10.716577203922453,0.11,0.3,3469911125302822.5,3469911125302822.5,1.0,0,1.1276770567755014e-91,3.9129391650540546e-76,0.0,754451744.5933026,both,16.64,0.1629751881751605,0.5444858402171651,295128510.14031255,754451744.5933026,0.1629751881751605,0.2555141597828349,0.6370248118248396,0.5444858402171651,1e-10,5e+23,1.0,157486379.86607143,3936959.9789048326,1,7.4026757964111995,16.9634167862691,24.3660925826803,24.3660925826803,0.0,9.916577203922452,500000000.0,8.544517445933026,1.54524341276248e-87,0,6.60167964928105e-78,0.0,5e-10,1.0,2.95128510139573,1e-08,0,694086.4569375201,0.0,14.28864347468568,0.06652187696991829,0.9505073832900666,0.9505073832900666,33.60653458726153,1.910554e-13,6.0814822628798595,6.081482262879859e-06,1.0557804217195213e-12,2.604359770498802e-13,0.0,7.654833745443718e-13,0.0,0.0,2.986107012526931e-14
0.0,0.0,300.0,0.025851999786435535,0.0,0.0,-1.0,15.296612796243185,0.0026735428289887675,10.914075920280307,0.10914075920280307,-3.129659164760932,7.373003923473596,0.0,-0.036111111111201626,-0.03472222222230925,0.0,4.33,4.28,4.354,4.354,2.0,1.0,16.64,16.0,0.005291772109038001,0.005291772109038001,4.0,10.0,1.0,1.0,0.11,0.3,0.8,737300392.3473597,312965916.47609323,2.33,3.2800000000000002,0.2525930932457947,0.16782800423782912,3.782346,1.0,0.9553944758658587,0.16782800423782912,1.3746055241341413,3.112171995762171,0.0,0.898008,2.381264,0.167855,0.0,0.898008,2.381264,0.47659752413414125,0.7309079957621711,1200000.0,1.0,0.005081676331890702,4.839316202734844e-10,548821043.8441958,52.26461498953632,5.406855185012499,2.7510206291382048e-11,1,5.406855184984988,5.406855184984988,1500,0.06522879768552065,10.646342535736846,0.11,0.3,3469911125302822.5,3469911125302822.5,1.0,0,5.516687439863353e-91,0.0,0.0,737300392.3473597,both,16.64,0.16782800423782912,0.5474069067542053,312965916.47609323,737300392.3473597,0.16782800423782912,0.2525930932457947,0.632171995762171,0.5474069067542053,1e-10,5e+23,1.0,157486379.86607143,3936959.9789048326,1,0.0,0.0,0.0,0.0,0.0,9.846342535736845,500000000.0,8.373003923473597,8.172093168582343e-87,0,0.0,0.0,5e-10,1.0,3.1296591647530896,1e-08,0,0.0,0.0,14.28864347468568,-0.18045759537104175,-2.5784942425559043,-2.5784942425559043,2.828360942429084,2.280248e-13,7.258254813508163,7.258254813508164e-06,8.885557958435515e-14,1.6986136528172724e-13,0.0,0.0,0.0,0.0,-8.100578569737208e-14
