sweep_name,voltage_v,experimental_current_a,model_total_a,model_pf_a,model_thermionic_a,model_background_a,polarization_uc_cm2
1st2KB_B64-T51,0.0,3.64094910091598e-14,-1.6823831938079053e-14,0.0,1.869784320365855e-27,-1.682383193808092e-14,0.34009276282656925
1st2KB_B64-T51,-0.25,3.41051277117591e-14,-9.599024293373963e-14,-6.200482815093189e-16,-5.19794621088389e-44,-9.53701946522303e-14,0.34009276282656925
1st2KB_B64-T51,-0.5,1.23404812844147e-13,-1.7565346363185068e-13,-1.7369062654709962e-15,-8.852446846704562e-44,-1.7391655736637968e-13,0.34009276282656925
1st2KB_B64-T51,-0.75,1.33836735097259e-13,-2.5621433178142194e-13,-3.751411700892886e-15,-1.369120549970672e-43,-2.5246292008052904e-13,0.34009276282656925
1st2KB_B64-T51,-1.0,3.53893102973332e-13,-3.380558304498035e-13,-7.046547655125119e-15,-1.998944253218801e-43,-3.310092827946784e-13,0.34009276282656925
1st2KB_B64-T51,-1.25,3.20978080269388e-13,-4.2166611193564183e-13,-1.2110466426814024e-14,-2.8056075624231894e-43,-4.095556455088278e-13,0.34009276282656925
1st2KB_B64-T51,-1.5,1.11846980516226e-13,-5.076586644803186e-13,-1.9556656257341397e-14,-3.8244624751733164e-43,-4.881020082229772e-13,0.34009276282656925
1st2KB_B64-T51,-1.75,1.13313153890342e-13,-5.96795806904333e-13,-3.0147435967206526e-14,-5.096061186996601e-43,-5.666483709371265e-13,0.34009276282656925
1st2KB_B64-T51,-2.0,2.59303022847115e-13,-6.900157139848669e-13,-4.4820980333590955e-14,-6.666856049789362e-43,-6.451947336512759e-13,0.34009276282656925
1st2KB_B64-T51,-2.25,9.20096518506469e-14,-7.884633493749329e-13,-6.472225300950757e-14,-8.589932201453937e-43,-7.237410963654254e-13,0.34009276282656925
1st2KB_B64-T51,-2.5,2.24742614926207e-13,-8.93525753051683e-13,-9.123829397210824e-14,-1.0925798429184918e-42,-8.022874590795748e-13,0.34009276282656925
1st2KB_B64-T51,-2.75,2.35509121969749e-13,-1.006872183970022e-12,-1.2603836217629796e-13,-1.3743249408486519e-42,-8.808338217937241e-13,0.34009276282656925
1st2KB_B64-T51,-3.0,2.52749535710473e-13,-1.1304996709822352e-12,-1.711194864743618e-13,-1.7120308701069817e-42,-9.593801845078735e-13,0.34009276282656925
1st2KB_B64-T51,-3.25,3.9838588699638e-13,-1.266784580082948e-12,-2.2885803286092513e-13,-2.1145260795236694e-42,-1.0379265472220228e-12,0.34009276282656925
1st2KB_B64-T51,-3.5,3.88523197988877e-13,-1.4185408650336942e-12,-3.020679550975218e-13,-2.5917780329146437e-42,-1.1164729099361725e-12,0.34009276282656925
1st2KB_B64-T51,-3.75,3.19186517494519e-13,-1.5890857321099346e-12,-3.9406645945961343e-13,-3.155016689048942e-42,-1.1950192726503212e-12,0.34009276282656925
1st2KB_B64-T51,-4.0,4.73744632932538e-13,-1.7823135185910813e-12,-5.087478832266105e-13,-3.81686942299715e-42,-1.2735656353644708e-12,0.34009276282656925
1st2KB_B64-T51,-4.25,5.273172848895e-13,-2.0027786591219157e-12,-6.506666610432954e-13,-4.5915083279038994e-42,-1.3521119980786203e-12,0.34009276282656925
1st2KB_B64-T51,-4.5,5.80207973679969e-13,-2.2557886946479416e-12,-8.251303338551717e-13,-5.4948108990206587e-42,-1.4306583607927698e-12,0.34009276282656925
1st2KB_B64-T51,-4.75,7.69852606143095e-13,-2.5017714933249645e-12,-9.930457866210645e-13,-6.32169786248931e-42,-1.5087257067039e-12,0.1634843319677963
1st2KB_B64-T51,-5.0,9.87505216487605e-13,-2.6443585972504442e-12,-1.0588467568405636e-12,-6.617114835856334e-42,-1.5855118404098809e-12,-0.48549349328943087
1st2KB_B64-T51,-5.25,1.32566917512844e-12,-2.723701963064179e-12,-1.0621136387933232e-12,-6.580216542003718e-42,-1.6615883242708557e-12,-1.3961117136139765
1st2KB_B64-T51,-5.5,1.54214466717428e-12,-2.8805176079333246e-12,-1.142125754392438e-12,-6.894444117147425e-42,-1.7383918535408866e-12,-2.0386759783206942
1st2KB_B64-T51,-5.75,2.28889585236758e-12,-2.9537694512179083e-12,-1.1395754908626066e-12,-6.722583276746584e-42,-1.8141939603553014e-12,-3.0504541148554156
1st2KB_B64-T51,-6.0,1.9781023607307e-12,-3.1317434914859323e-12,-1.2408053610195309e-12,-7.012802438715872e-42,-1.8909381304664014e-12,-3.7149034738842226
1st2KB_B64-T51,-6.25,2.36019060198545e-12,-3.270905381535401e-12,-1.3039842512655642e-12,-6.927571205063694e-42,-1.966921130269837e-12,-4.659988277861243
1st2KB_B64-T51,-6.5,3.05637307997098e-12,-3.4836086686621466e-12,-1.440315681156932e-12,-7.036202212004137e-42,-2.0432929875052143e-12,-5.461705457884376
1st2KB_B64-T51,-6.75,3.67990273669738e-12,-3.772648617801583e-12,-1.6525811848021017e-12,-7.353676459635982e-42,-2.1200674329994807e-12,-6.114992603226643
1st2KB_B64-T51,-7.0,4.41931083741687e-12,-4.1026885486257656e-12,-1.907400550797973e-12,-6.88042172004527e-42,-2.1952879978277927e-12,-7.34117912167359
1st2KB_B64-T51,-7.25,8.95244035153953e-12,-4.6082529591943835e-12,-2.3366542955558488e-12,-6.9579285292343e-42,-2.2715986636385347e-12,-8.165456933011747
1st2KB_B64-T51,-7.5,1.09580833990153e-11,-5.211936497904344e-12,-2.8631753305876422e-12,-7.47521584956834e-42,-2.3487611673167014e-12,-8.675671128702945
1st2KB_B64-T51,-7.75,9.60346385747712e-12,-6.0885453079744214e-12,-3.663500648974631e-12,-7.543911082650809e-42,-2.4250446589997903e-12,-9.509967753608185
1st2KB_B64-T51,-8.0,1.34826455555626e-11,-7.382260281988574e-12,-4.881214650309989e-12,-7.462676153377102e-42,-2.501045631678586e-12,-10.448426148458477
1st2KB_B64-T51,-8.25,1.91266273652513e-11,-9.284876699356765e-12,-6.7079371276287196e-12,-7.326372782938429e-42,-2.5769395717280454e-12,-11.42634634214083
1st2KB_B64-T51,-8.5,3.62615978910519e-11,-1.183093752550658e-11,-9.177855850975773e-12,-7.320140386331899e-42,-2.6530816745308072e-12,-12.312771552385854
1st2KB_B64-T51,-8.75,8.20692888647834e-11,-1.4897619043760285e-11,-1.2167958737456612e-11,-7.543516467186639e-42,-2.7296603063036737e-12,-13.038253146564458
1st2KB_B64-T51,-9.0,1.37386643728199e-10,-2.00135080998224e-11,-1.720799847867234e-11,-7.382570073382162e-42,-2.8055096211500607e-12,-14.03262618081833
1st2KB_B64-T51,-9.25,2.77503853229888e-10,-2.5728224379711044e-11,-2.2846156711661956e-11,-7.596526715611743e-42,-2.882067668049085e-12,-14.765697200348017
1st2KB_B64-T51,-9.5,6.29410579211509e-10,-3.556561238430604e-11,-3.2607815777259264e-11,-7.371480869375804e-42,-2.9577966070467814e-12,-15.804451537338801
1st2KB_B64-T51,-9.25,5.32822119758691e-10,-3.2419203107567854e-11,-2.9539952863235225e-11,-6.208345153138429e-42,-2.8792502443326314e-12,-15.804451537338801
1st2KB_B64-T51,-9.0,4.35702390833015e-10,-2.9553296527433404e-11,-2.6752592645814922e-11,-5.205192885509362e-42,-2.8007038816184835e-12,-15.804451537338801
1st2KB_B64-T51,-8.75,2.98526925401887e-10,-2.694253706423023e-11,-2.4220379545325896e-11,-4.3428464450958517e-42,-2.7221575189043336e-12,-15.804451537338801
1st2KB_B64-T51,-8.5,2.49925496964565e-10,-2.4563854648821094e-11,-2.192024349263091e-11,-3.60413970025334e-42,-2.643611156190185e-12,-15.804451537338801
1st2KB_B64-T51,-8.25,1.89208260170659e-10,-2.2396260865950317e-11,-1.9831196072474282e-11,-2.973732148215977e-42,-2.565064793476034e-12,-15.804451537338801
1st2KB_B64-T51,-8.0,1.30652433316669e-10,-2.0420662725795557e-11,-1.7934144295033673e-11,-2.437938295412892e-42,-2.486518430761885e-12,-15.804451537338801
1st2KB_B64-T51,-7.75,9.89884771374072e-11,-1.8619692618623312e-11,-1.6211720550575577e-11,-1.984571157171704e-42,-2.4079720680477354e-12,-15.804451537338801
1st2KB_B64-T51,-7.5,7.3611679252128e-11,-1.697755311789864e-11,-1.4648127412565052e-11,-1.602798827691283e-42,-2.3294257053335863e-12,-15.804451537338801
1st2KB_B64-T51,-7.25,5.35862534900566e-11,-1.547987539986056e-11,-1.322899605724112e-11,-1.283013138243302e-42,-2.2508793426194376e-12,-15.804451537338801
1st2KB_B64-T51,-7.0,4.15831188926852e-11,-1.4113590142953631e-11,-1.1941257163048344e-11,-1.0167094822920814e-42,-2.1723329799052877e-12,-15.804451537338801
1st2KB_B64-T51,-6.75,2.67706221773745e-11,-1.2866809859088873e-11,-1.0773023241897733e-11,-7.963769387030977e-43,-2.093786617191139e-12,-15.804451537338801
1st2KB_B64-T51,-6.5,1.89723532023622e-11,-1.1728721690975661e-11,-9.713481436498674e-12,-6.153978640071803e-43,-2.0152402544769886e-12,-15.804451537338801
1st2KB_B64-T51,-6.25,1.26037678557789e-11,-1.0689489786201183e-11,-8.752795894438343e-12,-4.6795614105416054e-43,-1.9366938917628395e-12,-15.804451537338801
1st2KB_B64-T51,-6.0,9.42270046710991e-12,-9.740166429903945e-12,-7.882018900855255e-12,-3.489532367138242e-43,-1.85814752904869e-12,-15.804451537338801
1st2KB_B64-T51,-5.75,6.47078918225574e-12,-8.872611184631433e-12,-7.093010018296892e-12,-2.5393105801351366e-43,-1.7796011663345404e-12,-15.804451537338801
1st2KB_B64-T51,-5.5,4.76890315431744e-12,-8.079417350083848e-12,-6.378362546463457e-12,-1.7900005875777488e-43,-1.7010548036203919e-12,-15.804451537338801
1st2KB_B64-T51,-5.25,3.31491865207534e-12,-7.353845122337512e-12,-5.7313366814312705e-12,-1.2076922288050824e-43,-1.6225084409062425e-12,-15.804451537338801
1st2KB_B64-T51,-5.0,2.35540731884087e-12,-6.689760923984142e-12,-5.145798845792048e-12,-7.626713165491229e-44,-1.5439620781920934e-12,-15.804451537338801
1st2KB_B64-T51,-4.75,1.44523986961992e-12,-6.081582622695939e-12,-4.616166907217996e-12,-4.2800583562602846e-44,-1.465415715477943e-12,-15.804451537338801
1st2KB_B64-T51,-4.5,9.43292536095819e-13,-5.524232275629599e-12,-4.137362922865805e-12,-1.7106116567977633e-44,-1.3868693527637942e-12,-15.804451537338801
1st2KB_B64-T51,-4.25,5.99687075171496e-13,-5.013246061299201e-12,-3.704923071249557e-12,-2.762693180183426e-44,-1.3083229900496438e-12,-15.804451537338801
1st2KB_B64-T51,-4.0,3.90380165259802e-13,-4.544538798347732e-12,-3.3147621710122365e-12,-5.609888659498743e-44,-1.229776627335495e-12,-15.804451537338801
1st2KB_B64-T51,-3.75,1.37269563120837e-13,-4.114547974028982e-12,-2.963317709407635e-12,-9.40162751090547e-44,-1.1512302646213462e-12,-15.804451537338801
1st2KB_B64-T51,-3.5,9.5923309985195e-14,-3.720152707633008e-12,-2.6474688057258116e-12,-1.441173880275196e-43,-1.0726839019071966e-12,-15.804451537338801
1st2KB_B64-T51,-3.25,2.54115372949788e-14,-3.3586060674577023e-12,-2.3644685282646548e-12,-2.0918783427475114e-43,-9.941375391930475e-13,-15.804451537338801
1st2KB_B64-T51,-3.0,-3.11265742998154e-13,-3.027530210217604e-12,-2.1119390337387066e-12,-2.9236930039650296e-43,-9.155911764788974e-13,-15.804451537338801
1st2KB_B64-T51,-2.75,-4.56009775567316e-14,-2.7249167465640745e-12,-1.887871932799326e-12,-3.972597953885411e-43,-8.370448137647486e-13,-15.804451537338801
1st2KB_B64-T51,-2.5,7.33966720408742e-14,-2.449131832698596e-12,-1.6906333816479978e-12,-5.279863124353221e-43,-7.584984510505984e-13,-15.804451537338801
1st2KB_B64-T51,-2.25,4.88035921896411e-14,-2.1989261495671786e-12,-1.5189740612307294e-12,-6.892750039617623e-43,-6.799520883364492e-13,-15.804451537338801
1st2KB_B64-T51,-2.0,-1.0155241312584e-13,-1.9734500701302664e-12,-1.3720443445079668e-12,-8.865250905557956e-43,-6.014057256222998e-13,-15.804451537338801
1st2KB_B64-T51,-1.75,-2.23017066511115e-13,-1.7722743849441817e-12,-1.2494150220360306e-12,-1.1258888021363073e-42,-5.228593629081511e-13,-15.804451537338801
1st2KB_B64-T51,-1.5,3.04683510951413e-14,-1.5954170138757086e-12,-1.1511040136817068e-12,-1.4143585896000054e-42,-4.4431300019400174e-13,-15.804451537338801
1st2KB_B64-T51,-1.25,-6.970530245674e-14,-1.4433761887930298e-12,-1.0776095513131775e-12,-1.759862521879626e-42,-3.657666374798523e-13,-15.804451537338801
1st2KB_B64-T51,-1.0,-1.78400209101953e-13,-1.3171706517391138e-12,-1.0299503769734109e-12,-2.1713686913601192e-42,-2.872202747657029e-13,-15.804451537338801
1st2KB_B64-T51,-0.75,-3.78850108836287e-13,-1.21838747660992e-12,-1.0097135645583672e-12,-2.6589994433583078e-42,-2.0867391205155277e-13,-15.804451537338801
1st2KB_B64-T51,-0.5,4.73721200613085e-14,-1.149238190385376e-12,-1.0191106410479724e-12,-3.234156273890744e-42,-1.3012754933740374e-13,-15.804451537338801
1st2KB_B64-T51,-0.25,-2.24641201365498e-13,-1.1126239429863447e-12,-1.0610427563630908e-12,-3.9096562860604226e-42,-5.1581186623253985e-14,-15.804451537338801
1st2KB_B64-T51,0.0,-2.45360996060581e-13,3.2046460998377016e-13,0.0,2.9349943389287567e-13,2.6965176090894458e-14,-15.804451537338801
1st2KB_B64-T51,0.25,-2.74119594211031e-13,1.5295428907503287e-12,1.2414381662592246e-12,1.8271212832096757e-13,1.0539259617013645e-13,-15.760598645371548
1st2KB_B64-T51,0.5,-3.02237916768519e-13,1.5066715861182232e-12,1.2507131433076482e-12,7.310641231902555e-14,1.8285203049154938e-13,-15.359859638540817
1st2KB_B64-T51,0.75,-2.93946724599925e-13,1.5146062303007171e-12,1.2320976344816977e-12,2.2690407572517624e-14,2.598181882465016e-13,-14.777254776831557
1st2KB_B64-T51,1.0,-3.25646546403893e-13,1.515964172536879e-12,1.1746785072549133e-12,5.086403397261511e-15,3.36199261884704e-13,-13.978935587089726
1st2KB_B64-T51,1.25,-2.92594995541379e-13,1.5447485310909588e-12,1.1313060459170754e-12,9.937348701509598e-16,4.124487503037324e-13,-13.132102318225835
1st2KB_B64-T51,1.5,-3.84256618494658e-13,1.5841404706228694e-12,1.0953964443183356e-12,1.6645178713530578e-16,4.885775745173984e-13,-12.240781432569243
1st2KB_B64-T51,1.75,-4.29687047661526e-13,1.6678398299176994e-12,1.1028226840574079e-12,2.9314297908678006e-17,5.64987831562383e-13,-11.453221856365861
1st2KB_B64-T51,2.0,-6.95743918206759e-13,1.782972958359115e-12,1.1413539544738811e-12,5.264206426520906e-18,6.416137396788076e-13,-10.745170550227385
1st2KB_B64-T51,2.25,-7.24842115582686e-13,1.8318989526942558e-12,1.1143214847076403e-12,5.39771999368039e-19,7.175769282146161e-13,-9.792781541331065
1st2KB_B64-T51,2.5,-5.85230811294551e-13,1.8989706658148915e-12,1.105293936608079e-12,4.8410062056200517e-20,7.936766807967506e-13,-8.890742252489058
1st2KB_B64-T51,2.75,-6.89674120764316e-13,1.9320392540490215e-12,1.0626117469038265e-12,2.3842111274342716e-21,8.69427504760984e-13,-7.860056671281509
1st2KB_B64-T51,3.0,-8.10224446128743e-13,2.111501406884491e-12,1.1649322451165416e-12,2.7193535251313315e-22,9.46569161496014e-13,-7.342156428060868
1st2KB_B64-T51,3.25,-9.47398301302804e-13,2.1589629282716625e-12,1.1365021872785574e-12,4.9143135639615046e-24,1.0224607409881904e-12,-6.363365921865548
1st2KB_B64-T51,3.5,-1.08777732914928e-12,2.241201936810382e-12,1.1425297343081009e-12,2.312135076863868e-26,1.0986722025022578e-12,-5.502512535182432
1st2KB_B64-T51,3.75,-1.28735759032106e-12,2.277541951711606e-12,1.1030915697803205e-12,5.220913585660844e-26,1.174450381931233e-12,-4.481912624609102
1st2KB_B64-T51,4.0,-1.5744818643304e-12,2.411045736196371e-12,1.1599038918731362e-12,4.363800739635406e-24,1.251141844318871e-12,-3.7980304851931623
1st2KB_B64-T51,4.25,-1.90146401228553e-12,2.4441513751537896e-12,1.1172600126942425e-12,2.855359365187247e-22,1.326891362174011e-12,-2.7668633553717985
1st2KB_B64-T51,4.5,-2.85178066057601e-12,2.5400807959157673e-12,1.1368560334964533e-12,4.94065368173287e-21,1.4032247574786603e-12,-1.950965668129058
1st2KB_B64-T51,4.75,-4.22287378676334e-12,2.5909285938516163e-12,1.1118071100044892e-12,8.188701246679807e-20,1.4791214019601144e-12,-0.9740425699305575
1st2KB_B64-T51,5.0,-5.90384295270918e-12,2.705774027299406e-12,1.1501650365578848e-12,6.711552076729035e-19,1.5556083195863136e-12,-0.2147469395255412
1st2KB_B64-T51,5.25,-1.24505926402119e-11,2.7960753673969897e-12,1.1642392763048963e-12,5.4828138350549385e-18,1.6318306082782588e-12,0.6421145811444104
1st2KB_B64-T51,5.5,-2.90187006368736e-11,2.9274995656769967e-12,1.2190779213718462e-12,3.164790646519678e-17,1.7083899963986854e-12,1.3746911065235095
1st2KB_B64-T51,5.75,-5.5205975207917e-11,2.9771331649076773e-12,1.192792533125345e-12,2.644833629547417e-16,1.7840761484193774e-12,2.429220549569295
1st2KB_B64-T51,6.0,-1.02915717614671e-10,3.1292861383980823e-12,1.2674195745570143e-12,1.2453366000345954e-15,1.860621227241033e-12,3.1670727621197288
1st2KB_B64-T51,6.25,-1.6081259934797e-10,3.2646256505678683e-12,1.3211267534822698e-12,6.7768718810470335e-15,1.9367220252045517e-12,4.068726629897664
1st2KB_B64-T51,6.5,-2.31635141623165e-10,3.46820610109856e-12,1.4237066942467891e-12,3.1511858934445346e-14,2.0129875479173253e-12,4.909648224180935
1st2KB_B64-T51,6.75,-3.75288022880227e-10,3.805375679832805e-12,1.6024352772295986e-12,1.132539475555727e-13,2.0896864550476327e-12,5.590785565684131
1st2KB_B64-T51,7.0,-6.15739570442031e-10,4.6411057529503664e-12,1.7856324333749467e-12,6.904180306511234e-13,2.1650552889242965e-12,6.762306853581124
1st2KB_B64-T51,7.25,-8.63953464325107e-10,6.985302697118677e-12,2.1296255665068483e-12,2.6142903415348993e-12,2.2413867890769295e-12,7.578903263335745
1st2KB_B64-T51,7.5,-1.26739829742206e-09,1.3782146153367718e-11,2.610717359031482e-12,8.853539210135342e-12,2.3178895842008936e-12,8.332345028179699
1st2KB_B64-T51,7.75,-2.02255590053824e-09,4.272691865374282e-11,3.3625103959319756e-12,3.6970647290206406e-11,2.3937609676044385e-12,9.318581618730315
1st2KB_B64-T51,8.0,-3.05179614912277e-09,1.4046635253403398e-10,4.4295449852999005e-12,1.3356691313999686e-10,2.4698944087372235e-12,10.20820029512024
1st2KB_B64-T51,8.25,-4.52408643880631e-09,3.5541882230209774e-10,5.6379791796363095e-12,3.472340162535987e-10,2.5468268688627494e-12,10.803229116530149
1st2KB_B64-T51,8.5,-8.7346245791764e-09,1.3561582635925915e-09,7.864079653469354e-12,1.345671595935794e-09,2.6225880033282974e-12,11.830113324910778
1st2KB_B64-T51,8.75,-1.16193596966241e-08,4.4529240894341905e-09,1.0810625230694653e-11,4.439414762599603e-09,2.6987016038939123e-12,12.72704700865166
1st2KB_B64-T51,9.0,-1.67453464428036e-08,1.4710607216740838e-08,1.5055897857910528e-11,1.4692776600057556e-08,2.7747188253707666e-12,13.65951464344835
1st2KB_B64-T51,9.25,-2.59294328230908e-08,2.5762088772829616e-08,2.0333719090747365e-11,2.573890396112711e-08,2.851092611760839e-12,14.460520564531352
1st2KB_B64-T51,9.5,-4.13481835437324e-08,2.5769474942003995e-08,2.7643609643685438e-11,2.573890396112711e-08,2.927371233201732e-12,15.296612796243185
1st2KB_B64-T51,9.25,-3.75224047388656e-08,2.5766742085345712e-08,2.498929934811447e-11,2.573890396112711e-08,2.8488248704875823e-12,15.296612796243185
1st2KB_B64-T51,9.0,-3.06007521544416e-08,2.576425791225604e-08,2.2583672621158904e-11,2.573890396112711e-08,2.770278507773433e-12,15.296612796243185
1st2KB_B64-T51,8.75,-2.42547475437505e-08,2.5761999313205393e-08,2.0403619933224544e-11,2.573890396112711e-08,2.6917321450592836e-12,15.296612796243185
1st2KB_B64-T51,8.5,-1.87058990519517e-08,2.5759945320034732e-08,1.8428173125279428e-11,2.573890396112711e-08,2.613185782345134e-12,15.296612796243185
1st2KB_B64-T51,8.25,-1.49223069456639e-08,2.4857545836969147e-08,1.6638309850729536e-11,2.4838372887698787e-08,2.5346394196309854e-12,15.296612796243185
1st2KB_B64-T51,8.0,-1.10290638843935e-08,1.8000739329056408e-08,1.5016775226437985e-11,1.798326646077305e-08,2.4560930569168354e-12,15.296612796243185
1st2KB_B64-T51,7.75,-8.43901837299654e-09,1.3007915385866611e-08,1.3547919265487243e-11,1.299198991990692e-08,2.3775466942026867e-12,15.296612796243185
1st2KB_B64-T51,7.5,-6.59183907458782e-09,9.379895186456418e-09,1.2217548774198031e-11,9.365378637350731e-09,2.2990003314885364e-12,15.296612796243185
1st2KB_B64-T51,7.25,-5.24962295855858e-09,6.749167356968477e-09,1.1012792498036056e-11,6.735934110501666e-09,2.2204539687743877e-12,15.296612796243185
1st2KB_B64-T51,7.0,-4.00492217167425e-09,4.845686184442892e-09,9.921978395875824e-12,4.8336222984409565e-09,2.1419076060602377e-12,15.296612796243185
1st2KB_B64-T51,6.75,-2.8406381691326e-09,3.471417999177395e-09,8.934522010141698e-12,3.460420115923907e-09,2.0633612433460886e-12,15.296612796243185
1st2KB_B64-T51,6.5,-2.1705903741065e-09,2.481432602521026e-09,8.040824982077132e-12,2.471406962658317e-09,1.9848148806319387e-12,15.296612796243185
1st2KB_B64-T51,6.25,-1.67335745260289e-09,1.7698828437413045e-09,7.232182837284274e-12,1.7607443923861025e-09,1.90626851791779e-12,15.296612796243185
1st2KB_B64-T51,6.0,-1.25563026642794e-09,1.2596283602393282e-09,6.5007012372672955e-12,1.2512999368468574e-09,1.8277221552036412e-12,15.296612796243185
1st2KB_B64-T51,5.75,-9.44619160669902e-10,8.945711182341611e-10,5.839219958770031e-12,8.869827224829016e-10,1.7491757924894913e-12,15.296612796243185
1st2KB_B64-T51,5.5,-6.94735990958151e-10,6.340051809048905e-10,5.241243925746516e-12,6.270933075493686e-10,1.670629429775342e-12,15.296612796243185
1st2KB_B64-T51,5.25,-5.05625319391356e-10,4.484597317329024e-10,4.700880683228842e-12,4.421667679826124e-10,1.5920830670611928e-12,15.296612796243185
1st2KB_B64-T51,5.0,-3.5097252881755e-10,3.16646984226376e-10,4.21278378520319e-12,3.1092066373682584e-10,1.5135367043470433e-12,15.296612796243185
1st2KB_B64-T51,4.75,-2.55764298628947e-10,2.2322600129722473e-10,3.772101762431979e-12,2.1801890919315985e-10,1.4349903416328933e-12,15.296612796243185
1st2KB_B64-T51,4.5,-1.76784503702621e-10,1.5716781343752455e-10,3.3744335460794755e-12,1.5243693591252636e-10,1.3564439789187452e-12,15.296612796243185
1st2KB_B64-T51,4.25,-1.20329551878129e-10,1.1056287282292353e-10,3.015901761601523e-12,1.0626907344511743e-10,1.2778976162045949e-12,15.296612796243185
1st2KB_B64-T51,4.0,-8.12168596264762e-11,7.775285426474269e-11,2.6930298485937427e-12,7.38604731626585e-11,1.1993512534904458e-12,15.296612796243185
1st2KB_B64-T51,3.75,-5.22450312179235e-11,5.4700260451937453e-11,2.402754129612963e-12,5.117670143154819e-11,1.1208048907762962e-12,15.296612796243185
1st2KB_B64-T51,3.5,-3.21558751847917e-11,3.8531703332786285e-11,2.1424445584053406e-12,3.534700024631879e-11,1.0422585280621469e-12,15.296612796243185
1st2KB_B64-T51,3.25,-1.960146801816e-11,2.72076795694129e-11,1.909804094665547e-12,2.4334163309399354e-11,9.637121653479976e-13,15.296612796243185
1st2KB_B64-T51,3.0,-1.24079262489585e-11,1.92845427263695e-11,1.7028656713919982e-12,1.6696511252343653e-11,8.851658026338474e-13,15.296612796243185
1st2KB_B64-T51,2.75,-7.51738688659076e-12,1.3743315539630358e-11,1.5199945491084993e-12,1.1416701550602159e-11,8.066194399196988e-13,15.296612796243185
1st2KB_B64-T51,2.5,-3.97707864904784e-12,9.866890728586941e-12,1.3598952169070454e-12,7.778922434474345e-12,7.280730772055496e-13,15.296612796243185
1st2KB_B64-T51,2.25,-2.1131631600807e-12,7.1521770393311156e-12,1.2216229670488093e-12,5.2810273577909075e-12,6.495267144913998e-13,15.296612796243185
1st2KB_B64-T51,2.0,-1.04179067716287e-12,5.247418919973864e-12,1.104600438534394e-12,3.5718381296622197e-12,5.709803517772506e-13,15.296612796243185
1st2KB_B64-T51,1.75,-4.00579499041862e-13,3.90760432599466e-12,1.0086394993255054e-12,2.406530837606053e-12,4.924339890631012e-13,15.296612796243185
1st2KB_B64-T51,1.5,-1.74563664846923e-13,2.9628356790303812e-12,9.339688947350248e-13,1.6149791579464048e-12,4.1388762634895195e-13,15.296612796243185
1st2KB_B64-T51,1.25,5.01747996178425e-14,2.2959665523274382e-12,8.812681457615947e-13,1.079357142931041e-12,3.353412636348024e-13,15.296612796243185
1st2KB_B64-T51,1.0,7.64001288990936e-14,1.826843593023248e-12,8.517082397412589e-13,7.183404523613361e-13,2.567949009206531e-13,15.296612796243185
1st2KB_B64-T51,0.75,1.00128611727878e-13,1.501244520426562e-12,8.469997180158588e-13,4.759962642041996e-13,1.7824853820650369e-13,15.296612796243185
1st2KB_B64-T51,0.5,1.5597587240887e-13,1.2831460382979964e-12,8.694488320846432e-13,3.13995030720999e-13,9.970217549235417e-14,15.296612796243185
1st2KB_B64-T51,0.25,1.91055396329964e-13,1.1493469097727554e-12,9.22022511417382e-13,2.061685855771684e-13,2.1155812778205115e-14,15.296612796243185
1st2KB_B64-T51,0.0,2.28024820162973e-13,7.732986842507797e-14,0.0,1.347204183610225e-13,-5.739054993594453e-14,15.296612796243185
1st2KB_B64-T53,0.0,2.47765031418951e-14,-1.6823831938079053e-14,0.0,1.869784320365855e-27,-1.682383193808092e-14,0.34009276282656925
1st2KB_B64-T53,-0.25,2.5310235542619e-14,-9.599024293373963e-14,-6.200482815093189e-16,-5.19794621088389e-44,-9.53701946522303e-14,0.34009276282656925
1st2KB_B64-T53,-0.5,6.71524196926149e-14,-1.7565346363185068e-13,-1.7369062654709962e-15,-8.852446846704562e-44,-1.7391655736637968e-13,0.34009276282656925
1st2KB_B64-T53,-0.75,8.63740502732302e-14,-2.5621433178142194e-13,-3.751411700892886e-15,-1.369120549970672e-43,-2.5246292008052904e-13,0.34009276282656925
1st2KB_B64-T53,-1.0,1.04806185160632e-13,-3.380558304498035e-13,-7.046547655125119e-15,-1.998944253218801e-43,-3.310092827946784e-13,0.34009276282656925
1st2KB_B64-T53,-1.25,1.28161465272857e-13,-4.2166611193564183e-13,-1.2110466426814024e-14,-2.8056075624231894e-43,-4.095556455088278e-13,0.34009276282656925
1st2KB_B64-T53,-1.5,1.55286617982767e-13,-5.076586644803186e-13,-1.9556656257341397e-14,-3.8244624751733164e-43,-4.881020082229772e-13,0.34009276282656925
1st2KB_B64-T53,-1.75,2.61340509779759e-13,-5.96795806904333e-13,-3.0147435967206526e-14,-5.096061186996601e-43,-5.666483709371265e-13,0.34009276282656925
1st2KB_B64-T53,-2.0,1.70092862320989e-13,-6.900157139848669e-13,-4.4820980333590955e-14,-6.666856049789362e-43,-6.451947336512759e-13,0.34009276282656925
1st2KB_B64-T53,-2.25,1.99537380975862e-13,-7.884633493749329e-13,-6.472225300950757e-14,-8.589932201453937e-43,-7.237410963654254e-13,0.34009276282656925
1st2KB_B64-T53,-2.5,2.22131449519047e-13,-8.93525753051683e-13,-9.123829397210824e-14,-1.0925798429184918e-42,-8.022874590795748e-13,0.34009276282656925
1st2KB_B64-T53,-2.75,2.38471677301011e-13,-1.006872183970022e-12,-1.2603836217629796e-13,-1.3743249408486519e-42,-8.808338217937241e-13,0.34009276282656925
1st2KB_B64-T53,-3.0,2.55667503227391e-13,-1.1304996709822352e-12,-1.711194864743618e-13,-1.7120308701069817e-42,-9.593801845078735e-13,0.34009276282656925
1st2KB_B64-T53,-3.25,2.32978838044656e-13,-1.266784580082948e-12,-2.2885803286092513e-13,-2.1145260795236694e-42,-1.0379265472220228e-12,0.34009276282656925
1st2KB_B64-T53,-3.5,4.00724456872323e-13,-1.4185408650336942e-12,-3.020679550975218e-13,-2.5917780329146437e-42,-1.1164729099361725e-12,0.34009276282656925
1st2KB_B64-T53,-3.75,4.13658067218228e-13,-1.5890857321099346e-12,-3.9406645945961343e-13,-3.155016689048942e-42,-1.1950192726503212e-12,0.34009276282656925
1st2KB_B64-T53,-4.0,4.66070270484925e-13,-1.7823135185910813e-12,-5.087478832266105e-13,-3.81686942299715e-42,-1.2735656353644708e-12,0.34009276282656925
1st2KB_B64-T53,-4.25,5.46706668651253e-13,-2.0027786591219157e-12,-6.506666610432954e-13,-4.5915083279038994e-42,-1.3521119980786203e-12,0.34009276282656925
1st2KB_B64-T53,-4.5,6.59560025952771e-13,-2.2557886946479416e-12,-8.251303338551717e-13,-5.4948108990206587e-42,-1.4306583607927698e-12,0.34009276282656925
1st2KB_B64-T53,-4.75,7.93011435597929e-13,-2.5017714933249645e-12,-9.930457866210645e-13,-6.32169786248931e-42,-1.5087257067039e-12,0.1634843319677963
1st2KB_B64-T53,-5.0,9.85658278086776e-13,-2.6443585972504442e-12,-1.0588467568405636e-12,-6.617114835856334e-42,-1.5855118404098809e-12,-0.48549349328943087
1st2KB_B64-T53,-5.25,1.33189141139634e-12,-2.723701963064179e-12,-1.0621136387933232e-12,-6.580216542003718e-42,-1.6615883242708557e-12,-1.3961117136139765
1st2KB_B64-T53,-5.5,1.50598262159407e-12,-2.8805176079333246e-12,-1.142125754392438e-12,-6.894444117147425e-42,-1.7383918535408866e-12,-2.0386759783206942
1st2KB_B64-T53,-5.75,1.85683326353603e-12,-2.9537694512179083e-12,-1.1395754908626066e-12,-6.722583276746584e-42,-1.8141939603553014e-12,-3.0504541148554156
1st2KB_B64-T53,-6.0,2.24442664974178e-12,-3.1317434914859323e-12,-1.2408053610195309e-12,-7.012802438715872e-42,-1.8909381304664014e-12,-3.7149034738842226
1st2KB_B64-T53,-6.25,2.88763717798401e-12,-3.270905381535401e-12,-1.3039842512655642e-12,-6.927571205063694e-42,-1.966921130269837e-12,-4.659988277861243
1st2KB_B64-T53,-6.5,3.92229521431475e-12,-3.4836086686621466e-12,-1.440315681156932e-12,-7.036202212004137e-42,-2.0432929875052143e-12,-5.461705457884376
1st2KB_B64-T53,-6.75,4.25128248576767e-12,-3.772648617801583e-12,-1.6525811848021017e-12,-7.353676459635982e-42,-2.1200674329994807e-12,-6.114992603226643
1st2KB_B64-T53,-7.0,4.81671473540057e-12,-4.1026885486257656e-12,-1.907400550797973e-12,-6.88042172004527e-42,-2.1952879978277927e-12,-7.34117912167359
1st2KB_B64-T53,-7.25,5.52582589061212e-12,-4.6082529591943835e-12,-2.3366542955558488e-12,-6.9579285292343e-42,-2.2715986636385347e-12,-8.165456933011747
1st2KB_B64-T53,-7.5,8.2842144602524e-12,-5.211936497904344e-12,-2.8631753305876422e-12,-7.47521584956834e-42,-2.3487611673167014e-12,-8.675671128702945
1st2KB_B64-T53,-7.75,1.2438899736622e-11,-6.0885453079744214e-12,-3.663500648974631e-12,-7.543911082650809e-42,-2.4250446589997903e-12,-9.509967753608185
1st2KB_B64-T53,-8.0,1.56207234647265e-11,-7.382260281988574e-12,-4.881214650309989e-12,-7.462676153377102e-42,-2.501045631678586e-12,-10.448426148458477
1st2KB_B64-T53,-8.25,2.72597101141914e-11,-9.284876699356765e-12,-6.7079371276287196e-12,-7.326372782938429e-42,-2.5769395717280454e-12,-11.42634634214083
1st2KB_B64-T53,-8.5,3.85182129247763e-11,-1.183093752550658e-11,-9.177855850975773e-12,-7.320140386331899e-42,-2.6530816745308072e-12,-12.312771552385854
1st2KB_B64-T53,-8.75,7.62128485320979e-11,-1.4897619043760285e-11,-1.2167958737456612e-11,-7.543516467186639e-42,-2.7296603063036737e-12,-13.038253146564458
1st2KB_B64-T53,-9.0,1.23071844382316e-10,-2.00135080998224e-11,-1.720799847867234e-11,-7.382570073382162e-42,-2.8055096211500607e-12,-14.03262618081833
1st2KB_B64-T53,-9.25,1.76006972885112e-10,-2.5728224379711044e-11,-2.2846156711661956e-11,-7.596526715611743e-42,-2.882067668049085e-12,-14.765697200348017
1st2KB_B64-T53,-9.5,3.94746707543803e-10,-3.556561238430604e-11,-3.2607815777259264e-11,-7.371480869375804e-42,-2.9577966070467814e-12,-15.804451537338801
1st2KB_B64-T53,-9.25,3.0182614740859e-10,-3.2419203107567854e-11,-2.9539952863235225e-11,-6.208345153138429e-42,-2.8792502443326314e-12,-15.804451537338801
1st2KB_B64-T53,-9.0,2.28170315974552e-10,-2.9553296527433404e-11,-2.6752592645814922e-11,-5.205192885509362e-42,-2.8007038816184835e-12,-15.804451537338801
1st2KB_B64-T53,-8.75,1.92297983092615e-10,-2.694253706423023e-11,-2.4220379545325896e-11,-4.3428464450958517e-42,-2.7221575189043336e-12,-15.804451537338801
1st2KB_B64-T53,-8.5,1.44283210379292e-10,-2.4563854648821094e-11,-2.192024349263091e-11,-3.60413970025334e-42,-2.643611156190185e-12,-15.804451537338801
1st2KB_B64-T53,-8.25,1.08571873713714e-10,-2.2396260865950317e-11,-1.9831196072474282e-11,-2.973732148215977e-42,-2.565064793476034e-12,-15.804451537338801
1st2KB_B64-T53,-8.0,8.22344067841208e-11,-2.0420662725795557e-11,-1.7934144295033673e-11,-2.437938295412892e-42,-2.486518430761885e-12,-15.804451537338801
1st2KB_B64-T53,-7.75,5.51205817100886e-11,-1.8619692618623312e-11,-1.6211720550575577e-11,-1.984571157171704e-42,-2.4079720680477354e-12,-15.804451537338801
1st2KB_B64-T53,-7.5,4.15876846848739e-11,-1.697755311789864e-11,-1.4648127412565052e-11,-1.602798827691283e-42,-2.3294257053335863e-12,-15.804451537338801
1st2KB_B64-T53,-7.25,3.26100292602494e-11,-1.547987539986056e-11,-1.322899605724112e-11,-1.283013138243302e-42,-2.2508793426194376e-12,-15.804451537338801
1st2KB_B64-T53,-7.0,2.32916030212804e-11,-1.4113590142953631e-11,-1.1941257163048344e-11,-1.0167094822920814e-42,-2.1723329799052877e-12,-15.804451537338801
1st2KB_B64-T53,-6.75,1.5432218003486e-11,-1.2866809859088873e-11,-1.0773023241897733e-11,-7.963769387030977e-43,-2.093786617191139e-12,-15.804451537338801
1st2KB_B64-T53,-6.5,1.04060770417247e-11,-1.1728721690975661e-11,-9.713481436498674e-12,-6.153978640071803e-43,-2.0152402544769886e-12,-15.804451537338801
1st2KB_B64-T53,-6.25,8.26326507219477e-12,-1.0689489786201183e-11,-8.752795894438343e-12,-4.6795614105416054e-43,-1.9366938917628395e-12,-15.804451537338801
1st2KB_B64-T53,-6.0,5.37867059918762e-12,-9.740166429903945e-12,-7.882018900855255e-12,-3.489532367138242e-43,-1.85814752904869e-12,-15.804451537338801
1st2KB_B64-T53,-5.75,4.42022069988002e-12,-8.872611184631433e-12,-7.093010018296892e-12,-2.5393105801351366e-43,-1.7796011663345404e-12,-15.804451537338801
1st2KB_B64-T53,-5.5,3.16468010651272e-12,-8.079417350083848e-12,-6.378362546463457e-12,-1.7900005875777488e-43,-1.7010548036203919e-12,-15.804451537338801
1st2KB_B64-T53,-5.25,2.05054896673662e-12,-7.353845122337512e-12,-5.7313366814312705e-12,-1.2076922288050824e-43,-1.6225084409062425e-12,-15.804451537338801
1st2KB_B64-T53,-5.0,1.32174696534926e-12,-6.689760923984142e-12,-5.145798845792048e-12,-7.626713165491229e-44,-1.5439620781920934e-12,-15.804451537338801
1st2KB_B64-T53,-4.75,7.95808243522073e-13,-6.081582622695939e-12,-4.616166907217996e-12,-4.2800583562602846e-44,-1.465415715477943e-12,-15.804451537338801
1st2KB_B64-T53,-4.5,6.45293063775143e-13,-5.524232275629599e-12,-4.137362922865805e-12,-1.7106116567977633e-44,-1.3868693527637942e-12,-15.804451537338801
1st2KB_B64-T53,-4.25,3.14574863553851e-13,-5.013246061299201e-12,-3.704923071249557e-12,-2.762693180183426e-44,-1.3083229900496438e-12,-15.804451537338801
1st2KB_B64-T53,-4.0,2.41524275622698e-13,-4.544538798347732e-12,-3.3147621710122365e-12,-5.609888659498743e-44,-1.229776627335495e-12,-15.804451537338801
1st2KB_B64-T53,-3.75,1.38223200246701e-13,-4.114547974028982e-12,-2.963317709407635e-12,-9.40162751090547e-44,-1.1512302646213462e-12,-15.804451537338801
1st2KB_B64-T53,-3.5,-3.51782981271396e-14,-3.720152707633008e-12,-2.6474688057258116e-12,-1.441173880275196e-43,-1.0726839019071966e-12,-15.804451537338801
1st2KB_B64-T53,-3.25,-2.93764070415179e-14,-3.3586060674577023e-12,-2.3644685282646548e-12,-2.0918783427475114e-43,-9.941375391930475e-13,-15.804451537338801
1st2KB_B64-T53,-3.0,-6.31970672082711e-14,-3.027530210217604e-12,-2.1119390337387066e-12,-2.9236930039650296e-43,-9.155911764788974e-13,-15.804451537338801
1st2KB_B64-T53,-2.75,-8.96705602024088e-14,-2.7249167465640745e-12,-1.887871932799326e-12,-3.972597953885411e-43,-8.370448137647486e-13,-15.804451537338801
1st2KB_B64-T53,-2.5,-1.13939307750006e-13,-2.449131832698596e-12,-1.6906333816479978e-12,-5.279863124353221e-43,-7.584984510505984e-13,-15.804451537338801
1st2KB_B64-T53,-2.25,-1.10759342778106e-13,-2.1989261495671786e-12,-1.5189740612307294e-12,-6.892750039617623e-43,-6.799520883364492e-13,-15.804451537338801
1st2KB_B64-T53,-2.0,-1.89238693617221e-13,-1.9734500701302664e-12,-1.3720443445079668e-12,-8.865250905557956e-43,-6.014057256222998e-13,-15.804451537338801
1st2KB_B64-T53,-1.75,-1.15712561060688e-13,-1.7722743849441817e-12,-1.2494150220360306e-12,-1.1258888021363073e-42,-5.228593629081511e-13,-15.804451537338801
1st2KB_B64-T53,-1.5,-1.43033127659661e-13,-1.5954170138757086e-12,-1.1511040136817068e-12,-1.4143585896000054e-42,-4.4431300019400174e-13,-15.804451537338801
1st2KB_B64-T53,-1.25,-1.79706401669255e-13,-1.4433761887930298e-12,-1.0776095513131775e-12,-1.759862521879626e-42,-3.657666374798523e-13,-15.804451537338801
1st2KB_B64-T53,-1.0,-2.07838913722676e-13,-1.3171706517391138e-12,-1.0299503769734109e-12,-2.1713686913601192e-42,-2.872202747657029e-13,-15.804451537338801
1st2KB_B64-T53,-0.75,-1.9851172572069e-13,-1.21838747660992e-12,-1.0097135645583672e-12,-2.6589994433583078e-42,-2.0867391205155277e-13,-15.804451537338801
1st2KB_B64-T53,-0.5,-2.11109246945652e-13,-1.149238190385376e-12,-1.0191106410479724e-12,-3.234156273890744e-42,-1.3012754933740374e-13,-15.804451537338801
1st2KB_B64-T53,-0.25,-2.44291159566881e-13,-1.1126239429863447e-12,-1.0610427563630908e-12,-3.9096562860604226e-42,-5.1581186623253985e-14,-15.804451537338801
1st2KB_B64-T53,0.0,-2.26161293468904e-13,3.2046460998377016e-13,0.0,2.9349943389287567e-13,2.6965176090894458e-14,-15.804451537338801
1st2KB_B64-T53,0.25,-2.63847158097491e-13,1.5295428907503287e-12,1.2414381662592246e-12,1.8271212832096757e-13,1.0539259617013645e-13,-15.760598645371548
1st2KB_B64-T53,0.5,-3.13781823874787e-13,1.5066715861182232e-12,1.2507131433076482e-12,7.310641231902555e-14,1.8285203049154938e-13,-15.359859638540817
1st2KB_B64-T53,0.75,-3.0738294396794e-13,1.5146062303007171e-12,1.2320976344816977e-12,2.2690407572517624e-14,2.598181882465016e-13,-14.777254776831557
1st2KB_B64-T53,1.0,-3.41825553322808e-13,1.515964172536879e-12,1.1746785072549133e-12,5.086403397261511e-15,3.36199261884704e-13,-13.978935587089726
1st2KB_B64-T53,1.25,-3.5562305595975e-13,1.5447485310909588e-12,1.1313060459170754e-12,9.937348701509598e-16,4.124487503037324e-13,-13.132102318225835
1st2KB_B64-T53,1.5,-4.50966331335192e-13,1.5841404706228694e-12,1.0953964443183356e-12,1.6645178713530578e-16,4.885775745173984e-13,-12.240781432569243
1st2KB_B64-T53,1.75,-4.96223721835332e-13,1.6678398299176994e-12,1.1028226840574079e-12,2.9314297908678006e-17,5.64987831562383e-13,-11.453221856365861
1st2KB_B64-T53,2.0,-5.25951840673472e-13,1.782972958359115e-12,1.1413539544738811e-12,5.264206426520906e-18,6.416137396788076e-13,-10.745170550227385
1st2KB_B64-T53,2.25,-5.62027529550646e-13,1.8318989526942558e-12,1.1143214847076403e-12,5.39771999368039e-19,7.175769282146161e-13,-9.792781541331065
1st2KB_B64-T53,2.5,-6.45306345251756e-13,1.8989706658148915e-12,1.105293936608079e-12,4.8410062056200517e-20,7.936766807967506e-13,-8.890742252489058
1st2KB_B64-T53,2.75,-7.87743351451931e-13,1.9320392540490215e-12,1.0626117469038265e-12,2.3842111274342716e-21,8.69427504760984e-13,-7.860056671281509
1st2KB_B64-T53,3.0,-8.63213959947234e-13,2.111501406884491e-12,1.1649322451165416e-12,2.7193535251313315e-22,9.46569161496014e-13,-7.342156428060868
1st2KB_B64-T53,3.25,-9.24406059511773e-13,2.1589629282716625e-12,1.1365021872785574e-12,4.9143135639615046e-24,1.0224607409881904e-12,-6.363365921865548
1st2KB_B64-T53,3.5,-1.18445661265176e-12,2.241201936810382e-12,1.1425297343081009e-12,2.312135076863868e-26,1.0986722025022578e-12,-5.502512535182432
1st2KB_B64-T53,3.75,-1.34680634700235e-12,2.277541951711606e-12,1.1030915697803205e-12,5.220913585660844e-26,1.174450381931233e-12,-4.481912624609102
1st2KB_B64-T53,4.0,-1.5360740023701e-12,2.411045736196371e-12,1.1599038918731362e-12,4.363800739635406e-24,1.251141844318871e-12,-3.7980304851931623
1st2KB_B64-T53,4.25,-1.83608510340161e-12,2.4441513751537896e-12,1.1172600126942425e-12,2.855359365187247e-22,1.326891362174011e-12,-2.7668633553717985
1st2KB_B64-T53,4.5,-2.24918217731074e-12,2.5400807959157673e-12,1.1368560334964533e-12,4.94065368173287e-21,1.4032247574786603e-12,-1.950965668129058
1st2KB_B64-T53,4.75,-2.98781810924298e-12,2.5909285938516163e-12,1.1118071100044892e-12,8.188701246679807e-20,1.4791214019601144e-12,-0.9740425699305575
1st2KB_B64-T53,5.0,-4.7319847693017e-12,2.705774027299406e-12,1.1501650365578848e-12,6.711552076729035e-19,1.5556083195863136e-12,-0.2147469395255412
1st2KB_B64-T53,5.25,-9.28782918629967e-12,2.7960753673969897e-12,1.1642392763048963e-12,5.4828138350549385e-18,1.6318306082782588e-12,0.6421145811444104
1st2KB_B64-T53,5.5,-1.93357899136437e-11,2.9274995656769967e-12,1.2190779213718462e-12,3.164790646519678e-17,1.7083899963986854e-12,1.3746911065235095
1st2KB_B64-T53,5.75,-3.58875984485252e-11,2.9771331649076773e-12,1.192792533125345e-12,2.644833629547417e-16,1.7840761484193774e-12,2.429220549569295
1st2KB_B64-T53,6.0,-6.65775629071774e-11,3.1292861383980823e-12,1.2674195745570143e-12,1.2453366000345954e-15,1.860621227241033e-12,3.1670727621197288
1st2KB_B64-T53,6.25,-9.98612234570651e-11,3.2646256505678683e-12,1.3211267534822698e-12,6.7768718810470335e-15,1.9367220252045517e-12,4.068726629897664
1st2KB_B64-T53,6.5,-1.45924453076596e-10,3.46820610109856e-12,1.4237066942467891e-12,3.1511858934445346e-14,2.0129875479173253e-12,4.909648224180935
1st2KB_B64-T53,6.75,-2.20884449619874e-10,3.805375679832805e-12,1.6024352772295986e-12,1.132539475555727e-13,2.0896864550476327e-12,5.590785565684131
1st2KB_B64-T53,7.0,-3.60474011751322e-10,4.6411057529503664e-12,1.7856324333749467e-12,6.904180306511234e-13,2.1650552889242965e-12,6.762306853581124
1st2KB_B64-T53,7.25,-5.80870684885326e-10,6.985302697118677e-12,2.1296255665068483e-12,2.6142903415348993e-12,2.2413867890769295e-12,7.578903263335745
1st2KB_B64-T53,7.5,-8.18948298064726e-10,1.3782146153367718e-11,2.610717359031482e-12,8.853539210135342e-12,2.3178895842008936e-12,8.332345028179699
1st2KB_B64-T53,7.75,-1.15557208246742e-09,4.272691865374282e-11,3.3625103959319756e-12,3.6970647290206406e-11,2.3937609676044385e-12,9.318581618730315
1st2KB_B64-T53,8.0,-1.79035286596019e-09,1.4046635253403398e-10,4.4295449852999005e-12,1.3356691313999686e-10,2.4698944087372235e-12,10.20820029512024
1st2KB_B64-T53,8.25,-2.47870879377388e-09,3.5541882230209774e-10,5.6379791796363095e-12,3.472340162535987e-10,2.5468268688627494e-12,10.803229116530149
1st2KB_B64-T53,8.5,-4.06046840595309e-09,1.3561582635925915e-09,7.864079653469354e-12,1.345671595935794e-09,2.6225880033282974e-12,11.830113324910778
1st2KB_B64-T53,8.75,-8.88120865738529e-09,4.4529240894341905e-09,1.0810625230694653e-11,4.439414762599603e-09,2.6987016038939123e-12,12.72704700865166
1st2KB_B64-T53,9.0,-1.30168729128854e-08,1.4710607216740838e-08,1.5055897857910528e-11,1.4692776600057556e-08,2.7747188253707666e-12,13.65951464344835
1st2KB_B64-T53,9.25,-2.05001402520111e-08,2.5762088772829616e-08,2.0333719090747365e-11,2.573890396112711e-08,2.851092611760839e-12,14.460520564531352
1st2KB_B64-T53,9.5,-3.16121173682404e-08,2.5769474942003995e-08,2.7643609643685438e-11,2.573890396112711e-08,2.927371233201732e-12,15.296612796243185
1st2KB_B64-T53,9.25,-2.87879018401327e-08,2.5766742085345712e-08,2.498929934811447e-11,2.573890396112711e-08,2.8488248704875823e-12,15.296612796243185
1st2KB_B64-T53,9.0,-2.25378808949017e-08,2.576425791225604e-08,2.2583672621158904e-11,2.573890396112711e-08,2.770278507773433e-12,15.296612796243185
1st2KB_B64-T53,8.75,-2.02659080628109e-08,2.5761999313205393e-08,2.0403619933224544e-11,2.573890396112711e-08,2.6917321450592836e-12,15.296612796243185
1st2KB_B64-T53,8.5,-2.2367618868202e-08,2.5759945320034732e-08,1.8428173125279428e-11,2.573890396112711e-08,2.613185782345134e-12,15.296612796243185
1st2KB_B64-T53,8.25,-1.12361364656977e-08,2.4857545836969147e-08,1.6638309850729536e-11,2.4838372887698787e-08,2.5346394196309854e-12,15.296612796243185
1st2KB_B64-T53,8.0,-8.62424442971133e-09,1.8000739329056408e-08,1.5016775226437985e-11,1.798326646077305e-08,2.4560930569168354e-12,15.296612796243185
1st2KB_B64-T53,7.75,-6.61616272878973e-09,1.3007915385866611e-08,1.3547919265487243e-11,1.299198991990692e-08,2.3775466942026867e-12,15.296612796243185
1st2KB_B64-T53,7.5,-5.19149390143525e-09,9.379895186456418e-09,1.2217548774198031e-11,9.365378637350731e-09,2.2990003314885364e-12,15.296612796243185
1st2KB_B64-T53,7.25,-3.57706553266723e-09,6.749167356968477e-09,1.1012792498036056e-11,6.735934110501666e-09,2.2204539687743877e-12,15.296612796243185
1st2KB_B64-T53,7.0,-2.75779687974875e-09,4.845686184442892e-09,9.921978395875824e-12,4.8336222984409565e-09,2.1419076060602377e-12,15.296612796243185
1st2KB_B64-T53,6.75,-2.13477546751051e-09,3.471417999177395e-09,8.934522010141698e-12,3.460420115923907e-09,2.0633612433460886e-12,15.296612796243185
1st2KB_B64-T53,6.5,-1.56994062194826e-09,2.481432602521026e-09,8.040824982077132e-12,2.471406962658317e-09,1.9848148806319387e-12,15.296612796243185
1st2KB_B64-T53,6.25,-1.16785092707516e-09,1.7698828437413045e-09,7.232182837284274e-12,1.7607443923861025e-09,1.90626851791779e-12,15.296612796243185
1st2KB_B64-T53,6.0,-8.65398863680866e-10,1.2596283602393282e-09,6.5007012372672955e-12,1.2512999368468574e-09,1.8277221552036412e-12,15.296612796243185
1st2KB_B64-T53,5.75,-6.43195163796406e-10,8.945711182341611e-10,5.839219958770031e-12,8.869827224829016e-10,1.7491757924894913e-12,15.296612796243185
1st2KB_B64-T53,5.5,-4.74494110669355e-10,6.340051809048905e-10,5.241243925746516e-12,6.270933075493686e-10,1.670629429775342e-12,15.296612796243185
1st2KB_B64-T53,5.25,-3.20985432678e-10,4.484597317329024e-10,4.700880683228842e-12,4.421667679826124e-10,1.5920830670611928e-12,15.296612796243185
1st2KB_B64-T53,5.0,-2.32613539541404e-10,3.16646984226376e-10,4.21278378520319e-12,3.1092066373682584e-10,1.5135367043470433e-12,15.296612796243185
1st2KB_B64-T53,4.75,-1.67690694663492e-10,2.2322600129722473e-10,3.772101762431979e-12,2.1801890919315985e-10,1.4349903416328933e-12,15.296612796243185
1st2KB_B64-T53,4.5,-1.15288896485044e-10,1.5716781343752455e-10,3.3744335460794755e-12,1.5243693591252636e-10,1.3564439789187452e-12,15.296612796243185
1st2KB_B64-T53,4.25,-7.57891735481131e-11,1.1056287282292353e-10,3.015901761601523e-12,1.0626907344511743e-10,1.2778976162045949e-12,15.296612796243185
1st2KB_B64-T53,4.0,-5.27295776486802e-11,7.775285426474269e-11,2.6930298485937427e-12,7.38604731626585e-11,1.1993512534904458e-12,15.296612796243185
1st2KB_B64-T53,3.75,-3.03678228397164e-11,5.4700260451937453e-11,2.402754129612963e-12,5.117670143154819e-11,1.1208048907762962e-12,15.296612796243185
1st2KB_B64-T53,3.5,-1.90216800644016e-11,3.8531703332786285e-11,2.1424445584053406e-12,3.534700024631879e-11,1.0422585280621469e-12,15.296612796243185
1st2KB_B64-T53,3.25,-1.13867248963118e-11,2.72076795694129e-11,1.909804094665547e-12,2.4334163309399354e-11,9.637121653479976e-13,15.296612796243185
1st2KB_B64-T53,3.0,-7.43877355546818e-12,1.92845427263695e-11,1.7028656713919982e-12,1.6696511252343653e-11,8.851658026338474e-13,15.296612796243185
1st2KB_B64-T53,2.75,-4.73116294405496e-12,1.3743315539630358e-11,1.5199945491084993e-12,1.1416701550602159e-11,8.066194399196988e-13,15.296612796243185
1st2KB_B64-T53,2.5,-2.65806539105629e-12,9.866890728586941e-12,1.3598952169070454e-12,7.778922434474345e-12,7.280730772055496e-13,15.296612796243185
1st2KB_B64-T53,2.25,-1.38018817295166e-12,7.1521770393311156e-12,1.2216229670488093e-12,5.2810273577909075e-12,6.495267144913998e-13,15.296612796243185
1st2KB_B64-T53,2.0,-2.41542354693924e-13,5.247418919973864e-12,1.104600438534394e-12,3.5718381296622197e-12,5.709803517772506e-13,15.296612796243185
1st2KB_B64-T53,1.75,-6.48135516610748e-14,3.90760432599466e-12,1.0086394993255054e-12,2.406530837606053e-12,4.924339890631012e-13,15.296612796243185
1st2KB_B64-T53,1.5,-4.616264340999e-15,2.9628356790303812e-12,9.339688947350248e-13,1.6149791579464048e-12,4.1388762634895195e-13,15.296612796243185
1st2KB_B64-T53,1.25,-1.31847305425911e-13,2.2959665523274382e-12,8.812681457615947e-13,1.079357142931041e-12,3.353412636348024e-13,15.296612796243185
1st2KB_B64-T53,1.0,-4.58095421405208e-13,1.826843593023248e-12,8.517082397412589e-13,7.183404523613361e-13,2.567949009206531e-13,15.296612796243185
1st2KB_B64-T53,0.75,3.05100969445402e-13,1.501244520426562e-12,8.469997180158588e-13,4.759962642041996e-13,1.7824853820650369e-13,15.296612796243185
1st2KB_B64-T53,0.5,2.57318851556304e-13,1.2831460382979964e-12,8.694488320846432e-13,3.13995030720999e-13,9.970217549235417e-14,15.296612796243185
1st2KB_B64-T53,0.25,1.9536950453692e-13,1.1493469097727554e-12,9.22022511417382e-13,2.061685855771684e-13,2.1155812778205115e-14,15.296612796243185
1st2KB_B64-T53,0.0,2.07703537528914e-13,7.732986842507797e-14,0.0,1.347204183610225e-13,-5.739054993594453e-14,15.296612796243185
1st2KB_B64-T55,0.0,2.68084216799433e-14,-1.6823831938079053e-14,0.0,1.869784320365855e-27,-1.682383193808092e-14,0.34009276282656925
1st2KB_B64-T55,-0.25,6.39710655866814e-14,-9.599024293373963e-14,-6.200482815093189e-16,-5.19794621088389e-44,-9.53701946522303e-14,0.34009276282656925
1st2KB_B64-T55,-0.5,6.63224697058408e-14,-1.7565346363185068e-13,-1.7369062654709962e-15,-8.852446846704562e-44,-1.7391655736637968e-13,0.34009276282656925
1st2KB_B64-T55,-0.75,1.09153707123291e-13,-2.5621433178142194e-13,-3.751411700892886e-15,-1.369120549970672e-43,-2.5246292008052904e-13,0.34009276282656925
1st2KB_B64-T55,-1.0,1.24175599273621e-13,-3.380558304498035e-13,-7.046547655125119e-15,-1.998944253218801e-43,-3.310092827946784e-13,0.34009276282656925
1st2KB_B64-T55,-1.25,1.39393813332334e-13,-4.2166611193564183e-13,-1.2110466426814024e-14,-2.8056075624231894e-43,-4.095556455088278e-13,0.34009276282656925
1st2KB_B64-T55,-1.5,1.49213622143915e-13,-5.076586644803186e-13,-1.9556656257341397e-14,-3.8244624751733164e-43,-4.881020082229772e-13,0.34009276282656925
1st2KB_B64-T55,-1.75,1.59812728372025e-13,-5.96795806904333e-13,-3.0147435967206526e-14,-5.096061186996601e-43,-5.666483709371265e-13,0.34009276282656925
1st2KB_B64-T55,-2.0,1.97522526763569e-13,-6.900157139848669e-13,-4.4820980333590955e-14,-6.666856049789362e-43,-6.451947336512759e-13,0.34009276282656925
1st2KB_B64-T55,-2.25,2.05218708779903e-13,-7.884633493749329e-13,-6.472225300950757e-14,-8.589932201453937e-43,-7.237410963654254e-13,0.34009276282656925
1st2KB_B64-T55,-2.5,2.10891064810967e-13,-8.93525753051683e-13,-9.123829397210824e-14,-1.0925798429184918e-42,-8.022874590795748e-13,0.34009276282656925
1st2KB_B64-T55,-2.75,2.33420460694564e-13,-1.006872183970022e-12,-1.2603836217629796e-13,-1.3743249408486519e-42,-8.808338217937241e-13,0.34009276282656925
1st2KB_B64-T55,-3.0,2.79085700946938e-13,-1.1304996709822352e-12,-1.711194864743618e-13,-1.7120308701069817e-42,-9.593801845078735e-13,0.34009276282656925
1st2KB_B64-T55,-3.25,3.10806881533704e-13,-1.266784580082948e-12,-2.2885803286092513e-13,-2.1145260795236694e-42,-1.0379265472220228e-12,0.34009276282656925
1st2KB_B64-T55,-3.5,3.39083660238701e-13,-1.4185408650336942e-12,-3.020679550975218e-13,-2.5917780329146437e-42,-1.1164729099361725e-12,0.34009276282656925
1st2KB_B64-T55,-3.75,3.77237900205801e-13,-1.5890857321099346e-12,-3.9406645945961343e-13,-3.155016689048942e-42,-1.1950192726503212e-12,0.34009276282656925
1st2KB_B64-T55,-4.0,4.46054705758453e-13,-1.7823135185910813e-12,-5.087478832266105e-13,-3.81686942299715e-42,-1.2735656353644708e-12,0.34009276282656925
1st2KB_B64-T55,-4.25,5.20551646492756e-13,-2.0027786591219157e-12,-6.506666610432954e-13,-4.5915083279038994e-42,-1.3521119980786203e-12,0.34009276282656925
1st2KB_B64-T55,-4.5,5.67757917502992e-13,-2.2557886946479416e-12,-8.251303338551717e-13,-5.4948108990206587e-42,-1.4306583607927698e-12,0.34009276282656925
1st2KB_B64-T55,-4.75,7.58197703839419e-13,-2.5017714933249645e-12,-9.930457866210645e-13,-6.32169786248931e-42,-1.5087257067039e-12,0.1634843319677963
1st2KB_B64-T55,-5.0,9.36132898629594e-13,-2.6443585972504442e-12,-1.0588467568405636e-12,-6.617114835856334e-42,-1.5855118404098809e-12,-0.48549349328943087
1st2KB_B64-T55,-5.25,1.11925128453566e-12,-2.723701963064179e-12,-1.0621136387933232e-12,-6.580216542003718e-42,-1.6615883242708557e-12,-1.3961117136139765
1st2KB_B64-T55,-5.5,1.32869897809945e-12,-2.8805176079333246e-12,-1.142125754392438e-12,-6.894444117147425e-42,-1.7383918535408866e-12,-2.0386759783206942
1st2KB_B64-T55,-5.75,1.66879693657557e-12,-2.9537694512179083e-12,-1.1395754908626066e-12,-6.722583276746584e-42,-1.8141939603553014e-12,-3.0504541148554156
1st2KB_B64-T55,-6.0,2.16603189377718e-12,-3.1317434914859323e-12,-1.2408053610195309e-12,-7.012802438715872e-42,-1.8909381304664014e-12,-3.7149034738842226
1st2KB_B64-T55,-6.25,2.62157309749433e-12,-3.270905381535401e-12,-1.3039842512655642e-12,-6.927571205063694e-42,-1.966921130269837e-12,-4.659988277861243
1st2KB_B64-T55,-6.5,3.42064267536135e-12,-3.4836086686621466e-12,-1.440315681156932e-12,-7.036202212004137e-42,-2.0432929875052143e-12,-5.461705457884376
1st2KB_B64-T55,-6.75,4.0716375583616e-12,-3.772648617801583e-12,-1.6525811848021017e-12,-7.353676459635982e-42,-2.1200674329994807e-12,-6.114992603226643
1st2KB_B64-T55,-7.0,4.81531654827894e-12,-4.1026885486257656e-12,-1.907400550797973e-12,-6.88042172004527e-42,-2.1952879978277927e-12,-7.34117912167359
1st2KB_B64-T55,-7.25,5.82582072861104e-12,-4.6082529591943835e-12,-2.3366542955558488e-12,-6.9579285292343e-42,-2.2715986636385347e-12,-8.165456933011747
1st2KB_B64-T55,-7.5,6.27974321848468e-12,-5.211936497904344e-12,-2.8631753305876422e-12,-7.47521584956834e-42,-2.3487611673167014e-12,-8.675671128702945
1st2KB_B64-T55,-7.75,9.20704311402343e-12,-6.0885453079744214e-12,-3.663500648974631e-12,-7.543911082650809e-42,-2.4250446589997903e-12,-9.509967753608185
1st2KB_B64-T55,-8.0,1.2983529182331e-11,-7.382260281988574e-12,-4.881214650309989e-12,-7.462676153377102e-42,-2.501045631678586e-12,-10.448426148458477
1st2KB_B64-T55,-8.25,1.68055604155004e-11,-9.284876699356765e-12,-6.7079371276287196e-12,-7.326372782938429e-42,-2.5769395717280454e-12,-11.42634634214083
1st2KB_B64-T55,-8.5,4.63982151310827e-11,-1.183093752550658e-11,-9.177855850975773e-12,-7.320140386331899e-42,-2.6530816745308072e-12,-12.312771552385854
1st2KB_B64-T55,-8.75,1.18869761256413e-10,-1.4897619043760285e-11,-1.2167958737456612e-11,-7.543516467186639e-42,-2.7296603063036737e-12,-13.038253146564458
1st2KB_B64-T55,-9.0,1.83089085559196e-10,-2.00135080998224e-11,-1.720799847867234e-11,-7.382570073382162e-42,-2.8055096211500607e-12,-14.03262618081833
1st2KB_B64-T55,-9.25,2.8913835214972e-10,-2.5728224379711044e-11,-2.2846156711661956e-11,-7.596526715611743e-42,-2.882067668049085e-12,-14.765697200348017
1st2KB_B64-T55,-9.5,4.16049000806495e-10,-3.556561238430604e-11,-3.2607815777259264e-11,-7.371480869375804e-42,-2.9577966070467814e-12,-15.804451537338801
1st2KB_B64-T55,-9.25,3.37421951490668e-10,-3.2419203107567854e-11,-2.9539952863235225e-11,-6.208345153138429e-42,-2.8792502443326314e-12,-15.804451537338801
1st2KB_B64-T55,-9.0,3.0195010380929e-10,-2.9553296527433404e-11,-2.6752592645814922e-11,-5.205192885509362e-42,-2.8007038816184835e-12,-15.804451537338801
1st2KB_B64-T55,-8.75,2.29220892267179e-10,-2.694253706423023e-11,-2.4220379545325896e-11,-4.3428464450958517e-42,-2.7221575189043336e-12,-15.804451537338801
1st2KB_B64-T55,-8.5,1.82219031530373e-10,-2.4563854648821094e-11,-2.192024349263091e-11,-3.60413970025334e-42,-2.643611156190185e-12,-15.804451537338801
1st2KB_B64-T55,-8.25,1.45352507807672e-10,-2.2396260865950317e-11,-1.9831196072474282e-11,-2.973732148215977e-42,-2.565064793476034e-12,-15.804451537338801
1st2KB_B64-T55,-8.0,1.18893575540291e-10,-2.0420662725795557e-11,-1.7934144295033673e-11,-2.437938295412892e-42,-2.486518430761885e-12,-15.804451537338801
1st2KB_B64-T55,-7.75,7.90744761336448e-11,-1.8619692618623312e-11,-1.6211720550575577e-11,-1.984571157171704e-42,-2.4079720680477354e-12,-15.804451537338801
1st2KB_B64-T55,-7.5,6.38323491286563e-11,-1.697755311789864e-11,-1.4648127412565052e-11,-1.602798827691283e-42,-2.3294257053335863e-12,-15.804451537338801
1st2KB_B64-T55,-7.25,5.23794237150543e-11,-1.547987539986056e-11,-1.322899605724112e-11,-1.283013138243302e-42,-2.2508793426194376e-12,-15.804451537338801
1st2KB_B64-T55,-7.0,3.23612560360065e-11,-1.4113590142953631e-11,-1.1941257163048344e-11,-1.0167094822920814e-42,-2.1723329799052877e-12,-15.804451537338801
1st2KB_B64-T55,-6.75,2.2563645396545e-11,-1.2866809859088873e-11,-1.0773023241897733e-11,-7.963769387030977e-43,-2.093786617191139e-12,-15.804451537338801
1st2KB_B64-T55,-6.5,1.70812270577914e-11,-1.1728721690975661e-11,-9.713481436498674e-12,-6.153978640071803e-43,-2.0152402544769886e-12,-15.804451537338801
1st2KB_B64-T55,-6.25,8.43040134229645e-12,-1.0689489786201183e-11,-8.752795894438343e-12,-4.6795614105416054e-43,-1.9366938917628395e-12,-15.804451537338801
1st2KB_B64-T55,-6.0,6.74624939245305e-12,-9.740166429903945e-12,-7.882018900855255e-12,-3.489532367138242e-43,-1.85814752904869e-12,-15.804451537338801
1st2KB_B64-T55,-5.75,4.49895372692244e-12,-8.872611184631433e-12,-7.093010018296892e-12,-2.5393105801351366e-43,-1.7796011663345404e-12,-15.804451537338801
1st2KB_B64-T55,-5.5,3.38939987187814e-12,-8.079417350083848e-12,-6.378362546463457e-12,-1.7900005875777488e-43,-1.7010548036203919e-12,-15.804451537338801
1st2KB_B64-T55,-5.25,2.0614081188558e-12,-7.353845122337512e-12,-5.7313366814312705e-12,-1.2076922288050824e-43,-1.6225084409062425e-12,-15.804451537338801
1st2KB_B64-T55,-5.0,1.28447480516464e-12,-6.689760923984142e-12,-5.145798845792048e-12,-7.626713165491229e-44,-1.5439620781920934e-12,-15.804451537338801
1st2KB_B64-T55,-4.75,8.00570113673738e-13,-6.081582622695939e-12,-4.616166907217996e-12,-4.2800583562602846e-44,-1.465415715477943e-12,-15.804451537338801
1st2KB_B64-T55,-4.5,5.34016786953723e-13,-5.524232275629599e-12,-4.137362922865805e-12,-1.7106116567977633e-44,-1.3868693527637942e-12,-15.804451537338801
1st2KB_B64-T55,-4.25,3.41034519417763e-13,-5.013246061299201e-12,-3.704923071249557e-12,-2.762693180183426e-44,-1.3083229900496438e-12,-15.804451537338801
1st2KB_B64-T55,-4.0,2.43449601840598e-13,-4.544538798347732e-12,-3.3147621710122365e-12,-5.609888659498743e-44,-1.229776627335495e-12,-15.804451537338801
1st2KB_B64-T55,-3.75,1.39480685031404e-13,-4.114547974028982e-12,-2.963317709407635e-12,-9.40162751090547e-44,-1.1512302646213462e-12,-15.804451537338801
1st2KB_B64-T55,-3.5,3.41222784348751e-14,-3.720152707633008e-12,-2.6474688057258116e-12,-1.441173880275196e-43,-1.0726839019071966e-12,-15.804451537338801
1st2KB_B64-T55,-3.25,-1.57285632678946e-14,-3.3586060674577023e-12,-2.3644685282646548e-12,-2.0918783427475114e-43,-9.941375391930475e-13,-15.804451537338801
1st2KB_B64-T55,-3.0,-5.9394810846946e-14,-3.027530210217604e-12,-2.1119390337387066e-12,-2.9236930039650296e-43,-9.155911764788974e-13,-15.804451537338801
1st2KB_B64-T55,-2.75,-7.80289054940278e-14,-2.7249167465640745e-12,-1.887871932799326e-12,-3.972597953885411e-43,-8.370448137647486e-13,-15.804451537338801
1st2KB_B64-T55,-2.5,-8.26234900267418e-14,-2.449131832698596e-12,-1.6906333816479978e-12,-5.279863124353221e-43,-7.584984510505984e-13,-15.804451537338801
1st2KB_B64-T55,-2.25,-9.90360002122923e-14,-2.1989261495671786e-12,-1.5189740612307294e-12,-6.892750039617623e-43,-6.799520883364492e-13,-15.804451537338801
1st2KB_B64-T55,-2.0,-1.23513382139194e-13,-1.9734500701302664e-12,-1.3720443445079668e-12,-8.865250905557956e-43,-6.014057256222998e-13,-15.804451537338801
1st2KB_B64-T55,-1.75,-1.29156044583259e-13,-1.7722743849441817e-12,-1.2494150220360306e-12,-1.1258888021363073e-42,-5.228593629081511e-13,-15.804451537338801
1st2KB_B64-T55,-1.5,-1.36191012352176e-13,-1.5954170138757086e-12,-1.1511040136817068e-12,-1.4143585896000054e-42,-4.4431300019400174e-13,-15.804451537338801
1st2KB_B64-T55,-1.25,-1.57068151887541e-13,-1.4433761887930298e-12,-1.0776095513131775e-12,-1.759862521879626e-42,-3.657666374798523e-13,-15.804451537338801
1st2KB_B64-T55,-1.0,-1.7984867609934e-13,-1.3171706517391138e-12,-1.0299503769734109e-12,-2.1713686913601192e-42,-2.872202747657029e-13,-15.804451537338801
1st2KB_B64-T55,-0.75,-1.76200850784958e-13,-1.21838747660992e-12,-1.0097135645583672e-12,-2.6589994433583078e-42,-2.0867391205155277e-13,-15.804451537338801
1st2KB_B64-T55,-0.5,-2.10697561828233e-13,-1.149238190385376e-12,-1.0191106410479724e-12,-3.234156273890744e-42,-1.3012754933740374e-13,-15.804451537338801
1st2KB_B64-T55,-0.25,-2.29405063738655e-13,-1.1126239429863447e-12,-1.0610427563630908e-12,-3.9096562860604226e-42,-5.1581186623253985e-14,-15.804451537338801
1st2KB_B64-T55,0.0,-2.44505831597033e-13,3.2046460998377016e-13,0.0,2.9349943389287567e-13,2.6965176090894458e-14,-15.804451537338801
1st2KB_B64-T55,0.25,-2.44419691734429e-13,1.5295428907503287e-12,1.2414381662592246e-12,1.8271212832096757e-13,1.0539259617013645e-13,-15.760598645371548
1st2KB_B64-T55,0.5,-2.78268835925133e-13,1.5066715861182232e-12,1.2507131433076482e-12,7.310641231902555e-14,1.8285203049154938e-13,-15.359859638540817
1st2KB_B64-T55,0.75,-3.09915423402432e-13,1.5146062303007171e-12,1.2320976344816977e-12,2.2690407572517624e-14,2.598181882465016e-13,-14.777254776831557
1st2KB_B64-T55,1.0,-3.51874426948381e-13,1.515964172536879e-12,1.1746785072549133e-12,5.086403397261511e-15,3.36199261884704e-13,-13.978935587089726
1st2KB_B64-T55,1.25,-3.81281703258629e-13,1.5447485310909588e-12,1.1313060459170754e-12,9.937348701509598e-16,4.124487503037324e-13,-13.132102318225835
1st2KB_B64-T55,1.5,-3.99882682305605e-13,1.5841404706228694e-12,1.0953964443183356e-12,1.6645178713530578e-16,4.885775745173984e-13,-12.240781432569243
1st2KB_B64-T55,1.75,-4.27381952527658e-13,1.6678398299176994e-12,1.1028226840574079e-12,2.9314297908678006e-17,5.64987831562383e-13,-11.453221856365861
1st2KB_B64-T55,2.0,-4.93121982050176e-13,1.782972958359115e-12,1.1413539544738811e-12,5.264206426520906e-18,6.416137396788076e-13,-10.745170550227385
1st2KB_B64-T55,2.25,-5.48624676504489e-13,1.8318989526942558e-12,1.1143214847076403e-12,5.39771999368039e-19,7.175769282146161e-13,-9.792781541331065
1st2KB_B64-T55,2.5,-6.22515927695133e-13,1.8989706658148915e-12,1.105293936608079e-12,4.8410062056200517e-20,7.936766807967506e-13,-8.890742252489058
1st2KB_B64-T55,2.75,-6.88899620942401e-13,1.9320392540490215e-12,1.0626117469038265e-12,2.3842111274342716e-21,8.69427504760984e-13,-7.860056671281509
1st2KB_B64-T55,3.0,-7.99353855676643e-13,2.111501406884491e-12,1.1649322451165416e-12,2.7193535251313315e-22,9.46569161496014e-13,-7.342156428060868
1st2KB_B64-T55,3.25,-9.14342928627632e-13,2.1589629282716625e-12,1.1365021872785574e-12,4.9143135639615046e-24,1.0224607409881904e-12,-6.363365921865548
1st2KB_B64-T55,3.5,-1.05221463053001e-12,2.241201936810382e-12,1.1425297343081009e-12,2.312135076863868e-26,1.0986722025022578e-12,-5.502512535182432
1st2KB_B64-T55,3.75,-1.25497398931196e-12,2.277541951711606e-12,1.1030915697803205e-12,5.220913585660844e-26,1.174450381931233e-12,-4.481912624609102
1st2KB_B64-T55,4.0,-1.43075492859551e-12,2.411045736196371e-12,1.1599038918731362e-12,4.363800739635406e-24,1.251141844318871e-12,-3.7980304851931623
1st2KB_B64-T55,4.25,-1.72556359392256e-12,2.4441513751537896e-12,1.1172600126942425e-12,2.855359365187247e-22,1.326891362174011e-12,-2.7668633553717985
1st2KB_B64-T55,4.5,-2.10833087099793e-12,2.5400807959157673e-12,1.1368560334964533e-12,4.94065368173287e-21,1.4032247574786603e-12,-1.950965668129058
1st2KB_B64-T55,4.75,-2.99680701261462e-12,2.5909285938516163e-12,1.1118071100044892e-12,8.188701246679807e-20,1.4791214019601144e-12,-0.9740425699305575
1st2KB_B64-T55,5.0,-5.82382883237975e-12,2.705774027299406e-12,1.1501650365578848e-12,6.711552076729035e-19,1.5556083195863136e-12,-0.2147469395255412
1st2KB_B64-T55,5.25,-1.45953145402888e-11,2.7960753673969897e-12,1.1642392763048963e-12,5.4828138350549385e-18,1.6318306082782588e-12,0.6421145811444104
1st2KB_B64-T55,5.5,-3.28708137098399e-11,2.9274995656769967e-12,1.2190779213718462e-12,3.164790646519678e-17,1.7083899963986854e-12,1.3746911065235095
1st2KB_B64-T55,5.75,-4.35558256128843e-11,2.9771331649076773e-12,1.192792533125345e-12,2.644833629547417e-16,1.7840761484193774e-12,2.429220549569295
1st2KB_B64-T55,6.0,-6.74843930736913e-11,3.1292861383980823e-12,1.2674195745570143e-12,1.2453366000345954e-15,1.860621227241033e-12,3.1670727621197288
1st2KB_B64-T55,6.25,-1.12178433209209e-10,3.2646256505678683e-12,1.3211267534822698e-12,6.7768718810470335e-15,1.9367220252045517e-12,4.068726629897664
1st2KB_B64-T55,6.5,-1.8488814645945e-10,3.46820610109856e-12,1.4237066942467891e-12,3.1511858934445346e-14,2.0129875479173253e-12,4.909648224180935
1st2KB_B64-T55,6.75,-2.91180968226001e-10,3.805375679832805e-12,1.6024352772295986e-12,1.132539475555727e-13,2.0896864550476327e-12,5.590785565684131
1st2KB_B64-T55,7.0,-5.62272783888318e-10,4.6411057529503664e-12,1.7856324333749467e-12,6.904180306511234e-13,2.1650552889242965e-12,6.762306853581124
1st2KB_B64-T55,7.25,-7.76142317082673e-10,6.985302697118677e-12,2.1296255665068483e-12,2.6142903415348993e-12,2.2413867890769295e-12,7.578903263335745
1st2KB_B64-T55,7.5,-1.11285181070286e-09,1.3782146153367718e-11,2.610717359031482e-12,8.853539210135342e-12,2.3178895842008936e-12,8.332345028179699
1st2KB_B64-T55,7.75,-1.62989599594709e-09,4.272691865374282e-11,3.3625103959319756e-12,3.6970647290206406e-11,2.3937609676044385e-12,9.318581618730315
1st2KB_B64-T55,8.0,-2.54133469823614e-09,1.4046635253403398e-10,4.4295449852999005e-12,1.3356691313999686e-10,2.4698944087372235e-12,10.20820029512024
1st2KB_B64-T55,8.25,-3.98730826134397e-09,3.5541882230209774e-10,5.6379791796363095e-12,3.472340162535987e-10,2.5468268688627494e-12,10.803229116530149
1st2KB_B64-T55,8.5,-7.10000724879478e-09,1.3561582635925915e-09,7.864079653469354e-12,1.345671595935794e-09,2.6225880033282974e-12,11.830113324910778
1st2KB_B64-T55,8.75,-1.01987724931973e-08,4.4529240894341905e-09,1.0810625230694653e-11,4.439414762599603e-09,2.6987016038939123e-12,12.72704700865166
1st2KB_B64-T55,9.0,-1.58237387637428e-08,1.4710607216740838e-08,1.5055897857910528e-11,1.4692776600057556e-08,2.7747188253707666e-12,13.65951464344835
1st2KB_B64-T55,9.25,-2.35591617325781e-08,2.5762088772829616e-08,2.0333719090747365e-11,2.573890396112711e-08,2.851092611760839e-12,14.460520564531352
1st2KB_B64-T55,9.5,-3.75118673900943e-08,2.5769474942003995e-08,2.7643609643685438e-11,2.573890396112711e-08,2.927371233201732e-12,15.296612796243185
1st2KB_B64-T55,9.25,-3.64838648181376e-08,2.5766742085345712e-08,2.498929934811447e-11,2.573890396112711e-08,2.8488248704875823e-12,15.296612796243185
1st2KB_B64-T55,9.0,-3.07148511069499e-08,2.576425791225604e-08,2.2583672621158904e-11,2.573890396112711e-08,2.770278507773433e-12,15.296612796243185
1st2KB_B64-T55,8.75,-2.50023521886078e-08,2.5761999313205393e-08,2.0403619933224544e-11,2.573890396112711e-08,2.6917321450592836e-12,15.296612796243185
1st2KB_B64-T55,8.5,-1.87000317453112e-08,2.5759945320034732e-08,1.8428173125279428e-11,2.573890396112711e-08,2.613185782345134e-12,15.296612796243185
1st2KB_B64-T55,8.25,-1.53256767276844e-08,2.4857545836969147e-08,1.6638309850729536e-11,2.4838372887698787e-08,2.5346394196309854e-12,15.296612796243185
1st2KB_B64-T55,8.0,-1.16318377152425e-08,1.8000739329056408e-08,1.5016775226437985e-11,1.798326646077305e-08,2.4560930569168354e-12,15.296612796243185
1st2KB_B64-T55,7.75,-8.18838152838453e-09,1.3007915385866611e-08,1.3547919265487243e-11,1.299198991990692e-08,2.3775466942026867e-12,15.296612796243185
1st2KB_B64-T55,7.5,-6.58933352326585e-09,9.379895186456418e-09,1.2217548774198031e-11,9.365378637350731e-09,2.2990003314885364e-12,15.296612796243185
1st2KB_B64-T55,7.25,-4.79588635471373e-09,6.749167356968477e-09,1.1012792498036056e-11,6.735934110501666e-09,2.2204539687743877e-12,15.296612796243185
1st2KB_B64-T55,7.0,-3.42127526309355e-09,4.845686184442892e-09,9.921978395875824e-12,4.8336222984409565e-09,2.1419076060602377e-12,15.296612796243185
1st2KB_B64-T55,6.75,-2.49361908899459e-09,3.471417999177395e-09,8.934522010141698e-12,3.460420115923907e-09,2.0633612433460886e-12,15.296612796243185
1st2KB_B64-T55,6.5,-1.90100379882097e-09,2.481432602521026e-09,8.040824982077132e-12,2.471406962658317e-09,1.9848148806319387e-12,15.296612796243185
1st2KB_B64-T55,6.25,-1.38264710791702e-09,1.7698828437413045e-09,7.232182837284274e-12,1.7607443923861025e-09,1.90626851791779e-12,15.296612796243185
1st2KB_B64-T55,6.0,-1.0380439841029e-09,1.2596283602393282e-09,6.5007012372672955e-12,1.2512999368468574e-09,1.8277221552036412e-12,15.296612796243185
1st2KB_B64-T55,5.75,-7.9784562290186e-10,8.945711182341611e-10,5.839219958770031e-12,8.869827224829016e-10,1.7491757924894913e-12,15.296612796243185
1st2KB_B64-T55,5.5,-5.88509907473167e-10,6.340051809048905e-10,5.241243925746516e-12,6.270933075493686e-10,1.670629429775342e-12,15.296612796243185
1st2KB_B64-T55,5.25,-4.28703572641354e-10,4.484597317329024e-10,4.700880683228842e-12,4.421667679826124e-10,1.5920830670611928e-12,15.296612796243185
1st2KB_B64-T55,5.0,-3.00775709893841e-10,3.16646984226376e-10,4.21278378520319e-12,3.1092066373682584e-10,1.5135367043470433e-12,15.296612796243185
1st2KB_B64-T55,4.75,-2.19188306394003e-10,2.2322600129722473e-10,3.772101762431979e-12,2.1801890919315985e-10,1.4349903416328933e-12,15.296612796243185
1st2KB_B64-T55,4.5,-1.43696804455473e-10,1.5716781343752455e-10,3.3744335460794755e-12,1.5243693591252636e-10,1.3564439789187452e-12,15.296612796243185
1st2KB_B64-T55,4.25,-9.45066455648735e-11,1.1056287282292353e-10,3.015901761601523e-12,1.0626907344511743e-10,1.2778976162045949e-12,15.296612796243185
1st2KB_B64-T55,4.0,-6.20417883734348e-11,7.775285426474269e-11,2.6930298485937427e-12,7.38604731626585e-11,1.1993512534904458e-12,15.296612796243185
1st2KB_B64-T55,3.75,-3.85956822057665e-11,5.4700260451937453e-11,2.402754129612963e-12,5.117670143154819e-11,1.1208048907762962e-12,15.296612796243185
1st2KB_B64-T55,3.5,-2.46687652943889e-11,3.8531703332786285e-11,2.1424445584053406e-12,3.534700024631879e-11,1.0422585280621469e-12,15.296612796243185
1st2KB_B64-T55,3.25,-1.54545595071331e-11,2.72076795694129e-11,1.909804094665547e-12,2.4334163309399354e-11,9.637121653479976e-13,15.296612796243185
1st2KB_B64-T55,3.0,-9.13030848842533e-12,1.92845427263695e-11,1.7028656713919982e-12,1.6696511252343653e-11,8.851658026338474e-13,15.296612796243185
1st2KB_B64-T55,2.75,-4.75297145391407e-12,1.3743315539630358e-11,1.5199945491084993e-12,1.1416701550602159e-11,8.066194399196988e-13,15.296612796243185
1st2KB_B64-T55,2.5,-2.70913521650817e-12,9.866890728586941e-12,1.3598952169070454e-12,7.778922434474345e-12,7.280730772055496e-13,15.296612796243185
1st2KB_B64-T55,2.25,-1.56283601511487e-12,7.1521770393311156e-12,1.2216229670488093e-12,5.2810273577909075e-12,6.495267144913998e-13,15.296612796243185
1st2KB_B64-T55,2.0,-8.43406453617662e-13,5.247418919973864e-12,1.104600438534394e-12,3.5718381296622197e-12,5.709803517772506e-13,15.296612796243185
1st2KB_B64-T55,1.75,-3.18318261289738e-13,3.90760432599466e-12,1.0086394993255054e-12,2.406530837606053e-12,4.924339890631012e-13,15.296612796243185
1st2KB_B64-T55,1.5,-6.22843858194728e-14,2.9628356790303812e-12,9.339688947350248e-13,1.6149791579464048e-12,4.1388762634895195e-13,15.296612796243185
1st2KB_B64-T55,1.25,4.19590780848488e-14,2.2959665523274382e-12,8.812681457615947e-13,1.079357142931041e-12,3.353412636348024e-13,15.296612796243185
1st2KB_B64-T55,1.0,1.07258508173259e-13,1.826843593023248e-12,8.517082397412589e-13,7.183404523613361e-13,2.567949009206531e-13,15.296612796243185
1st2KB_B64-T55,0.75,1.57070076346397e-13,1.501244520426562e-12,8.469997180158588e-13,4.759962642041996e-13,1.7824853820650369e-13,15.296612796243185
1st2KB_B64-T55,0.5,1.8293266207392e-13,1.2831460382979964e-12,8.694488320846432e-13,3.13995030720999e-13,9.970217549235417e-14,15.296612796243185
1st2KB_B64-T55,0.25,1.87929844754596e-13,1.1493469097727554e-12,9.22022511417382e-13,2.061685855771684e-13,2.1155812778205115e-14,15.296612796243185
1st2KB_B64-T55,0.0,1.98321244951512e-13,7.732986842507797e-14,0.0,1.347204183610225e-13,-5.739054993594453e-14,15.296612796243185
1st2KB_B64-T59,0.0,2.6872997777776e-14,-1.6823831938079053e-14,0.0,1.869784320365855e-27,-1.682383193808092e-14,0.34009276282656925
1st2KB_B64-T59,-0.25,5.5248618451454e-14,-9.599024293373963e-14,-6.200482815093189e-16,-5.19794621088389e-44,-9.53701946522303e-14,0.34009276282656925
1st2KB_B64-T59,-0.5,7.62121146898574e-14,-1.7565346363185068e-13,-1.7369062654709962e-15,-8.852446846704562e-44,-1.7391655736637968e-13,0.34009276282656925
1st2KB_B64-T59,-0.75,8.64720011632507e-14,-2.5621433178142194e-13,-3.751411700892886e-15,-1.369120549970672e-43,-2.5246292008052904e-13,0.34009276282656925
1st2KB_B64-T59,-1.0,9.94535739027615e-14,-3.380558304498035e-13,-7.046547655125119e-15,-1.998944253218801e-43,-3.310092827946784e-13,0.34009276282656925
1st2KB_B64-T59,-1.25,1.34774664844149e-13,-4.2166611193564183e-13,-1.2110466426814024e-14,-2.8056075624231894e-43,-4.095556455088278e-13,0.34009276282656925
1st2KB_B64-T59,-1.5,1.54865879777207e-13,-5.076586644803186e-13,-1.9556656257341397e-14,-3.8244624751733164e-43,-4.881020082229772e-13,0.34009276282656925
1st2KB_B64-T59,-1.75,1.66787292527407e-13,-5.96795806904333e-13,-3.0147435967206526e-14,-5.096061186996601e-43,-5.666483709371265e-13,0.34009276282656925
1st2KB_B64-T59,-2.0,1.62847152754796e-13,-6.900157139848669e-13,-4.4820980333590955e-14,-6.666856049789362e-43,-6.451947336512759e-13,0.34009276282656925
1st2KB_B64-T59,-2.25,2.07232316159697e-13,-7.884633493749329e-13,-6.472225300950757e-14,-8.589932201453937e-43,-7.237410963654254e-13,0.34009276282656925
1st2KB_B64-T59,-2.5,2.15944246533852e-13,-8.93525753051683e-13,-9.123829397210824e-14,-1.0925798429184918e-42,-8.022874590795748e-13,0.34009276282656925
1st2KB_B64-T59,-2.75,2.37822972036159e-13,-1.006872183970022e-12,-1.2603836217629796e-13,-1.3743249408486519e-42,-8.808338217937241e-13,0.34009276282656925
1st2KB_B64-T59,-3.0,2.88854118575543e-13,-1.1304996709822352e-12,-1.711194864743618e-13,-1.7120308701069817e-42,-9.593801845078735e-13,0.34009276282656925
1st2KB_B64-T59,-3.25,2.99147181635415e-13,-1.266784580082948e-12,-2.2885803286092513e-13,-2.1145260795236694e-42,-1.0379265472220228e-12,0.34009276282656925
1st2KB_B64-T59,-3.5,3.29623725233222e-13,-1.4185408650336942e-12,-3.020679550975218e-13,-2.5917780329146437e-42,-1.1164729099361725e-12,0.34009276282656925
1st2KB_B64-T59,-3.75,3.72142773411369e-13,-1.5890857321099346e-12,-3.9406645945961343e-13,-3.155016689048942e-42,-1.1950192726503212e-12,0.34009276282656925
1st2KB_B64-T59,-4.0,4.41687837563279e-13,-1.7823135185910813e-12,-5.087478832266105e-13,-3.81686942299715e-42,-1.2735656353644708e-12,0.34009276282656925
1st2KB_B64-T59,-4.25,5.13501296605517e-13,-2.0027786591219157e-12,-6.506666610432954e-13,-4.5915083279038994e-42,-1.3521119980786203e-12,0.34009276282656925
1st2KB_B64-T59,-4.5,6.86887341710268e-13,-2.2557886946479416e-12,-8.251303338551717e-13,-5.4948108990206587e-42,-1.4306583607927698e-12,0.34009276282656925
1st2KB_B64-T59,-4.75,7.62721700034441e-13,-2.5017714933249645e-12,-9.930457866210645e-13,-6.32169786248931e-42,-1.5087257067039e-12,0.1634843319677963
1st2KB_B64-T59,-5.0,8.88645602416249e-13,-2.6443585972504442e-12,-1.0588467568405636e-12,-6.617114835856334e-42,-1.5855118404098809e-12,-0.48549349328943087
1st2KB_B64-T59,-5.25,1.13543885665174e-12,-2.723701963064179e-12,-1.0621136387933232e-12,-6.580216542003718e-42,-1.6615883242708557e-12,-1.3961117136139765
1st2KB_B64-T59,-5.5,1.38572465134545e-12,-2.8805176079333246e-12,-1.142125754392438e-12,-6.894444117147425e-42,-1.7383918535408866e-12,-2.0386759783206942
1st2KB_B64-T59,-5.75,1.99832793541799e-12,-2.9537694512179083e-12,-1.1395754908626066e-12,-6.722583276746584e-42,-1.8141939603553014e-12,-3.0504541148554156
1st2KB_B64-T59,-6.0,2.2503240590388e-12,-3.1317434914859323e-12,-1.2408053610195309e-12,-7.012802438715872e-42,-1.8909381304664014e-12,-3.7149034738842226
1st2KB_B64-T59,-6.25,2.81607332938694e-12,-3.270905381535401e-12,-1.3039842512655642e-12,-6.927571205063694e-42,-1.966921130269837e-12,-4.659988277861243
1st2KB_B64-T59,-6.5,3.68422523391865e-12,-3.4836086686621466e-12,-1.440315681156932e-12,-7.036202212004137e-42,-2.0432929875052143e-12,-5.461705457884376
1st2KB_B64-T59,-6.75,4.41063244954742e-12,-3.772648617801583e-12,-1.6525811848021017e-12,-7.353676459635982e-42,-2.1200674329994807e-12,-6.114992603226643
1st2KB_B64-T59,-7.0,4.97465306795175e-12,-4.1026885486257656e-12,-1.907400550797973e-12,-6.88042172004527e-42,-2.1952879978277927e-12,-7.34117912167359
1st2KB_B64-T59,-7.25,6.27205622508176e-12,-4.6082529591943835e-12,-2.3366542955558488e-12,-6.9579285292343e-42,-2.2715986636385347e-12,-8.165456933011747
1st2KB_B64-T59,-7.5,1.00252584012139e-11,-5.211936497904344e-12,-2.8631753305876422e-12,-7.47521584956834e-42,-2.3487611673167014e-12,-8.675671128702945
1st2KB_B64-T59,-7.75,1.13079736546728e-11,-6.0885453079744214e-12,-3.663500648974631e-12,-7.543911082650809e-42,-2.4250446589997903e-12,-9.509967753608185
1st2KB_B64-T59,-8.0,1.19774589552035e-11,-7.382260281988574e-12,-4.881214650309989e-12,-7.462676153377102e-42,-2.501045631678586e-12,-10.448426148458477
1st2KB_B64-T59,-8.25,1.61588450953154e-11,-9.284876699356765e-12,-6.7079371276287196e-12,-7.326372782938429e-42,-2.5769395717280454e-12,-11.42634634214083
1st2KB_B64-T59,-8.5,3.74325917484875e-11,-1.183093752550658e-11,-9.177855850975773e-12,-7.320140386331899e-42,-2.6530816745308072e-12,-12.312771552385854
1st2KB_B64-T59,-8.75,8.27235502320889e-11,-1.4897619043760285e-11,-1.2167958737456612e-11,-7.543516467186639e-42,-2.7296603063036737e-12,-13.038253146564458
1st2KB_B64-T59,-9.0,1.24435517445676e-10,-2.00135080998224e-11,-1.720799847867234e-11,-7.382570073382162e-42,-2.8055096211500607e-12,-14.03262618081833
1st2KB_B64-T59,-9.25,1.98139143980924e-10,-2.5728224379711044e-11,-2.2846156711661956e-11,-7.596526715611743e-42,-2.882067668049085e-12,-14.765697200348017
1st2KB_B64-T59,-9.5,3.46917689020287e-10,-3.556561238430604e-11,-3.2607815777259264e-11,-7.371480869375804e-42,-2.9577966070467814e-12,-15.804451537338801
1st2KB_B64-T59,-9.25,3.3395677889736e-10,-3.2419203107567854e-11,-2.9539952863235225e-11,-6.208345153138429e-42,-2.8792502443326314e-12,-15.804451537338801
1st2KB_B64-T59,-9.0,2.40941100404513e-10,-2.9553296527433404e-11,-2.6752592645814922e-11,-5.205192885509362e-42,-2.8007038816184835e-12,-15.804451537338801
1st2KB_B64-T59,-8.75,1.7979849553651e-10,-2.694253706423023e-11,-2.4220379545325896e-11,-4.3428464450958517e-42,-2.7221575189043336e-12,-15.804451537338801
1st2KB_B64-T59,-8.5,1.36305522424607e-10,-2.4563854648821094e-11,-2.192024349263091e-11,-3.60413970025334e-42,-2.643611156190185e-12,-15.804451537338801
1st2KB_B64-T59,-8.25,9.99482163699383e-11,-2.2396260865950317e-11,-1.9831196072474282e-11,-2.973732148215977e-42,-2.565064793476034e-12,-15.804451537338801
1st2KB_B64-T59,-8.0,7.26637083836579e-11,-2.0420662725795557e-11,-1.7934144295033673e-11,-2.437938295412892e-42,-2.486518430761885e-12,-15.804451537338801
1st2KB_B64-T59,-7.75,4.94373257609038e-11,-1.8619692618623312e-11,-1.6211720550575577e-11,-1.984571157171704e-42,-2.4079720680477354e-12,-15.804451537338801
1st2KB_B64-T59,-7.5,4.12927643467231e-11,-1.697755311789864e-11,-1.4648127412565052e-11,-1.602798827691283e-42,-2.3294257053335863e-12,-15.804451537338801
1st2KB_B64-T59,-7.25,2.93913712812177e-11,-1.547987539986056e-11,-1.322899605724112e-11,-1.283013138243302e-42,-2.2508793426194376e-12,-15.804451537338801
1st2KB_B64-T59,-7.0,1.76233957982497e-11,-1.4113590142953631e-11,-1.1941257163048344e-11,-1.0167094822920814e-42,-2.1723329799052877e-12,-15.804451537338801
1st2KB_B64-T59,-6.75,1.27699699772887e-11,-1.2866809859088873e-11,-1.0773023241897733e-11,-7.963769387030977e-43,-2.093786617191139e-12,-15.804451537338801
1st2KB_B64-T59,-6.5,9.09909647628382e-12,-1.1728721690975661e-11,-9.713481436498674e-12,-6.153978640071803e-43,-2.0152402544769886e-12,-15.804451537338801
1st2KB_B64-T59,-6.25,6.64326840066343e-12,-1.0689489786201183e-11,-8.752795894438343e-12,-4.6795614105416054e-43,-1.9366938917628395e-12,-15.804451537338801
1st2KB_B64-T59,-6.0,4.54781828515549e-12,-9.740166429903945e-12,-7.882018900855255e-12,-3.489532367138242e-43,-1.85814752904869e-12,-15.804451537338801
1st2KB_B64-T59,-5.75,3.27936592811606e-12,-8.872611184631433e-12,-7.093010018296892e-12,-2.5393105801351366e-43,-1.7796011663345404e-12,-15.804451537338801
1st2KB_B64-T59,-5.5,2.05515335652273e-12,-8.079417350083848e-12,-6.378362546463457e-12,-1.7900005875777488e-43,-1.7010548036203919e-12,-15.804451537338801
1st2KB_B64-T59,-5.25,1.3919804978807e-12,-7.353845122337512e-12,-5.7313366814312705e-12,-1.2076922288050824e-43,-1.6225084409062425e-12,-15.804451537338801
1st2KB_B64-T59,-5.0,9.36634775815237e-13,-6.689760923984142e-12,-5.145798845792048e-12,-7.626713165491229e-44,-1.5439620781920934e-12,-15.804451537338801
1st2KB_B64-T59,-4.75,6.42283806435301e-13,-6.081582622695939e-12,-4.616166907217996e-12,-4.2800583562602846e-44,-1.465415715477943e-12,-15.804451537338801
1st2KB_B64-T59,-4.5,4.19822108934514e-13,-5.524232275629599e-12,-4.137362922865805e-12,-1.7106116567977633e-44,-1.3868693527637942e-12,-15.804451537338801
1st2KB_B64-T59,-4.25,2.7654677050952e-13,-5.013246061299201e-12,-3.704923071249557e-12,-2.762693180183426e-44,-1.3083229900496438e-12,-15.804451537338801
1st2KB_B64-T59,-4.0,1.4224736568768e-13,-4.544538798347732e-12,-3.3147621710122365e-12,-5.609888659498743e-44,-1.229776627335495e-12,-15.804451537338801
1st2KB_B64-T59,-3.75,5.84943673901696e-14,-4.114547974028982e-12,-2.963317709407635e-12,-9.40162751090547e-44,-1.1512302646213462e-12,-15.804451537338801
1st2KB_B64-T59,-3.5,-7.3167324317878e-15,-3.720152707633008e-12,-2.6474688057258116e-12,-1.441173880275196e-43,-1.0726839019071966e-12,-15.804451537338801
1st2KB_B64-T59,-3.25,-1.52684583590778e-14,-3.3586060674577023e-12,-2.3644685282646548e-12,-2.0918783427475114e-43,-9.941375391930475e-13,-15.804451537338801
1st2KB_B64-T59,-3.0,-5.74391947308524e-14,-3.027530210217604e-12,-2.1119390337387066e-12,-2.9236930039650296e-43,-9.155911764788974e-13,-15.804451537338801
1st2KB_B64-T59,-2.75,-8.26102763127647e-14,-2.7249167465640745e-12,-1.887871932799326e-12,-3.972597953885411e-43,-8.370448137647486e-13,-15.804451537338801
1st2KB_B64-T59,-2.5,-1.02228751993564e-13,-2.449131832698596e-12,-1.6906333816479978e-12,-5.279863124353221e-43,-7.584984510505984e-13,-15.804451537338801
1st2KB_B64-T59,-2.25,-1.01239424287435e-13,-2.1989261495671786e-12,-1.5189740612307294e-12,-6.892750039617623e-43,-6.799520883364492e-13,-15.804451537338801
1st2KB_B64-T59,-2.0,-1.19825603974756e-13,-1.9734500701302664e-12,-1.3720443445079668e-12,-8.865250905557956e-43,-6.014057256222998e-13,-15.804451537338801
1st2KB_B64-T59,-1.75,-1.38628488571303e-13,-1.7722743849441817e-12,-1.2494150220360306e-12,-1.1258888021363073e-42,-5.228593629081511e-13,-15.804451537338801
1st2KB_B64-T59,-1.5,-1.40508291850486e-13,-1.5954170138757086e-12,-1.1511040136817068e-12,-1.4143585896000054e-42,-4.4431300019400174e-13,-15.804451537338801
1st2KB_B64-T59,-1.25,-1.77841370644673e-13,-1.4433761887930298e-12,-1.0776095513131775e-12,-1.759862521879626e-42,-3.657666374798523e-13,-15.804451537338801
1st2KB_B64-T59,-1.0,-1.78522358029211e-13,-1.3171706517391138e-12,-1.0299503769734109e-12,-2.1713686913601192e-42,-2.872202747657029e-13,-15.804451537338801
1st2KB_B64-T59,-0.75,-1.92603474401948e-13,-1.21838747660992e-12,-1.0097135645583672e-12,-2.6589994433583078e-42,-2.0867391205155277e-13,-15.804451537338801
1st2KB_B64-T59,-0.5,-2.183983517038e-13,-1.149238190385376e-12,-1.0191106410479724e-12,-3.234156273890744e-42,-1.3012754933740374e-13,-15.804451537338801
1st2KB_B64-T59,-0.25,-2.37985629467086e-13,-1.1126239429863447e-12,-1.0610427563630908e-12,-3.9096562860604226e-42,-5.1581186623253985e-14,-15.804451537338801
1st2KB_B64-T59,0.0,-2.6016954432842e-13,3.2046460998377016e-13,0.0,2.9349943389287567e-13,2.6965176090894458e-14,-15.804451537338801
1st2KB_B64-T59,0.25,-2.61899090739023e-13,1.5295428907503287e-12,1.2414381662592246e-12,1.8271212832096757e-13,1.0539259617013645e-13,-15.760598645371548
1st2KB_B64-T59,0.5,-2.88573635473521e-13,1.5066715861182232e-12,1.2507131433076482e-12,7.310641231902555e-14,1.8285203049154938e-13,-15.359859638540817
1st2KB_B64-T59,0.75,-3.20392583991191e-13,1.5146062303007171e-12,1.2320976344816977e-12,2.2690407572517624e-14,2.598181882465016e-13,-14.777254776831557
1st2KB_B64-T59,1.0,-3.57015822070525e-13,1.515964172536879e-12,1.1746785072549133e-12,5.086403397261511e-15,3.36199261884704e-13,-13.978935587089726
1st2KB_B64-T59,1.25,-3.93243678722607e-13,1.5447485310909588e-12,1.1313060459170754e-12,9.937348701509598e-16,4.124487503037324e-13,-13.132102318225835
1st2KB_B64-T59,1.5,-3.96681981967156e-13,1.5841404706228694e-12,1.0953964443183356e-12,1.6645178713530578e-16,4.885775745173984e-13,-12.240781432569243
1st2KB_B64-T59,1.75,-4.74636335009299e-13,1.6678398299176994e-12,1.1028226840574079e-12,2.9314297908678006e-17,5.64987831562383e-13,-11.453221856365861
1st2KB_B64-T59,2.0,-5.16602656919912e-13,1.782972958359115e-12,1.1413539544738811e-12,5.264206426520906e-18,6.416137396788076e-13,-10.745170550227385
1st2KB_B64-T59,2.25,-5.926432847074e-13,1.8318989526942558e-12,1.1143214847076403e-12,5.39771999368039e-19,7.175769282146161e-13,-9.792781541331065
1st2KB_B64-T59,2.5,-6.12550049745864e-13,1.8989706658148915e-12,1.105293936608079e-12,4.8410062056200517e-20,7.936766807967506e-13,-8.890742252489058
1st2KB_B64-T59,2.75,-7.52743245339971e-13,1.9320392540490215e-12,1.0626117469038265e-12,2.3842111274342716e-21,8.69427504760984e-13,-7.860056671281509
1st2KB_B64-T59,3.0,-8.53450394123351e-13,2.111501406884491e-12,1.1649322451165416e-12,2.7193535251313315e-22,9.46569161496014e-13,-7.342156428060868
1st2KB_B64-T59,3.25,-9.70928307371388e-13,2.1589629282716625e-12,1.1365021872785574e-12,4.9143135639615046e-24,1.0224607409881904e-12,-6.363365921865548
1st2KB_B64-T59,3.5,-1.13570275146052e-12,2.241201936810382e-12,1.1425297343081009e-12,2.312135076863868e-26,1.0986722025022578e-12,-5.502512535182432
1st2KB_B64-T59,3.75,-1.29186288402861e-12,2.277541951711606e-12,1.1030915697803205e-12,5.220913585660844e-26,1.174450381931233e-12,-4.481912624609102
1st2KB_B64-T59,4.0,-1.51663523319939e-12,2.411045736196371e-12,1.1599038918731362e-12,4.363800739635406e-24,1.251141844318871e-12,-3.7980304851931623
1st2KB_B64-T59,4.25,-1.76129716280421e-12,2.4441513751537896e-12,1.1172600126942425e-12,2.855359365187247e-22,1.326891362174011e-12,-2.7668633553717985
1st2KB_B64-T59,4.5,-2.18328523662881e-12,2.5400807959157673e-12,1.1368560334964533e-12,4.94065368173287e-21,1.4032247574786603e-12,-1.950965668129058
1st2KB_B64-T59,4.75,-3.21137452567732e-12,2.5909285938516163e-12,1.1118071100044892e-12,8.188701246679807e-20,1.4791214019601144e-12,-0.9740425699305575
1st2KB_B64-T59,5.0,-6.93735000001361e-12,2.705774027299406e-12,1.1501650365578848e-12,6.711552076729035e-19,1.5556083195863136e-12,-0.2147469395255412
1st2KB_B64-T59,5.25,-1.24823406819075e-11,2.7960753673969897e-12,1.1642392763048963e-12,5.4828138350549385e-18,1.6318306082782588e-12,0.6421145811444104
1st2KB_B64-T59,5.5,-1.70468170829219e-11,2.9274995656769967e-12,1.2190779213718462e-12,3.164790646519678e-17,1.7083899963986854e-12,1.3746911065235095
1st2KB_B64-T59,5.75,-3.26136825878898e-11,2.9771331649076773e-12,1.192792533125345e-12,2.644833629547417e-16,1.7840761484193774e-12,2.429220549569295
1st2KB_B64-T59,6.0,-6.6498306861007e-11,3.1292861383980823e-12,1.2674195745570143e-12,1.2453366000345954e-15,1.860621227241033e-12,3.1670727621197288
1st2KB_B64-T59,6.25,-1.15836687464288e-10,3.2646256505678683e-12,1.3211267534822698e-12,6.7768718810470335e-15,1.9367220252045517e-12,4.068726629897664
1st2KB_B64-T59,6.5,-1.78060455269247e-10,3.46820610109856e-12,1.4237066942467891e-12,3.1511858934445346e-14,2.0129875479173253e-12,4.909648224180935
1st2KB_B64-T59,6.75,-2.74814671019641e-10,3.805375679832805e-12,1.6024352772295986e-12,1.132539475555727e-13,2.0896864550476327e-12,5.590785565684131
1st2KB_B64-T59,7.0,-4.73899752773121e-10,4.6411057529503664e-12,1.7856324333749467e-12,6.904180306511234e-13,2.1650552889242965e-12,6.762306853581124
1st2KB_B64-T59,7.25,-7.56894380504747e-10,6.985302697118677e-12,2.1296255665068483e-12,2.6142903415348993e-12,2.2413867890769295e-12,7.578903263335745
1st2KB_B64-T59,7.5,-9.59262558275498e-10,1.3782146153367718e-11,2.610717359031482e-12,8.853539210135342e-12,2.3178895842008936e-12,8.332345028179699
1st2KB_B64-T59,7.75,-1.28995425452416e-09,4.272691865374282e-11,3.3625103959319756e-12,3.6970647290206406e-11,2.3937609676044385e-12,9.318581618730315
1st2KB_B64-T59,8.0,-2.02653627212612e-09,1.4046635253403398e-10,4.4295449852999005e-12,1.3356691313999686e-10,2.4698944087372235e-12,10.20820029512024
1st2KB_B64-T59,8.25,-3.06809355699045e-09,3.5541882230209774e-10,5.6379791796363095e-12,3.472340162535987e-10,2.5468268688627494e-12,10.803229116530149
1st2KB_B64-T59,8.5,-5.11947373382782e-09,1.3561582635925915e-09,7.864079653469354e-12,1.345671595935794e-09,2.6225880033282974e-12,11.830113324910778
1st2KB_B64-T59,8.75,-9.72309699420748e-09,4.4529240894341905e-09,1.0810625230694653e-11,4.439414762599603e-09,2.6987016038939123e-12,12.72704700865166
1st2KB_B64-T59,9.0,-1.43904221872049e-08,1.4710607216740838e-08,1.5055897857910528e-11,1.4692776600057556e-08,2.7747188253707666e-12,13.65951464344835
1st2KB_B64-T59,9.25,-2.18580922251022e-08,2.5762088772829616e-08,2.0333719090747365e-11,2.573890396112711e-08,2.851092611760839e-12,14.460520564531352
1st2KB_B64-T59,9.5,-3.29943610211103e-08,2.5769474942003995e-08,2.7643609643685438e-11,2.573890396112711e-08,2.927371233201732e-12,15.296612796243185
1st2KB_B64-T59,9.25,-2.90803310321053e-08,2.5766742085345712e-08,2.498929934811447e-11,2.573890396112711e-08,2.8488248704875823e-12,15.296612796243185
1st2KB_B64-T59,9.0,-2.3615749356054e-08,2.576425791225604e-08,2.2583672621158904e-11,2.573890396112711e-08,2.770278507773433e-12,15.296612796243185
1st2KB_B64-T59,8.75,-1.84914270562331e-08,2.5761999313205393e-08,2.0403619933224544e-11,2.573890396112711e-08,2.6917321450592836e-12,15.296612796243185
1st2KB_B64-T59,8.5,-1.38809266303497e-08,2.5759945320034732e-08,1.8428173125279428e-11,2.573890396112711e-08,2.613185782345134e-12,15.296612796243185
1st2KB_B64-T59,8.25,-1.06240909403255e-08,2.4857545836969147e-08,1.6638309850729536e-11,2.4838372887698787e-08,2.5346394196309854e-12,15.296612796243185
1st2KB_B64-T59,8.0,-8.05842059747874e-09,1.8000739329056408e-08,1.5016775226437985e-11,1.798326646077305e-08,2.4560930569168354e-12,15.296612796243185
1st2KB_B64-T59,7.75,-6.2333138650672e-09,1.3007915385866611e-08,1.3547919265487243e-11,1.299198991990692e-08,2.3775466942026867e-12,15.296612796243185
1st2KB_B64-T59,7.5,-4.83168527409816e-09,9.379895186456418e-09,1.2217548774198031e-11,9.365378637350731e-09,2.2990003314885364e-12,15.296612796243185
1st2KB_B64-T59,7.25,-3.61528740278061e-09,6.749167356968477e-09,1.1012792498036056e-11,6.735934110501666e-09,2.2204539687743877e-12,15.296612796243185
1st2KB_B64-T59,7.0,-2.72686007107836e-09,4.845686184442892e-09,9.921978395875824e-12,4.8336222984409565e-09,2.1419076060602377e-12,15.296612796243185
1st2KB_B64-T59,6.75,-2.08363215570273e-09,3.471417999177395e-09,8.934522010141698e-12,3.460420115923907e-09,2.0633612433460886e-12,15.296612796243185
1st2KB_B64-T59,6.5,-1.56113999505436e-09,2.481432602521026e-09,8.040824982077132e-12,2.471406962658317e-09,1.9848148806319387e-12,15.296612796243185
1st2KB_B64-T59,6.25,-1.1706025038194e-09,1.7698828437413045e-09,7.232182837284274e-12,1.7607443923861025e-09,1.90626851791779e-12,15.296612796243185
1st2KB_B64-T59,6.0,-8.75560401958353e-10,1.2596283602393282e-09,6.5007012372672955e-12,1.2512999368468574e-09,1.8277221552036412e-12,15.296612796243185
1st2KB_B64-T59,5.75,-6.39160391280313e-10,8.945711182341611e-10,5.839219958770031e-12,8.869827224829016e-10,1.7491757924894913e-12,15.296612796243185
1st2KB_B64-T59,5.5,-4.71147731939681e-10,6.340051809048905e-10,5.241243925746516e-12,6.270933075493686e-10,1.670629429775342e-12,15.296612796243185
1st2KB_B64-T59,5.25,-3.31299293554466e-10,4.484597317329024e-10,4.700880683228842e-12,4.421667679826124e-10,1.5920830670611928e-12,15.296612796243185
1st2KB_B64-T59,5.0,-2.32898283991645e-10,3.16646984226376e-10,4.21278378520319e-12,3.1092066373682584e-10,1.5135367043470433e-12,15.296612796243185
1st2KB_B64-T59,4.75,-1.6254382562142e-10,2.2322600129722473e-10,3.772101762431979e-12,2.1801890919315985e-10,1.4349903416328933e-12,15.296612796243185
1st2KB_B64-T59,4.5,-1.12192949375256e-10,1.5716781343752455e-10,3.3744335460794755e-12,1.5243693591252636e-10,1.3564439789187452e-12,15.296612796243185
1st2KB_B64-T59,4.25,-7.93706975144026e-11,1.1056287282292353e-10,3.015901761601523e-12,1.0626907344511743e-10,1.2778976162045949e-12,15.296612796243185
1st2KB_B64-T59,4.0,-5.50608655891516e-11,7.775285426474269e-11,2.6930298485937427e-12,7.38604731626585e-11,1.1993512534904458e-12,15.296612796243185
1st2KB_B64-T59,3.75,-3.08601963427968e-11,5.4700260451937453e-11,2.402754129612963e-12,5.117670143154819e-11,1.1208048907762962e-12,15.296612796243185
1st2KB_B64-T59,3.5,-2.00158865176769e-11,3.8531703332786285e-11,2.1424445584053406e-12,3.534700024631879e-11,1.0422585280621469e-12,15.296612796243185
1st2KB_B64-T59,3.25,-1.25093555305988e-11,2.72076795694129e-11,1.909804094665547e-12,2.4334163309399354e-11,9.637121653479976e-13,15.296612796243185
1st2KB_B64-T59,3.0,-7.63041973356193e-12,1.92845427263695e-11,1.7028656713919982e-12,1.6696511252343653e-11,8.851658026338474e-13,15.296612796243185
1st2KB_B64-T59,2.75,-4.79854003754276e-12,1.3743315539630358e-11,1.5199945491084993e-12,1.1416701550602159e-11,8.066194399196988e-13,15.296612796243185
1st2KB_B64-T59,2.5,-2.59135052825543e-12,9.866890728586941e-12,1.3598952169070454e-12,7.778922434474345e-12,7.280730772055496e-13,15.296612796243185
1st2KB_B64-T59,2.25,-1.36390660050723e-12,7.1521770393311156e-12,1.2216229670488093e-12,5.2810273577909075e-12,6.495267144913998e-13,15.296612796243185
1st2KB_B64-T59,2.0,-6.82600081059609e-13,5.247418919973864e-12,1.104600438534394e-12,3.5718381296622197e-12,5.709803517772506e-13,15.296612796243185
1st2KB_B64-T59,1.75,-2.55599496646122e-13,3.90760432599466e-12,1.0086394993255054e-12,2.406530837606053e-12,4.924339890631012e-13,15.296612796243185
1st2KB_B64-T59,1.5,-3.98564441541661e-14,2.9628356790303812e-12,9.339688947350248e-13,1.6149791579464048e-12,4.1388762634895195e-13,15.296612796243185
1st2KB_B64-T59,1.25,5.71779426648648e-14,2.2959665523274382e-12,8.812681457615947e-13,1.079357142931041e-12,3.353412636348024e-13,15.296612796243185
1st2KB_B64-T59,1.0,1.51825329652161e-13,1.826843593023248e-12,8.517082397412589e-13,7.183404523613361e-13,2.567949009206531e-13,15.296612796243185
1st2KB_B64-T59,0.75,2.69391280116604e-13,1.501244520426562e-12,8.469997180158588e-13,4.759962642041996e-13,1.7824853820650369e-13,15.296612796243185
1st2KB_B64-T59,0.5,3.57118956802183e-13,1.2831460382979964e-12,8.694488320846432e-13,3.13995030720999e-13,9.970217549235417e-14,15.296612796243185
1st2KB_B64-T59,0.25,2.37649038902638e-13,1.1493469097727554e-12,9.22022511417382e-13,2.061685855771684e-13,2.1155812778205115e-14,15.296612796243185
1st2KB_B64-T59,0.0,3.20018615556847e-13,7.732986842507797e-14,0.0,1.347204183610225e-13,-5.739054993594453e-14,15.296612796243185
1st2KB_B64-T61,0.0,2.07327170297263e-14,-1.6823831938079053e-14,0.0,1.869784320365855e-27,-1.682383193808092e-14,0.34009276282656925
1st2KB_B64-T61,-0.25,4.97242560169343e-14,-9.599024293373963e-14,-6.200482815093189e-16,-5.19794621088389e-44,-9.53701946522303e-14,0.34009276282656925
1st2KB_B64-T61,-0.5,6.74120251265529e-14,-1.7565346363185068e-13,-1.7369062654709962e-15,-8.852446846704562e-44,-1.7391655736637968e-13,0.34009276282656925
1st2KB_B64-T61,-0.75,8.12085248764853e-14,-2.5621433178142194e-13,-3.751411700892886e-15,-1.369120549970672e-43,-2.5246292008052904e-13,0.34009276282656925
1st2KB_B64-T61,-1.0,1.36234556621928e-13,-3.380558304498035e-13,-7.046547655125119e-15,-1.998944253218801e-43,-3.310092827946784e-13,0.34009276282656925
1st2KB_B64-T61,-1.25,1.31426228407172e-13,-4.2166611193564183e-13,-1.2110466426814024e-14,-2.8056075624231894e-43,-4.095556455088278e-13,0.34009276282656925
1st2KB_B64-T61,-1.5,1.84060611804066e-13,-5.076586644803186e-13,-1.9556656257341397e-14,-3.8244624751733164e-43,-4.881020082229772e-13,0.34009276282656925
1st2KB_B64-T61,-1.75,1.69595565889524e-13,-5.96795806904333e-13,-3.0147435967206526e-14,-5.096061186996601e-43,-5.666483709371265e-13,0.34009276282656925
1st2KB_B64-T61,-2.0,1.95955041472698e-13,-6.900157139848669e-13,-4.4820980333590955e-14,-6.666856049789362e-43,-6.451947336512759e-13,0.34009276282656925
1st2KB_B64-T61,-2.25,2.16311777517797e-13,-7.884633493749329e-13,-6.472225300950757e-14,-8.589932201453937e-43,-7.237410963654254e-13,0.34009276282656925
1st2KB_B64-T61,-2.5,2.24781131208385e-13,-8.93525753051683e-13,-9.123829397210824e-14,-1.0925798429184918e-42,-8.022874590795748e-13,0.34009276282656925
1st2KB_B64-T61,-2.75,2.40213854666924e-13,-1.006872183970022e-12,-1.2603836217629796e-13,-1.3743249408486519e-42,-8.808338217937241e-13,0.34009276282656925
1st2KB_B64-T61,-3.0,3.67381120100138e-13,-1.1304996709822352e-12,-1.711194864743618e-13,-1.7120308701069817e-42,-9.593801845078735e-13,0.34009276282656925
1st2KB_B64-T61,-3.25,2.72344511309183e-13,-1.266784580082948e-12,-2.2885803286092513e-13,-2.1145260795236694e-42,-1.0379265472220228e-12,0.34009276282656925
1st2KB_B64-T61,-3.5,3.32886740091534e-13,-1.4185408650336942e-12,-3.020679550975218e-13,-2.5917780329146437e-42,-1.1164729099361725e-12,0.34009276282656925
1st2KB_B64-T61,-3.75,3.73576684994589e-13,-1.5890857321099346e-12,-3.9406645945961343e-13,-3.155016689048942e-42,-1.1950192726503212e-12,0.34009276282656925
1st2KB_B64-T61,-4.0,4.18895034761876e-13,-1.7823135185910813e-12,-5.087478832266105e-13,-3.81686942299715e-42,-1.2735656353644708e-12,0.34009276282656925
1st2KB_B64-T61,-4.25,5.08177809728505e-13,-2.0027786591219157e-12,-6.506666610432954e-13,-4.5915083279038994e-42,-1.3521119980786203e-12,0.34009276282656925
1st2KB_B64-T61,-4.5,6.01711876938721e-13,-2.2557886946479416e-12,-8.251303338551717e-13,-5.4948108990206587e-42,-1.4306583607927698e-12,0.34009276282656925
1st2KB_B64-T61,-4.75,7.32447034881151e-13,-2.5017714933249645e-12,-9.930457866210645e-13,-6.32169786248931e-42,-1.5087257067039e-12,0.1634843319677963
1st2KB_B64-T61,-5.0,8.39286160101566e-13,-2.6443585972504442e-12,-1.0588467568405636e-12,-6.617114835856334e-42,-1.5855118404098809e-12,-0.48549349328943087
1st2KB_B64-T61,-5.25,1.01318552072488e-12,-2.723701963064179e-12,-1.0621136387933232e-12,-6.580216542003718e-42,-1.6615883242708557e-12,-1.3961117136139765
1st2KB_B64-T61,-5.5,1.14186199558219e-12,-2.8805176079333246e-12,-1.142125754392438e-12,-6.894444117147425e-42,-1.7383918535408866e-12,-2.0386759783206942
1st2KB_B64-T61,-5.75,1.61684879894375e-12,-2.9537694512179083e-12,-1.1395754908626066e-12,-6.722583276746584e-42,-1.8141939603553014e-12,-3.0504541148554156
1st2KB_B64-T61,-6.0,1.84705506098282e-12,-3.1317434914859323e-12,-1.2408053610195309e-12,-7.012802438715872e-42,-1.8909381304664014e-12,-3.7149034738842226
1st2KB_B64-T61,-6.25,2.39386982459067e-12,-3.270905381535401e-12,-1.3039842512655642e-12,-6.927571205063694e-42,-1.966921130269837e-12,-4.659988277861243
1st2KB_B64-T61,-6.5,2.82997887277037e-12,-3.4836086686621466e-12,-1.440315681156932e-12,-7.036202212004137e-42,-2.0432929875052143e-12,-5.461705457884376
1st2KB_B64-T61,-6.75,3.52895880920134e-12,-3.772648617801583e-12,-1.6525811848021017e-12,-7.353676459635982e-42,-2.1200674329994807e-12,-6.114992603226643
1st2KB_B64-T61,-7.0,4.70684559036871e-12,-4.1026885486257656e-12,-1.907400550797973e-12,-6.88042172004527e-42,-2.1952879978277927e-12,-7.34117912167359
1st2KB_B64-T61,-7.25,7.45905507498756e-12,-4.6082529591943835e-12,-2.3366542955558488e-12,-6.9579285292343e-42,-2.2715986636385347e-12,-8.165456933011747
1st2KB_B64-T61,-7.5,7.83109167790119e-12,-5.211936497904344e-12,-2.8631753305876422e-12,-7.47521584956834e-42,-2.3487611673167014e-12,-8.675671128702945
1st2KB_B64-T61,-7.75,1.00202320399423e-11,-6.0885453079744214e-12,-3.663500648974631e-12,-7.543911082650809e-42,-2.4250446589997903e-12,-9.509967753608185
1st2KB_B64-T61,-8.0,1.13852200236964e-11,-7.382260281988574e-12,-4.881214650309989e-12,-7.462676153377102e-42,-2.501045631678586e-12,-10.448426148458477
1st2KB_B64-T61,-8.25,1.77524384081806e-11,-9.284876699356765e-12,-6.7079371276287196e-12,-7.326372782938429e-42,-2.5769395717280454e-12,-11.42634634214083
1st2KB_B64-T61,-8.5,3.69297231683774e-11,-1.183093752550658e-11,-9.177855850975773e-12,-7.320140386331899e-42,-2.6530816745308072e-12,-12.312771552385854
1st2KB_B64-T61,-8.75,7.55480122904828e-11,-1.4897619043760285e-11,-1.2167958737456612e-11,-7.543516467186639e-42,-2.7296603063036737e-12,-13.038253146564458
1st2KB_B64-T61,-9.0,1.12338763291753e-10,-2.00135080998224e-11,-1.720799847867234e-11,-7.382570073382162e-42,-2.8055096211500607e-12,-14.03262618081833
1st2KB_B64-T61,-9.25,1.88859997085622e-10,-2.5728224379711044e-11,-2.2846156711661956e-11,-7.596526715611743e-42,-2.882067668049085e-12,-14.765697200348017
1st2KB_B64-T61,-9.5,3.19176574059554e-10,-3.556561238430604e-11,-3.2607815777259264e-11,-7.371480869375804e-42,-2.9577966070467814e-12,-15.804451537338801
1st2KB_B64-T61,-9.25,3.21234483457999e-10,-3.2419203107567854e-11,-2.9539952863235225e-11,-6.208345153138429e-42,-2.8792502443326314e-12,-15.804451537338801
1st2KB_B64-T61,-9.0,2.64364946600537e-10,-2.9553296527433404e-11,-2.6752592645814922e-11,-5.205192885509362e-42,-2.8007038816184835e-12,-15.804451537338801
1st2KB_B64-T61,-8.75,1.86311188699051e-10,-2.694253706423023e-11,-2.4220379545325896e-11,-4.3428464450958517e-42,-2.7221575189043336e-12,-15.804451537338801
1st2KB_B64-T61,-8.5,1.37426556245934e-10,-2.4563854648821094e-11,-2.192024349263091e-11,-3.60413970025334e-42,-2.643611156190185e-12,-15.804451537338801
1st2KB_B64-T61,-8.25,1.03722364031e-10,-2.2396260865950317e-11,-1.9831196072474282e-11,-2.973732148215977e-42,-2.565064793476034e-12,-15.804451537338801
1st2KB_B64-T61,-8.0,8.30587265632232e-11,-2.0420662725795557e-11,-1.7934144295033673e-11,-2.437938295412892e-42,-2.486518430761885e-12,-15.804451537338801
1st2KB_B64-T61,-7.75,6.56588325376184e-11,-1.8619692618623312e-11,-1.6211720550575577e-11,-1.984571157171704e-42,-2.4079720680477354e-12,-15.804451537338801
1st2KB_B64-T61,-7.5,4.4570257207166e-11,-1.697755311789864e-11,-1.4648127412565052e-11,-1.602798827691283e-42,-2.3294257053335863e-12,-15.804451537338801
1st2KB_B64-T61,-7.25,4.5114433022686e-11,-1.547987539986056e-11,-1.322899605724112e-11,-1.283013138243302e-42,-2.2508793426194376e-12,-15.804451537338801
1st2KB_B64-T61,-7.0,2.97709426555492e-11,-1.4113590142953631e-11,-1.1941257163048344e-11,-1.0167094822920814e-42,-2.1723329799052877e-12,-15.804451537338801
1st2KB_B64-T61,-6.75,1.75243812516879e-11,-1.2866809859088873e-11,-1.0773023241897733e-11,-7.963769387030977e-43,-2.093786617191139e-12,-15.804451537338801
1st2KB_B64-T61,-6.5,1.12506939528578e-11,-1.1728721690975661e-11,-9.713481436498674e-12,-6.153978640071803e-43,-2.0152402544769886e-12,-15.804451537338801
1st2KB_B64-T61,-6.25,7.03271859150978e-12,-1.0689489786201183e-11,-8.752795894438343e-12,-4.6795614105416054e-43,-1.9366938917628395e-12,-15.804451537338801
1st2KB_B64-T61,-6.0,4.41657474481438e-12,-9.740166429903945e-12,-7.882018900855255e-12,-3.489532367138242e-43,-1.85814752904869e-12,-15.804451537338801
1st2KB_B64-T61,-5.75,3.05998282268405e-12,-8.872611184631433e-12,-7.093010018296892e-12,-2.5393105801351366e-43,-1.7796011663345404e-12,-15.804451537338801
1st2KB_B64-T61,-5.5,1.91097116429562e-12,-8.079417350083848e-12,-6.378362546463457e-12,-1.7900005875777488e-43,-1.7010548036203919e-12,-15.804451537338801
1st2KB_B64-T61,-5.25,1.26534037154374e-12,-7.353845122337512e-12,-5.7313366814312705e-12,-1.2076922288050824e-43,-1.6225084409062425e-12,-15.804451537338801
1st2KB_B64-T61,-5.0,8.12285134987878e-13,-6.689760923984142e-12,-5.145798845792048e-12,-7.626713165491229e-44,-1.5439620781920934e-12,-15.804451537338801
1st2KB_B64-T61,-4.75,4.77165832887816e-13,-6.081582622695939e-12,-4.616166907217996e-12,-4.2800583562602846e-44,-1.465415715477943e-12,-15.804451537338801
1st2KB_B64-T61,-4.5,3.10726542152723e-13,-5.524232275629599e-12,-4.137362922865805e-12,-1.7106116567977633e-44,-1.3868693527637942e-12,-15.804451537338801
1st2KB_B64-T61,-4.25,2.14417039353688e-13,-5.013246061299201e-12,-3.704923071249557e-12,-2.762693180183426e-44,-1.3083229900496438e-12,-15.804451537338801
1st2KB_B64-T61,-4.0,1.08490541311963e-13,-4.544538798347732e-12,-3.3147621710122365e-12,-5.609888659498743e-44,-1.229776627335495e-12,-15.804451537338801
1st2KB_B64-T61,-3.75,3.7895650972699e-14,-4.114547974028982e-12,-2.963317709407635e-12,-9.40162751090547e-44,-1.1512302646213462e-12,-15.804451537338801
1st2KB_B64-T61,-3.5,1.10262183565979e-14,-3.720152707633008e-12,-2.6474688057258116e-12,-1.441173880275196e-43,-1.0726839019071966e-12,-15.804451537338801
1st2KB_B64-T61,-3.25,-2.07194846810243e-14,-3.3586060674577023e-12,-2.3644685282646548e-12,-2.0918783427475114e-43,-9.941375391930475e-13,-15.804451537338801
1st2KB_B64-T61,-3.0,-5.71315997982547e-14,-3.027530210217604e-12,-2.1119390337387066e-12,-2.9236930039650296e-43,-9.155911764788974e-13,-15.804451537338801
1st2KB_B64-T61,-2.75,-9.20872671736697e-14,-2.7249167465640745e-12,-1.887871932799326e-12,-3.972597953885411e-43,-8.370448137647486e-13,-15.804451537338801
1st2KB_B64-T61,-2.5,-9.08935131479181e-14,-2.449131832698596e-12,-1.6906333816479978e-12,-5.279863124353221e-43,-7.584984510505984e-13,-15.804451537338801
1st2KB_B64-T61,-2.25,-1.01148961168668e-13,-2.1989261495671786e-12,-1.5189740612307294e-12,-6.892750039617623e-43,-6.799520883364492e-13,-15.804451537338801
1st2KB_B64-T61,-2.0,-1.26309959670376e-13,-1.9734500701302664e-12,-1.3720443445079668e-12,-8.865250905557956e-43,-6.014057256222998e-13,-15.804451537338801
1st2KB_B64-T61,-1.75,-1.3567560974443e-13,-1.7722743849441817e-12,-1.2494150220360306e-12,-1.1258888021363073e-42,-5.228593629081511e-13,-15.804451537338801
1st2KB_B64-T61,-1.5,-1.67663233015085e-13,-1.5954170138757086e-12,-1.1511040136817068e-12,-1.4143585896000054e-42,-4.4431300019400174e-13,-15.804451537338801
1st2KB_B64-T61,-1.25,-1.69201160244228e-13,-1.4433761887930298e-12,-1.0776095513131775e-12,-1.759862521879626e-42,-3.657666374798523e-13,-15.804451537338801
1st2KB_B64-T61,-1.0,-1.68613346483888e-13,-1.3171706517391138e-12,-1.0299503769734109e-12,-2.1713686913601192e-42,-2.872202747657029e-13,-15.804451537338801
1st2KB_B64-T61,-0.75,-1.90765833034748e-13,-1.21838747660992e-12,-1.0097135645583672e-12,-2.6589994433583078e-42,-2.0867391205155277e-13,-15.804451537338801
1st2KB_B64-T61,-0.5,-2.09998102349181e-13,-1.149238190385376e-12,-1.0191106410479724e-12,-3.234156273890744e-42,-1.3012754933740374e-13,-15.804451537338801
1st2KB_B64-T61,-0.25,-2.42200519622732e-13,-1.1126239429863447e-12,-1.0610427563630908e-12,-3.9096562860604226e-42,-5.1581186623253985e-14,-15.804451537338801
1st2KB_B64-T61,0.0,-2.54692995209707e-13,3.2046460998377016e-13,0.0,2.9349943389287567e-13,2.6965176090894458e-14,-15.804451537338801
1st2KB_B64-T61,0.25,-2.5832561458862e-13,1.5295428907503287e-12,1.2414381662592246e-12,1.8271212832096757e-13,1.0539259617013645e-13,-15.760598645371548
1st2KB_B64-T61,0.5,-2.82447866093924e-13,1.5066715861182232e-12,1.2507131433076482e-12,7.310641231902555e-14,1.8285203049154938e-13,-15.359859638540817
1st2KB_B64-T61,0.75,-3.35547236697542e-13,1.5146062303007171e-12,1.2320976344816977e-12,2.2690407572517624e-14,2.598181882465016e-13,-14.777254776831557
1st2KB_B64-T61,1.0,-3.43382657377878e-13,1.515964172536879e-12,1.1746785072549133e-12,5.086403397261511e-15,3.36199261884704e-13,-13.978935587089726
1st2KB_B64-T61,1.25,-3.91057818722659e-13,1.5447485310909588e-12,1.1313060459170754e-12,9.937348701509598e-16,4.124487503037324e-13,-13.132102318225835
1st2KB_B64-T61,1.5,-4.02873752154004e-13,1.5841404706228694e-12,1.0953964443183356e-12,1.6645178713530578e-16,4.885775745173984e-13,-12.240781432569243
1st2KB_B64-T61,1.75,-4.5394916124708e-13,1.6678398299176994e-12,1.1028226840574079e-12,2.9314297908678006e-17,5.64987831562383e-13,-11.453221856365861
1st2KB_B64-T61,2.0,-5.09298766354638e-13,1.782972958359115e-12,1.1413539544738811e-12,5.264206426520906e-18,6.416137396788076e-13,-10.745170550227385
1st2KB_B64-T61,2.25,-5.75720948779029e-13,1.8318989526942558e-12,1.1143214847076403e-12,5.39771999368039e-19,7.175769282146161e-13,-9.792781541331065
1st2KB_B64-T61,2.5,-6.57549589864331e-13,1.8989706658148915e-12,1.105293936608079e-12,4.8410062056200517e-20,7.936766807967506e-13,-8.890742252489058
1st2KB_B64-T61,2.75,-7.25294932620024e-13,1.9320392540490215e-12,1.0626117469038265e-12,2.3842111274342716e-21,8.69427504760984e-13,-7.860056671281509
1st2KB_B64-T61,3.0,-8.3856131673915e-13,2.111501406884491e-12,1.1649322451165416e-12,2.7193535251313315e-22,9.46569161496014e-13,-7.342156428060868
1st2KB_B64-T61,3.25,-9.45727437334787e-13,2.1589629282716625e-12,1.1365021872785574e-12,4.9143135639615046e-24,1.0224607409881904e-12,-6.363365921865548
1st2KB_B64-T61,3.5,-1.09413747593351e-12,2.241201936810382e-12,1.1425297343081009e-12,2.312135076863868e-26,1.0986722025022578e-12,-5.502512535182432
1st2KB_B64-T61,3.75,-1.30147390260682e-12,2.277541951711606e-12,1.1030915697803205e-12,5.220913585660844e-26,1.174450381931233e-12,-4.481912624609102
1st2KB_B64-T61,4.0,-1.49627120589468e-12,2.411045736196371e-12,1.1599038918731362e-12,4.363800739635406e-24,1.251141844318871e-12,-3.7980304851931623
1st2KB_B64-T61,4.25,-1.76738072961424e-12,2.4441513751537896e-12,1.1172600126942425e-12,2.855359365187247e-22,1.326891362174011e-12,-2.7668633553717985
1st2KB_B64-T61,4.5,-2.17331838289758e-12,2.5400807959157673e-12,1.1368560334964533e-12,4.94065368173287e-21,1.4032247574786603e-12,-1.950965668129058
1st2KB_B64-T61,4.75,-2.81465107297707e-12,2.5909285938516163e-12,1.1118071100044892e-12,8.188701246679807e-20,1.4791214019601144e-12,-0.9740425699305575
1st2KB_B64-T61,5.0,-5.20593290698201e-12,2.705774027299406e-12,1.1501650365578848e-12,6.711552076729035e-19,1.5556083195863136e-12,-0.2147469395255412
1st2KB_B64-T61,5.25,-1.01330142193712e-11,2.7960753673969897e-12,1.1642392763048963e-12,5.4828138350549385e-18,1.6318306082782588e-12,0.6421145811444104
1st2KB_B64-T61,5.5,-2.27022688842338e-11,2.9274995656769967e-12,1.2190779213718462e-12,3.164790646519678e-17,1.7083899963986854e-12,1.3746911065235095
1st2KB_B64-T61,5.75,-4.65191288268052e-11,2.9771331649076773e-12,1.192792533125345e-12,2.644833629547417e-16,1.7840761484193774e-12,2.429220549569295
1st2KB_B64-T61,6.0,-8.59819021536978e-11,3.1292861383980823e-12,1.2674195745570143e-12,1.2453366000345954e-15,1.860621227241033e-12,3.1670727621197288
1st2KB_B64-T61,6.25,-1.47658565929909e-10,3.2646256505678683e-12,1.3211267534822698e-12,6.7768718810470335e-15,1.9367220252045517e-12,4.068726629897664
1st2KB_B64-T61,6.5,-2.15221063193383e-10,3.46820610109856e-12,1.4237066942467891e-12,3.1511858934445346e-14,2.0129875479173253e-12,4.909648224180935
1st2KB_B64-T61,6.75,-3.91652793529929e-10,3.805375679832805e-12,1.6024352772295986e-12,1.132539475555727e-13,2.0896864550476327e-12,5.590785565684131
1st2KB_B64-T61,7.0,-5.9839039279197e-10,4.6411057529503664e-12,1.7856324333749467e-12,6.904180306511234e-13,2.1650552889242965e-12,6.762306853581124
1st2KB_B64-T61,7.25,-8.59142923470557e-10,6.985302697118677e-12,2.1296255665068483e-12,2.6142903415348993e-12,2.2413867890769295e-12,7.578903263335745
1st2KB_B64-T61,7.5,-1.17235399166304e-09,1.3782146153367718e-11,2.610717359031482e-12,8.853539210135342e-12,2.3178895842008936e-12,8.332345028179699
1st2KB_B64-T61,7.75,-1.67482416824072e-09,4.272691865374282e-11,3.3625103959319756e-12,3.6970647290206406e-11,2.3937609676044385e-12,9.318581618730315
1st2KB_B64-T61,8.0,-2.48164422345099e-09,1.4046635253403398e-10,4.4295449852999005e-12,1.3356691313999686e-10,2.4698944087372235e-12,10.20820029512024
1st2KB_B64-T61,8.25,-4.02110611474882e-09,3.5541882230209774e-10,5.6379791796363095e-12,3.472340162535987e-10,2.5468268688627494e-12,10.803229116530149
1st2KB_B64-T61,8.5,-7.56089235665058e-09,1.3561582635925915e-09,7.864079653469354e-12,1.345671595935794e-09,2.6225880033282974e-12,11.830113324910778
1st2KB_B64-T61,8.75,-1.10273337128319e-08,4.4529240894341905e-09,1.0810625230694653e-11,4.439414762599603e-09,2.6987016038939123e-12,12.72704700865166
1st2KB_B64-T61,9.0,-1.71657816849802e-08,1.4710607216740838e-08,1.5055897857910528e-11,1.4692776600057556e-08,2.7747188253707666e-12,13.65951464344835
1st2KB_B64-T61,9.25,-3.94776691337029e-08,2.5762088772829616e-08,2.0333719090747365e-11,2.573890396112711e-08,2.851092611760839e-12,14.460520564531352
1st2KB_B64-T61,9.5,-3.66459964595833e-08,2.5769474942003995e-08,2.7643609643685438e-11,2.573890396112711e-08,2.927371233201732e-12,15.296612796243185
1st2KB_B64-T61,9.25,-3.18823154543679e-08,2.5766742085345712e-08,2.498929934811447e-11,2.573890396112711e-08,2.8488248704875823e-12,15.296612796243185
1st2KB_B64-T61,9.0,-2.55516727776239e-08,2.576425791225604e-08,2.2583672621158904e-11,2.573890396112711e-08,2.770278507773433e-12,15.296612796243185
1st2KB_B64-T61,8.75,-1.92296472079079e-08,2.5761999313205393e-08,2.0403619933224544e-11,2.573890396112711e-08,2.6917321450592836e-12,15.296612796243185
1st2KB_B64-T61,8.5,-1.50829428946508e-08,2.5759945320034732e-08,1.8428173125279428e-11,2.573890396112711e-08,2.613185782345134e-12,15.296612796243185
1st2KB_B64-T61,8.25,-1.17360832163627e-08,2.4857545836969147e-08,1.6638309850729536e-11,2.4838372887698787e-08,2.5346394196309854e-12,15.296612796243185
1st2KB_B64-T61,8.0,-9.3162695335991e-09,1.8000739329056408e-08,1.5016775226437985e-11,1.798326646077305e-08,2.4560930569168354e-12,15.296612796243185
1st2KB_B64-T61,7.75,-7.22936865926727e-09,1.3007915385866611e-08,1.3547919265487243e-11,1.299198991990692e-08,2.3775466942026867e-12,15.296612796243185
1st2KB_B64-T61,7.5,-5.51782264324174e-09,9.379895186456418e-09,1.2217548774198031e-11,9.365378637350731e-09,2.2990003314885364e-12,15.296612796243185
1st2KB_B64-T61,7.25,-4.18974277494044e-09,6.749167356968477e-09,1.1012792498036056e-11,6.735934110501666e-09,2.2204539687743877e-12,15.296612796243185
1st2KB_B64-T61,7.0,-2.9323046213392e-09,4.845686184442892e-09,9.921978395875824e-12,4.8336222984409565e-09,2.1419076060602377e-12,15.296612796243185
1st2KB_B64-T61,6.75,-2.25369300999034e-09,3.471417999177395e-09,8.934522010141698e-12,3.460420115923907e-09,2.0633612433460886e-12,15.296612796243185
1st2KB_B64-T61,6.5,-1.73923730972803e-09,2.481432602521026e-09,8.040824982077132e-12,2.471406962658317e-09,1.9848148806319387e-12,15.296612796243185
1st2KB_B64-T61,6.25,-1.30543753584789e-09,1.7698828437413045e-09,7.232182837284274e-12,1.7607443923861025e-09,1.90626851791779e-12,15.296612796243185
1st2KB_B64-T61,6.0,-9.63792934349783e-10,1.2596283602393282e-09,6.5007012372672955e-12,1.2512999368468574e-09,1.8277221552036412e-12,15.296612796243185
1st2KB_B64-T61,5.75,-7.03198610452205e-10,8.945711182341611e-10,5.839219958770031e-12,8.869827224829016e-10,1.7491757924894913e-12,15.296612796243185
1st2KB_B64-T61,5.5,-5.15349041219082e-10,6.340051809048905e-10,5.241243925746516e-12,6.270933075493686e-10,1.670629429775342e-12,15.296612796243185
1st2KB_B64-T61,5.25,-3.55303286792008e-10,4.484597317329024e-10,4.700880683228842e-12,4.421667679826124e-10,1.5920830670611928e-12,15.296612796243185
1st2KB_B64-T61,5.0,-2.49463477652867e-10,3.16646984226376e-10,4.21278378520319e-12,3.1092066373682584e-10,1.5135367043470433e-12,15.296612796243185
1st2KB_B64-T61,4.75,-1.76003558949311e-10,2.2322600129722473e-10,3.772101762431979e-12,2.1801890919315985e-10,1.4349903416328933e-12,15.296612796243185
1st2KB_B64-T61,4.5,-1.21415766329847e-10,1.5716781343752455e-10,3.3744335460794755e-12,1.5243693591252636e-10,1.3564439789187452e-12,15.296612796243185
1st2KB_B64-T61,4.25,-8.47146797156029e-11,1.1056287282292353e-10,3.015901761601523e-12,1.0626907344511743e-10,1.2778976162045949e-12,15.296612796243185
1st2KB_B64-T61,4.0,-5.70897946972071e-11,7.775285426474269e-11,2.6930298485937427e-12,7.38604731626585e-11,1.1993512534904458e-12,15.296612796243185
1st2KB_B64-T61,3.75,-3.29324970071987e-11,5.4700260451937453e-11,2.402754129612963e-12,5.117670143154819e-11,1.1208048907762962e-12,15.296612796243185
1st2KB_B64-T61,3.5,-2.09073001966598e-11,3.8531703332786285e-11,2.1424445584053406e-12,3.534700024631879e-11,1.0422585280621469e-12,15.296612796243185
1st2KB_B64-T61,3.25,-1.31504945821703e-11,2.72076795694129e-11,1.909804094665547e-12,2.4334163309399354e-11,9.637121653479976e-13,15.296612796243185
1st2KB_B64-T61,3.0,-7.83435902956819e-12,1.92845427263695e-11,1.7028656713919982e-12,1.6696511252343653e-11,8.851658026338474e-13,15.296612796243185
1st2KB_B64-T61,2.75,-4.39296776039155e-12,1.3743315539630358e-11,1.5199945491084993e-12,1.1416701550602159e-11,8.066194399196988e-13,15.296612796243185
1st2KB_B64-T61,2.5,-2.52576778936309e-12,9.866890728586941e-12,1.3598952169070454e-12,7.778922434474345e-12,7.280730772055496e-13,15.296612796243185
1st2KB_B64-T61,2.25,-1.33857324096515e-12,7.1521770393311156e-12,1.2216229670488093e-12,5.2810273577909075e-12,6.495267144913998e-13,15.296612796243185
1st2KB_B64-T61,2.0,-6.07187043699664e-13,5.247418919973864e-12,1.104600438534394e-12,3.5718381296622197e-12,5.709803517772506e-13,15.296612796243185
1st2KB_B64-T61,1.75,-2.25239626754602e-13,3.90760432599466e-12,1.0086394993255054e-12,2.406530837606053e-12,4.924339890631012e-13,15.296612796243185
1st2KB_B64-T61,1.5,-5.04760189334462e-15,2.9628356790303812e-12,9.339688947350248e-13,1.6149791579464048e-12,4.1388762634895195e-13,15.296612796243185
1st2KB_B64-T61,1.25,5.06422398319824e-14,2.2959665523274382e-12,8.812681457615947e-13,1.079357142931041e-12,3.353412636348024e-13,15.296612796243185
1st2KB_B64-T61,1.0,1.26984062371119e-13,1.826843593023248e-12,8.517082397412589e-13,7.183404523613361e-13,2.567949009206531e-13,15.296612796243185
1st2KB_B64-T61,0.75,1.49431289282569e-13,1.501244520426562e-12,8.469997180158588e-13,4.759962642041996e-13,1.7824853820650369e-13,15.296612796243185
1st2KB_B64-T61,0.5,1.83591640154357e-13,1.2831460382979964e-12,8.694488320846432e-13,3.13995030720999e-13,9.970217549235417e-14,15.296612796243185
1st2KB_B64-T61,0.25,2.0442247070443e-13,1.1493469097727554e-12,9.22022511417382e-13,2.061685855771684e-13,2.1155812778205115e-14,15.296612796243185
1st2KB_B64-T61,0.0,2.38123052092448e-13,7.732986842507797e-14,0.0,1.347204183610225e-13,-5.739054993594453e-14,15.296612796243185
