sweep_name,voltage_v,experimental_current_a,model_total_a,model_pf_a,model_thermionic_a,model_background_a,polarization_uc_cm2
1st2KB_B64-T51,0.0,3.64094910091598e-14,-8.711612055114453e-14,-2.1753080544807896e-30,4.936499767426278e-25,-8.711612055163818e-14,4.591945268688369
1st2KB_B64-T51,-0.25,3.41051277117591e-14,-3.284270414004501e-13,-8.473940584490561e-30,-6.676347425240898e-30,-3.284270414004501e-13,4.591945268688369
1st2KB_B64-T51,-0.5,1.23404812844147e-13,-5.697379622492622e-13,-2.9441491915862044e-29,-3.29268864653253e-29,-5.697379622492621e-13,4.591945268688369
1st2KB_B64-T51,-0.75,1.33836735097259e-13,-8.110488830980743e-13,-9.34426520673424e-29,-1.4627439453148694e-28,-8.110488830980741e-13,4.591945268688369
1st2KB_B64-T51,-1.0,3.53893102973332e-13,-1.0523598039468869e-12,-2.7547908172622736e-28,-5.960629874665997e-28,-1.0523598039468859e-12,4.591945268688369
1st2KB_B64-T51,-1.25,3.20978080269388e-13,-1.2936707247957012e-12,-7.63611702417826e-28,-2.2582207204196424e-27,-1.2936707247956982e-12,4.591945268688369
1st2KB_B64-T51,-1.5,1.11846980516226e-13,-1.5349816456445202e-12,-2.0085580271005925e-27,-8.036341003222089e-27,-1.5349816456445103e-12,4.591945268688369
1st2KB_B64-T51,-1.75,1.13313153890342e-13,-1.7762925664933543e-12,-5.0491629254495106e-27,-2.7081578026763305e-26,-1.7762925664933222e-12,4.591945268688369
1st2KB_B64-T51,-2.0,2.59303022847115e-13,-2.017603487342233e-12,-1.2199334245746842e-26,-8.698104322630358e-26,-2.017603487342134e-12,4.591945268688369
1st2KB_B64-T51,-2.25,9.20096518506469e-14,-2.2589144081912427e-12,-2.845935509223049e-26,-2.6767373974822635e-25,-2.2589144081909466e-12,4.591945268688369
1st2KB_B64-T51,-2.5,2.24742614926207e-13,-2.500225329040616e-12,-6.434634505973791e-26,-7.927213210505788e-25,-2.500225329039759e-12,4.591945268688369
1st2KB_B64-T51,-2.75,2.35509121969749e-13,-2.74153624989098e-12,-1.414487014705767e-25,-2.267606031193201e-24,-2.741536249888571e-12,4.591945268688369
1st2KB_B64-T51,-3.0,2.52749535710473e-13,-2.9828471707439707e-12,-3.0311263050586824e-25,-6.285000348687453e-24,-2.9828471707373823e-12,4.591945268688369
1st2KB_B64-T51,-3.25,3.9838588699638e-13,-3.224158091603753e-12,-6.346344066770841e-25,-1.692385892614074e-23,-3.2241580915861947e-12,4.591945268688369
1st2KB_B64-T51,-3.5,3.88523197988877e-13,-3.4623192405679124e-12,-9.587615342357663e-25,-2.6987532311722975e-23,-3.462319240539966e-12,4.213947801920987
1st2KB_B64-T51,-3.75,3.19186517494519e-13,-3.7010145786661695e-12,-1.5144378755483146e-24,-4.640397428643417e-23,-3.701014578618251e-12,3.900057242755112
1st2KB_B64-T51,-4.0,4.73744632932538e-13,-3.934647383223492e-12,-1.467523744071649e-24,-3.5950028020104663e-23,-3.934647383186074e-12,2.9786227387744435
1st2KB_B64-T51,-4.25,5.273172848895e-13,-4.1687077773333414e-12,-1.4815123147153025e-24,-2.9778252080998256e-23,-4.168707777302082e-12,2.1085023525827262
1st2KB_B64-T51,-4.5,5.80207973679969e-13,-4.405577121504795e-12,-1.954506843173104e-24,-3.8220166168716444e-23,-4.40557712146462e-12,1.575478123587471
1st2KB_B64-T51,-4.75,7.69852606143095e-13,-4.639408185660085e-12,-1.9305109433217566e-24,-3.0545760680668354e-23,-4.639408185627608e-12,0.6778363345184353
1st2KB_B64-T51,-5.0,9.87505216487605e-13,-4.874651796013991e-12,-2.1794673953221048e-24,-3.0391870098705144e-23,-4.87465179598142e-12,-0.05028877219561237
1st2KB_B64-T51,-5.25,1.32566917512844e-12,-5.108327240158248e-12,-2.121409775346517e-24,-2.371220991111227e-23,-5.108327240132415e-12,-0.9666061899361434
1st2KB_B64-T51,-5.5,1.54214466717428e-12,-5.341929271242721e-12,-2.0505526215938324e-24,-1.8290822090301145e-23,-5.34192927122238e-12,-1.8917337539420422
1st2KB_B64-T51,-5.75,2.28889585236758e-12,-5.575448916521826e-12,-1.9665651576314985e-24,-1.3929225808381972e-23,-5.57544891650593e-12,-2.826748264418867
1st2KB_B64-T51,-6.0,1.9781023607307e-12,-5.810480977639658e-12,-2.1761108591237573e-24,-1.341203442581233e-23,-5.81048097762407e-12,-3.580260947708012
1st2KB_B64-T51,-6.25,2.36019060198545e-12,-6.044666358881762e-12,-2.222589177261909e-24,-1.1325187100510167e-23,-6.044666358868214e-12,-4.435381892864625
1st2KB_B64-T51,-6.5,3.05637307997098e-12,-6.279612557278273e-12,-2.4385002040374614e-24,-1.0755676091201544e-23,-6.279612557265079e-12,-5.199198779827562
1st2KB_B64-T51,-6.75,3.67990273669738e-12,-6.5128973168903874e-12,-2.288100795264262e-24,-7.903349773874438e-24,-6.5128973168801955e-12,-6.162401422844406
1st2KB_B64-T51,-7.0,4.41931083741687e-12,-6.7469221612283424e-12,-2.30181992631333e-24,-6.51108609928327e-24,-6.746922161219529e-12,-7.036788062585349
1st2KB_B64-T51,-7.25,8.95244035153953e-12,-6.980089855270288e-12,-2.135804893499996e-24,-4.698539758109021e-24,-6.980089855263454e-12,-8.014039497334318
1st2KB_B64-T51,-7.5,1.09580833990153e-11,-7.214856772365417e-12,-2.3043913370393832e-24,-4.342468769310695e-24,-7.21485677235877e-12,-8.799371554309936
1st2KB_B64-T51,-7.75,9.60346385747712e-12,-7.451237824953833e-12,-2.8913023263224672e-24,-5.143196317496659e-24,-7.451237824945799e-12,-9.390994623074372
1st2KB_B64-T51,-8.0,1.34826455555626e-11,-7.683459784976495e-12,-2.4566587449412647e-24,-3.212220732713041e-24,-7.683459784970826e-12,-10.481741598227291
1st2KB_B64-T51,-8.25,1.91266273652513e-11,-7.918954669836463e-12,-2.8362282003433264e-24,-3.319464274436967e-24,-7.918954669830307e-12,-11.179711782689346
1st2KB_B64-T51,-8.5,3.62615978910519e-11,-8.151091381425067e-12,-2.3903375539145105e-24,-2.0465193018061985e-24,-8.15109138142063e-12,-12.280689242283575
1st2KB_B64-T51,-8.75,8.20692888647834e-11,-8.387373844160962e-12,-2.9707557006829714e-24,-2.3874736012475643e-24,-8.387373844155604e-12,-12.884143870781672
1st2KB_B64-T51,-9.0,1.37386643728199e-10,-8.621115971862214e-12,-2.9105996255985896e-24,-1.8851619101415922e-24,-8.621115971857417e-12,-13.792458736552101
1st2KB_B64-T51,-9.25,2.77503853229888e-10,-8.853987025670996e-12,-2.6284363554360355e-24,-1.3023783984322854e-24,-8.853987025667067e-12,-14.80530933874321
1st2KB_B64-T51,-9.5,6.29410579211509e-10,-9.090216327952126e-12,-3.2480341484298434e-24,-1.5061097888755875e-24,-9.090216327947373e-12,-15.415143641030037
1st2KB_B64-T51,-9.25,5.32822119758691e-10,-8.848905407100774e-12,-1.6255130542420394e-24,-5.929994376439391e-25,-8.848905407098556e-12,-15.415143641030037
1st2KB_B64-T51,-9.0,4.35702390833015e-10,-8.607594486250773e-12,-7.98127432184604e-25,-2.2795755609405497e-25,-8.607594486249745e-12,-15.415143641030037
1st2KB_B64-T51,-8.75,2.98526925401887e-10,-8.3662835654014e-12,-3.838490681967556e-25,-8.539074504549942e-26,-8.366283565400931e-12,-15.415143641030037
1st2KB_B64-T51,-8.5,2.49925496964565e-10,-8.12497264455233e-12,-1.804865831672475e-25,-3.109987968099399e-26,-8.124972644552119e-12,-15.415143641030037
1st2KB_B64-T51,-8.25,1.89208260170659e-10,-7.8836617237034e-12,-8.27917989545078e-26,-1.0984616495075553e-26,-7.883661723703306e-12,-15.415143641030037
1st2KB_B64-T51,-8.0,1.30652433316669e-10,-7.642350802854538e-12,-3.695656301411298e-26,-3.751426839453896e-27,-7.642350802854497e-12,-15.415143641030037
1st2KB_B64-T51,-7.75,9.89884771374072e-11,-7.401039882005703e-12,-1.6005310495988616e-26,-1.2344594656372567e-27,-7.401039882005687e-12,-15.415143641030037
1st2KB_B64-T51,-7.5,7.3611679252128e-11,-7.159728961156879e-12,-6.701323152955137e-27,-3.8978698603132778e-28,-7.159728961156872e-12,-15.415143641030037
1st2KB_B64-T51,-7.25,5.35862534900566e-11,-6.918418040308064e-12,-2.700925745888465e-27,-1.1751356124869164e-28,-6.918418040308061e-12,-15.415143641030037
1st2KB_B64-T51,-7.0,4.15831188926852e-11,-6.677107119459248e-12,-1.0423776372845055e-27,-3.3622250964306117e-29,-6.677107119459247e-12,-15.415143641030037
1st2KB_B64-T51,-6.75,2.67706221773745e-11,-6.4357961986104375e-12,-3.826719035141429e-28,-9.061107757619213e-30,-6.4357961986104375e-12,-15.415143641030037
1st2KB_B64-T51,-6.5,1.89723532023622e-11,-6.194485277761622e-12,-1.3250943378930513e-28,-2.278371436507277e-30,-6.194485277761622e-12,-15.415143641030037
1st2KB_B64-T51,-6.25,1.26037678557789e-11,-5.95317435691281e-12,-4.2802529300524856e-29,-5.279654711683546e-31,-5.95317435691281e-12,-15.415143641030037
1st2KB_B64-T51,-6.0,9.42270046710991e-12,-5.711863436064e-12,-1.270472883451445e-29,-1.1091018635897031e-31,-5.711863436064e-12,-15.415143641030037
1st2KB_B64-T51,-5.75,6.47078918225574e-12,-5.470552515215188e-12,-3.392416400824363e-30,-2.0643479053792373e-32,-5.470552515215188e-12,-15.415143641030037
1st2KB_B64-T51,-5.5,4.76890315431744e-12,-5.229241594366375e-12,-7.894631552604542e-31,-3.292350210801527e-33,-5.229241594366375e-12,-15.415143641030037
1st2KB_B64-T51,-5.25,3.31491865207534e-12,-4.9879306735175644e-12,-1.5214793856743687e-31,-4.2691495770925e-34,-4.9879306735175644e-12,-15.415143641030037
1st2KB_B64-T51,-5.0,2.35540731884087e-12,-4.746619752668752e-12,-2.2149761817571665e-32,-4.10783620565968e-35,-4.746619752668752e-12,-15.415143641030037
1st2KB_B64-T51,-4.75,1.44523986961992e-12,-4.505308831819937e-12,-1.99433740313836e-33,-2.4287135836061272e-36,-4.505308831819937e-12,-15.415143641030037
1st2KB_B64-T51,-4.5,9.43292536095819e-13,-4.263997910971128e-12,-5.802912766716874e-35,-5.05440329938426e-38,-4.263997910971128e-12,-15.415143641030037
1st2KB_B64-T51,-4.25,5.99687075171496e-13,-4.022686990122314e-12,3.3218373026924225e-36,-3.2569590866546466e-39,-4.022686990122314e-12,-15.415143641030037
1st2KB_B64-T51,-4.0,3.90380165259802e-13,-3.781376069273504e-12,5.080693692379411e-34,-5.182950715887965e-37,-3.781376069273504e-12,-15.415143641030037
1st2KB_B64-T51,-3.75,1.37269563120837e-13,-3.5400651484246914e-12,8.115444136247285e-33,-1.2443992651201152e-35,-3.5400651484246914e-12,-15.415143641030037
1st2KB_B64-T51,-3.5,9.5923309985195e-14,-3.2987542275758795e-12,6.67136823420924e-32,-1.5567455627794273e-34,-3.2987542275758795e-12,-15.415143641030037
1st2KB_B64-T51,-3.25,2.54115372949788e-14,-3.057443306727067e-12,3.8677834750878927e-31,-1.3526837346230006e-33,-3.057443306727067e-12,-15.415143641030037
1st2KB_B64-T51,-3.0,-3.11265742998154e-13,-2.8161323858782524e-12,1.7947745534842408e-30,-9.2339756966193e-33,-2.8161323858782524e-12,-15.415143641030037
1st2KB_B64-T51,-2.75,-4.56009775567316e-14,-2.574821465029443e-12,7.116426609046016e-30,-5.291693348075342e-32,-2.574821465029443e-12,-15.415143641030037
1st2KB_B64-T51,-2.5,7.33966720408742e-14,-2.333510544180629e-12,2.506630353100275e-29,-2.6511310571059744e-31,-2.333510544180629e-12,-15.415143641030037
1st2KB_B64-T51,-2.25,4.88035921896411e-14,-2.092199623331819e-12,8.043709992181395e-29,-1.192905912777088e-30,-2.092199623331819e-12,-15.415143641030037
1st2KB_B64-T51,-2.0,-1.0155241312584e-13,-1.850888702483007e-12,2.3930094101894906e-28,-4.913253897724963e-30,-1.850888702483007e-12,-15.415143641030037
1st2KB_B64-T51,-1.75,-2.23017066511115e-13,-1.6095777816341943e-12,6.68424993941527e-28,-1.8784181458034527e-29,-1.609577781634195e-12,-15.415143641030037
1st2KB_B64-T51,-1.5,3.04683510951413e-14,-1.3682668607853808e-12,1.7697592350658285e-27,-6.737496546225669e-29,-1.3682668607853826e-12,-15.415143641030037
1st2KB_B64-T51,-1.25,-6.970530245674e-14,-1.1269559399365669e-12,4.474312684684641e-27,-2.2861493360257564e-28,-1.1269559399365711e-12,-15.415143641030037
1st2KB_B64-T51,-1.0,-1.78400209101953e-13,-8.856450190877484e-13,1.0864796125732859e-26,-7.387590486054242e-28,-8.856450190877586e-13,-15.415143641030037
1st2KB_B64-T51,-0.75,-3.78850108836287e-13,-6.443340982389214e-13,2.545923581959732e-26,-2.28585963188025e-27,-6.443340982389446e-13,-15.415143641030037
1st2KB_B64-T51,-0.5,4.73721200613085e-14,-4.03023177390084e-13,5.779326898409493e-26,-6.802909352600898e-27,-4.03023177390135e-13,-15.415143641030037
1st2KB_B64-T51,-0.25,-2.24641201365498e-13,-1.6171225654121454e-13,1.2750173682576514e-25,-1.9546699402228532e-26,-1.617122565413225e-13,-15.415143641030037
1st2KB_B64-T51,0.0,-2.45360996060581e-13,5.77632033859584e-12,2.7412033840178057e-25,5.696721674288076e-12,7.959866430748926e-14,-15.415143641030037
1st2KB_B64-T51,0.25,-2.74119594211031e-13,3.333974323024531e-12,5.7564905895335395e-25,3.0130647378676543e-12,3.20909585156301e-13,-15.415143641030037
1st2KB_B64-T51,0.5,-3.02237916768519e-13,1.7309029750721415e-12,1.051507280448522e-24,1.1699000039964144e-12,5.610029710746754e-13,-15.269029847796281
1st2KB_B64-T51,0.75,-2.93946724599925e-13,9.936189709066103e-13,1.3882147434520322e-24,1.9577770946428476e-13,7.978412614409374e-13,-14.732278918355007
1st2KB_B64-T51,1.0,-3.25646546403893e-13,1.0537077443359683e-12,1.5759398599155984e-24,2.0581174266722716e-14,1.0331265700676697e-12,-14.00915793322756
1st2KB_B64-T51,1.25,-2.92594995541379e-13,1.2661434832568424e-12,1.3287921994173591e-24,8.346105743665091e-16,1.2653088726811473e-12,-12.913651755946802
1st2KB_B64-T51,1.5,-3.84256618494658e-13,1.5016774463906003e-12,1.6585927697536834e-24,9.268991935790136e-17,1.501584756469584e-12,-12.30940760198183
1st2KB_B64-T51,1.75,-4.29687047661526e-13,1.7356192464560469e-12,1.669451356046311e-24,4.684215654276443e-18,1.735614562238723e-12,-11.43561637294344
1st2KB_B64-T51,2.0,-6.95743918206759e-13,1.9710025115301604e-12,1.911973497871573e-24,3.036838244370032e-19,1.971002207844424e-12,-10.724776632330368
1st2KB_B64-T51,2.25,-7.24842115582686e-13,2.2048604698691184e-12,1.8933585803472454e-24,9.621655968287381e-21,2.2048604602455687e-12,-9.830397646248645
1st2KB_B64-T51,2.5,-5.85230811294551e-13,2.4386558502685947e-12,1.8637619267307157e-24,2.1627081425683587e-22,2.43865585005046e-12,-8.928474652876893
1st2KB_B64-T51,2.75,-6.89674120764316e-13,2.6731481322252747e-12,1.960022289483867e-24,4.2352058028510595e-24,2.6731481322190794e-12,-8.110184238903354
1st2KB_B64-T51,3.0,-8.10224446128743e-13,2.9068458817722936e-12,1.9116401846235874e-24,3.1641653722811604e-26,2.90684588177035e-12,-7.196543645098149
1st2KB_B64-T51,3.25,-9.47398301302804e-13,3.142046859916402e-12,2.1495914313272883e-24,2.0010414235833767e-28,3.1420468599142525e-12,-6.463302336993935
1st2KB_B64-T51,3.5,-1.08777732914928e-12,3.3749214404558604e-12,1.939541385309946e-24,1.9859355808771836e-32,3.3749214404539213e-12,-5.450874970217206
1st2KB_B64-T51,3.75,-1.28735759032106e-12,3.609291048886497e-12,2.0160164927224134e-24,2.8014895491421535e-32,3.6092910488844808e-12,-4.617862740261409
1st2KB_B64-T51,4.0,-1.5744818643304e-12,3.8444014311709266e-12,2.2471487207976946e-24,3.692550589439507e-29,3.84440143116868e-12,-3.8737492145464083
1st2KB_B64-T51,4.25,-1.90146401228553e-12,4.0779124940300475e-12,2.153679566799026e-24,1.1511378063318227e-26,4.0779124940278826e-12,-2.937704745466022
1st2KB_B64-T51,4.5,-2.85178066057601e-12,4.312172931121e-12,2.215326609418361e-24,8.185437917218136e-25,4.312172931117966e-12,-2.0915910937187587
1st2KB_B64-T51,4.75,-4.22287378676334e-12,4.5464094456031714e-12,2.2735384129461998e-24,3.213624608401579e-23,4.546409445568762e-12,-1.2426065366012506
1st2KB_B64-T51,5.0,-5.90384295270918e-12,4.778237996158518e-12,1.858171829155118e-24,1.7108642328617123e-21,4.778237994445796e-12,-0.10464712121572405
1st2KB_B64-T51,5.25,-1.24505926402119e-11,5.0147919470841595e-12,2.3741022906371532e-24,1.6509835384738622e-20,5.01479193057195e-12,0.46622855947917125
1st2KB_B64-T51,5.5,-2.90187006368736e-11,5.246550708718923e-12,1.928132801616951e-24,4.671354945205134e-19,5.2465502415815004e-12,1.6126170728643245
1st2KB_B64-T51,5.75,-5.5205975207917e-11,5.480671394270579e-12,1.9564824119244563e-24,5.801231776951578e-18,5.480665593036845e-12,2.476142144937497
1st2KB_B64-T51,6.0,-1.02915717614671e-10,5.7164001214961625e-12,2.3037260916753754e-24,4.3761283657283783e-17,5.716356360210202e-12,3.15060490699002
1st2KB_B64-T51,6.25,-1.6081259934797e-10,5.949382711315724e-12,1.9944174600577392e-24,5.916502600343251e-16,5.948791061053696e-12,4.2158213062356396
1st2KB_B64-T51,6.5,-2.31635141623165e-10,6.188709331354304e-12,2.721312659407329e-24,2.6557136628874873e-15,6.186053617688696e-12,4.701656937629154
1st2KB_B64-T51,6.75,-3.75288022880227e-10,6.443954709687261e-12,2.531814088333431e-24,2.4709951390989866e-14,6.419244758293739e-12,5.67609460014208
1st2KB_B64-T51,7.0,-6.15739570442031e-10,6.8327082360602256e-12,2.536117150641184e-24,1.7948400256011808e-13,6.653224233497572e-12,6.555925893928035
1st2KB_B64-T51,7.25,-8.63953464325107e-10,8.48621365990927e-12,2.1741810957070095e-24,1.6006642704460878e-12,6.8855493894610085e-12,7.634288542660491
1st2KB_B64-T51,7.5,-1.26739829742206e-09,1.7061296950454463e-11,2.168638457008086e-24,9.941813225397127e-12,7.119483725055166e-12,8.519536945582164
1st2KB_B64-T51,7.75,-2.02255590053824e-09,6.542640906364642e-11,2.1586620606966883e-24,5.8073012803100125e-11,7.353396260544133e-12,9.407401533044071
1st2KB_B64-T51,8.0,-3.05179614912277e-09,1.9992308127026985e-10,2.9227521935293025e-24,1.9233249524722332e-10,7.590586023043614e-12,9.901973034760585
1st2KB_B64-T51,8.25,-4.52408643880631e-09,1.0337917710340837e-09,2.8987375900553974e-24,1.0259673120221674e-09,7.824459011913418e-12,10.794583528390175
1st2KB_B64-T51,8.5,-8.7346245791764e-09,7.49194387792309e-09,2.2728318178634906e-24,7.483888051106565e-09,8.055826816523118e-12,11.98783588932353
1st2KB_B64-T51,8.75,-1.16193596966241e-08,1.2775473945947025e-08,2.8367040674074082e-24,1.2767181795804025e-08,8.292150142997464e-12,12.586386546841986
1st2KB_B64-T51,9.0,-1.67453464428036e-08,1.2775706094076797e-08,2.3933097558956636e-24,1.2767181795804025e-08,8.524298272768644e-12,13.685993734688504
1st2KB_B64-T51,9.25,-2.59294328230908e-08,1.2775939892240745e-08,2.356845581189303e-24,1.2767181795804025e-08,8.75809643671791e-12,14.587583808858056
1st2KB_B64-T51,9.5,-4.13481835437324e-08,1.2776175348851493e-08,2.7118789191973682e-24,1.2767181795804025e-08,8.993553047465579e-12,15.290147188569936
1st2KB_B64-T51,9.25,-3.75224047388656e-08,1.2775934037930643e-08,1.3505858818572978e-24,1.2767181795804025e-08,8.75224212661677e-12,15.290147188569936
1st2KB_B64-T51,9.0,-3.06007521544416e-08,1.2775692727009792e-08,6.5964374902341815e-25,1.2767181795804025e-08,8.510931205767956e-12,15.290147188569936
1st2KB_B64-T51,8.75,-2.42547475437505e-08,1.2775451416088946e-08,3.1542850072052315e-25,1.2767181795804025e-08,8.269620284919143e-12,15.290147188569936
1st2KB_B64-T51,8.5,-1.87058990519517e-08,1.2775210105168096e-08,1.4738563748253808e-25,1.2767181795804025e-08,8.028309364070334e-12,15.290147188569936
1st2KB_B64-T51,8.25,-1.49223069456639e-08,1.2774968794247247e-08,6.714220852358916e-26,1.2767181795804025e-08,7.78699844322152e-12,15.290147188569936
1st2KB_B64-T51,8.0,-1.10290638843935e-08,1.2774727483326397e-08,2.974257343358615e-26,1.2767181795804025e-08,7.545687522372708e-12,15.290147188569936
1st2KB_B64-T51,7.75,-8.43901837299654e-09,1.277448617240555e-08,1.2771743598663198e-26,1.2767181795804025e-08,7.304376601523896e-12,15.290147188569936
1st2KB_B64-T51,7.5,-6.59183907458782e-09,1.27742448614847e-08,5.2965011038520824e-27,1.2767181795804025e-08,7.063065680675083e-12,15.290147188569936
1st2KB_B64-T51,7.25,-5.24962295855858e-09,1.277400355056385e-08,2.1116698243201275e-27,1.2767181795804025e-08,6.821754759826272e-12,15.290147188569936
1st2KB_B64-T51,7.0,-4.00492217167425e-09,1.2773762239643002e-08,8.0487977717039105e-28,1.2767181795804025e-08,6.580443838977461e-12,15.290147188569936
1st2KB_B64-T51,6.75,-2.8406381691326e-09,1.1339534282346935e-08,2.9123799425104697e-28,1.1333195149428805e-08,6.339132918128649e-12,15.290147188569936
1st2KB_B64-T51,6.5,-2.1705903741065e-09,6.863375350746086e-09,9.913922920270136e-29,6.857277528748806e-09,6.097821997279839e-12,15.290147188569936
1st2KB_B64-T51,6.25,-1.67335745260289e-09,4.139789271039354e-09,3.137066576797154e-29,4.133932759962923e-09,5.8565110764310235e-12,15.290147188569936
1st2KB_B64-T51,6.0,-1.25563026642794e-09,2.4884752614169708e-09,9.077442640608667e-30,2.482860061261388e-09,5.6152001555822104e-12,15.290147188569936
1st2KB_B64-T51,5.75,-9.44619160669902e-10,1.4909049663922895e-09,2.346255118918503e-30,1.485531077157556e-09,5.3738892347334e-12,15.290147188569936
1st2KB_B64-T51,5.5,-6.94735990958151e-10,8.904806175103491e-10,5.227371390967385e-31,8.853480391964646e-10,5.1325783138845874e-12,15.290147188569936
1st2KB_B64-T51,5.25,-5.05625319391356e-10,5.304360973204587e-10,9.465405928747454e-32,5.25544829927423e-10,4.891267393035777e-12,15.290147188569936
1st2KB_B64-T51,5.0,-3.5097252881755e-10,3.1534052790191035e-10,1.2475306026071335e-32,3.1069057142972337e-10,4.649956472186962e-12,15.290147188569936
1st2KB_B64-T51,4.75,-2.55764298628947e-10,1.8731400652217014e-10,9.246306791670857e-34,1.8290536097083198e-10,4.408645551338151e-12,15.290147188569936
1st2KB_B64-T51,4.5,-1.76784503702621e-10,1.11383585445994e-10,1.3685073690915687e-35,1.0721625081550466e-10,4.167334630489339e-12,15.290147188569936
1st2KB_B64-T51,4.25,-1.20329551878129e-10,6.64986758493458e-11,-2.178800050906267e-35,6.257265213970528e-11,3.926023709640527e-12,15.290147188569936
1st2KB_B64-T51,4.0,-8.12168596264762e-11,4.003855264321901e-11,-1.1648831586721512e-33,3.635383985442729e-11,3.684712788791715e-12,15.290147188569936
1st2KB_B64-T51,3.75,-5.22450312179235e-11,2.4467035007967447e-11,-1.478737322690808e-32,2.1023633140024545e-11,3.443401867942903e-12,15.290147188569936
1st2KB_B64-T51,3.5,-3.21558751847917e-11,1.5302632513870855e-11,-1.0884520869185683e-31,1.2100541566776764e-11,3.2020909470940906e-12,15.290147188569936
1st2KB_B64-T51,3.25,-1.960146801816e-11,9.891636560471674e-12,-5.8993326889130084e-31,6.930856534226397e-12,2.9607800262452774e-12,15.290147188569936
1st2KB_B64-T51,3.0,-1.24079262489585e-11,6.6694694442450665e-12,-2.6136343800545438e-30,3.950000338848598e-12,2.7194691053964684e-12,15.290147188569936
1st2KB_B64-T51,2.75,-7.51738688659076e-12,4.717786430621558e-12,-1.0014586979177256e-29,2.2396282460739028e-12,2.478158184547654e-12,15.290147188569936
1st2KB_B64-T51,2.5,-3.97707864904784e-12,3.50001494345502e-12,-3.4349397060978996e-29,1.2631676797561769e-12,2.236847263698843e-12,15.290147188569936
1st2KB_B64-T51,2.25,-2.1131631600807e-12,2.7041133732594046e-12,-1.0789448315081931e-28,7.085770304093753e-13,1.995536342850029e-12,15.290147188569936
1st2KB_B64-T51,2.0,-1.04179067716287e-12,2.1494880064329538e-12,-3.153653968680443e-28,3.9526258443173523e-13,1.754225422001219e-12,15.290147188569936
1st2KB_B64-T51,1.75,-4.00579499041862e-13,1.7321369954965654e-12,-8.678564133586056e-28,2.1922249434415958e-13,1.5129145011524066e-12,15.290147188569936
1st2KB_B64-T51,1.5,-1.74563664846923e-13,1.3924711772699515e-12,-2.268579197824801e-27,1.2086759696635905e-13,1.271603580303595e-12,15.290147188569936
1st2KB_B64-T51,1.25,5.01747996178425e-14,1.096526623087215e-12,-5.6719586823687e-27,6.623396363243595e-14,1.0302926594547846e-12,15.290147188569936
1st2KB_B64-T51,1.0,7.64001288990936e-14,8.250490902468653e-13,-1.363876522656938e-26,3.6067351640909804e-14,7.889817386059691e-13,15.290147188569936
1st2KB_B64-T51,0.75,1.00128611727878e-13,5.671837490449761e-13,-3.16824734804714e-26,1.9512931287848695e-14,5.476708177571591e-13,15.290147188569936
1st2KB_B64-T51,0.5,1.5597587240887e-13,3.168459686005771e-13,-7.136145980696434e-26,1.0486071692301735e-14,3.063598969083467e-13,15.290147188569936
1st2KB_B64-T51,0.25,1.91055396329964e-13,7.064509950642991e-14,-1.5633092230363884e-25,5.596123447053547e-15,6.504897605953269e-14,15.290147188569936
1st2KB_B64-T51,0.0,2.28024820162973e-13,-1.7329682389761219e-13,-3.339582882970778e-25,2.9651208920012287e-15,-1.7626194478927947e-13,15.290147188569936
1st2KB_B64-T53,0.0,2.47765031418951e-14,-8.711612055114453e-14,-2.1753080544807896e-30,4.936499767426278e-25,-8.711612055163818e-14,4.591945268688369
1st2KB_B64-T53,-0.25,2.5310235542619e-14,-3.284270414004501e-13,-8.473940584490561e-30,-6.676347425240898e-30,-3.284270414004501e-13,4.591945268688369
1st2KB_B64-T53,-0.5,6.71524196926149e-14,-5.697379622492622e-13,-2.9441491915862044e-29,-3.29268864653253e-29,-5.697379622492621e-13,4.591945268688369
1st2KB_B64-T53,-0.75,8.63740502732302e-14,-8.110488830980743e-13,-9.34426520673424e-29,-1.4627439453148694e-28,-8.110488830980741e-13,4.591945268688369
1st2KB_B64-T53,-1.0,1.04806185160632e-13,-1.0523598039468869e-12,-2.7547908172622736e-28,-5.960629874665997e-28,-1.0523598039468859e-12,4.591945268688369
1st2KB_B64-T53,-1.25,1.28161465272857e-13,-1.2936707247957012e-12,-7.63611702417826e-28,-2.2582207204196424e-27,-1.2936707247956982e-12,4.591945268688369
1st2KB_B64-T53,-1.5,1.55286617982767e-13,-1.5349816456445202e-12,-2.0085580271005925e-27,-8.036341003222089e-27,-1.5349816456445103e-12,4.591945268688369
1st2KB_B64-T53,-1.75,2.61340509779759e-13,-1.7762925664933543e-12,-5.0491629254495106e-27,-2.7081578026763305e-26,-1.7762925664933222e-12,4.591945268688369
1st2KB_B64-T53,-2.0,1.70092862320989e-13,-2.017603487342233e-12,-1.2199334245746842e-26,-8.698104322630358e-26,-2.017603487342134e-12,4.591945268688369
1st2KB_B64-T53,-2.25,1.99537380975862e-13,-2.2589144081912427e-12,-2.845935509223049e-26,-2.6767373974822635e-25,-2.2589144081909466e-12,4.591945268688369
1st2KB_B64-T53,-2.5,2.22131449519047e-13,-2.500225329040616e-12,-6.434634505973791e-26,-7.927213210505788e-25,-2.500225329039759e-12,4.591945268688369
1st2KB_B64-T53,-2.75,2.38471677301011e-13,-2.74153624989098e-12,-1.414487014705767e-25,-2.267606031193201e-24,-2.741536249888571e-12,4.591945268688369
1st2KB_B64-T53,-3.0,2.55667503227391e-13,-2.9828471707439707e-12,-3.0311263050586824e-25,-6.285000348687453e-24,-2.9828471707373823e-12,4.591945268688369
1st2KB_B64-T53,-3.25,2.32978838044656e-13,-3.224158091603753e-12,-6.346344066770841e-25,-1.692385892614074e-23,-3.2241580915861947e-12,4.591945268688369
1st2KB_B64-T53,-3.5,4.00724456872323e-13,-3.4623192405679124e-12,-9.587615342357663e-25,-2.6987532311722975e-23,-3.462319240539966e-12,4.213947801920987
1st2KB_B64-T53,-3.75,4.13658067218228e-13,-3.7010145786661695e-12,-1.5144378755483146e-24,-4.640397428643417e-23,-3.701014578618251e-12,3.900057242755112
1st2KB_B64-T53,-4.0,4.66070270484925e-13,-3.934647383223492e-12,-1.467523744071649e-24,-3.5950028020104663e-23,-3.934647383186074e-12,2.9786227387744435
1st2KB_B64-T53,-4.25,5.46706668651253e-13,-4.1687077773333414e-12,-1.4815123147153025e-24,-2.9778252080998256e-23,-4.168707777302082e-12,2.1085023525827262
1st2KB_B64-T53,-4.5,6.59560025952771e-13,-4.405577121504795e-12,-1.954506843173104e-24,-3.8220166168716444e-23,-4.40557712146462e-12,1.575478123587471
1st2KB_B64-T53,-4.75,7.93011435597929e-13,-4.639408185660085e-12,-1.9305109433217566e-24,-3.0545760680668354e-23,-4.639408185627608e-12,0.6778363345184353
1st2KB_B64-T53,-5.0,9.85658278086776e-13,-4.874651796013991e-12,-2.1794673953221048e-24,-3.0391870098705144e-23,-4.87465179598142e-12,-0.05028877219561237
1st2KB_B64-T53,-5.25,1.33189141139634e-12,-5.108327240158248e-12,-2.121409775346517e-24,-2.371220991111227e-23,-5.108327240132415e-12,-0.9666061899361434
1st2KB_B64-T53,-5.5,1.50598262159407e-12,-5.341929271242721e-12,-2.0505526215938324e-24,-1.8290822090301145e-23,-5.34192927122238e-12,-1.8917337539420422
1st2KB_B64-T53,-5.75,1.85683326353603e-12,-5.575448916521826e-12,-1.9665651576314985e-24,-1.3929225808381972e-23,-5.57544891650593e-12,-2.826748264418867
1st2KB_B64-T53,-6.0,2.24442664974178e-12,-5.810480977639658e-12,-2.1761108591237573e-24,-1.341203442581233e-23,-5.81048097762407e-12,-3.580260947708012
1st2KB_B64-T53,-6.25,2.88763717798401e-12,-6.044666358881762e-12,-2.222589177261909e-24,-1.1325187100510167e-23,-6.044666358868214e-12,-4.435381892864625
1st2KB_B64-T53,-6.5,3.92229521431475e-12,-6.279612557278273e-12,-2.4385002040374614e-24,-1.0755676091201544e-23,-6.279612557265079e-12,-5.199198779827562
1st2KB_B64-T53,-6.75,4.25128248576767e-12,-6.5128973168903874e-12,-2.288100795264262e-24,-7.903349773874438e-24,-6.5128973168801955e-12,-6.162401422844406
1st2KB_B64-T53,-7.0,4.81671473540057e-12,-6.7469221612283424e-12,-2.30181992631333e-24,-6.51108609928327e-24,-6.746922161219529e-12,-7.036788062585349
1st2KB_B64-T53,-7.25,5.52582589061212e-12,-6.980089855270288e-12,-2.135804893499996e-24,-4.698539758109021e-24,-6.980089855263454e-12,-8.014039497334318
1st2KB_B64-T53,-7.5,8.2842144602524e-12,-7.214856772365417e-12,-2.3043913370393832e-24,-4.342468769310695e-24,-7.21485677235877e-12,-8.799371554309936
1st2KB_B64-T53,-7.75,1.2438899736622e-11,-7.451237824953833e-12,-2.8913023263224672e-24,-5.143196317496659e-24,-7.451237824945799e-12,-9.390994623074372
1st2KB_B64-T53,-8.0,1.56207234647265e-11,-7.683459784976495e-12,-2.4566587449412647e-24,-3.212220732713041e-24,-7.683459784970826e-12,-10.481741598227291
1st2KB_B64-T53,-8.25,2.72597101141914e-11,-7.918954669836463e-12,-2.8362282003433264e-24,-3.319464274436967e-24,-7.918954669830307e-12,-11.179711782689346
1st2KB_B64-T53,-8.5,3.85182129247763e-11,-8.151091381425067e-12,-2.3903375539145105e-24,-2.0465193018061985e-24,-8.15109138142063e-12,-12.280689242283575
1st2KB_B64-T53,-8.75,7.62128485320979e-11,-8.387373844160962e-12,-2.9707557006829714e-24,-2.3874736012475643e-24,-8.387373844155604e-12,-12.884143870781672
1st2KB_B64-T53,-9.0,1.23071844382316e-10,-8.621115971862214e-12,-2.9105996255985896e-24,-1.8851619101415922e-24,-8.621115971857417e-12,-13.792458736552101
1st2KB_B64-T53,-9.25,1.76006972885112e-10,-8.853987025670996e-12,-2.6284363554360355e-24,-1.3023783984322854e-24,-8.853987025667067e-12,-14.80530933874321
1st2KB_B64-T53,-9.5,3.94746707543803e-10,-9.090216327952126e-12,-3.2480341484298434e-24,-1.5061097888755875e-24,-9.090216327947373e-12,-15.415143641030037
1st2KB_B64-T53,-9.25,3.0182614740859e-10,-8.848905407100774e-12,-1.6255130542420394e-24,-5.929994376439391e-25,-8.848905407098556e-12,-15.415143641030037
1st2KB_B64-T53,-9.0,2.28170315974552e-10,-8.607594486250773e-12,-7.98127432184604e-25,-2.2795755609405497e-25,-8.607594486249745e-12,-15.415143641030037
1st2KB_B64-T53,-8.75,1.92297983092615e-10,-8.3662835654014e-12,-3.838490681967556e-25,-8.539074504549942e-26,-8.366283565400931e-12,-15.415143641030037
1st2KB_B64-T53,-8.5,1.44283210379292e-10,-8.12497264455233e-12,-1.804865831672475e-25,-3.109987968099399e-26,-8.124972644552119e-12,-15.415143641030037
1st2KB_B64-T53,-8.25,1.08571873713714e-10,-7.8836617237034e-12,-8.27917989545078e-26,-1.0984616495075553e-26,-7.883661723703306e-12,-15.415143641030037
1st2KB_B64-T53,-8.0,8.22344067841208e-11,-7.642350802854538e-12,-3.695656301411298e-26,-3.751426839453896e-27,-7.642350802854497e-12,-15.415143641030037
1st2KB_B64-T53,-7.75,5.51205817100886e-11,-7.401039882005703e-12,-1.6005310495988616e-26,-1.2344594656372567e-27,-7.401039882005687e-12,-15.415143641030037
1st2KB_B64-T53,-7.5,4.15876846848739e-11,-7.159728961156879e-12,-6.701323152955137e-27,-3.8978698603132778e-28,-7.159728961156872e-12,-15.415143641030037
1st2KB_B64-T53,-7.25,3.26100292602494e-11,-6.918418040308064e-12,-2.700925745888465e-27,-1.1751356124869164e-28,-6.918418040308061e-12,-15.415143641030037
1st2KB_B64-T53,-7.0,2.32916030212804e-11,-6.677107119459248e-12,-1.0423776372845055e-27,-3.3622250964306117e-29,-6.677107119459247e-12,-15.415143641030037
1st2KB_B64-T53,-6.75,1.5432218003486e-11,-6.4357961986104375e-12,-3.826719035141429e-28,-9.061107757619213e-30,-6.4357961986104375e-12,-15.415143641030037
1st2KB_B64-T53,-6.5,1.04060770417247e-11,-6.194485277761622e-12,-1.3250943378930513e-28,-2.278371436507277e-30,-6.194485277761622e-12,-15.415143641030037
1st2KB_B64-T53,-6.25,8.26326507219477e-12,-5.95317435691281e-12,-4.2802529300524856e-29,-5.279654711683546e-31,-5.95317435691281e-12,-15.415143641030037
1st2KB_B64-T53,-6.0,5.37867059918762e-12,-5.711863436064e-12,-1.270472883451445e-29,-1.1091018635897031e-31,-5.711863436064e-12,-15.415143641030037
1st2KB_B64-T53,-5.75,4.42022069988002e-12,-5.470552515215188e-12,-3.392416400824363e-30,-2.0643479053792373e-32,-5.470552515215188e-12,-15.415143641030037
1st2KB_B64-T53,-5.5,3.16468010651272e-12,-5.229241594366375e-12,-7.894631552604542e-31,-3.292350210801527e-33,-5.229241594366375e-12,-15.415143641030037
1st2KB_B64-T53,-5.25,2.05054896673662e-12,-4.9879306735175644e-12,-1.5214793856743687e-31,-4.2691495770925e-34,-4.9879306735175644e-12,-15.415143641030037
1st2KB_B64-T53,-5.0,1.32174696534926e-12,-4.746619752668752e-12,-2.2149761817571665e-32,-4.10783620565968e-35,-4.746619752668752e-12,-15.415143641030037
1st2KB_B64-T53,-4.75,7.95808243522073e-13,-4.505308831819937e-12,-1.99433740313836e-33,-2.4287135836061272e-36,-4.505308831819937e-12,-15.415143641030037
1st2KB_B64-T53,-4.5,6.45293063775143e-13,-4.263997910971128e-12,-5.802912766716874e-35,-5.05440329938426e-38,-4.263997910971128e-12,-15.415143641030037
1st2KB_B64-T53,-4.25,3.14574863553851e-13,-4.022686990122314e-12,3.3218373026924225e-36,-3.2569590866546466e-39,-4.022686990122314e-12,-15.415143641030037
1st2KB_B64-T53,-4.0,2.41524275622698e-13,-3.781376069273504e-12,5.080693692379411e-34,-5.182950715887965e-37,-3.781376069273504e-12,-15.415143641030037
1st2KB_B64-T53,-3.75,1.38223200246701e-13,-3.5400651484246914e-12,8.115444136247285e-33,-1.2443992651201152e-35,-3.5400651484246914e-12,-15.415143641030037
1st2KB_B64-T53,-3.5,-3.51782981271396e-14,-3.2987542275758795e-12,6.67136823420924e-32,-1.5567455627794273e-34,-3.2987542275758795e-12,-15.415143641030037
1st2KB_B64-T53,-3.25,-2.93764070415179e-14,-3.057443306727067e-12,3.8677834750878927e-31,-1.3526837346230006e-33,-3.057443306727067e-12,-15.415143641030037
1st2KB_B64-T53,-3.0,-6.31970672082711e-14,-2.8161323858782524e-12,1.7947745534842408e-30,-9.2339756966193e-33,-2.8161323858782524e-12,-15.415143641030037
1st2KB_B64-T53,-2.75,-8.96705602024088e-14,-2.574821465029443e-12,7.116426609046016e-30,-5.291693348075342e-32,-2.574821465029443e-12,-15.415143641030037
1st2KB_B64-T53,-2.5,-1.13939307750006e-13,-2.333510544180629e-12,2.506630353100275e-29,-2.6511310571059744e-31,-2.333510544180629e-12,-15.415143641030037
1st2KB_B64-T53,-2.25,-1.10759342778106e-13,-2.092199623331819e-12,8.043709992181395e-29,-1.192905912777088e-30,-2.092199623331819e-12,-15.415143641030037
1st2KB_B64-T53,-2.0,-1.89238693617221e-13,-1.850888702483007e-12,2.3930094101894906e-28,-4.913253897724963e-30,-1.850888702483007e-12,-15.415143641030037
1st2KB_B64-T53,-1.75,-1.15712561060688e-13,-1.6095777816341943e-12,6.68424993941527e-28,-1.8784181458034527e-29,-1.609577781634195e-12,-15.415143641030037
1st2KB_B64-T53,-1.5,-1.43033127659661e-13,-1.3682668607853808e-12,1.7697592350658285e-27,-6.737496546225669e-29,-1.3682668607853826e-12,-15.415143641030037
1st2KB_B64-T53,-1.25,-1.79706401669255e-13,-1.1269559399365669e-12,4.474312684684641e-27,-2.2861493360257564e-28,-1.1269559399365711e-12,-15.415143641030037
1st2KB_B64-T53,-1.0,-2.07838913722676e-13,-8.856450190877484e-13,1.0864796125732859e-26,-7.387590486054242e-28,-8.856450190877586e-13,-15.415143641030037
1st2KB_B64-T53,-0.75,-1.9851172572069e-13,-6.443340982389214e-13,2.545923581959732e-26,-2.28585963188025e-27,-6.443340982389446e-13,-15.415143641030037
1st2KB_B64-T53,-0.5,-2.11109246945652e-13,-4.03023177390084e-13,5.779326898409493e-26,-6.802909352600898e-27,-4.03023177390135e-13,-15.415143641030037
1st2KB_B64-T53,-0.25,-2.44291159566881e-13,-1.6171225654121454e-13,1.2750173682576514e-25,-1.9546699402228532e-26,-1.617122565413225e-13,-15.415143641030037
1st2KB_B64-T53,0.0,-2.26161293468904e-13,5.77632033859584e-12,2.7412033840178057e-25,5.696721674288076e-12,7.959866430748926e-14,-15.415143641030037
1st2KB_B64-T53,0.25,-2.63847158097491e-13,3.333974323024531e-12,5.7564905895335395e-25,3.0130647378676543e-12,3.20909585156301e-13,-15.415143641030037
1st2KB_B64-T53,0.5,-3.13781823874787e-13,1.7309029750721415e-12,1.051507280448522e-24,1.1699000039964144e-12,5.610029710746754e-13,-15.269029847796281
1st2KB_B64-T53,0.75,-3.0738294396794e-13,9.936189709066103e-13,1.3882147434520322e-24,1.9577770946428476e-13,7.978412614409374e-13,-14.732278918355007
1st2KB_B64-T53,1.0,-3.41825553322808e-13,1.0537077443359683e-12,1.5759398599155984e-24,2.0581174266722716e-14,1.0331265700676697e-12,-14.00915793322756
1st2KB_B64-T53,1.25,-3.5562305595975e-13,1.2661434832568424e-12,1.3287921994173591e-24,8.346105743665091e-16,1.2653088726811473e-12,-12.913651755946802
1st2KB_B64-T53,1.5,-4.50966331335192e-13,1.5016774463906003e-12,1.6585927697536834e-24,9.268991935790136e-17,1.501584756469584e-12,-12.30940760198183
1st2KB_B64-T53,1.75,-4.96223721835332e-13,1.7356192464560469e-12,1.669451356046311e-24,4.684215654276443e-18,1.735614562238723e-12,-11.43561637294344
1st2KB_B64-T53,2.0,-5.25951840673472e-13,1.9710025115301604e-12,1.911973497871573e-24,3.036838244370032e-19,1.971002207844424e-12,-10.724776632330368
1st2KB_B64-T53,2.25,-5.62027529550646e-13,2.2048604698691184e-12,1.8933585803472454e-24,9.621655968287381e-21,2.2048604602455687e-12,-9.830397646248645
1st2KB_B64-T53,2.5,-6.45306345251756e-13,2.4386558502685947e-12,1.8637619267307157e-24,2.1627081425683587e-22,2.43865585005046e-12,-8.928474652876893
1st2KB_B64-T53,2.75,-7.87743351451931e-13,2.6731481322252747e-12,1.960022289483867e-24,4.2352058028510595e-24,2.6731481322190794e-12,-8.110184238903354
1st2KB_B64-T53,3.0,-8.63213959947234e-13,2.9068458817722936e-12,1.9116401846235874e-24,3.1641653722811604e-26,2.90684588177035e-12,-7.196543645098149
1st2KB_B64-T53,3.25,-9.24406059511773e-13,3.142046859916402e-12,2.1495914313272883e-24,2.0010414235833767e-28,3.1420468599142525e-12,-6.463302336993935
1st2KB_B64-T53,3.5,-1.18445661265176e-12,3.3749214404558604e-12,1.939541385309946e-24,1.9859355808771836e-32,3.3749214404539213e-12,-5.450874970217206
1st2KB_B64-T53,3.75,-1.34680634700235e-12,3.609291048886497e-12,2.0160164927224134e-24,2.8014895491421535e-32,3.6092910488844808e-12,-4.617862740261409
1st2KB_B64-T53,4.0,-1.5360740023701e-12,3.8444014311709266e-12,2.2471487207976946e-24,3.692550589439507e-29,3.84440143116868e-12,-3.8737492145464083
1st2KB_B64-T53,4.25,-1.83608510340161e-12,4.0779124940300475e-12,2.153679566799026e-24,1.1511378063318227e-26,4.0779124940278826e-12,-2.937704745466022
1st2KB_B64-T53,4.5,-2.24918217731074e-12,4.312172931121e-12,2.215326609418361e-24,8.185437917218136e-25,4.312172931117966e-12,-2.0915910937187587
1st2KB_B64-T53,4.75,-2.98781810924298e-12,4.5464094456031714e-12,2.2735384129461998e-24,3.213624608401579e-23,4.546409445568762e-12,-1.2426065366012506
1st2KB_B64-T53,5.0,-4.7319847693017e-12,4.778237996158518e-12,1.858171829155118e-24,1.7108642328617123e-21,4.778237994445796e-12,-0.10464712121572405
1st2KB_B64-T53,5.25,-9.28782918629967e-12,5.0147919470841595e-12,2.3741022906371532e-24,1.6509835384738622e-20,5.01479193057195e-12,0.46622855947917125
1st2KB_B64-T53,5.5,-1.93357899136437e-11,5.246550708718923e-12,1.928132801616951e-24,4.671354945205134e-19,5.2465502415815004e-12,1.6126170728643245
1st2KB_B64-T53,5.75,-3.58875984485252e-11,5.480671394270579e-12,1.9564824119244563e-24,5.801231776951578e-18,5.480665593036845e-12,2.476142144937497
1st2KB_B64-T53,6.0,-6.65775629071774e-11,5.7164001214961625e-12,2.3037260916753754e-24,4.3761283657283783e-17,5.716356360210202e-12,3.15060490699002
1st2KB_B64-T53,6.25,-9.98612234570651e-11,5.949382711315724e-12,1.9944174600577392e-24,5.916502600343251e-16,5.948791061053696e-12,4.2158213062356396
1st2KB_B64-T53,6.5,-1.45924453076596e-10,6.188709331354304e-12,2.721312659407329e-24,2.6557136628874873e-15,6.186053617688696e-12,4.701656937629154
1st2KB_B64-T53,6.75,-2.20884449619874e-10,6.443954709687261e-12,2.531814088333431e-24,2.4709951390989866e-14,6.419244758293739e-12,5.67609460014208
1st2KB_B64-T53,7.0,-3.60474011751322e-10,6.8327082360602256e-12,2.536117150641184e-24,1.7948400256011808e-13,6.653224233497572e-12,6.555925893928035
1st2KB_B64-T53,7.25,-5.80870684885326e-10,8.48621365990927e-12,2.1741810957070095e-24,1.6006642704460878e-12,6.8855493894610085e-12,7.634288542660491
1st2KB_B64-T53,7.5,-8.18948298064726e-10,1.7061296950454463e-11,2.168638457008086e-24,9.941813225397127e-12,7.119483725055166e-12,8.519536945582164
1st2KB_B64-T53,7.75,-1.15557208246742e-09,6.542640906364642e-11,2.1586620606966883e-24,5.8073012803100125e-11,7.353396260544133e-12,9.407401533044071
1st2KB_B64-T53,8.0,-1.79035286596019e-09,1.9992308127026985e-10,2.9227521935293025e-24,1.9233249524722332e-10,7.590586023043614e-12,9.901973034760585
1st2KB_B64-T53,8.25,-2.47870879377388e-09,1.0337917710340837e-09,2.8987375900553974e-24,1.0259673120221674e-09,7.824459011913418e-12,10.794583528390175
1st2KB_B64-T53,8.5,-4.06046840595309e-09,7.49194387792309e-09,2.2728318178634906e-24,7.483888051106565e-09,8.055826816523118e-12,11.98783588932353
1st2KB_B64-T53,8.75,-8.88120865738529e-09,1.2775473945947025e-08,2.8367040674074082e-24,1.2767181795804025e-08,8.292150142997464e-12,12.586386546841986
1st2KB_B64-T53,9.0,-1.30168729128854e-08,1.2775706094076797e-08,2.3933097558956636e-24,1.2767181795804025e-08,8.524298272768644e-12,13.685993734688504
1st2KB_B64-T53,9.25,-2.05001402520111e-08,1.2775939892240745e-08,2.356845581189303e-24,1.2767181795804025e-08,8.75809643671791e-12,14.587583808858056
1st2KB_B64-T53,9.5,-3.16121173682404e-08,1.2776175348851493e-08,2.7118789191973682e-24,1.2767181795804025e-08,8.993553047465579e-12,15.290147188569936
1st2KB_B64-T53,9.25,-2.87879018401327e-08,1.2775934037930643e-08,1.3505858818572978e-24,1.2767181795804025e-08,8.75224212661677e-12,15.290147188569936
1st2KB_B64-T53,9.0,-2.25378808949017e-08,1.2775692727009792e-08,6.5964374902341815e-25,1.2767181795804025e-08,8.510931205767956e-12,15.290147188569936
1st2KB_B64-T53,8.75,-2.02659080628109e-08,1.2775451416088946e-08,3.1542850072052315e-25,1.2767181795804025e-08,8.269620284919143e-12,15.290147188569936
1st2KB_B64-T53,8.5,-2.2367618868202e-08,1.2775210105168096e-08,1.4738563748253808e-25,1.2767181795804025e-08,8.028309364070334e-12,15.290147188569936
1st2KB_B64-T53,8.25,-1.12361364656977e-08,1.2774968794247247e-08,6.714220852358916e-26,1.2767181795804025e-08,7.78699844322152e-12,15.290147188569936
1st2KB_B64-T53,8.0,-8.62424442971133e-09,1.2774727483326397e-08,2.974257343358615e-26,1.2767181795804025e-08,7.545687522372708e-12,15.290147188569936
1st2KB_B64-T53,7.75,-6.61616272878973e-09,1.277448617240555e-08,1.2771743598663198e-26,1.2767181795804025e-08,7.304376601523896e-12,15.290147188569936
1st2KB_B64-T53,7.5,-5.19149390143525e-09,1.27742448614847e-08,5.2965011038520824e-27,1.2767181795804025e-08,7.063065680675083e-12,15.290147188569936
1st2KB_B64-T53,7.25,-3.57706553266723e-09,1.277400355056385e-08,2.1116698243201275e-27,1.2767181795804025e-08,6.821754759826272e-12,15.290147188569936
1st2KB_B64-T53,7.0,-2.75779687974875e-09,1.2773762239643002e-08,8.0487977717039105e-28,1.2767181795804025e-08,6.580443838977461e-12,15.290147188569936
1st2KB_B64-T53,6.75,-2.13477546751051e-09,1.1339534282346935e-08,2.9123799425104697e-28,1.1333195149428805e-08,6.339132918128649e-12,15.290147188569936
1st2KB_B64-T53,6.5,-1.56994062194826e-09,6.863375350746086e-09,9.913922920270136e-29,6.857277528748806e-09,6.097821997279839e-12,15.290147188569936
1st2KB_B64-T53,6.25,-1.16785092707516e-09,4.139789271039354e-09,3.137066576797154e-29,4.133932759962923e-09,5.8565110764310235e-12,15.290147188569936
1st2KB_B64-T53,6.0,-8.65398863680866e-10,2.4884752614169708e-09,9.077442640608667e-30,2.482860061261388e-09,5.6152001555822104e-12,15.290147188569936
1st2KB_B64-T53,5.75,-6.43195163796406e-10,1.4909049663922895e-09,2.346255118918503e-30,1.485531077157556e-09,5.3738892347334e-12,15.290147188569936
1st2KB_B64-T53,5.5,-4.74494110669355e-10,8.904806175103491e-10,5.227371390967385e-31,8.853480391964646e-10,5.1325783138845874e-12,15.290147188569936
1st2KB_B64-T53,5.25,-3.20985432678e-10,5.304360973204587e-10,9.465405928747454e-32,5.25544829927423e-10,4.891267393035777e-12,15.290147188569936
1st2KB_B64-T53,5.0,-2.32613539541404e-10,3.1534052790191035e-10,1.2475306026071335e-32,3.1069057142972337e-10,4.649956472186962e-12,15.290147188569936
1st2KB_B64-T53,4.75,-1.67690694663492e-10,1.8731400652217014e-10,9.246306791670857e-34,1.8290536097083198e-10,4.408645551338151e-12,15.290147188569936
1st2KB_B64-T53,4.5,-1.15288896485044e-10,1.11383585445994e-10,1.3685073690915687e-35,1.0721625081550466e-10,4.167334630489339e-12,15.290147188569936
1st2KB_B64-T53,4.25,-7.57891735481131e-11,6.64986758493458e-11,-2.178800050906267e-35,6.257265213970528e-11,3.926023709640527e-12,15.290147188569936
1st2KB_B64-T53,4.0,-5.27295776486802e-11,4.003855264321901e-11,-1.1648831586721512e-33,3.635383985442729e-11,3.684712788791715e-12,15.290147188569936
1st2KB_B64-T53,3.75,-3.03678228397164e-11,2.4467035007967447e-11,-1.478737322690808e-32,2.1023633140024545e-11,3.443401867942903e-12,15.290147188569936
1st2KB_B64-T53,3.5,-1.90216800644016e-11,1.5302632513870855e-11,-1.0884520869185683e-31,1.2100541566776764e-11,3.2020909470940906e-12,15.290147188569936
1st2KB_B64-T53,3.25,-1.13867248963118e-11,9.891636560471674e-12,-5.8993326889130084e-31,6.930856534226397e-12,2.9607800262452774e-12,15.290147188569936
1st2KB_B64-T53,3.0,-7.43877355546818e-12,6.6694694442450665e-12,-2.6136343800545438e-30,3.950000338848598e-12,2.7194691053964684e-12,15.290147188569936
1st2KB_B64-T53,2.75,-4.73116294405496e-12,4.717786430621558e-12,-1.0014586979177256e-29,2.2396282460739028e-12,2.478158184547654e-12,15.290147188569936
1st2KB_B64-T53,2.5,-2.65806539105629e-12,3.50001494345502e-12,-3.4349397060978996e-29,1.2631676797561769e-12,2.236847263698843e-12,15.290147188569936
1st2KB_B64-T53,2.25,-1.38018817295166e-12,2.7041133732594046e-12,-1.0789448315081931e-28,7.085770304093753e-13,1.995536342850029e-12,15.290147188569936
1st2KB_B64-T53,2.0,-2.41542354693924e-13,2.1494880064329538e-12,-3.153653968680443e-28,3.9526258443173523e-13,1.754225422001219e-12,15.290147188569936
1st2KB_B64-T53,1.75,-6.48135516610748e-14,1.7321369954965654e-12,-8.678564133586056e-28,2.1922249434415958e-13,1.5129145011524066e-12,15.290147188569936
1st2KB_B64-T53,1.5,-4.616264340999e-15,1.3924711772699515e-12,-2.268579197824801e-27,1.2086759696635905e-13,1.271603580303595e-12,15.290147188569936
1st2KB_B64-T53,1.25,-1.31847305425911e-13,1.096526623087215e-12,-5.6719586823687e-27,6.623396363243595e-14,1.0302926594547846e-12,15.290147188569936
1st2KB_B64-T53,1.0,-4.58095421405208e-13,8.250490902468653e-13,-1.363876522656938e-26,3.6067351640909804e-14,7.889817386059691e-13,15.290147188569936
1st2KB_B64-T53,0.75,3.05100969445402e-13,5.671837490449761e-13,-3.16824734804714e-26,1.9512931287848695e-14,5.476708177571591e-13,15.290147188569936
1st2KB_B64-T53,0.5,2.57318851556304e-13,3.168459686005771e-13,-7.136145980696434e-26,1.0486071692301735e-14,3.063598969083467e-13,15.290147188569936
1st2KB_B64-T53,0.25,1.9536950453692e-13,7.064509950642991e-14,-1.5633092230363884e-25,5.596123447053547e-15,6.504897605953269e-14,15.290147188569936
1st2KB_B64-T53,0.0,2.07703537528914e-13,-1.7329682389761219e-13,-3.339582882970778e-25,2.9651208920012287e-15,-1.7626194478927947e-13,15.290147188569936
1st2KB_B64-T55,0.0,2.68084216799433e-14,-8.711612055114453e-14,-2.1753080544807896e-30,4.936499767426278e-25,-8.711612055163818e-14,4.591945268688369
1st2KB_B64-T55,-0.25,6.39710655866814e-14,-3.284270414004501e-13,-8.473940584490561e-30,-6.676347425240898e-30,-3.284270414004501e-13,4.591945268688369
1st2KB_B64-T55,-0.5,6.63224697058408e-14,-5.697379622492622e-13,-2.9441491915862044e-29,-3.29268864653253e-29,-5.697379622492621e-13,4.591945268688369
1st2KB_B64-T55,-0.75,1.09153707123291e-13,-8.110488830980743e-13,-9.34426520673424e-29,-1.4627439453148694e-28,-8.110488830980741e-13,4.591945268688369
1st2KB_B64-T55,-1.0,1.24175599273621e-13,-1.0523598039468869e-12,-2.7547908172622736e-28,-5.960629874665997e-28,-1.0523598039468859e-12,4.591945268688369
1st2KB_B64-T55,-1.25,1.39393813332334e-13,-1.2936707247957012e-12,-7.63611702417826e-28,-2.2582207204196424e-27,-1.2936707247956982e-12,4.591945268688369
1st2KB_B64-T55,-1.5,1.49213622143915e-13,-1.5349816456445202e-12,-2.0085580271005925e-27,-8.036341003222089e-27,-1.5349816456445103e-12,4.591945268688369
1st2KB_B64-T55,-1.75,1.59812728372025e-13,-1.7762925664933543e-12,-5.0491629254495106e-27,-2.7081578026763305e-26,-1.7762925664933222e-12,4.591945268688369
1st2KB_B64-T55,-2.0,1.97522526763569e-13,-2.017603487342233e-12,-1.2199334245746842e-26,-8.698104322630358e-26,-2.017603487342134e-12,4.591945268688369
1st2KB_B64-T55,-2.25,2.05218708779903e-13,-2.2589144081912427e-12,-2.845935509223049e-26,-2.6767373974822635e-25,-2.2589144081909466e-12,4.591945268688369
1st2KB_B64-T55,-2.5,2.10891064810967e-13,-2.500225329040616e-12,-6.434634505973791e-26,-7.927213210505788e-25,-2.500225329039759e-12,4.591945268688369
1st2KB_B64-T55,-2.75,2.33420460694564e-13,-2.74153624989098e-12,-1.414487014705767e-25,-2.267606031193201e-24,-2.741536249888571e-12,4.591945268688369
1st2KB_B64-T55,-3.0,2.79085700946938e-13,-2.9828471707439707e-12,-3.0311263050586824e-25,-6.285000348687453e-24,-2.9828471707373823e-12,4.591945268688369
1st2KB_B64-T55,-3.25,3.10806881533704e-13,-3.224158091603753e-12,-6.346344066770841e-25,-1.692385892614074e-23,-3.2241580915861947e-12,4.591945268688369
1st2KB_B64-T55,-3.5,3.39083660238701e-13,-3.4623192405679124e-12,-9.587615342357663e-25,-2.6987532311722975e-23,-3.462319240539966e-12,4.213947801920987
1st2KB_B64-T55,-3.75,3.77237900205801e-13,-3.7010145786661695e-12,-1.5144378755483146e-24,-4.640397428643417e-23,-3.701014578618251e-12,3.900057242755112
1st2KB_B64-T55,-4.0,4.46054705758453e-13,-3.934647383223492e-12,-1.467523744071649e-24,-3.5950028020104663e-23,-3.934647383186074e-12,2.9786227387744435
1st2KB_B64-T55,-4.25,5.20551646492756e-13,-4.1687077773333414e-12,-1.4815123147153025e-24,-2.9778252080998256e-23,-4.168707777302082e-12,2.1085023525827262
1st2KB_B64-T55,-4.5,5.67757917502992e-13,-4.405577121504795e-12,-1.954506843173104e-24,-3.8220166168716444e-23,-4.40557712146462e-12,1.575478123587471
1st2KB_B64-T55,-4.75,7.58197703839419e-13,-4.639408185660085e-12,-1.9305109433217566e-24,-3.0545760680668354e-23,-4.639408185627608e-12,0.6778363345184353
1st2KB_B64-T55,-5.0,9.36132898629594e-13,-4.874651796013991e-12,-2.1794673953221048e-24,-3.0391870098705144e-23,-4.87465179598142e-12,-0.05028877219561237
1st2KB_B64-T55,-5.25,1.11925128453566e-12,-5.108327240158248e-12,-2.121409775346517e-24,-2.371220991111227e-23,-5.108327240132415e-12,-0.9666061899361434
1st2KB_B64-T55,-5.5,1.32869897809945e-12,-5.341929271242721e-12,-2.0505526215938324e-24,-1.8290822090301145e-23,-5.34192927122238e-12,-1.8917337539420422
1st2KB_B64-T55,-5.75,1.66879693657557e-12,-5.575448916521826e-12,-1.9665651576314985e-24,-1.3929225808381972e-23,-5.57544891650593e-12,-2.826748264418867
1st2KB_B64-T55,-6.0,2.16603189377718e-12,-5.810480977639658e-12,-2.1761108591237573e-24,-1.341203442581233e-23,-5.81048097762407e-12,-3.580260947708012
1st2KB_B64-T55,-6.25,2.62157309749433e-12,-6.044666358881762e-12,-2.222589177261909e-24,-1.1325187100510167e-23,-6.044666358868214e-12,-4.435381892864625
1st2KB_B64-T55,-6.5,3.42064267536135e-12,-6.279612557278273e-12,-2.4385002040374614e-24,-1.0755676091201544e-23,-6.279612557265079e-12,-5.199198779827562
1st2KB_B64-T55,-6.75,4.0716375583616e-12,-6.5128973168903874e-12,-2.288100795264262e-24,-7.903349773874438e-24,-6.5128973168801955e-12,-6.162401422844406
1st2KB_B64-T55,-7.0,4.81531654827894e-12,-6.7469221612283424e-12,-2.30181992631333e-24,-6.51108609928327e-24,-6.746922161219529e-12,-7.036788062585349
1st2KB_B64-T55,-7.25,5.82582072861104e-12,-6.980089855270288e-12,-2.135804893499996e-24,-4.698539758109021e-24,-6.980089855263454e-12,-8.014039497334318
1st2KB_B64-T55,-7.5,6.27974321848468e-12,-7.214856772365417e-12,-2.3043913370393832e-24,-4.342468769310695e-24,-7.21485677235877e-12,-8.799371554309936
1st2KB_B64-T55,-7.75,9.20704311402343e-12,-7.451237824953833e-12,-2.8913023263224672e-24,-5.143196317496659e-24,-7.451237824945799e-12,-9.390994623074372
1st2KB_B64-T55,-8.0,1.2983529182331e-11,-7.683459784976495e-12,-2.4566587449412647e-24,-3.212220732713041e-24,-7.683459784970826e-12,-10.481741598227291
1st2KB_B64-T55,-8.25,1.68055604155004e-11,-7.918954669836463e-12,-2.8362282003433264e-24,-3.319464274436967e-24,-7.918954669830307e-12,-11.179711782689346
1st2KB_B64-T55,-8.5,4.63982151310827e-11,-8.151091381425067e-12,-2.3903375539145105e-24,-2.0465193018061985e-24,-8.15109138142063e-12,-12.280689242283575
1st2KB_B64-T55,-8.75,1.18869761256413e-10,-8.387373844160962e-12,-2.9707557006829714e-24,-2.3874736012475643e-24,-8.387373844155604e-12,-12.884143870781672
1st2KB_B64-T55,-9.0,1.83089085559196e-10,-8.621115971862214e-12,-2.9105996255985896e-24,-1.8851619101415922e-24,-8.621115971857417e-12,-13.792458736552101
1st2KB_B64-T55,-9.25,2.8913835214972e-10,-8.853987025670996e-12,-2.6284363554360355e-24,-1.3023783984322854e-24,-8.853987025667067e-12,-14.80530933874321
1st2KB_B64-T55,-9.5,4.16049000806495e-10,-9.090216327952126e-12,-3.2480341484298434e-24,-1.5061097888755875e-24,-9.090216327947373e-12,-15.415143641030037
1st2KB_B64-T55,-9.25,3.37421951490668e-10,-8.848905407100774e-12,-1.6255130542420394e-24,-5.929994376439391e-25,-8.848905407098556e-12,-15.415143641030037
1st2KB_B64-T55,-9.0,3.0195010380929e-10,-8.607594486250773e-12,-7.98127432184604e-25,-2.2795755609405497e-25,-8.607594486249745e-12,-15.415143641030037
1st2KB_B64-T55,-8.75,2.29220892267179e-10,-8.3662835654014e-12,-3.838490681967556e-25,-8.539074504549942e-26,-8.366283565400931e-12,-15.415143641030037
1st2KB_B64-T55,-8.5,1.82219031530373e-10,-8.12497264455233e-12,-1.804865831672475e-25,-3.109987968099399e-26,-8.124972644552119e-12,-15.415143641030037
1st2KB_B64-T55,-8.25,1.45352507807672e-10,-7.8836617237034e-12,-8.27917989545078e-26,-1.0984616495075553e-26,-7.883661723703306e-12,-15.415143641030037
1st2KB_B64-T55,-8.0,1.18893575540291e-10,-7.642350802854538e-12,-3.695656301411298e-26,-3.751426839453896e-27,-7.642350802854497e-12,-15.415143641030037
1st2KB_B64-T55,-7.75,7.90744761336448e-11,-7.401039882005703e-12,-1.6005310495988616e-26,-1.2344594656372567e-27,-7.401039882005687e-12,-15.415143641030037
1st2KB_B64-T55,-7.5,6.38323491286563e-11,-7.159728961156879e-12,-6.701323152955137e-27,-3.8978698603132778e-28,-7.159728961156872e-12,-15.415143641030037
1st2KB_B64-T55,-7.25,5.23794237150543e-11,-6.918418040308064e-12,-2.700925745888465e-27,-1.1751356124869164e-28,-6.918418040308061e-12,-15.415143641030037
1st2KB_B64-T55,-7.0,3.23612560360065e-11,-6.677107119459248e-12,-1.0423776372845055e-27,-3.3622250964306117e-29,-6.677107119459247e-12,-15.415143641030037
1st2KB_B64-T55,-6.75,2.2563645396545e-11,-6.4357961986104375e-12,-3.826719035141429e-28,-9.061107757619213e-30,-6.4357961986104375e-12,-15.415143641030037
1st2KB_B64-T55,-6.5,1.70812270577914e-11,-6.194485277761622e-12,-1.3250943378930513e-28,-2.278371436507277e-30,-6.194485277761622e-12,-15.415143641030037
1st2KB_B64-T55,-6.25,8.43040134229645e-12,-5.95317435691281e-12,-4.2802529300524856e-29,-5.279654711683546e-31,-5.95317435691281e-12,-15.415143641030037
1st2KB_B64-T55,-6.0,6.74624939245305e-12,-5.711863436064e-12,-1.270472883451445e-29,-1.1091018635897031e-31,-5.711863436064e-12,-15.415143641030037
1st2KB_B64-T55,-5.75,4.49895372692244e-12,-5.470552515215188e-12,-3.392416400824363e-30,-2.0643479053792373e-32,-5.470552515215188e-12,-15.415143641030037
1st2KB_B64-T55,-5.5,3.38939987187814e-12,-5.229241594366375e-12,-7.894631552604542e-31,-3.292350210801527e-33,-5.229241594366375e-12,-15.415143641030037
1st2KB_B64-T55,-5.25,2.0614081188558e-12,-4.9879306735175644e-12,-1.5214793856743687e-31,-4.2691495770925e-34,-4.9879306735175644e-12,-15.415143641030037
1st2KB_B64-T55,-5.0,1.28447480516464e-12,-4.746619752668752e-12,-2.2149761817571665e-32,-4.10783620565968e-35,-4.746619752668752e-12,-15.415143641030037
1st2KB_B64-T55,-4.75,8.00570113673738e-13,-4.505308831819937e-12,-1.99433740313836e-33,-2.4287135836061272e-36,-4.505308831819937e-12,-15.415143641030037
1st2KB_B64-T55,-4.5,5.34016786953723e-13,-4.263997910971128e-12,-5.802912766716874e-35,-5.05440329938426e-38,-4.263997910971128e-12,-15.415143641030037
1st2KB_B64-T55,-4.25,3.41034519417763e-13,-4.022686990122314e-12,3.3218373026924225e-36,-3.2569590866546466e-39,-4.022686990122314e-12,-15.415143641030037
1st2KB_B64-T55,-4.0,2.43449601840598e-13,-3.781376069273504e-12,5.080693692379411e-34,-5.182950715887965e-37,-3.781376069273504e-12,-15.415143641030037
1st2KB_B64-T55,-3.75,1.39480685031404e-13,-3.5400651484246914e-12,8.115444136247285e-33,-1.2443992651201152e-35,-3.5400651484246914e-12,-15.415143641030037
1st2KB_B64-T55,-3.5,3.41222784348751e-14,-3.2987542275758795e-12,6.67136823420924e-32,-1.5567455627794273e-34,-3.2987542275758795e-12,-15.415143641030037
1st2KB_B64-T55,-3.25,-1.57285632678946e-14,-3.057443306727067e-12,3.8677834750878927e-31,-1.3526837346230006e-33,-3.057443306727067e-12,-15.415143641030037
1st2KB_B64-T55,-3.0,-5.9394810846946e-14,-2.8161323858782524e-12,1.7947745534842408e-30,-9.2339756966193e-33,-2.8161323858782524e-12,-15.415143641030037
1st2KB_B64-T55,-2.75,-7.80289054940278e-14,-2.574821465029443e-12,7.116426609046016e-30,-5.291693348075342e-32,-2.574821465029443e-12,-15.415143641030037
1st2KB_B64-T55,-2.5,-8.26234900267418e-14,-2.333510544180629e-12,2.506630353100275e-29,-2.6511310571059744e-31,-2.333510544180629e-12,-15.415143641030037
1st2KB_B64-T55,-2.25,-9.90360002122923e-14,-2.092199623331819e-12,8.043709992181395e-29,-1.192905912777088e-30,-2.092199623331819e-12,-15.415143641030037
1st2KB_B64-T55,-2.0,-1.23513382139194e-13,-1.850888702483007e-12,2.3930094101894906e-28,-4.913253897724963e-30,-1.850888702483007e-12,-15.415143641030037
1st2KB_B64-T55,-1.75,-1.29156044583259e-13,-1.6095777816341943e-12,6.68424993941527e-28,-1.8784181458034527e-29,-1.609577781634195e-12,-15.415143641030037
1st2KB_B64-T55,-1.5,-1.36191012352176e-13,-1.3682668607853808e-12,1.7697592350658285e-27,-6.737496546225669e-29,-1.3682668607853826e-12,-15.415143641030037
1st2KB_B64-T55,-1.25,-1.57068151887541e-13,-1.1269559399365669e-12,4.474312684684641e-27,-2.2861493360257564e-28,-1.1269559399365711e-12,-15.415143641030037
1st2KB_B64-T55,-1.0,-1.7984867609934e-13,-8.856450190877484e-13,1.0864796125732859e-26,-7.387590486054242e-28,-8.856450190877586e-13,-15.415143641030037
1st2KB_B64-T55,-0.75,-1.76200850784958e-13,-6.443340982389214e-13,2.545923581959732e-26,-2.28585963188025e-27,-6.443340982389446e-13,-15.415143641030037
1st2KB_B64-T55,-0.5,-2.10697561828233e-13,-4.03023177390084e-13,5.779326898409493e-26,-6.802909352600898e-27,-4.03023177390135e-13,-15.415143641030037
1st2KB_B64-T55,-0.25,-2.29405063738655e-13,-1.6171225654121454e-13,1.2750173682576514e-25,-1.9546699402228532e-26,-1.617122565413225e-13,-15.415143641030037
1st2KB_B64-T55,0.0,-2.44505831597033e-13,5.77632033859584e-12,2.7412033840178057e-25,5.696721674288076e-12,7.959866430748926e-14,-15.415143641030037
1st2KB_B64-T55,0.25,-2.44419691734429e-13,3.333974323024531e-12,5.7564905895335395e-25,3.0130647378676543e-12,3.20909585156301e-13,-15.415143641030037
1st2KB_B64-T55,0.5,-2.78268835925133e-13,1.7309029750721415e-12,1.051507280448522e-24,1.1699000039964144e-12,5.610029710746754e-13,-15.269029847796281
1st2KB_B64-T55,0.75,-3.09915423402432e-13,9.936189709066103e-13,1.3882147434520322e-24,1.9577770946428476e-13,7.978412614409374e-13,-14.732278918355007
1st2KB_B64-T55,1.0,-3.51874426948381e-13,1.0537077443359683e-12,1.5759398599155984e-24,2.0581174266722716e-14,1.0331265700676697e-12,-14.00915793322756
1st2KB_B64-T55,1.25,-3.81281703258629e-13,1.2661434832568424e-12,1.3287921994173591e-24,8.346105743665091e-16,1.2653088726811473e-12,-12.913651755946802
1st2KB_B64-T55,1.5,-3.99882682305605e-13,1.5016774463906003e-12,1.6585927697536834e-24,9.268991935790136e-17,1.501584756469584e-12,-12.30940760198183
1st2KB_B64-T55,1.75,-4.27381952527658e-13,1.7356192464560469e-12,1.669451356046311e-24,4.684215654276443e-18,1.735614562238723e-12,-11.43561637294344
1st2KB_B64-T55,2.0,-4.93121982050176e-13,1.9710025115301604e-12,1.911973497871573e-24,3.036838244370032e-19,1.971002207844424e-12,-10.724776632330368
1st2KB_B64-T55,2.25,-5.48624676504489e-13,2.2048604698691184e-12,1.8933585803472454e-24,9.621655968287381e-21,2.2048604602455687e-12,-9.830397646248645
1st2KB_B64-T55,2.5,-6.22515927695133e-13,2.4386558502685947e-12,1.8637619267307157e-24,2.1627081425683587e-22,2.43865585005046e-12,-8.928474652876893
1st2KB_B64-T55,2.75,-6.88899620942401e-13,2.6731481322252747e-12,1.960022289483867e-24,4.2352058028510595e-24,2.6731481322190794e-12,-8.110184238903354
1st2KB_B64-T55,3.0,-7.99353855676643e-13,2.9068458817722936e-12,1.9116401846235874e-24,3.1641653722811604e-26,2.90684588177035e-12,-7.196543645098149
1st2KB_B64-T55,3.25,-9.14342928627632e-13,3.142046859916402e-12,2.1495914313272883e-24,2.0010414235833767e-28,3.1420468599142525e-12,-6.463302336993935
1st2KB_B64-T55,3.5,-1.05221463053001e-12,3.3749214404558604e-12,1.939541385309946e-24,1.9859355808771836e-32,3.3749214404539213e-12,-5.450874970217206
1st2KB_B64-T55,3.75,-1.25497398931196e-12,3.609291048886497e-12,2.0160164927224134e-24,2.8014895491421535e-32,3.6092910488844808e-12,-4.617862740261409
1st2KB_B64-T55,4.0,-1.43075492859551e-12,3.8444014311709266e-12,2.2471487207976946e-24,3.692550589439507e-29,3.84440143116868e-12,-3.8737492145464083
1st2KB_B64-T55,4.25,-1.72556359392256e-12,4.0779124940300475e-12,2.153679566799026e-24,1.1511378063318227e-26,4.0779124940278826e-12,-2.937704745466022
1st2KB_B64-T55,4.5,-2.10833087099793e-12,4.312172931121e-12,2.215326609418361e-24,8.185437917218136e-25,4.312172931117966e-12,-2.0915910937187587
1st2KB_B64-T55,4.75,-2.99680701261462e-12,4.5464094456031714e-12,2.2735384129461998e-24,3.213624608401579e-23,4.546409445568762e-12,-1.2426065366012506
1st2KB_B64-T55,5.0,-5.82382883237975e-12,4.778237996158518e-12,1.858171829155118e-24,1.7108642328617123e-21,4.778237994445796e-12,-0.10464712121572405
1st2KB_B64-T55,5.25,-1.45953145402888e-11,5.0147919470841595e-12,2.3741022906371532e-24,1.6509835384738622e-20,5.01479193057195e-12,0.46622855947917125
1st2KB_B64-T55,5.5,-3.28708137098399e-11,5.246550708718923e-12,1.928132801616951e-24,4.671354945205134e-19,5.2465502415815004e-12,1.6126170728643245
1st2KB_B64-T55,5.75,-4.35558256128843e-11,5.480671394270579e-12,1.9564824119244563e-24,5.801231776951578e-18,5.480665593036845e-12,2.476142144937497
1st2KB_B64-T55,6.0,-6.74843930736913e-11,5.7164001214961625e-12,2.3037260916753754e-24,4.3761283657283783e-17,5.716356360210202e-12,3.15060490699002
1st2KB_B64-T55,6.25,-1.12178433209209e-10,5.949382711315724e-12,1.9944174600577392e-24,5.916502600343251e-16,5.948791061053696e-12,4.2158213062356396
1st2KB_B64-T55,6.5,-1.8488814645945e-10,6.188709331354304e-12,2.721312659407329e-24,2.6557136628874873e-15,6.186053617688696e-12,4.701656937629154
1st2KB_B64-T55,6.75,-2.91180968226001e-10,6.443954709687261e-12,2.531814088333431e-24,2.4709951390989866e-14,6.419244758293739e-12,5.67609460014208
1st2KB_B64-T55,7.0,-5.62272783888318e-10,6.8327082360602256e-12,2.536117150641184e-24,1.7948400256011808e-13,6.653224233497572e-12,6.555925893928035
1st2KB_B64-T55,7.25,-7.76142317082673e-10,8.48621365990927e-12,2.1741810957070095e-24,1.6006642704460878e-12,6.8855493894610085e-12,7.634288542660491
1st2KB_B64-T55,7.5,-1.11285181070286e-09,1.7061296950454463e-11,2.168638457008086e-24,9.941813225397127e-12,7.119483725055166e-12,8.519536945582164
1st2KB_B64-T55,7.75,-1.62989599594709e-09,6.542640906364642e-11,2.1586620606966883e-24,5.8073012803100125e-11,7.353396260544133e-12,9.407401533044071
1st2KB_B64-T55,8.0,-2.54133469823614e-09,1.9992308127026985e-10,2.9227521935293025e-24,1.9233249524722332e-10,7.590586023043614e-12,9.901973034760585
1st2KB_B64-T55,8.25,-3.98730826134397e-09,1.0337917710340837e-09,2.8987375900553974e-24,1.0259673120221674e-09,7.824459011913418e-12,10.794583528390175
1st2KB_B64-T55,8.5,-7.10000724879478e-09,7.49194387792309e-09,2.2728318178634906e-24,7.483888051106565e-09,8.055826816523118e-12,11.98783588932353
1st2KB_B64-T55,8.75,-1.01987724931973e-08,1.2775473945947025e-08,2.8367040674074082e-24,1.2767181795804025e-08,8.292150142997464e-12,12.586386546841986
1st2KB_B64-T55,9.0,-1.58237387637428e-08,1.2775706094076797e-08,2.3933097558956636e-24,1.2767181795804025e-08,8.524298272768644e-12,13.685993734688504
1st2KB_B64-T55,9.25,-2.35591617325781e-08,1.2775939892240745e-08,2.356845581189303e-24,1.2767181795804025e-08,8.75809643671791e-12,14.587583808858056
1st2KB_B64-T55,9.5,-3.75118673900943e-08,1.2776175348851493e-08,2.7118789191973682e-24,1.2767181795804025e-08,8.993553047465579e-12,15.290147188569936
1st2KB_B64-T55,9.25,-3.64838648181376e-08,1.2775934037930643e-08,1.3505858818572978e-24,1.2767181795804025e-08,8.75224212661677e-12,15.290147188569936
1st2KB_B64-T55,9.0,-3.07148511069499e-08,1.2775692727009792e-08,6.5964374902341815e-25,1.2767181795804025e-08,8.510931205767956e-12,15.290147188569936
1st2KB_B64-T55,8.75,-2.50023521886078e-08,1.2775451416088946e-08,3.1542850072052315e-25,1.2767181795804025e-08,8.269620284919143e-12,15.290147188569936
1st2KB_B64-T55,8.5,-1.87000317453112e-08,1.2775210105168096e-08,1.4738563748253808e-25,1.2767181795804025e-08,8.028309364070334e-12,15.290147188569936
1st2KB_B64-T55,8.25,-1.53256767276844e-08,1.2774968794247247e-08,6.714220852358916e-26,1.2767181795804025e-08,7.78699844322152e-12,15.290147188569936
1st2KB_B64-T55,8.0,-1.16318377152425e-08,1.2774727483326397e-08,2.974257343358615e-26,1.2767181795804025e-08,7.545687522372708e-12,15.290147188569936
1st2KB_B64-T55,7.75,-8.18838152838453e-09,1.277448617240555e-08,1.2771743598663198e-26,1.2767181795804025e-08,7.304376601523896e-12,15.290147188569936
1st2KB_B64-T55,7.5,-6.58933352326585e-09,1.27742448614847e-08,5.2965011038520824e-27,1.2767181795804025e-08,7.063065680675083e-12,15.290147188569936
1st2KB_B64-T55,7.25,-4.79588635471373e-09,1.277400355056385e-08,2.1116698243201275e-27,1.2767181795804025e-08,6.821754759826272e-12,15.290147188569936
1st2KB_B64-T55,7.0,-3.42127526309355e-09,1.2773762239643002e-08,8.0487977717039105e-28,1.2767181795804025e-08,6.580443838977461e-12,15.290147188569936
1st2KB_B64-T55,6.75,-2.49361908899459e-09,1.1339534282346935e-08,2.9123799425104697e-28,1.1333195149428805e-08,6.339132918128649e-12,15.290147188569936
1st2KB_B64-T55,6.5,-1.90100379882097e-09,6.863375350746086e-09,9.913922920270136e-29,6.857277528748806e-09,6.097821997279839e-12,15.290147188569936
1st2KB_B64-T55,6.25,-1.38264710791702e-09,4.139789271039354e-09,3.137066576797154e-29,4.133932759962923e-09,5.8565110764310235e-12,15.290147188569936
1st2KB_B64-T55,6.0,-1.0380439841029e-09,2.4884752614169708e-09,9.077442640608667e-30,2.482860061261388e-09,5.6152001555822104e-12,15.290147188569936
1st2KB_B64-T55,5.75,-7.9784562290186e-10,1.4909049663922895e-09,2.346255118918503e-30,1.485531077157556e-09,5.3738892347334e-12,15.290147188569936
1st2KB_B64-T55,5.5,-5.88509907473167e-10,8.904806175103491e-10,5.227371390967385e-31,8.853480391964646e-10,5.1325783138845874e-12,15.290147188569936
1st2KB_B64-T55,5.25,-4.28703572641354e-10,5.304360973204587e-10,9.465405928747454e-32,5.25544829927423e-10,4.891267393035777e-12,15.290147188569936
1st2KB_B64-T55,5.0,-3.00775709893841e-10,3.1534052790191035e-10,1.2475306026071335e-32,3.1069057142972337e-10,4.649956472186962e-12,15.290147188569936
1st2KB_B64-T55,4.75,-2.19188306394003e-10,1.8731400652217014e-10,9.246306791670857e-34,1.8290536097083198e-10,4.408645551338151e-12,15.290147188569936
1st2KB_B64-T55,4.5,-1.43696804455473e-10,1.11383585445994e-10,1.3685073690915687e-35,1.0721625081550466e-10,4.167334630489339e-12,15.290147188569936
1st2KB_B64-T55,4.25,-9.45066455648735e-11,6.64986758493458e-11,-2.178800050906267e-35,6.257265213970528e-11,3.926023709640527e-12,15.290147188569936
1st2KB_B64-T55,4.0,-6.20417883734348e-11,4.003855264321901e-11,-1.1648831586721512e-33,3.635383985442729e-11,3.684712788791715e-12,15.290147188569936
1st2KB_B64-T55,3.75,-3.85956822057665e-11,2.4467035007967447e-11,-1.478737322690808e-32,2.1023633140024545e-11,3.443401867942903e-12,15.290147188569936
1st2KB_B64-T55,3.5,-2.46687652943889e-11,1.5302632513870855e-11,-1.0884520869185683e-31,1.2100541566776764e-11,3.2020909470940906e-12,15.290147188569936
1st2KB_B64-T55,3.25,-1.54545595071331e-11,9.891636560471674e-12,-5.8993326889130084e-31,6.930856534226397e-12,2.9607800262452774e-12,15.290147188569936
1st2KB_B64-T55,3.0,-9.13030848842533e-12,6.6694694442450665e-12,-2.6136343800545438e-30,3.950000338848598e-12,2.7194691053964684e-12,15.290147188569936
1st2KB_B64-T55,2.75,-4.75297145391407e-12,4.717786430621558e-12,-1.0014586979177256e-29,2.2396282460739028e-12,2.478158184547654e-12,15.290147188569936
1st2KB_B64-T55,2.5,-2.70913521650817e-12,3.50001494345502e-12,-3.4349397060978996e-29,1.2631676797561769e-12,2.236847263698843e-12,15.290147188569936
1st2KB_B64-T55,2.25,-1.56283601511487e-12,2.7041133732594046e-12,-1.0789448315081931e-28,7.085770304093753e-13,1.995536342850029e-12,15.290147188569936
1st2KB_B64-T55,2.0,-8.43406453617662e-13,2.1494880064329538e-12,-3.153653968680443e-28,3.9526258443173523e-13,1.754225422001219e-12,15.290147188569936
1st2KB_B64-T55,1.75,-3.18318261289738e-13,1.7321369954965654e-12,-8.678564133586056e-28,2.1922249434415958e-13,1.5129145011524066e-12,15.290147188569936
1st2KB_B64-T55,1.5,-6.22843858194728e-14,1.3924711772699515e-12,-2.268579197824801e-27,1.2086759696635905e-13,1.271603580303595e-12,15.290147188569936
1st2KB_B64-T55,1.25,4.19590780848488e-14,1.096526623087215e-12,-5.6719586823687e-27,6.623396363243595e-14,1.0302926594547846e-12,15.290147188569936
1st2KB_B64-T55,1.0,1.07258508173259e-13,8.250490902468653e-13,-1.363876522656938e-26,3.6067351640909804e-14,7.889817386059691e-13,15.290147188569936
1st2KB_B64-T55,0.75,1.57070076346397e-13,5.671837490449761e-13,-3.16824734804714e-26,1.9512931287848695e-14,5.476708177571591e-13,15.290147188569936
1st2KB_B64-T55,0.5,1.8293266207392e-13,3.168459686005771e-13,-7.136145980696434e-26,1.0486071692301735e-14,3.063598969083467e-13,15.290147188569936
1st2KB_B64-T55,0.25,1.87929844754596e-13,7.064509950642991e-14,-1.5633092230363884e-25,5.596123447053547e-15,6.504897605953269e-14,15.290147188569936
1st2KB_B64-T55,0.0,1.98321244951512e-13,-1.7329682389761219e-13,-3.339582882970778e-25,2.9651208920012287e-15,-1.7626194478927947e-13,15.290147188569936
1st2KB_B64-T59,0.0,2.6872997777776e-14,-8.711612055114453e-14,-2.1753080544807896e-30,4.936499767426278e-25,-8.711612055163818e-14,4.591945268688369
1st2KB_B64-T59,-0.25,5.5248618451454e-14,-3.284270414004501e-13,-8.473940584490561e-30,-6.676347425240898e-30,-3.284270414004501e-13,4.591945268688369
1st2KB_B64-T59,-0.5,7.62121146898574e-14,-5.697379622492622e-13,-2.9441491915862044e-29,-3.29268864653253e-29,-5.697379622492621e-13,4.591945268688369
1st2KB_B64-T59,-0.75,8.64720011632507e-14,-8.110488830980743e-13,-9.34426520673424e-29,-1.4627439453148694e-28,-8.110488830980741e-13,4.591945268688369
1st2KB_B64-T59,-1.0,9.94535739027615e-14,-1.0523598039468869e-12,-2.7547908172622736e-28,-5.960629874665997e-28,-1.0523598039468859e-12,4.591945268688369
1st2KB_B64-T59,-1.25,1.34774664844149e-13,-1.2936707247957012e-12,-7.63611702417826e-28,-2.2582207204196424e-27,-1.2936707247956982e-12,4.591945268688369
1st2KB_B64-T59,-1.5,1.54865879777207e-13,-1.5349816456445202e-12,-2.0085580271005925e-27,-8.036341003222089e-27,-1.5349816456445103e-12,4.591945268688369
1st2KB_B64-T59,-1.75,1.66787292527407e-13,-1.7762925664933543e-12,-5.0491629254495106e-27,-2.7081578026763305e-26,-1.7762925664933222e-12,4.591945268688369
1st2KB_B64-T59,-2.0,1.62847152754796e-13,-2.017603487342233e-12,-1.2199334245746842e-26,-8.698104322630358e-26,-2.017603487342134e-12,4.591945268688369
1st2KB_B64-T59,-2.25,2.07232316159697e-13,-2.2589144081912427e-12,-2.845935509223049e-26,-2.6767373974822635e-25,-2.2589144081909466e-12,4.591945268688369
1st2KB_B64-T59,-2.5,2.15944246533852e-13,-2.500225329040616e-12,-6.434634505973791e-26,-7.927213210505788e-25,-2.500225329039759e-12,4.591945268688369
1st2KB_B64-T59,-2.75,2.37822972036159e-13,-2.74153624989098e-12,-1.414487014705767e-25,-2.267606031193201e-24,-2.741536249888571e-12,4.591945268688369
1st2KB_B64-T59,-3.0,2.88854118575543e-13,-2.9828471707439707e-12,-3.0311263050586824e-25,-6.285000348687453e-24,-2.9828471707373823e-12,4.591945268688369
1st2KB_B64-T59,-3.25,2.99147181635415e-13,-3.224158091603753e-12,-6.346344066770841e-25,-1.692385892614074e-23,-3.2241580915861947e-12,4.591945268688369
1st2KB_B64-T59,-3.5,3.29623725233222e-13,-3.4623192405679124e-12,-9.587615342357663e-25,-2.6987532311722975e-23,-3.462319240539966e-12,4.213947801920987
1st2KB_B64-T59,-3.75,3.72142773411369e-13,-3.7010145786661695e-12,-1.5144378755483146e-24,-4.640397428643417e-23,-3.701014578618251e-12,3.900057242755112
1st2KB_B64-T59,-4.0,4.41687837563279e-13,-3.934647383223492e-12,-1.467523744071649e-24,-3.5950028020104663e-23,-3.934647383186074e-12,2.9786227387744435
1st2KB_B64-T59,-4.25,5.13501296605517e-13,-4.1687077773333414e-12,-1.4815123147153025e-24,-2.9778252080998256e-23,-4.168707777302082e-12,2.1085023525827262
1st2KB_B64-T59,-4.5,6.86887341710268e-13,-4.405577121504795e-12,-1.954506843173104e-24,-3.8220166168716444e-23,-4.40557712146462e-12,1.575478123587471
1st2KB_B64-T59,-4.75,7.62721700034441e-13,-4.639408185660085e-12,-1.9305109433217566e-24,-3.0545760680668354e-23,-4.639408185627608e-12,0.6778363345184353
1st2KB_B64-T59,-5.0,8.88645602416249e-13,-4.874651796013991e-12,-2.1794673953221048e-24,-3.0391870098705144e-23,-4.87465179598142e-12,-0.05028877219561237
1st2KB_B64-T59,-5.25,1.13543885665174e-12,-5.108327240158248e-12,-2.121409775346517e-24,-2.371220991111227e-23,-5.108327240132415e-12,-0.9666061899361434
1st2KB_B64-T59,-5.5,1.38572465134545e-12,-5.341929271242721e-12,-2.0505526215938324e-24,-1.8290822090301145e-23,-5.34192927122238e-12,-1.8917337539420422
1st2KB_B64-T59,-5.75,1.99832793541799e-12,-5.575448916521826e-12,-1.9665651576314985e-24,-1.3929225808381972e-23,-5.57544891650593e-12,-2.826748264418867
1st2KB_B64-T59,-6.0,2.2503240590388e-12,-5.810480977639658e-12,-2.1761108591237573e-24,-1.341203442581233e-23,-5.81048097762407e-12,-3.580260947708012
1st2KB_B64-T59,-6.25,2.81607332938694e-12,-6.044666358881762e-12,-2.222589177261909e-24,-1.1325187100510167e-23,-6.044666358868214e-12,-4.435381892864625
1st2KB_B64-T59,-6.5,3.68422523391865e-12,-6.279612557278273e-12,-2.4385002040374614e-24,-1.0755676091201544e-23,-6.279612557265079e-12,-5.199198779827562
1st2KB_B64-T59,-6.75,4.41063244954742e-12,-6.5128973168903874e-12,-2.288100795264262e-24,-7.903349773874438e-24,-6.5128973168801955e-12,-6.162401422844406
1st2KB_B64-T59,-7.0,4.97465306795175e-12,-6.7469221612283424e-12,-2.30181992631333e-24,-6.51108609928327e-24,-6.746922161219529e-12,-7.036788062585349
1st2KB_B64-T59,-7.25,6.27205622508176e-12,-6.980089855270288e-12,-2.135804893499996e-24,-4.698539758109021e-24,-6.980089855263454e-12,-8.014039497334318
1st2KB_B64-T59,-7.5,1.00252584012139e-11,-7.214856772365417e-12,-2.3043913370393832e-24,-4.342468769310695e-24,-7.21485677235877e-12,-8.799371554309936
1st2KB_B64-T59,-7.75,1.13079736546728e-11,-7.451237824953833e-12,-2.8913023263224672e-24,-5.143196317496659e-24,-7.451237824945799e-12,-9.390994623074372
1st2KB_B64-T59,-8.0,1.19774589552035e-11,-7.683459784976495e-12,-2.4566587449412647e-24,-3.212220732713041e-24,-7.683459784970826e-12,-10.481741598227291
1st2KB_B64-T59,-8.25,1.61588450953154e-11,-7.918954669836463e-12,-2.8362282003433264e-24,-3.319464274436967e-24,-7.918954669830307e-12,-11.179711782689346
1st2KB_B64-T59,-8.5,3.74325917484875e-11,-8.151091381425067e-12,-2.3903375539145105e-24,-2.0465193018061985e-24,-8.15109138142063e-12,-12.280689242283575
1st2KB_B64-T59,-8.75,8.27235502320889e-11,-8.387373844160962e-12,-2.9707557006829714e-24,-2.3874736012475643e-24,-8.387373844155604e-12,-12.884143870781672
1st2KB_B64-T59,-9.0,1.24435517445676e-10,-8.621115971862214e-12,-2.9105996255985896e-24,-1.8851619101415922e-24,-8.621115971857417e-12,-13.792458736552101
1st2KB_B64-T59,-9.25,1.98139143980924e-10,-8.853987025670996e-12,-2.6284363554360355e-24,-1.3023783984322854e-24,-8.853987025667067e-12,-14.80530933874321
1st2KB_B64-T59,-9.5,3.46917689020287e-10,-9.090216327952126e-12,-3.2480341484298434e-24,-1.5061097888755875e-24,-9.090216327947373e-12,-15.415143641030037
1st2KB_B64-T59,-9.25,3.3395677889736e-10,-8.848905407100774e-12,-1.6255130542420394e-24,-5.929994376439391e-25,-8.848905407098556e-12,-15.415143641030037
1st2KB_B64-T59,-9.0,2.40941100404513e-10,-8.607594486250773e-12,-7.98127432184604e-25,-2.2795755609405497e-25,-8.607594486249745e-12,-15.415143641030037
1st2KB_B64-T59,-8.75,1.7979849553651e-10,-8.3662835654014e-12,-3.838490681967556e-25,-8.539074504549942e-26,-8.366283565400931e-12,-15.415143641030037
1st2KB_B64-T59,-8.5,1.36305522424607e-10,-8.12497264455233e-12,-1.804865831672475e-25,-3.109987968099399e-26,-8.124972644552119e-12,-15.415143641030037
1st2KB_B64-T59,-8.25,9.99482163699383e-11,-7.8836617237034e-12,-8.27917989545078e-26,-1.0984616495075553e-26,-7.883661723703306e-12,-15.415143641030037
1st2KB_B64-T59,-8.0,7.26637083836579e-11,-7.642350802854538e-12,-3.695656301411298e-26,-3.751426839453896e-27,-7.642350802854497e-12,-15.415143641030037
1st2KB_B64-T59,-7.75,4.94373257609038e-11,-7.401039882005703e-12,-1.6005310495988616e-26,-1.2344594656372567e-27,-7.401039882005687e-12,-15.415143641030037
1st2KB_B64-T59,-7.5,4.12927643467231e-11,-7.159728961156879e-12,-6.701323152955137e-27,-3.8978698603132778e-28,-7.159728961156872e-12,-15.415143641030037
1st2KB_B64-T59,-7.25,2.93913712812177e-11,-6.918418040308064e-12,-2.700925745888465e-27,-1.1751356124869164e-28,-6.918418040308061e-12,-15.415143641030037
1st2KB_B64-T59,-7.0,1.76233957982497e-11,-6.677107119459248e-12,-1.0423776372845055e-27,-3.3622250964306117e-29,-6.677107119459247e-12,-15.415143641030037
1st2KB_B64-T59,-6.75,1.27699699772887e-11,-6.4357961986104375e-12,-3.826719035141429e-28,-9.061107757619213e-30,-6.4357961986104375e-12,-15.415143641030037
1st2KB_B64-T59,-6.5,9.09909647628382e-12,-6.194485277761622e-12,-1.3250943378930513e-28,-2.278371436507277e-30,-6.194485277761622e-12,-15.415143641030037
1st2KB_B64-T59,-6.25,6.64326840066343e-12,-5.95317435691281e-12,-4.2802529300524856e-29,-5.279654711683546e-31,-5.95317435691281e-12,-15.415143641030037
1st2KB_B64-T59,-6.0,4.54781828515549e-12,-5.711863436064e-12,-1.270472883451445e-29,-1.1091018635897031e-31,-5.711863436064e-12,-15.415143641030037
1st2KB_B64-T59,-5.75,3.27936592811606e-12,-5.470552515215188e-12,-3.392416400824363e-30,-2.0643479053792373e-32,-5.470552515215188e-12,-15.415143641030037
1st2KB_B64-T59,-5.5,2.05515335652273e-12,-5.229241594366375e-12,-7.894631552604542e-31,-3.292350210801527e-33,-5.229241594366375e-12,-15.415143641030037
1st2KB_B64-T59,-5.25,1.3919804978807e-12,-4.9879306735175644e-12,-1.5214793856743687e-31,-4.2691495770925e-34,-4.9879306735175644e-12,-15.415143641030037
1st2KB_B64-T59,-5.0,9.36634775815237e-13,-4.746619752668752e-12,-2.2149761817571665e-32,-4.10783620565968e-35,-4.746619752668752e-12,-15.415143641030037
1st2KB_B64-T59,-4.75,6.42283806435301e-13,-4.505308831819937e-12,-1.99433740313836e-33,-2.4287135836061272e-36,-4.505308831819937e-12,-15.415143641030037
1st2KB_B64-T59,-4.5,4.19822108934514e-13,-4.263997910971128e-12,-5.802912766716874e-35,-5.05440329938426e-38,-4.263997910971128e-12,-15.415143641030037
1st2KB_B64-T59,-4.25,2.7654677050952e-13,-4.022686990122314e-12,3.3218373026924225e-36,-3.2569590866546466e-39,-4.022686990122314e-12,-15.415143641030037
1st2KB_B64-T59,-4.0,1.4224736568768e-13,-3.781376069273504e-12,5.080693692379411e-34,-5.182950715887965e-37,-3.781376069273504e-12,-15.415143641030037
1st2KB_B64-T59,-3.75,5.84943673901696e-14,-3.5400651484246914e-12,8.115444136247285e-33,-1.2443992651201152e-35,-3.5400651484246914e-12,-15.415143641030037
1st2KB_B64-T59,-3.5,-7.3167324317878e-15,-3.2987542275758795e-12,6.67136823420924e-32,-1.5567455627794273e-34,-3.2987542275758795e-12,-15.415143641030037
1st2KB_B64-T59,-3.25,-1.52684583590778e-14,-3.057443306727067e-12,3.8677834750878927e-31,-1.3526837346230006e-33,-3.057443306727067e-12,-15.415143641030037
1st2KB_B64-T59,-3.0,-5.74391947308524e-14,-2.8161323858782524e-12,1.7947745534842408e-30,-9.2339756966193e-33,-2.8161323858782524e-12,-15.415143641030037
1st2KB_B64-T59,-2.75,-8.26102763127647e-14,-2.574821465029443e-12,7.116426609046016e-30,-5.291693348075342e-32,-2.574821465029443e-12,-15.415143641030037
1st2KB_B64-T59,-2.5,-1.02228751993564e-13,-2.333510544180629e-12,2.506630353100275e-29,-2.6511310571059744e-31,-2.333510544180629e-12,-15.415143641030037
1st2KB_B64-T59,-2.25,-1.01239424287435e-13,-2.092199623331819e-12,8.043709992181395e-29,-1.192905912777088e-30,-2.092199623331819e-12,-15.415143641030037
1st2KB_B64-T59,-2.0,-1.19825603974756e-13,-1.850888702483007e-12,2.3930094101894906e-28,-4.913253897724963e-30,-1.850888702483007e-12,-15.415143641030037
1st2KB_B64-T59,-1.75,-1.38628488571303e-13,-1.6095777816341943e-12,6.68424993941527e-28,-1.8784181458034527e-29,-1.609577781634195e-12,-15.415143641030037
1st2KB_B64-T59,-1.5,-1.40508291850486e-13,-1.3682668607853808e-12,1.7697592350658285e-27,-6.737496546225669e-29,-1.3682668607853826e-12,-15.415143641030037
1st2KB_B64-T59,-1.25,-1.77841370644673e-13,-1.1269559399365669e-12,4.474312684684641e-27,-2.2861493360257564e-28,-1.1269559399365711e-12,-15.415143641030037
1st2KB_B64-T59,-1.0,-1.78522358029211e-13,-8.856450190877484e-13,1.0864796125732859e-26,-7.387590486054242e-28,-8.856450190877586e-13,-15.415143641030037
1st2KB_B64-T59,-0.75,-1.92603474401948e-13,-6.443340982389214e-13,2.545923581959732e-26,-2.28585963188025e-27,-6.443340982389446e-13,-15.415143641030037
1st2KB_B64-T59,-0.5,-2.183983517038e-13,-4.03023177390084e-13,5.779326898409493e-26,-6.802909352600898e-27,-4.03023177390135e-13,-15.415143641030037
1st2KB_B64-T59,-0.25,-2.37985629467086e-13,-1.6171225654121454e-13,1.2750173682576514e-25,-1.9546699402228532e-26,-1.617122565413225e-13,-15.415143641030037
1st2KB_B64-T59,0.0,-2.6016954432842e-13,5.77632033859584e-12,2.7412033840178057e-25,5.696721674288076e-12,7.959866430748926e-14,-15.415143641030037
1st2KB_B64-T59,0.25,-2.61899090739023e-13,3.333974323024531e-12,5.7564905895335395e-25,3.0130647378676543e-12,3.20909585156301e-13,-15.415143641030037
1st2KB_B64-T59,0.5,-2.88573635473521e-13,1.7309029750721415e-12,1.051507280448522e-24,1.1699000039964144e-12,5.610029710746754e-13,-15.269029847796281
1st2KB_B64-T59,0.75,-3.20392583991191e-13,9.936189709066103e-13,1.3882147434520322e-24,1.9577770946428476e-13,7.978412614409374e-13,-14.732278918355007
1st2KB_B64-T59,1.0,-3.57015822070525e-13,1.0537077443359683e-12,1.5759398599155984e-24,2.0581174266722716e-14,1.0331265700676697e-12,-14.00915793322756
1st2KB_B64-T59,1.25,-3.93243678722607e-13,1.2661434832568424e-12,1.3287921994173591e-24,8.346105743665091e-16,1.2653088726811473e-12,-12.913651755946802
1st2KB_B64-T59,1.5,-3.96681981967156e-13,1.5016774463906003e-12,1.6585927697536834e-24,9.268991935790136e-17,1.501584756469584e-12,-12.30940760198183
1st2KB_B64-T59,1.75,-4.74636335009299e-13,1.7356192464560469e-12,1.669451356046311e-24,4.684215654276443e-18,1.735614562238723e-12,-11.43561637294344
1st2KB_B64-T59,2.0,-5.16602656919912e-13,1.9710025115301604e-12,1.911973497871573e-24,3.036838244370032e-19,1.971002207844424e-12,-10.724776632330368
1st2KB_B64-T59,2.25,-5.926432847074e-13,2.2048604698691184e-12,1.8933585803472454e-24,9.621655968287381e-21,2.2048604602455687e-12,-9.830397646248645
1st2KB_B64-T59,2.5,-6.12550049745864e-13,2.4386558502685947e-12,1.8637619267307157e-24,2.1627081425683587e-22,2.43865585005046e-12,-8.928474652876893
1st2KB_B64-T59,2.75,-7.52743245339971e-13,2.6731481322252747e-12,1.960022289483867e-24,4.2352058028510595e-24,2.6731481322190794e-12,-8.110184238903354
1st2KB_B64-T59,3.0,-8.53450394123351e-13,2.9068458817722936e-12,1.9116401846235874e-24,3.1641653722811604e-26,2.90684588177035e-12,-7.196543645098149
1st2KB_B64-T59,3.25,-9.70928307371388e-13,3.142046859916402e-12,2.1495914313272883e-24,2.0010414235833767e-28,3.1420468599142525e-12,-6.463302336993935
1st2KB_B64-T59,3.5,-1.13570275146052e-12,3.3749214404558604e-12,1.939541385309946e-24,1.9859355808771836e-32,3.3749214404539213e-12,-5.450874970217206
1st2KB_B64-T59,3.75,-1.29186288402861e-12,3.609291048886497e-12,2.0160164927224134e-24,2.8014895491421535e-32,3.6092910488844808e-12,-4.617862740261409
1st2KB_B64-T59,4.0,-1.51663523319939e-12,3.8444014311709266e-12,2.2471487207976946e-24,3.692550589439507e-29,3.84440143116868e-12,-3.8737492145464083
1st2KB_B64-T59,4.25,-1.76129716280421e-12,4.0779124940300475e-12,2.153679566799026e-24,1.1511378063318227e-26,4.0779124940278826e-12,-2.937704745466022
1st2KB_B64-T59,4.5,-2.18328523662881e-12,4.312172931121e-12,2.215326609418361e-24,8.185437917218136e-25,4.312172931117966e-12,-2.0915910937187587
1st2KB_B64-T59,4.75,-3.21137452567732e-12,4.5464094456031714e-12,2.2735384129461998e-24,3.213624608401579e-23,4.546409445568762e-12,-1.2426065366012506
1st2KB_B64-T59,5.0,-6.93735000001361e-12,4.778237996158518e-12,1.858171829155118e-24,1.7108642328617123e-21,4.778237994445796e-12,-0.10464712121572405
1st2KB_B64-T59,5.25,-1.24823406819075e-11,5.0147919470841595e-12,2.3741022906371532e-24,1.6509835384738622e-20,5.01479193057195e-12,0.46622855947917125
1st2KB_B64-T59,5.5,-1.70468170829219e-11,5.246550708718923e-12,1.928132801616951e-24,4.671354945205134e-19,5.2465502415815004e-12,1.6126170728643245
1st2KB_B64-T59,5.75,-3.26136825878898e-11,5.480671394270579e-12,1.9564824119244563e-24,5.801231776951578e-18,5.480665593036845e-12,2.476142144937497
1st2KB_B64-T59,6.0,-6.6498306861007e-11,5.7164001214961625e-12,2.3037260916753754e-24,4.3761283657283783e-17,5.716356360210202e-12,3.15060490699002
1st2KB_B64-T59,6.25,-1.15836687464288e-10,5.949382711315724e-12,1.9944174600577392e-24,5.916502600343251e-16,5.948791061053696e-12,4.2158213062356396
1st2KB_B64-T59,6.5,-1.78060455269247e-10,6.188709331354304e-12,2.721312659407329e-24,2.6557136628874873e-15,6.186053617688696e-12,4.701656937629154
1st2KB_B64-T59,6.75,-2.74814671019641e-10,6.443954709687261e-12,2.531814088333431e-24,2.4709951390989866e-14,6.419244758293739e-12,5.67609460014208
1st2KB_B64-T59,7.0,-4.73899752773121e-10,6.8327082360602256e-12,2.536117150641184e-24,1.7948400256011808e-13,6.653224233497572e-12,6.555925893928035
1st2KB_B64-T59,7.25,-7.56894380504747e-10,8.48621365990927e-12,2.1741810957070095e-24,1.6006642704460878e-12,6.8855493894610085e-12,7.634288542660491
1st2KB_B64-T59,7.5,-9.59262558275498e-10,1.7061296950454463e-11,2.168638457008086e-24,9.941813225397127e-12,7.119483725055166e-12,8.519536945582164
1st2KB_B64-T59,7.75,-1.28995425452416e-09,6.542640906364642e-11,2.1586620606966883e-24,5.8073012803100125e-11,7.353396260544133e-12,9.407401533044071
1st2KB_B64-T59,8.0,-2.02653627212612e-09,1.9992308127026985e-10,2.9227521935293025e-24,1.9233249524722332e-10,7.590586023043614e-12,9.901973034760585
1st2KB_B64-T59,8.25,-3.06809355699045e-09,1.0337917710340837e-09,2.8987375900553974e-24,1.0259673120221674e-09,7.824459011913418e-12,10.794583528390175
1st2KB_B64-T59,8.5,-5.11947373382782e-09,7.49194387792309e-09,2.2728318178634906e-24,7.483888051106565e-09,8.055826816523118e-12,11.98783588932353
1st2KB_B64-T59,8.75,-9.72309699420748e-09,1.2775473945947025e-08,2.8367040674074082e-24,1.2767181795804025e-08,8.292150142997464e-12,12.586386546841986
1st2KB_B64-T59,9.0,-1.43904221872049e-08,1.2775706094076797e-08,2.3933097558956636e-24,1.2767181795804025e-08,8.524298272768644e-12,13.685993734688504
1st2KB_B64-T59,9.25,-2.18580922251022e-08,1.2775939892240745e-08,2.356845581189303e-24,1.2767181795804025e-08,8.75809643671791e-12,14.587583808858056
1st2KB_B64-T59,9.5,-3.29943610211103e-08,1.2776175348851493e-08,2.7118789191973682e-24,1.2767181795804025e-08,8.993553047465579e-12,15.290147188569936
1st2KB_B64-T59,9.25,-2.90803310321053e-08,1.2775934037930643e-08,1.3505858818572978e-24,1.2767181795804025e-08,8.75224212661677e-12,15.290147188569936
1st2KB_B64-T59,9.0,-2.3615749356054e-08,1.2775692727009792e-08,6.5964374902341815e-25,1.2767181795804025e-08,8.510931205767956e-12,15.290147188569936
1st2KB_B64-T59,8.75,-1.84914270562331e-08,1.2775451416088946e-08,3.1542850072052315e-25,1.2767181795804025e-08,8.269620284919143e-12,15.290147188569936
1st2KB_B64-T59,8.5,-1.38809266303497e-08,1.2775210105168096e-08,1.4738563748253808e-25,1.2767181795804025e-08,8.028309364070334e-12,15.290147188569936
1st2KB_B64-T59,8.25,-1.06240909403255e-08,1.2774968794247247e-08,6.714220852358916e-26,1.2767181795804025e-08,7.78699844322152e-12,15.290147188569936
1st2KB_B64-T59,8.0,-8.05842059747874e-09,1.2774727483326397e-08,2.974257343358615e-26,1.2767181795804025e-08,7.545687522372708e-12,15.290147188569936
1st2KB_B64-T59,7.75,-6.2333138650672e-09,1.277448617240555e-08,1.2771743598663198e-26,1.2767181795804025e-08,7.304376601523896e-12,15.290147188569936
1st2KB_B64-T59,7.5,-4.83168527409816e-09,1.27742448614847e-08,5.2965011038520824e-27,1.2767181795804025e-08,7.063065680675083e-12,15.290147188569936
1st2KB_B64-T59,7.25,-3.61528740278061e-09,1.277400355056385e-08,2.1116698243201275e-27,1.2767181795804025e-08,6.821754759826272e-12,15.290147188569936
1st2KB_B64-T59,7.0,-2.72686007107836e-09,1.2773762239643002e-08,8.0487977717039105e-28,1.2767181795804025e-08,6.580443838977461e-12,15.290147188569936
1st2KB_B64-T59,6.75,-2.08363215570273e-09,1.1339534282346935e-08,2.9123799425104697e-28,1.1333195149428805e-08,6.339132918128649e-12,15.290147188569936
1st2KB_B64-T59,6.5,-1.56113999505436e-09,6.863375350746086e-09,9.913922920270136e-29,6.857277528748806e-09,6.097821997279839e-12,15.290147188569936
1st2KB_B64-T59,6.25,-1.1706025038194e-09,4.139789271039354e-09,3.137066576797154e-29,4.133932759962923e-09,5.8565110764310235e-12,15.290147188569936
1st2KB_B64-T59,6.0,-8.75560401958353e-10,2.4884752614169708e-09,9.077442640608667e-30,2.482860061261388e-09,5.6152001555822104e-12,15.290147188569936
1st2KB_B64-T59,5.75,-6.39160391280313e-10,1.4909049663922895e-09,2.346255118918503e-30,1.485531077157556e-09,5.3738892347334e-12,15.290147188569936
1st2KB_B64-T59,5.5,-4.71147731939681e-10,8.904806175103491e-10,5.227371390967385e-31,8.853480391964646e-10,5.1325783138845874e-12,15.290147188569936
1st2KB_B64-T59,5.25,-3.31299293554466e-10,5.304360973204587e-10,9.465405928747454e-32,5.25544829927423e-10,4.891267393035777e-12,15.290147188569936
1st2KB_B64-T59,5.0,-2.32898283991645e-10,3.1534052790191035e-10,1.2475306026071335e-32,3.1069057142972337e-10,4.649956472186962e-12,15.290147188569936
1st2KB_B64-T59,4.75,-1.6254382562142e-10,1.8731400652217014e-10,9.246306791670857e-34,1.8290536097083198e-10,4.408645551338151e-12,15.290147188569936
1st2KB_B64-T59,4.5,-1.12192949375256e-10,1.11383585445994e-10,1.3685073690915687e-35,1.0721625081550466e-10,4.167334630489339e-12,15.290147188569936
1st2KB_B64-T59,4.25,-7.93706975144026e-11,6.64986758493458e-11,-2.178800050906267e-35,6.257265213970528e-11,3.926023709640527e-12,15.290147188569936
1st2KB_B64-T59,4.0,-5.50608655891516e-11,4.003855264321901e-11,-1.1648831586721512e-33,3.635383985442729e-11,3.684712788791715e-12,15.290147188569936
1st2KB_B64-T59,3.75,-3.08601963427968e-11,2.4467035007967447e-11,-1.478737322690808e-32,2.1023633140024545e-11,3.443401867942903e-12,15.290147188569936
1st2KB_B64-T59,3.5,-2.00158865176769e-11,1.5302632513870855e-11,-1.0884520869185683e-31,1.2100541566776764e-11,3.2020909470940906e-12,15.290147188569936
1st2KB_B64-T59,3.25,-1.25093555305988e-11,9.891636560471674e-12,-5.8993326889130084e-31,6.930856534226397e-12,2.9607800262452774e-12,15.290147188569936
1st2KB_B64-T59,3.0,-7.63041973356193e-12,6.6694694442450665e-12,-2.6136343800545438e-30,3.950000338848598e-12,2.7194691053964684e-12,15.290147188569936
1st2KB_B64-T59,2.75,-4.79854003754276e-12,4.717786430621558e-12,-1.0014586979177256e-29,2.2396282460739028e-12,2.478158184547654e-12,15.290147188569936
1st2KB_B64-T59,2.5,-2.59135052825543e-12,3.50001494345502e-12,-3.4349397060978996e-29,1.2631676797561769e-12,2.236847263698843e-12,15.290147188569936
1st2KB_B64-T59,2.25,-1.36390660050723e-12,2.7041133732594046e-12,-1.0789448315081931e-28,7.085770304093753e-13,1.995536342850029e-12,15.290147188569936
1st2KB_B64-T59,2.0,-6.82600081059609e-13,2.1494880064329538e-12,-3.153653968680443e-28,3.9526258443173523e-13,1.754225422001219e-12,15.290147188569936
1st2KB_B64-T59,1.75,-2.55599496646122e-13,1.7321369954965654e-12,-8.678564133586056e-28,2.1922249434415958e-13,1.5129145011524066e-12,15.290147188569936
1st2KB_B64-T59,1.5,-3.98564441541661e-14,1.3924711772699515e-12,-2.268579197824801e-27,1.2086759696635905e-13,1.271603580303595e-12,15.290147188569936
1st2KB_B64-T59,1.25,5.71779426648648e-14,1.096526623087215e-12,-5.6719586823687e-27,6.623396363243595e-14,1.0302926594547846e-12,15.290147188569936
1st2KB_B64-T59,1.0,1.51825329652161e-13,8.250490902468653e-13,-1.363876522656938e-26,3.6067351640909804e-14,7.889817386059691e-13,15.290147188569936
1st2KB_B64-T59,0.75,2.69391280116604e-13,5.671837490449761e-13,-3.16824734804714e-26,1.9512931287848695e-14,5.476708177571591e-13,15.290147188569936
1st2KB_B64-T59,0.5,3.57118956802183e-13,3.168459686005771e-13,-7.136145980696434e-26,1.0486071692301735e-14,3.063598969083467e-13,15.290147188569936
1st2KB_B64-T59,0.25,2.37649038902638e-13,7.064509950642991e-14,-1.5633092230363884e-25,5.596123447053547e-15,6.504897605953269e-14,15.290147188569936
1st2KB_B64-T59,0.0,3.20018615556847e-13,-1.7329682389761219e-13,-3.339582882970778e-25,2.9651208920012287e-15,-1.7626194478927947e-13,15.290147188569936
1st2KB_B64-T61,0.0,2.07327170297263e-14,-8.711612055114453e-14,-2.1753080544807896e-30,4.936499767426278e-25,-8.711612055163818e-14,4.591945268688369
1st2KB_B64-T61,-0.25,4.97242560169343e-14,-3.284270414004501e-13,-8.473940584490561e-30,-6.676347425240898e-30,-3.284270414004501e-13,4.591945268688369
1st2KB_B64-T61,-0.5,6.74120251265529e-14,-5.697379622492622e-13,-2.9441491915862044e-29,-3.29268864653253e-29,-5.697379622492621e-13,4.591945268688369
1st2KB_B64-T61,-0.75,8.12085248764853e-14,-8.110488830980743e-13,-9.34426520673424e-29,-1.4627439453148694e-28,-8.110488830980741e-13,4.591945268688369
1st2KB_B64-T61,-1.0,1.36234556621928e-13,-1.0523598039468869e-12,-2.7547908172622736e-28,-5.960629874665997e-28,-1.0523598039468859e-12,4.591945268688369
1st2KB_B64-T61,-1.25,1.31426228407172e-13,-1.2936707247957012e-12,-7.63611702417826e-28,-2.2582207204196424e-27,-1.2936707247956982e-12,4.591945268688369
1st2KB_B64-T61,-1.5,1.84060611804066e-13,-1.5349816456445202e-12,-2.0085580271005925e-27,-8.036341003222089e-27,-1.5349816456445103e-12,4.591945268688369
1st2KB_B64-T61,-1.75,1.69595565889524e-13,-1.7762925664933543e-12,-5.0491629254495106e-27,-2.7081578026763305e-26,-1.7762925664933222e-12,4.591945268688369
1st2KB_B64-T61,-2.0,1.95955041472698e-13,-2.017603487342233e-12,-1.2199334245746842e-26,-8.698104322630358e-26,-2.017603487342134e-12,4.591945268688369
1st2KB_B64-T61,-2.25,2.16311777517797e-13,-2.2589144081912427e-12,-2.845935509223049e-26,-2.6767373974822635e-25,-2.2589144081909466e-12,4.591945268688369
1st2KB_B64-T61,-2.5,2.24781131208385e-13,-2.500225329040616e-12,-6.434634505973791e-26,-7.927213210505788e-25,-2.500225329039759e-12,4.591945268688369
1st2KB_B64-T61,-2.75,2.40213854666924e-13,-2.74153624989098e-12,-1.414487014705767e-25,-2.267606031193201e-24,-2.741536249888571e-12,4.591945268688369
1st2KB_B64-T61,-3.0,3.67381120100138e-13,-2.9828471707439707e-12,-3.0311263050586824e-25,-6.285000348687453e-24,-2.9828471707373823e-12,4.591945268688369
1st2KB_B64-T61,-3.25,2.72344511309183e-13,-3.224158091603753e-12,-6.346344066770841e-25,-1.692385892614074e-23,-3.2241580915861947e-12,4.591945268688369
1st2KB_B64-T61,-3.5,3.32886740091534e-13,-3.4623192405679124e-12,-9.587615342357663e-25,-2.6987532311722975e-23,-3.462319240539966e-12,4.213947801920987
1st2KB_B64-T61,-3.75,3.73576684994589e-13,-3.7010145786661695e-12,-1.5144378755483146e-24,-4.640397428643417e-23,-3.701014578618251e-12,3.900057242755112
1st2KB_B64-T61,-4.0,4.18895034761876e-13,-3.934647383223492e-12,-1.467523744071649e-24,-3.5950028020104663e-23,-3.934647383186074e-12,2.9786227387744435
1st2KB_B64-T61,-4.25,5.08177809728505e-13,-4.1687077773333414e-12,-1.4815123147153025e-24,-2.9778252080998256e-23,-4.168707777302082e-12,2.1085023525827262
1st2KB_B64-T61,-4.5,6.01711876938721e-13,-4.405577121504795e-12,-1.954506843173104e-24,-3.8220166168716444e-23,-4.40557712146462e-12,1.575478123587471
1st2KB_B64-T61,-4.75,7.32447034881151e-13,-4.639408185660085e-12,-1.9305109433217566e-24,-3.0545760680668354e-23,-4.639408185627608e-12,0.6778363345184353
1st2KB_B64-T61,-5.0,8.39286160101566e-13,-4.874651796013991e-12,-2.1794673953221048e-24,-3.0391870098705144e-23,-4.87465179598142e-12,-0.05028877219561237
1st2KB_B64-T61,-5.25,1.01318552072488e-12,-5.108327240158248e-12,-2.121409775346517e-24,-2.371220991111227e-23,-5.108327240132415e-12,-0.9666061899361434
1st2KB_B64-T61,-5.5,1.14186199558219e-12,-5.341929271242721e-12,-2.0505526215938324e-24,-1.8290822090301145e-23,-5.34192927122238e-12,-1.8917337539420422
1st2KB_B64-T61,-5.75,1.61684879894375e-12,-5.575448916521826e-12,-1.9665651576314985e-24,-1.3929225808381972e-23,-5.57544891650593e-12,-2.826748264418867
1st2KB_B64-T61,-6.0,1.84705506098282e-12,-5.810480977639658e-12,-2.1761108591237573e-24,-1.341203442581233e-23,-5.81048097762407e-12,-3.580260947708012
1st2KB_B64-T61,-6.25,2.39386982459067e-12,-6.044666358881762e-12,-2.222589177261909e-24,-1.1325187100510167e-23,-6.044666358868214e-12,-4.435381892864625
1st2KB_B64-T61,-6.5,2.82997887277037e-12,-6.279612557278273e-12,-2.4385002040374614e-24,-1.0755676091201544e-23,-6.279612557265079e-12,-5.199198779827562
1st2KB_B64-T61,-6.75,3.52895880920134e-12,-6.5128973168903874e-12,-2.288100795264262e-24,-7.903349773874438e-24,-6.5128973168801955e-12,-6.162401422844406
1st2KB_B64-T61,-7.0,4.70684559036871e-12,-6.7469221612283424e-12,-2.30181992631333e-24,-6.51108609928327e-24,-6.746922161219529e-12,-7.036788062585349
1st2KB_B64-T61,-7.25,7.45905507498756e-12,-6.980089855270288e-12,-2.135804893499996e-24,-4.698539758109021e-24,-6.980089855263454e-12,-8.014039497334318
1st2KB_B64-T61,-7.5,7.83109167790119e-12,-7.214856772365417e-12,-2.3043913370393832e-24,-4.342468769310695e-24,-7.21485677235877e-12,-8.799371554309936
1st2KB_B64-T61,-7.75,1.00202320399423e-11,-7.451237824953833e-12,-2.8913023263224672e-24,-5.143196317496659e-24,-7.451237824945799e-12,-9.390994623074372
1st2KB_B64-T61,-8.0,1.13852200236964e-11,-7.683459784976495e-12,-2.4566587449412647e-24,-3.212220732713041e-24,-7.683459784970826e-12,-10.481741598227291
1st2KB_B64-T61,-8.25,1.77524384081806e-11,-7.918954669836463e-12,-2.8362282003433264e-24,-3.319464274436967e-24,-7.918954669830307e-12,-11.179711782689346
1st2KB_B64-T61,-8.5,3.69297231683774e-11,-8.151091381425067e-12,-2.3903375539145105e-24,-2.0465193018061985e-24,-8.15109138142063e-12,-12.280689242283575
1st2KB_B64-T61,-8.75,7.55480122904828e-11,-8.387373844160962e-12,-2.9707557006829714e-24,-2.3874736012475643e-24,-8.387373844155604e-12,-12.884143870781672
1st2KB_B64-T61,-9.0,1.12338763291753e-10,-8.621115971862214e-12,-2.9105996255985896e-24,-1.8851619101415922e-24,-8.621115971857417e-12,-13.792458736552101
1st2KB_B64-T61,-9.25,1.88859997085622e-10,-8.853987025670996e-12,-2.6284363554360355e-24,-1.3023783984322854e-24,-8.853987025667067e-12,-14.80530933874321
1st2KB_B64-T61,-9.5,3.19176574059554e-10,-9.090216327952126e-12,-3.2480341484298434e-24,-1.5061097888755875e-24,-9.090216327947373e-12,-15.415143641030037
1st2KB_B64-T61,-9.25,3.21234483457999e-10,-8.848905407100774e-12,-1.6255130542420394e-24,-5.929994376439391e-25,-8.848905407098556e-12,-15.415143641030037
1st2KB_B64-T61,-9.0,2.64364946600537e-10,-8.607594486250773e-12,-7.98127432184604e-25,-2.2795755609405497e-25,-8.607594486249745e-12,-15.415143641030037
1st2KB_B64-T61,-8.75,1.86311188699051e-10,-8.3662835654014e-12,-3.838490681967556e-25,-8.539074504549942e-26,-8.366283565400931e-12,-15.415143641030037
1st2KB_B64-T61,-8.5,1.37426556245934e-10,-8.12497264455233e-12,-1.804865831672475e-25,-3.109987968099399e-26,-8.124972644552119e-12,-15.415143641030037
1st2KB_B64-T61,-8.25,1.03722364031e-10,-7.8836617237034e-12,-8.27917989545078e-26,-1.0984616495075553e-26,-7.883661723703306e-12,-15.415143641030037
1st2KB_B64-T61,-8.0,8.30587265632232e-11,-7.642350802854538e-12,-3.695656301411298e-26,-3.751426839453896e-27,-7.642350802854497e-12,-15.415143641030037
1st2KB_B64-T61,-7.75,6.56588325376184e-11,-7.401039882005703e-12,-1.6005310495988616e-26,-1.2344594656372567e-27,-7.401039882005687e-12,-15.415143641030037
1st2KB_B64-T61,-7.5,4.4570257207166e-11,-7.159728961156879e-12,-6.701323152955137e-27,-3.8978698603132778e-28,-7.159728961156872e-12,-15.415143641030037
1st2KB_B64-T61,-7.25,4.5114433022686e-11,-6.918418040308064e-12,-2.700925745888465e-27,-1.1751356124869164e-28,-6.918418040308061e-12,-15.415143641030037
1st2KB_B64-T61,-7.0,2.97709426555492e-11,-6.677107119459248e-12,-1.0423776372845055e-27,-3.3622250964306117e-29,-6.677107119459247e-12,-15.415143641030037
1st2KB_B64-T61,-6.75,1.75243812516879e-11,-6.4357961986104375e-12,-3.826719035141429e-28,-9.061107757619213e-30,-6.4357961986104375e-12,-15.415143641030037
1st2KB_B64-T61,-6.5,1.12506939528578e-11,-6.194485277761622e-12,-1.3250943378930513e-28,-2.278371436507277e-30,-6.194485277761622e-12,-15.415143641030037
1st2KB_B64-T61,-6.25,7.03271859150978e-12,-5.95317435691281e-12,-4.2802529300524856e-29,-5.279654711683546e-31,-5.95317435691281e-12,-15.415143641030037
1st2KB_B64-T61,-6.0,4.41657474481438e-12,-5.711863436064e-12,-1.270472883451445e-29,-1.1091018635897031e-31,-5.711863436064e-12,-15.415143641030037
1st2KB_B64-T61,-5.75,3.05998282268405e-12,-5.470552515215188e-12,-3.392416400824363e-30,-2.0643479053792373e-32,-5.470552515215188e-12,-15.415143641030037
1st2KB_B64-T61,-5.5,1.91097116429562e-12,-5.229241594366375e-12,-7.894631552604542e-31,-3.292350210801527e-33,-5.229241594366375e-12,-15.415143641030037
1st2KB_B64-T61,-5.25,1.26534037154374e-12,-4.9879306735175644e-12,-1.5214793856743687e-31,-4.2691495770925e-34,-4.9879306735175644e-12,-15.415143641030037
1st2KB_B64-T61,-5.0,8.12285134987878e-13,-4.746619752668752e-12,-2.2149761817571665e-32,-4.10783620565968e-35,-4.746619752668752e-12,-15.415143641030037
1st2KB_B64-T61,-4.75,4.77165832887816e-13,-4.505308831819937e-12,-1.99433740313836e-33,-2.4287135836061272e-36,-4.505308831819937e-12,-15.415143641030037
1st2KB_B64-T61,-4.5,3.10726542152723e-13,-4.263997910971128e-12,-5.802912766716874e-35,-5.05440329938426e-38,-4.263997910971128e-12,-15.415143641030037
1st2KB_B64-T61,-4.25,2.14417039353688e-13,-4.022686990122314e-12,3.3218373026924225e-36,-3.2569590866546466e-39,-4.022686990122314e-12,-15.415143641030037
1st2KB_B64-T61,-4.0,1.08490541311963e-13,-3.781376069273504e-12,5.080693692379411e-34,-5.182950715887965e-37,-3.781376069273504e-12,-15.415143641030037
1st2KB_B64-T61,-3.75,3.7895650972699e-14,-3.5400651484246914e-12,8.115444136247285e-33,-1.2443992651201152e-35,-3.5400651484246914e-12,-15.415143641030037
1st2KB_B64-T61,-3.5,1.10262183565979e-14,-3.2987542275758795e-12,6.67136823420924e-32,-1.5567455627794273e-34,-3.2987542275758795e-12,-15.415143641030037
1st2KB_B64-T61,-3.25,-2.07194846810243e-14,-3.057443306727067e-12,3.8677834750878927e-31,-1.3526837346230006e-33,-3.057443306727067e-12,-15.415143641030037
1st2KB_B64-T61,-3.0,-5.71315997982547e-14,-2.8161323858782524e-12,1.7947745534842408e-30,-9.2339756966193e-33,-2.8161323858782524e-12,-15.415143641030037
1st2KB_B64-T61,-2.75,-9.20872671736697e-14,-2.574821465029443e-12,7.116426609046016e-30,-5.291693348075342e-32,-2.574821465029443e-12,-15.415143641030037
1st2KB_B64-T61,-2.5,-9.08935131479181e-14,-2.333510544180629e-12,2.506630353100275e-29,-2.6511310571059744e-31,-2.333510544180629e-12,-15.415143641030037
1st2KB_B64-T61,-2.25,-1.01148961168668e-13,-2.092199623331819e-12,8.043709992181395e-29,-1.192905912777088e-30,-2.092199623331819e-12,-15.415143641030037
1st2KB_B64-T61,-2.0,-1.26309959670376e-13,-1.850888702483007e-12,2.3930094101894906e-28,-4.913253897724963e-30,-1.850888702483007e-12,-15.415143641030037
1st2KB_B64-T61,-1.75,-1.3567560974443e-13,-1.6095777816341943e-12,6.68424993941527e-28,-1.8784181458034527e-29,-1.609577781634195e-12,-15.415143641030037
1st2KB_B64-T61,-1.5,-1.67663233015085e-13,-1.3682668607853808e-12,1.7697592350658285e-27,-6.737496546225669e-29,-1.3682668607853826e-12,-15.415143641030037
1st2KB_B64-T61,-1.25,-1.69201160244228e-13,-1.1269559399365669e-12,4.474312684684641e-27,-2.2861493360257564e-28,-1.1269559399365711e-12,-15.415143641030037
1st2KB_B64-T61,-1.0,-1.68613346483888e-13,-8.856450190877484e-13,1.0864796125732859e-26,-7.387590486054242e-28,-8.856450190877586e-13,-15.415143641030037
1st2KB_B64-T61,-0.75,-1.90765833034748e-13,-6.443340982389214e-13,2.545923581959732e-26,-2.28585963188025e-27,-6.443340982389446e-13,-15.415143641030037
1st2KB_B64-T61,-0.5,-2.09998102349181e-13,-4.03023177390084e-13,5.779326898409493e-26,-6.802909352600898e-27,-4.03023177390135e-13,-15.415143641030037
1st2KB_B64-T61,-0.25,-2.42200519622732e-13,-1.6171225654121454e-13,1.2750173682576514e-25,-1.9546699402228532e-26,-1.617122565413225e-13,-15.415143641030037
1st2KB_B64-T61,0.0,-2.54692995209707e-13,5.77632033859584e-12,2.7412033840178057e-25,5.696721674288076e-12,7.959866430748926e-14,-15.415143641030037
1st2KB_B64-T61,0.25,-2.5832561458862e-13,3.333974323024531e-12,5.7564905895335395e-25,3.0130647378676543e-12,3.20909585156301e-13,-15.415143641030037
1st2KB_B64-T61,0.5,-2.82447866093924e-13,1.7309029750721415e-12,1.051507280448522e-24,1.1699000039964144e-12,5.610029710746754e-13,-15.269029847796281
1st2KB_B64-T61,0.75,-3.35547236697542e-13,9.936189709066103e-13,1.3882147434520322e-24,1.9577770946428476e-13,7.978412614409374e-13,-14.732278918355007
1st2KB_B64-T61,1.0,-3.43382657377878e-13,1.0537077443359683e-12,1.5759398599155984e-24,2.0581174266722716e-14,1.0331265700676697e-12,-14.00915793322756
1st2KB_B64-T61,1.25,-3.91057818722659e-13,1.2661434832568424e-12,1.3287921994173591e-24,8.346105743665091e-16,1.2653088726811473e-12,-12.913651755946802
1st2KB_B64-T61,1.5,-4.02873752154004e-13,1.5016774463906003e-12,1.6585927697536834e-24,9.268991935790136e-17,1.501584756469584e-12,-12.30940760198183
1st2KB_B64-T61,1.75,-4.5394916124708e-13,1.7356192464560469e-12,1.669451356046311e-24,4.684215654276443e-18,1.735614562238723e-12,-11.43561637294344
1st2KB_B64-T61,2.0,-5.09298766354638e-13,1.9710025115301604e-12,1.911973497871573e-24,3.036838244370032e-19,1.971002207844424e-12,-10.724776632330368
1st2KB_B64-T61,2.25,-5.75720948779029e-13,2.2048604698691184e-12,1.8933585803472454e-24,9.621655968287381e-21,2.2048604602455687e-12,-9.830397646248645
1st2KB_B64-T61,2.5,-6.57549589864331e-13,2.4386558502685947e-12,1.8637619267307157e-24,2.1627081425683587e-22,2.43865585005046e-12,-8.928474652876893
1st2KB_B64-T61,2.75,-7.25294932620024e-13,2.6731481322252747e-12,1.960022289483867e-24,4.2352058028510595e-24,2.6731481322190794e-12,-8.110184238903354
1st2KB_B64-T61,3.0,-8.3856131673915e-13,2.9068458817722936e-12,1.9116401846235874e-24,3.1641653722811604e-26,2.90684588177035e-12,-7.196543645098149
1st2KB_B64-T61,3.25,-9.45727437334787e-13,3.142046859916402e-12,2.1495914313272883e-24,2.0010414235833767e-28,3.1420468599142525e-12,-6.463302336993935
1st2KB_B64-T61,3.5,-1.09413747593351e-12,3.3749214404558604e-12,1.939541385309946e-24,1.9859355808771836e-32,3.3749214404539213e-12,-5.450874970217206
1st2KB_B64-T61,3.75,-1.30147390260682e-12,3.609291048886497e-12,2.0160164927224134e-24,2.8014895491421535e-32,3.6092910488844808e-12,-4.617862740261409
1st2KB_B64-T61,4.0,-1.49627120589468e-12,3.8444014311709266e-12,2.2471487207976946e-24,3.692550589439507e-29,3.84440143116868e-12,-3.8737492145464083
1st2KB_B64-T61,4.25,-1.76738072961424e-12,4.0779124940300475e-12,2.153679566799026e-24,1.1511378063318227e-26,4.0779124940278826e-12,-2.937704745466022
1st2KB_B64-T61,4.5,-2.17331838289758e-12,4.312172931121e-12,2.215326609418361e-24,8.185437917218136e-25,4.312172931117966e-12,-2.0915910937187587
1st2KB_B64-T61,4.75,-2.81465107297707e-12,4.5464094456031714e-12,2.2735384129461998e-24,3.213624608401579e-23,4.546409445568762e-12,-1.2426065366012506
1st2KB_B64-T61,5.0,-5.20593290698201e-12,4.778237996158518e-12,1.858171829155118e-24,1.7108642328617123e-21,4.778237994445796e-12,-0.10464712121572405
1st2KB_B64-T61,5.25,-1.01330142193712e-11,5.0147919470841595e-12,2.3741022906371532e-24,1.6509835384738622e-20,5.01479193057195e-12,0.46622855947917125
1st2KB_B64-T61,5.5,-2.27022688842338e-11,5.246550708718923e-12,1.928132801616951e-24,4.671354945205134e-19,5.2465502415815004e-12,1.6126170728643245
1st2KB_B64-T61,5.75,-4.65191288268052e-11,5.480671394270579e-12,1.9564824119244563e-24,5.801231776951578e-18,5.480665593036845e-12,2.476142144937497
1st2KB_B64-T61,6.0,-8.59819021536978e-11,5.7164001214961625e-12,2.3037260916753754e-24,4.3761283657283783e-17,5.716356360210202e-12,3.15060490699002
1st2KB_B64-T61,6.25,-1.47658565929909e-10,5.949382711315724e-12,1.9944174600577392e-24,5.916502600343251e-16,5.948791061053696e-12,4.2158213062356396
1st2KB_B64-T61,6.5,-2.15221063193383e-10,6.188709331354304e-12,2.721312659407329e-24,2.6557136628874873e-15,6.186053617688696e-12,4.701656937629154
1st2KB_B64-T61,6.75,-3.91652793529929e-10,6.443954709687261e-12,2.531814088333431e-24,2.4709951390989866e-14,6.419244758293739e-12,5.67609460014208
1st2KB_B64-T61,7.0,-5.9839039279197e-10,6.8327082360602256e-12,2.536117150641184e-24,1.7948400256011808e-13,6.653224233497572e-12,6.555925893928035
1st2KB_B64-T61,7.25,-8.59142923470557e-10,8.48621365990927e-12,2.1741810957070095e-24,1.6006642704460878e-12,6.8855493894610085e-12,7.634288542660491
1st2KB_B64-T61,7.5,-1.17235399166304e-09,1.7061296950454463e-11,2.168638457008086e-24,9.941813225397127e-12,7.119483725055166e-12,8.519536945582164
1st2KB_B64-T61,7.75,-1.67482416824072e-09,6.542640906364642e-11,2.1586620606966883e-24,5.8073012803100125e-11,7.353396260544133e-12,9.407401533044071
1st2KB_B64-T61,8.0,-2.48164422345099e-09,1.9992308127026985e-10,2.9227521935293025e-24,1.9233249524722332e-10,7.590586023043614e-12,9.901973034760585
1st2KB_B64-T61,8.25,-4.02110611474882e-09,1.0337917710340837e-09,2.8987375900553974e-24,1.0259673120221674e-09,7.824459011913418e-12,10.794583528390175
1st2KB_B64-T61,8.5,-7.56089235665058e-09,7.49194387792309e-09,2.2728318178634906e-24,7.483888051106565e-09,8.055826816523118e-12,11.98783588932353
1st2KB_B64-T61,8.75,-1.10273337128319e-08,1.2775473945947025e-08,2.8367040674074082e-24,1.2767181795804025e-08,8.292150142997464e-12,12.586386546841986
1st2KB_B64-T61,9.0,-1.71657816849802e-08,1.2775706094076797e-08,2.3933097558956636e-24,1.2767181795804025e-08,8.524298272768644e-12,13.685993734688504
1st2KB_B64-T61,9.25,-3.94776691337029e-08,1.2775939892240745e-08,2.356845581189303e-24,1.2767181795804025e-08,8.75809643671791e-12,14.587583808858056
1st2KB_B64-T61,9.5,-3.66459964595833e-08,1.2776175348851493e-08,2.7118789191973682e-24,1.2767181795804025e-08,8.993553047465579e-12,15.290147188569936
1st2KB_B64-T61,9.25,-3.18823154543679e-08,1.2775934037930643e-08,1.3505858818572978e-24,1.2767181795804025e-08,8.75224212661677e-12,15.290147188569936
1st2KB_B64-T61,9.0,-2.55516727776239e-08,1.2775692727009792e-08,6.5964374902341815e-25,1.2767181795804025e-08,8.510931205767956e-12,15.290147188569936
1st2KB_B64-T61,8.75,-1.92296472079079e-08,1.2775451416088946e-08,3.1542850072052315e-25,1.2767181795804025e-08,8.269620284919143e-12,15.290147188569936
1st2KB_B64-T61,8.5,-1.50829428946508e-08,1.2775210105168096e-08,1.4738563748253808e-25,1.2767181795804025e-08,8.028309364070334e-12,15.290147188569936
1st2KB_B64-T61,8.25,-1.17360832163627e-08,1.2774968794247247e-08,6.714220852358916e-26,1.2767181795804025e-08,7.78699844322152e-12,15.290147188569936
1st2KB_B64-T61,8.0,-9.3162695335991e-09,1.2774727483326397e-08,2.974257343358615e-26,1.2767181795804025e-08,7.545687522372708e-12,15.290147188569936
1st2KB_B64-T61,7.75,-7.22936865926727e-09,1.277448617240555e-08,1.2771743598663198e-26,1.2767181795804025e-08,7.304376601523896e-12,15.290147188569936
1st2KB_B64-T61,7.5,-5.51782264324174e-09,1.27742448614847e-08,5.2965011038520824e-27,1.2767181795804025e-08,7.063065680675083e-12,15.290147188569936
1st2KB_B64-T61,7.25,-4.18974277494044e-09,1.277400355056385e-08,2.1116698243201275e-27,1.2767181795804025e-08,6.821754759826272e-12,15.290147188569936
1st2KB_B64-T61,7.0,-2.9323046213392e-09,1.2773762239643002e-08,8.0487977717039105e-28,1.2767181795804025e-08,6.580443838977461e-12,15.290147188569936
1st2KB_B64-T61,6.75,-2.25369300999034e-09,1.1339534282346935e-08,2.9123799425104697e-28,1.1333195149428805e-08,6.339132918128649e-12,15.290147188569936
1st2KB_B64-T61,6.5,-1.73923730972803e-09,6.863375350746086e-09,9.913922920270136e-29,6.857277528748806e-09,6.097821997279839e-12,15.290147188569936
1st2KB_B64-T61,6.25,-1.30543753584789e-09,4.139789271039354e-09,3.137066576797154e-29,4.133932759962923e-09,5.8565110764310235e-12,15.290147188569936
1st2KB_B64-T61,6.0,-9.63792934349783e-10,2.4884752614169708e-09,9.077442640608667e-30,2.482860061261388e-09,5.6152001555822104e-12,15.290147188569936
1st2KB_B64-T61,5.75,-7.03198610452205e-10,1.4909049663922895e-09,2.346255118918503e-30,1.485531077157556e-09,5.3738892347334e-12,15.290147188569936
1st2KB_B64-T61,5.5,-5.15349041219082e-10,8.904806175103491e-10,5.227371390967385e-31,8.853480391964646e-10,5.1325783138845874e-12,15.290147188569936
1st2KB_B64-T61,5.25,-3.55303286792008e-10,5.304360973204587e-10,9.465405928747454e-32,5.25544829927423e-10,4.891267393035777e-12,15.290147188569936
1st2KB_B64-T61,5.0,-2.49463477652867e-10,3.1534052790191035e-10,1.2475306026071335e-32,3.1069057142972337e-10,4.649956472186962e-12,15.290147188569936
1st2KB_B64-T61,4.75,-1.76003558949311e-10,1.8731400652217014e-10,9.246306791670857e-34,1.8290536097083198e-10,4.408645551338151e-12,15.290147188569936
1st2KB_B64-T61,4.5,-1.21415766329847e-10,1.11383585445994e-10,1.3685073690915687e-35,1.0721625081550466e-10,4.167334630489339e-12,15.290147188569936
1st2KB_B64-T61,4.25,-8.47146797156029e-11,6.64986758493458e-11,-2.178800050906267e-35,6.257265213970528e-11,3.926023709640527e-12,15.290147188569936
1st2KB_B64-T61,4.0,-5.70897946972071e-11,4.003855264321901e-11,-1.1648831586721512e-33,3.635383985442729e-11,3.684712788791715e-12,15.290147188569936
1st2KB_B64-T61,3.75,-3.29324970071987e-11,2.4467035007967447e-11,-1.478737322690808e-32,2.1023633140024545e-11,3.443401867942903e-12,15.290147188569936
1st2KB_B64-T61,3.5,-2.09073001966598e-11,1.5302632513870855e-11,-1.0884520869185683e-31,1.2100541566776764e-11,3.2020909470940906e-12,15.290147188569936
1st2KB_B64-T61,3.25,-1.31504945821703e-11,9.891636560471674e-12,-5.8993326889130084e-31,6.930856534226397e-12,2.9607800262452774e-12,15.290147188569936
1st2KB_B64-T61,3.0,-7.83435902956819e-12,6.6694694442450665e-12,-2.6136343800545438e-30,3.950000338848598e-12,2.7194691053964684e-12,15.290147188569936
1st2KB_B64-T61,2.75,-4.39296776039155e-12,4.717786430621558e-12,-1.0014586979177256e-29,2.2396282460739028e-12,2.478158184547654e-12,15.290147188569936
1st2KB_B64-T61,2.5,-2.52576778936309e-12,3.50001494345502e-12,-3.4349397060978996e-29,1.2631676797561769e-12,2.236847263698843e-12,15.290147188569936
1st2KB_B64-T61,2.25,-1.33857324096515e-12,2.7041133732594046e-12,-1.0789448315081931e-28,7.085770304093753e-13,1.995536342850029e-12,15.290147188569936
1st2KB_B64-T61,2.0,-6.07187043699664e-13,2.1494880064329538e-12,-3.153653968680443e-28,3.9526258443173523e-13,1.754225422001219e-12,15.290147188569936
1st2KB_B64-T61,1.75,-2.25239626754602e-13,1.7321369954965654e-12,-8.678564133586056e-28,2.1922249434415958e-13,1.5129145011524066e-12,15.290147188569936
1st2KB_B64-T61,1.5,-5.04760189334462e-15,1.3924711772699515e-12,-2.268579197824801e-27,1.2086759696635905e-13,1.271603580303595e-12,15.290147188569936
1st2KB_B64-T61,1.25,5.06422398319824e-14,1.096526623087215e-12,-5.6719586823687e-27,6.623396363243595e-14,1.0302926594547846e-12,15.290147188569936
1st2KB_B64-T61,1.0,1.26984062371119e-13,8.250490902468653e-13,-1.363876522656938e-26,3.6067351640909804e-14,7.889817386059691e-13,15.290147188569936
1st2KB_B64-T61,0.75,1.49431289282569e-13,5.671837490449761e-13,-3.16824734804714e-26,1.9512931287848695e-14,5.476708177571591e-13,15.290147188569936
1st2KB_B64-T61,0.5,1.83591640154357e-13,3.168459686005771e-13,-7.136145980696434e-26,1.0486071692301735e-14,3.063598969083467e-13,15.290147188569936
1st2KB_B64-T61,0.25,2.0442247070443e-13,7.064509950642991e-14,-1.5633092230363884e-25,5.596123447053547e-15,6.504897605953269e-14,15.290147188569936
1st2KB_B64-T61,0.0,2.38123052092448e-13,-1.7329682389761219e-13,-3.339582882970778e-25,2.9651208920012287e-15,-1.7626194478927947e-13,15.290147188569936
