index,segment_index,voltage_v,polarization_uc_cm2,polarization_change_uc_cm2,screening_charge_uc_cm2,fe_field_mv_cm,il_field_mv_cm,residual_mv_cm,converged,used_fallback,j_total_uA_per_um2,j_thermionic_uA_per_um2,j_tunneling_uA_per_um2,j_pf_uA_per_um2,j_tat_uA_per_um2,j_sclc_uA_per_um2,top_barrier_ev,bottom_barrier_ev,tunneling_transmission,trap_tunneling_transmission
0,0,-20.0,-21.010511366717758,-21.509919837581865,-26.206294144276885,-3.6676026131949815,-31.825404547282755,-0.003991274685212415,1,0,-1.2043239194495232e-13,-3.054285816691591e-48,-2.3321281272926645e-38,-1.2043239194495232e-13,-1.6178312654875715e-33,0.0,3.1280254099061566,3.1483200318039177,6.721002478382317e-48,6.932172250114342e-37
1,0,-19.75,-21.010511366717758,0.0,-26.13076220275371,-3.614286075924304,-31.733677171333206,-0.0037397375033313787,1,0,-1.1275037336046915e-13,-2.9369934803072174e-48,-4.338014233294353e-39,-1.1275037336046915e-13,-4.393862346389536e-34,0.0,3.1290377576131543,3.1496454219536343,1.2501802140294792e-48,1.9044603104758247e-37
2,0,-19.5,-21.010511366717758,0.0,-26.055230261230538,-3.560969538653625,-31.64194979538365,-0.021650761742696402,1,0,-1.054953474850319e-13,-2.8240455182311267e-48,-7.705172199608268e-40,-1.054953474850319e-13,-1.1465393345898198e-34,0.0,3.1300515694948876,3.1509806245099825,2.2205675942019495e-49,5.027612330549669e-38
3,0,-19.25,-21.010511366717758,0.0,-25.979698319707357,-3.5076530013829434,-31.55022241943409,-0.039561785982072016,1,0,-9.864673120483313e-14,-2.715286737311329e-48,-1.2930026347144345e-40,-9.864673120483313e-14,-2.8686380117258744e-35,0.0,3.131066851922771,3.1523258606904507,3.7263278165419667e-50,1.2727856429258327e-38
4,0,-19.0,-21.010511366717758,0.0,-25.904166378184186,-3.4543364641122656,-31.458495043484536,-0.05747281022143704,1,0,-9.218480120596918e-14,-2.610567291514754e-48,-2.0492328484940094e-41,-9.218480120596918e-14,-6.886115994309816e-36,0.0,3.1320836113145636,3.1536813601517344,5.905721427707089e-51,3.091870607346316e-39
5,0,-18.75,-21.010511366717758,0.0,-25.828634436661012,-3.401019926841587,-31.36676766753498,-0.07538383446081043,1,0,-8.609066275211546e-14,-2.5097425042194903e-48,-3.0698455361715526e-42,-8.609066275211546e-14,-1.583267505299969e-36,0.0,3.1331018541348405,3.15504736144746,8.847043700301242e-52,7.195002665830731e-40
6,0,-18.5,-21.010511366717758,0.0,-25.753102495137835,-3.3477033895709054,-31.275040291585423,-0.09329485870017601,1,0,-8.034621945391448e-14,-2.4126726962040218e-48,-4.333554659848466e-43,-8.034621945391448e-14,-3.458124256625876e-37,0.0,3.134121586895475,3.1564241125183314,1.2488950014448202e-52,1.5907820505516011e-40
7,0,-18.25,-21.010511366717758,0.0,-25.677570553614665,-3.2943868523002275,-31.18331291563587,-0.11120588293954994,1,0,-7.493414400229672e-14,-2.3192230191585465e-48,-5.749089935721829e-44,-7.493414400229672e-14,-7.233767673934111e-38,0.0,3.1351428161561197,3.157811871217548,1.6568406878778777e-53,3.3689408629124536e-41
8,0,-18.0,-21.010511366717758,0.0,-25.60203861209149,-3.241070315029549,-31.091585539686314,-0.40972103918057284,1,0,-6.983784983865952e-14,-2.2292632945459167e-48,-7.107799390001803e-45,-6.983784983865952e-14,-1.430654344248524e-38,0.0,3.1361655485247053,3.1592109058746565,2.048409637402889e-54,6.746666468502332e-42
9,0,-17.75,-21.010511366717758,0.0,-25.526506670568313,-3.1877537777588674,-30.999858163736757,-0.42638245707765726,1,0,-6.504146373550821e-14,-2.142667857647753e-48,-8.213136728833686e-46,-6.504146373550821e-14,-2.6859373763560465e-39,0.0,3.137189790657933,3.1606214959013137,2.3669588160177787e-55,1.282758022031306e-42
10,0,-17.5,-21.010511366717758,0.0,-25.45097472904514,-3.1344372404881895,-30.9081307877872,-0.44304387497474945,1,0,-6.052979926181632e-14,-2.0593154066336426e-48,-8.806915030198335e-47,-6.052979926181632e-14,-4.753287813515358e-40,0.0,3.1382155492617847,3.1620439324428498,2.538080864947153e-56,2.2993638732579213e-43
11,0,-17.25,-21.010511366717758,0.0,-25.37544278752197,-3.0811207032175107,-30.816403411837648,-0.45970529287183215,1,0,-5.628833110800936e-14,-1.9790888564980393e-48,-8.74696099625686e-48,-5.628833110800936e-14,-7.94194161731167e-41,0.0,3.139242831092033,3.163478519079924,2.5208026028313635e-57,3.892039562098876e-44
12,0,-17.0,-21.010511366717758,0.0,-25.299910845998788,-3.0278041659468298,-30.724676035888088,-0.4763667107689266,1,0,-5.230317024611062e-14,-1.9018751977130266e-48,-8.015481915016244e-49,-5.230317024611062e-14,-1.2439752976399133e-41,0.0,3.140271642954761,3.1649255725850653,2.3099963156309157e-58,6.176940319775888e-45
13,0,-16.75,-21.010511366717758,0.0,-25.224378904475614,-2.9744876286761515,-30.63294865993853,-0.4930281286660082,1,0,-4.8561039901205476e-14,-1.827565359450453e-48,-6.727381424915261e-50,-4.8561039901205476e-14,-1.8263429159722106e-42,0.0,3.141301991706887,3.1663854237394427,1.9387762919513265e-59,9.190331366463662e-46
14,0,-16.5,-21.010511366717758,0.0,-25.148846962952447,-2.9211710914054727,-30.541221283988982,-0.509689546563091,1,0,-4.5049252310975706e-14,-1.756054077230447e-48,-5.1622775608286156e-51,-4.5049252310975706e-14,-2.4999718223578762e-43,0.0,3.142333884256701,3.1678584182158227,1.487726161971396e-60,1.2751148899559018e-46
15,0,-16.25,-21.010511366717758,0.0,-25.073315021429266,-2.8678545541347917,-30.449493908039422,-0.5263509644601848,1,0,-4.1755686250657205e-14,-1.687239764858719e-48,-3.604755082697228e-52,-4.1755686250657205e-14,-3.1781602120572097e-44,0.0,3.143367327564402,3.1693449175344015,1.038860925402704e-61,1.6433711079749427e-47
16,0,-16.0,-21.010511366717758,0.0,-24.997783079906092,-2.8145380168641134,-30.357766532089865,-0.543012382357268,1,0,-3.866876530133883e-14,-1.6210243905181207e-48,-2.269663451663487e-53,-3.866876530133883e-14,-3.7370629081886925e-45,0.0,3.1444023286426455,3.170845300098987,6.540984393268606e-63,1.9593790344556e-48
17,0,-15.75,-21.010511366717758,0.0,-24.92225113838292,-2.7612214795934347,-30.266039156140312,-0.5596738002543608,1,0,-3.5777436840091894e-14,-1.5573133568847768e-48,-1.2867220094283546e-54,-3.5777436840091894e-14,-4.034695567619442e-46,0.0,3.145438894557102,3.1723599623219574,3.708227568266784e-64,2.1454176998136084e-49
18,0,-15.5,-21.010511366717758,0.0,-24.84671919685975,-2.707904942322757,-30.174311780190756,-0.576335218151443,1,0,-3.3071151730963714e-14,-1.4960153851427932e-48,-6.500745974487301e-56,-3.3071151730963714e-14,-4.0103660261611956e-47,0.0,3.1464770324270166,3.1738893198474623,1.8734618091752926e-65,2.1631439255014814e-50
19,0,-15.25,-21.010511366717758,0.0,-24.77118725533657,-2.6545884050520754,-30.082584404241196,-0.5929966360485368,1,0,-3.053984469641363e-14,-1.4370424027748465e-48,-2.9159455902646516e-57,-3.053984469641363e-14,-3.6169409611718406e-48,0.0,3.14751674942578,3.1754338088835685,8.403516646295009e-67,1.9793971633970102e-51
20,0,-15.0,-21.010511366717758,0.0,-24.695655313813397,-2.6012718677813975,-29.990857028291646,-0.6096580539456196,1,0,-2.8173915349287228e-14,-1.3803094350107544e-48,-1.1557368108832916e-58,-2.8173915349287228e-14,-2.9674144065019553e-49,0.0,3.1485580527815085,3.176993887655445,3.3307389415699495e-68,1.647981332956161e-52
21,0,-14.75,-21.010511366717758,0.0,-24.620123372290227,-2.547955330510719,-29.89912965234209,-0.6263194718427012,1,0,-2.5964209865941088e-14,-1.3257344998184249e-48,-3.9737334674040474e-60,-2.5964209865941088e-14,-2.1899334714325656e-50,0.0,3.149600949777629,3.1785700379933095,1.145197477372639e-69,1.234476349011604e-53
22,0,-14.5,-21.010511366717758,0.0,-24.54459143076705,-2.4946387932400373,-29.807402276392533,-0.6429808897397962,1,0,-2.3902003281637824e-14,-1.2732385063262949e-48,-1.187863734366065e-61,-2.3902003281637824e-14,-1.4427981277012517e-51,0.0,3.1506454477534724,3.1801627670707275,3.4233261068391168e-71,8.25720890234592e-55
23,0,-14.25,-21.010511366717758,0.0,-24.469059489243875,-2.441322255969359,-29.715674900442977,-0.6596423076368797,1,0,-2.197898238981125e-14,-1.2227451565687398e-48,-3.0387864117341974e-63,-2.197898238981125e-14,-8.460448742739173e-53,0.0,3.151691554104878,3.181772609311051,8.757533844527502e-73,4.916975577084405e-56
24,0,-14.0,-21.010511366717758,0.0,-24.3935275477207,-2.388005718698681,-29.62394752449342,-0.6763037255339704,1,0,-2.0187229227285005e-14,-1.174180850449613e-48,-6.616521595392048e-65,-2.0187229227285005e-14,-4.3817928368784113e-54,0.0,3.1527392762848043,3.1834001284822953,1.906827395994074e-74,2.586650201146319e-57
25,0,-13.75,-21.010511366717758,0.0,-24.317995606197524,-2.3346891814279993,-29.532220148543864,-0.6929651434310661,1,0,-1.851920512799928e-14,-1.127474593822881e-48,-1.2046187347462557e-66,-1.851920512799928e-14,-1.9799140031714937e-55,0.0,3.1537886218039466,3.185045920003745,3.471612647258012e-76,1.1874653950948699e-58
26,0,-13.5,-21.010511366717758,0.0,-24.24246366467435,-2.281372644157321,-29.44049277259431,-0.7096265613281378,1,0,-1.6967735328251277e-14,-1.0825579095910171e-48,-1.8265122009628638e-68,-1.6967735328251277e-14,-7.718823042972322e-57,0.0,3.154839598231367,3.1867106134910403,5.26385874163697e-78,4.704630579959363e-60
27,0,-13.25,-21.010511366717758,0.0,-24.166931723151176,-2.228056106886643,-29.348765396644758,-0.7262879792252309,1,0,-1.5525994106902634e-14,-1.0393647517262336e-48,-2.256615952061925e-70,-1.5525994106902634e-14,-2.5839879077448476e-58,0.0,3.155892213195132,3.188394875570595,6.503382566794093e-80,1.600956007073261e-61
28,0,-13.0,-21.010511366717758,0.0,-24.09139978162801,-2.174739569615965,-29.2570380206952,-0.7429493971223122,1,0,-1.4187490444446274e-14,-9.978314221216675e-49,-2.2535981121849188e-72,-1.4187490444446274e-14,-7.314395258398321e-60,0.0,3.156946474382956,3.1900994129990137,6.494685399149078e-82,4.6078710382427455e-63
29,0,-12.75,-21.010511366717758,0.0,-24.01586784010483,-2.121423032345283,-29.16531064474564,-0.7596108150194083,1,0,-1.2946054185247913e-14,-9.578964901829138e-49,-1.7823587405819866e-74,-1.2946054185247913e-14,-1.737735637203417e-61,0.0,3.158002389542858,3.191824976128919,5.13661208088273e-84,1.1134252673837476e-64
30,0,-12.5,-21.010511366717758,0.0,-23.940335898581655,-2.068106495074605,-29.07358326879609,-0.7762722329164885,1,0,-1.1795822687692784e-14,-9.195007150725459e-49,-1.0970667868224894e-76,-1.1795822687692784e-14,-3.38754882028923e-63,0.0,3.159059966483827,3.1935723627693897,3.161656731847123e-86,2.2082341833488786e-66
31,0,-12.25,-21.010511366717758,0.0,-23.86480395705848,-2.0147899578039272,-28.981855892846536,-0.7929336508135807,1,0,-1.0731227947377128e-14,-8.825869705237506e-49,-5.159827319343086e-79,-1.0731227947377128e-14,-5.374166359099632e-65,0.0,3.1601192130764915,3.195342422497357,1.487020022419964e-88,3.5652011810563103e-68
32,0,-12.0,-21.010511366717758,0.0,-23.78927201553531,-1.9614734205332487,-28.890128516896983,-0.809595068710664,1,0,-9.746984178878519e-15,-8.471001721407988e-49,-1.8142391927796988e-81,-9.746984178878519e-15,-6.817135148081061e-67,0.0,3.161180137253808,3.197136061486069,5.228488936071435e-91,4.603880690479778e-70
33,0,-11.75,-21.010511366717758,0.0,-23.713740074012133,-1.9081568832625668,-28.798401140947423,-0.8262564866077484,1,0,-8.838075842027708e-15,-8.129872071073683e-49,-4.656712942366659e-84,-8.838075842027708e-15,-6.767012826405142e-69,0.0,3.1622427470117525,3.1989542479284934,1.3420265748046395e-93,4.653815525119436e-72
34,0,-11.5,-21.010511366717758,0.0,-23.63820813248896,-1.8548403459918887,-28.706673764997866,-0.8429179045048397,1,0,-7.999746098981971e-15,-7.801968662258629e-49,-8.452217800720998e-87,-7.999746098981971e-15,-5.168887183318887e-71,0.0,3.1633070504100216,3.200798018147785,2.4358600250844657e-96,3.621139228031334e-74
35,0,-11.25,-21.010511366717758,0.0,-23.56267619096579,-1.8015238087212104,-28.614946389048313,-0.8595793224019236,1,0,-7.227485688771091e-15,-7.486797782131952e-49,-1.057757046928094e-89,-7.227485688771091e-15,-2.9514765916766724e-73,0.0,3.164373055572747,3.2026684835043056,3.0483692772845374e-99,2.107050871735343e-76
36,0,-11.0,-21.010511366717758,0.0,-23.48714424944261,-1.7482072714505292,-28.523219013098753,-0.876240740299018,1,0,-6.517022206347669e-15,-7.183883461807127e-49,-8.813045622506323e-93,-6.517022206347669e-15,-1.2332162799623046e-75,0.0,3.165440770689221,3.20456683822989,2.53984765149776e-102,8.97469628854742e-79
37,0,-10.75,-21.010511366717758,0.0,-23.411612307919437,-1.6948907341798505,-28.431491637149197,-0.89290215819611,1,0,-5.864309773526637e-15,-6.892766862287208e-49,-4.6873147021954676e-96,-5.864309773526637e-15,-3.639675627560576e-78,0.0,3.166510204014627,3.2064943683462173,1.3508457516433944e-105,2.701167495511284e-81
38,0,-10.5,-21.010511366717758,0.0,-23.336080366396263,-1.6415741969091726,-28.339764261199647,-0.9095635760931832,1,0,-5.265519089543499e-15,-6.613005680872824e-49,-1.5306213512614124e-99,-5.265519089543499e-15,-7.388787936492446e-81,0.0,3.167581363870786,3.208452461856469,4.411125518748939e-109,5.594230853055611e-84
39,0,-10.25,-21.010511366717758,0.0,-23.260548424873086,-1.5882576596384912,-28.248036885250087,-0.9262249939902779,1,0,-4.717027849298903e-15,-6.344173577379466e-49,-2.913334114321021e-103,-4.717027849298903e-15,-9.884559862596701e-84,0.0,3.1686542586469137,3.210442620439781,8.395990586262556e-113,7.638002983039414e-87
40,0,-10.0,-21.010511366717758,0.0,-23.185016483349912,-1.5349411223678129,-28.156309509300534,-0.9428864118873583,1,0,-4.215411517687564e-15,-6.085859619527904e-49,-3.0551140024856686e-107,-4.215411517687564e-15,-8.35250307749885e-87,0.0,3.1697288968003834,3.2124664729285315,8.804588625361538e-117,6.589899074024275e-90
41,0,-9.75,-21.010511366717758,0.0,-23.10948454182674,-1.4816245850971346,-28.064582133350978,0.9553891518664833,1,0,-3.75743444873152e-15,-5.837667746886373e-49,-1.6592353339038265e-111,-3.75743444873152e-15,-4.242898659640613e-90,0.0,3.1708052868575067,3.2145257909123734,4.781780495196469e-121,3.419452470869634e-93
42,0,-9.5,-21.010511366717758,0.0,-23.033952600303564,-1.4283080478264532,-27.972854757401418,0.928730883231138,1,0,-3.340041338557147e-15,-5.599216252772225e-49,-4.31163058506604e-116,-3.340041338557147e-15,-1.2234522186861535e-93,0.0,3.1718834374143214,3.2166225068941543,1.2425766624468689e-125,1.0076581674069313e-96
43,0,-9.25,-21.010511366717758,0.0,-22.95842065878039,-1.374991510555775,-27.881127381451865,0.9020726145958027,1,0,-2.9603490015647946e-15,-5.37013728352946e-49,-4.944995724135122e-121,-2.9603490015647946e-15,-1.880705086009789e-97,0.0,3.172963357137393,3.2187587355271465,1.4251073141544995e-130,1.5837573125216627e-100
44,0,-9.0,-21.010511366717758,0.0,-22.882888717257213,-1.3216749732850932,-27.789400005502305,0.8754143459604626,1,0,-2.6156384594479795e-15,-5.150076354622986e-49,-2.266409417729995e-126,-2.6156384594479795e-15,-1.4247235307084642e-101,0.0,3.1740450547646275,3.220936798597911,6.5316065336751336e-136,1.2273238477412948e-104
45,0,-8.75,-21.010511366717758,0.0,-22.80735677573404,-1.2683584360144151,-27.697672629552752,0.8487560773251285,1,0,-2.303347333022134e-15,-4.9386918830055646e-49,-3.69511366573012e-132,-2.303347333022134e-15,-4.851649941196782e-106,0.0,3.175128539106096,3.2231592545953283,1.0649015298360543e-141,4.277674871984783e-109
46,0,-8.5,-21.010511366717758,0.0,-22.73182483421087,-1.2150418987437368,-27.6059452536032,0.8220978086897863,1,0,-2.021062527123355e-15,-4.73565473522983e-49,-1.8692359353580987e-138,-2.021062527123355e-15,-6.724174561759013e-111,0.0,3.176213819044872,3.2254289339387845,5.386985049062226e-148,6.07137460069955e-114
47,0,-8.25,-21.010511366717758,0.0,-22.65629289268769,-1.1617253614730552,-27.51421787765364,0.7954395400544386,1,0,-1.7665131991399813e-15,-4.540647790795681e-49,-2.4971582033064453e-145,-1.7665131991399813e-15,-3.338370359655538e-116,0.0,3.1773009035378807,3.2277489812484377,7.1966056568336916e-155,3.0886165459803714e-119
48,0,-8.0,-21.010511366717758,0.0,-22.580760951164518,-1.1084088242023773,-27.422490501704083,0.7687812714191035,1,0,-1.5375640020432282e-15,-4.353365520237912e-49,-7.283567113563126e-153,-1.5375640020432282e-15,-5.119542978783932e-122,0.0,3.1783898016167624,3.2301229064585595,2.0990644574297224e-162,4.856309573377624e-125
49,0,-7.75,-21.010511366717758,0.0,-22.505229009641347,-1.055092286931699,-27.33076312575453,0.7421230027837613,1,0,-1.3322085930952974e-15,-4.173513577475569e-49,-6.948560958873067e-161,-1.3322085930952974e-15,-2.0350419688819678e-128,0.0,3.179480522388747,3.2325546471460087,2.0025184242338943e-170,1.9804871847583382e-131
50,0,-7.5,-21.010511366717758,0.0,-22.429697068118166,-1.0017757496610171,-27.23903574980497,0.7154647341484279,1,0,-1.1485633997394137e-15,-4.000808405958762e-49,-1.9694779836400842e-167,-1.1485633997394137e-15,-1.685551889598773e-135,0.0,3.1805730750375427,3.235048645236668,5.67587443170668e-177,1.6840566580789146e-138
51,0,-7.25,-21.010511366717758,0.0,-22.354165126594992,-0.9484592123903389,-27.147308373855413,0.6888064655130869,1,0,-9.84861634525423e-16,-3.834976858163055e-49,-3.146275327547031e-173,-9.84861634525423e-16,-2.2381238329173435e-143,0.0,3.1816674688242395,3.2376099423642057,9.067308106551152e-183,2.2973268505545457e-146
52,0,-7.0,-21.010511366717758,0.0,-22.27863318507182,-0.8951426751196608,-27.055580997905864,0.6621481968777517,1,0,-8.394475513122376e-16,-3.675755827996763e-49,-1.413390115435599e-178,-8.394475513122376e-16,-3.777684465115402e-152,0.0,3.1827637130882227,3.2402442997437007,4.0732746874381437e-188,3.9867019140148655e-155
53,0,-6.75,-21.010511366717758,0.0,-22.203101243548648,-0.8418261378489827,-26.963853621956307,0.6354899282424076,1,0,-7.1077093543878035e-16,-3.5228918956982564e-49,-1.343935897257793e-183,-7.1077093543878035e-16,-1.839953427953192e-159,0.0,3.1838618172481064,3.242958350733388,3.873113312493e-193,1.9979664639812552e-162
54,0,-6.5,-21.010511366717758,0.0,-22.127569302025474,-0.7885096005783028,-26.87212624600675,0.6088316596070638,1,0,-5.973818211023241e-16,-3.3761409848168807e-49,-2.30268479050833e-188,-5.973818211023241e-16,-9.505975552033898e-166,0.0,3.1849617908026726,3.2457597976877715,6.636149190441794e-198,1.0630052585639132e-168
55,0,-6.25,-21.010511366717758,0.0,-22.052037360502297,-0.7351930633076229,-26.780398870057194,0.5821733909717277,1,0,-4.979254298913704e-16,-3.2352680308785818e-49,-6.402022275324752e-193,-4.979254298913704e-16,-1.7368312707031123e-171,0.0,3.186063643331835,3.2486576699119185,1.8450104467059057e-202,2.0018882133984177e-174
56,0,-6.0,-21.010511366717758,0.0,-21.976505418979126,-0.6818765260369447,-26.688671494107645,0.5555151223363902,1,0,-4.1113732538817395e-16,-3.1000466613567046e-49,-2.682267563706462e-197,-4.1113732538817395e-16,-7.691587308021156e-177,0.0,3.187167384497608,3.251662667630869,7.730075690259583e-207,9.146435173983991e-180
57,0,-5.75,-21.010511366717758,0.0,-21.900973477455953,-0.6285599887662666,-26.59694411815809,0.5288568537010561,1,0,-3.3583878016164295e-16,-2.9702588865742396e-49,-1.6027339679515809e-201,-3.3583878016164295e-16,-6.735290055658565e-182,0.0,3.1882730240450994,3.254787629865394,4.618948180731023e-211,8.271466942720309e-185
58,0,-5.5,-21.010511366717758,0.0,-21.825441535932775,-0.5752434514955849,-26.50521674220853,0.5021985850657105,1,0,-2.709323536280386e-16,-2.8456948011794184e-49,-1.3087915120061305e-205,-2.709323536280386e-16,-1.0252050443910023e-186,0.0,3.1893805718035106,3.2580481855696592,3.7718300692554806e-215,1.3016464768257133e-189
59,0,-5.25,-21.010511366717758,0.0,-21.7499095944096,-0.5219269142249067,-26.413489366258975,0.47554031643036615,1,0,-2.1539768274925094e-16,-2.72615229584647e-49,-1.4117638885321326e-209,-2.1539768274925094e-16,-2.4808718795253473e-191,0.0,3.190490037687158,3.2614636842369578,4.0685880345391455e-219,3.260172162457376e-194
60,0,-5.0,-21.010511366717758,0.0,-21.67437765288643,-0.4686103769542286,-26.32176199030942,0.448882047795032,1,0,-1.6828749349963732e-16,-2.6114367788642586e-49,-1.9565516712019133e-213,-1.6828749349963732e-16,-8.938074682154345e-196,0.0,3.1916014316965082,3.265058568256276,5.638621856723097e-223,1.2172152427100702e-198
61,0,-4.75,-21.010511366717758,0.0,-21.598845711363253,-0.4152938396835469,-26.23003461435986,0.4152938396835469,1,0,-1.2872385177749846e-16,-2.501360907287186e-49,-3.404473706099804e-217,-1.2872385177749846e-16,-4.5592901689287106e-200,0.0,3.1927147639192297,3.2688644740312314,9.811414711097801e-227,6.442888453394451e-203
62,0,-4.5,-21.010511366717758,0.0,-21.52331376984008,-0.36197730241286874,-26.138307238410306,0.36197730241286874,1,0,-9.589469299382183e-17,-2.3957443273318974e-49,-7.2944732746858825e-221,-9.589469299382183e-17,-3.1644687547142913e-204,0.0,3.1938300445312597,3.2729235993248413,2.102207523845236e-230,4.646874436318641e-207
63,0,-4.25,-21.010511366717758,0.0,-21.44778182831691,-0.30866076514219054,-26.046579862460753,0.30866076514219054,1,0,-6.905071170507032e-17,-2.2944134237138183e-49,-1.8928080003418023e-224,-6.905071170507032e-17,-2.8937700676986047e-208,0.0,3.1949472837978927,3.2772944168746374,5.454917811984637e-234,4.422490755095246e-211
64,0,-4.0,-21.010511366717758,0.0,-21.37224988679373,-0.2553442278715089,-25.95485248651119,0.2553442278715089,1,0,-4.750278658829927e-17,-2.1972010776283542e-49,-5.863437458764061e-228,-4.750278658829927e-17,-3.394849199323448e-212,0.0,3.1960664920748787,3.282062108190517,1.689794708575527e-237,5.408634737707863e-215
65,0,-3.75,-21.010511366717758,0.0,-21.296717945270554,-0.20202769060083073,-25.86312511056164,0.20202769060083073,1,0,-3.062034932780008e-17,-2.103946433088767e-49,-2.14137134111147e-231,-3.062034932780008e-17,-4.996305097674646e-216,0.0,3.1971876798095464,3.2873595913517355,6.171257025854201e-241,8.313128119664623e-219
66,0,-3.5,-21.010511366717758,0.0,-21.22118600374738,-0.14871115333015256,-25.771397734612083,0.14871115333015256,1,0,-1.7831777248565056e-17,-2.0144946713442304e-49,-9.118885694866943e-235,-1.7831777248565056e-17,-9.050314574241927e-220,0.0,3.198310857541939,3.293416295591558,2.6279882583653e-244,1.575733733933854e-222
67,0,-3.25,-21.010511366717758,0.0,-21.14565406222421,-0.09539461605947264,-25.679670358662527,0.09539461605947264,1,0,-8.630295932556543e-18,-1.9286967931088307e-49,-4.483977043474179e-238,-8.630295932556543e-18,-1.9847974341237246e-223,0.0,3.1994360359059706,3.3006993104723197,1.292245501844909e-247,3.623894813841158e-226
68,0,-3.0,-21.010511366717758,0.0,-21.070122120701033,-0.042078078788792724,-25.58794298271297,0.042078078788792724,1,0,-2.601609971923963e-18,-1.8464094083414906e-49,-2.5239312775703064e-241,-2.601609971923963e-18,-5.194843615220208e-227,0.0,3.2005632256306025,3.310539954127732,7.273763466636456e-251,9.970161969548721e-230
69,0,-2.75,-21.010511366717758,0.0,-20.99459017917786,0.011238458481885436,-25.496215606763414,-0.011238458481885436,1,0,-4.82979988343816e-19,-1.7674945333255054e-49,-1.6135953907470063e-244,-4.82979988343816e-19,-1.6387197565065148e-230,0.0,3.201692437541034,3.3199429807549192,4.6502499126867015e-254,3.241015494934066e-233
70,0,-2.5,-21.010511366717758,0.0,-20.919058237654685,0.06455499575256536,-25.40448823081386,-0.06455499575256536,1,0,-4.776649962457541e-18,-1.691819394803242e-49,-1.1634797694078581e-247,-4.776649962457541e-18,-6.553871574907568e-234,0.0,3.202823682559918,3.3058964596471254,3.353053514609312e-257,1.2312884916339044e-236
71,0,-2.25,-21.010511366717758,0.0,-20.84352629613151,0.11787153302324352,-25.312760854864308,-0.11787153302324352,1,0,-1.2101412075949854e-17,-1.6192562409310382e-49,-9.401604963315487e-251,-1.2101412075949854e-17,-3.0260428958766707e-237,0.0,3.2039569717085907,3.29742980382329,2.7094656386898093e-260,5.41393676551159e-240
72,0,-2.0,-21.010511366717758,0.0,-20.767994354608334,0.17118807029392516,-25.221033478914748,-0.17118807029392516,1,0,-2.2758105711941693e-17,-1.5496821588251246e-49,-8.464590550194308e-254,-2.2758105711941693e-17,-1.599406190460138e-240,0.0,3.205092316108328,3.290748825489724,2.4394257502648846e-263,2.731254238371376e-243
73,0,-1.75,-21.010511366717758,0.0,-20.69246241308516,0.22450460756460333,-25.12930610296519,-0.22450460756460333,1,0,-3.7206765159068133e-17,-1.4829788984783983e-49,-8.44638540443353e-257,-3.7206765159068133e-17,-9.603703386381128e-244,0.0,3.2062297269816162,3.285050119890228,2.4341791761875188e-266,1.568585912548222e-246
74,0,-1.5,-21.010511366717758,0.0,-20.61693047156199,0.27782114483528153,-25.03757872701564,-0.27782114483528153,1,0,-5.598290826789262e-17,-1.4190327028339924e-49,-9.295845030420124e-260,-5.598290826789262e-17,-6.506101260864032e-247,0.0,3.207369215653446,3.279996712674769,2.6789864912199637e-269,1.0183117233832762e-249
75,0,-1.25,-21.010511366717758,0.0,-20.541398530038812,0.33113768210596317,-24.94585135106608,-0.33113768210596317,1,0,-7.968327452207053e-17,-1.3577341438083118e-49,-1.1233663598564453e-262,-7.968327452207053e-17,-4.9417971891609304e-250,0.0,3.208510793552631,3.2754091054774115,3.23744994984103e-272,7.424922689203153e-253
76,0,-1.0,-21.010511366717758,0.0,-20.465866588515638,0.38445421937664137,-24.854123975116522,-0.38445421937664137,1,0,-1.0896300911876412e-16,-1.2989779640642315e-49,-1.4845006893161483e-265,-1.0896300911876412e-16,-4.184562327438328e-253,0.0,3.209654472213142,3.271178211636987,4.278209544017052e-275,6.045071435186138e-256
77,0,-0.75,-21.010511366717758,0.0,-20.390334646992468,0.4377707566473195,-24.762396599166973,-0.4377707566473195,1,0,-1.44536338262201e-16,-1.2426629243390868e-49,-2.1370356190496646e-268,-1.44536338262201e-16,-3.9295695154352336e-256,0.0,3.210800263275467,3.2672318567450827,6.15876182956772e-278,5.466197580204535e-259
78,0,-0.5,-21.010511366717758,0.0,-20.314802705469294,0.4910872939179977,-24.670669223217416,-0.4910872939179977,1,0,-1.871786729799283e-16,-1.1886916466724903e-49,-3.339499200291003e-271,-1.871786729799283e-16,-4.0727104910426715e-259,0.0,3.2119481784879955,3.263519349964696,9.624163577422398e-281,5.46273922406822e-262
79,0,-0.25,-21.010511366717758,0.0,-20.239270763946116,0.5444038311886793,-24.57894184726786,-0.5444038311886793,1,0,-2.3769943833918816e-16,-1.136826991647595e-49,-5.645571882596963e-274,-2.3769943833918816e-16,-4.6375511892577523e-262,0.0,3.2130982297084225,3.2600034725821105,1.6272130466721065e-283,6.006378126087435e-265
80,0,0.0,-21.010511366717758,0.0,-20.163738822422943,0.5977203684593575,-24.487214471318303,-0.5977203684593575,1,0,0.0,0.0,0.0,0.0,0.0,0.0,3.214250428905178,3.2566559418084187,2.967620825587504e-286,7.235657205879062e-268
81,0,0.25,-21.010511366717758,0.0,-20.08820688089977,0.6510369057300375,-24.395487095368747,-0.6510369057300375,1,0,3.662078677722394e-16,1.0397906310573946e-49,2.0196544938326205e-279,3.662078677722394e-16,7.852331541969012e-268,0.0,3.2154047881588785,3.253454667722605,5.821213883158711e-289,9.513200942246274e-271
82,0,0.5,-21.010511366717758,0.0,-20.01267493937659,0.7043534430007172,-24.303759719419194,-0.7043534430007172,1,0,4.462579516206694e-16,9.944245784698533e-50,4.250269676096246e-282,4.462579516206694e-16,1.1591215440027785e-270,0.0,3.2165613196638083,3.2503820063371127,1.2248929602182241e-291,1.3601891767225917e-273
83,0,0.75,-21.010511366717758,0.0,-19.937142997853417,0.7576699802713955,-24.212032343469637,-0.7576699802713955,1,0,5.382381273660058e-16,9.508374533716057e-50,9.569545362109704e-285,5.382381273660058e-16,1.852474001760458e-273,0.0,3.217720035729419,3.247423599398192,2.7578646877531696e-294,2.1078746551447112e-276
84,0,1.0,-21.010511366717758,0.0,-19.861611056330247,0.8109865175420754,-24.12030496752008,-0.8109865175420754,1,0,6.434089280852341e-16,9.090835501336018e-50,2.3000289926368118e-287,6.434089280852341e-16,3.195912818480435e-276,0.0,3.21888094878186,3.244567576659695,6.628495398239015e-297,3.529471685761662e-279
85,0,1.25,-21.010511366717758,0.0,-19.786079114807073,0.8643030548127536,-24.028577591570524,-0.8643030548127536,1,0,7.630723025877082e-16,8.690888934213095e-50,5.888165068889542e-290,7.630723025877082e-16,5.934932367690845e-279,0.0,3.220044071365533,3.2418039911376724,1.6969210035244564e-299,6.3669180312392265e-282
86,0,1.5,-21.010511366717758,0.0,-19.710547173283896,0.9176195920834335,-23.936850215620968,-0.9176195920834335,1,0,8.986225547503771e-16,8.307823650166198e-50,1.602227795662778e-292,8.986225547503771e-16,1.1831819704024245e-281,0.0,3.2212094161446725,3.2391244092140767,4.617489433603145e-302,1.2340111409864501e-284
87,0,1.75,-21.010511366717758,0.0,-19.63501523176072,0.9709361293541133,-23.84512283967141,-0.9709361293541133,1,0,1.051551283017033e-15,7.940956052602601e-50,4.624982745947865e-295,1.051551283017033e-15,2.525867923167902e-284,0.0,3.222376995904956,3.2365216066562046,1.3328821917720555e-304,2.5631149437558316e-287
88,0,2.0,-21.010511366717758,0.0,-19.559483290237548,1.0242526666247915,-23.753395463721862,-1.0242526666247915,1,0,1.2234525344154865e-15,7.589629103713165e-50,3.4212201331079307e-295,1.2234525344154865e-15,5.760588350520853e-287,0.0,3.2235468235551394,3.23398933890664,9.85967654375977e-305,5.691570469931475e-290
89,0,2.25,-21.010511366717758,0.0,-19.483951348714374,1.0775692038954714,-23.661668087772302,-1.0775692038954714,1,0,1.4160281821806924e-15,7.253211334348536e-50,3.4212201331079307e-295,1.4160281821806924e-15,1.4004055792891356e-289,0.0,3.224718912128723,3.2315221646001966,9.85967654375977e-305,1.3481193085297525e-292
90,0,2.5,-21.010511366717758,0.0,-19.408419407191197,1.1308857411661515,-23.569940711822746,-1.1308857411661515,1,0,1.6310935333603252e-15,6.931095889322131e-50,3.4212201331079307e-295,1.6310935333603252e-15,3.621264794519677e-292,0.0,3.225893274785645,3.2291153079675734,9.85967654375977e-305,3.398835258560507e-295
91,0,2.75,-21.010511366717758,0.0,-19.332887465668026,1.1842022784368296,-23.478213335873193,-1.1842022784368296,1,0,1.870583173409626e-15,6.622699606923416e-50,3.4212201331079307e-295,1.870583173409626e-15,9.940894773266224e-295,0.0,3.2270699248140065,3.2267645501393813,9.85967654375977e-305,9.102540429891535e-298
92,0,3.0,-21.010511366717758,0.0,-19.257355524144852,1.2375188157075079,-23.386485959923636,-1.2375188157075079,1,0,2.1365570552836747e-15,6.327462131465685e-50,3.4212201331079307e-295,2.1365570552836747e-15,2.8915810647048692e-297,0.0,3.2282488756318246,3.2244661422605474,9.85967654375977e-305,2.584631730831319e-300
93,0,3.25,-21.010511366717758,0.0,-19.181823582621675,1.2908353529781895,-23.294758583974076,-1.2908353529781895,1,0,2.431206840954598e-15,6.04484505772841e-50,3.4212201331079307e-295,2.431206840954598e-15,8.896497313800804e-300,0.0,3.229430140788818,3.2222167352933777,9.85967654375977e-305,7.767033368185938e-303
94,0,3.5,-21.010511366717758,0.0,-19.106291641098505,1.3441518902488676,-23.203031208024527,-1.3441518902488676,1,0,2.756862503651321e-15,5.774331106195476e-50,3.4212201331079307e-295,2.756862503651321e-15,1.1556289703648443e-301,0.0,3.230613733968225,3.220013322751051,9.85967654375977e-305,9.85967654375977e-305
95,0,3.75,-21.010511366717758,0.0,-19.03075969957533,1.3974684275195457,-23.11130383207497,-1.3974684275195457,1,0,3.115999199457145e-15,5.515423328024367e-50,3.4212201331079307e-295,3.115999199457145e-15,1.181913160960954e-301,0.0,3.231799668988649,3.2178531935643675,9.85967654375977e-305,9.85967654375977e-305
96,0,4.0,-21.010511366717758,0.0,-18.955227758052153,1.4507849647902258,-23.019576456125414,-1.4507849647902258,1,0,3.51124441721936e-15,5.267644338718411e-50,3.4212201331079307e-295,3.51124441721936e-15,1.2081973515570652e-301,0.0,3.232987959805947,3.215733892972772,9.85967654375977e-305,9.85967654375977e-305
97,0,4.25,-21.010511366717758,0.0,-18.87969581652898,1.5041015020609056,-22.927849080175857,-1.5041015020609056,1,0,3.945385416033206e-15,5.030535579507646e-50,3.4212201331079307e-295,3.945385416033206e-15,1.2344815421531759e-301,0.0,3.2341786205151406,3.2136531898305556,9.85967654375977e-305,9.85967654375977e-305
98,0,4.5,-21.010511366717758,0.0,-18.80416387500581,1.5574180393315837,-22.8361217042263,-1.5574180393315837,1,0,4.421376959865419e-15,4.803656605476401e-50,3.4212201331079307e-295,4.421376959865419e-15,1.2607657327492857e-301,0.0,3.235371665352368,3.211609049087139,9.85967654375977e-305,9.85967654375977e-305
99,0,4.75,-21.010511366717758,0.0,-18.72863193348263,1.6107345766022636,-22.744394328276744,0.10513163271814348,1,0,4.942349359182907e-15,4.586584399509006e-50,3.4212201331079307e-295,4.942349359182907e-15,1.2870499233453966e-301,0.0,3.236567108696871,3.2095996084744813,9.85967654375977e-305,9.85967654375977e-305
100,0,5.0,-21.010511366717758,0.0,-18.653099991959454,1.6640511138729437,-22.652666952327188,0.08067403291039331,1,0,5.511616829754225e-15,4.3789127111545445e-50,3.4212201331079307e-295,5.511616829754225e-15,1.3133341139415077e-301,0.0,3.237764965073015,3.207623158641249,9.85967654375977e-305,9.85967654375977e-305
101,0,5.25,-21.010511366717758,0.0,-18.577568050436284,1.7173676511436218,-22.56093957637763,0.06401261501331254,1,0,6.132686179096382e-15,4.1802514195430177e-50,3.4212201331079307e-295,6.132686179096382e-15,1.3396183045376175e-301,0.0,3.238965249152351,3.2056781261306293,9.85967654375977e-305,9.85967654375977e-305
102,0,5.5,-21.010511366717758,0.0,-18.50203610891311,1.7706841884143012,-22.46921220042808,0.04735119711621784,1,0,6.809265831347764e-15,3.9902259195133556e-50,3.4212201331079307e-295,6.809265831347764e-15,1.3659024951337282e-301,0.0,3.2401679757557087,3.203763058719571,9.85967654375977e-305,9.85967654375977e-305
103,0,5.75,-21.010511366717758,0.0,-18.426504167389933,1.8240007256849817,-22.377484824478522,0.030689779219124524,1,0,7.545275201661783e-15,3.808476530141572e-50,3.4212201331079307e-295,7.545275201661783e-15,1.392186685729839e-301,0.0,3.2413731598553346,3.201876612730988,9.85967654375977e-305,9.85967654375977e-305
104,0,6.0,-21.010511366717758,0.0,-18.35097222586676,1.8773172629556598,-22.28575744852897,0.01402836132204376,1,0,8.344854431535831e-15,3.6346579248865275e-50,3.4212201331079307e-295,8.344854431535831e-15,1.418470876325949e-301,0.0,3.242580816577064,3.2000175420038075,9.85967654375977e-305,9.85967654375977e-305
105,0,6.25,-21.010511366717758,0.0,-18.27544028434359,1.9306338002263397,-22.19403007257941,-0.002633056575041747,1,0,9.21237449681703e-15,3.468438582593604e-50,3.4212201331079307e-295,9.21237449681703e-15,1.4447550669220598e-301,0.0,3.2437909612025377,3.1981846882635456,9.85967654375977e-305,9.85967654375977e-305
106,0,6.5,-21.010511366717758,0.0,-18.199908342820414,1.983950337497018,-22.102302696629856,-0.01929447447212279,1,0,1.0152447700457191e-14,3.309500258625672e-50,3.4212201331079307e-295,1.0152447700457191e-14,1.47103925751817e-301,0.0,3.2450036091714582,3.196376972682006,9.85967654375977e-305,9.85967654375977e-305
107,0,6.75,-21.010511366717758,0.0,-18.124376401297237,2.0372668747676976,-22.010575320680303,-0.03595589236921583,1,0,1.1169938562433442e-14,3.1575374754137252e-50,3.4212201331079307e-295,1.1169938562433442e-14,1.4973234481142805e-301,0.0,3.2462187760838868,3.1945933884514046,9.85967654375977e-305,9.85967654375977e-305
108,0,7.0,-21.010511366717758,0.0,-18.048844459774063,2.0905834120383777,-21.91884794473074,-0.05261731026631136,1,0,1.2269975119596142e-14,3.012257031742364e-50,3.4212201331079307e-295,1.2269975119596142e-14,1.5236076387103914e-301,0.0,3.247436477702585,3.19283299422777,9.85967654375977e-305,9.85967654375977e-305
109,0,7.25,-21.010511366717758,0.0,-17.97331251825089,2.1438999493090556,-21.82712056878119,-0.06927872816339269,1,0,1.3457960648564131e-14,2.8733775301108838e-50,3.4212201331079307e-295,1.3457960648564131e-14,1.5498918293065012e-301,0.0,3.2486567299554023,3.1910949083223885,9.85967654375977e-305,9.85967654375977e-305
110,0,7.5,-21.010511366717758,0.0,-17.897780576727715,2.197216486579734,-21.735393192831634,-0.08594014606048266,1,0,1.47395858251525e-14,2.7406289215309255e-50,3.4212201331079307e-295,1.47395858251525e-14,1.5761760199026112e-301,0.0,3.249879548937704,3.189378303539559,9.85967654375977e-305,9.85967654375977e-305
111,0,7.75,-21.010511366717758,0.0,-17.822248635204538,2.2505330238504158,-21.643665816882077,-0.1026015639575598,1,0,1.612084133418805e-14,2.613752067144326e-50,3.4212201331079307e-295,1.612084133418805e-14,1.602460210498723e-301,0.0,3.2511049509148506,3.1876824025748776,9.85967654375977e-305,9.85967654375977e-305
112,0,8.0,-21.010511366717758,0.0,-17.746716693681368,2.3038495611210936,-21.55193844093252,-0.11926298185465116,1,0,1.7608030943955463e-14,2.492498316065316e-50,3.4212201331079307e-295,1.7608030943955463e-14,1.6287444010948328e-301,0.0,3.2523329523247213,3.186006473901408,9.85967654375977e-305,9.85967654375977e-305
113,0,8.25,-21.010511366717758,0.0,-17.671184752158194,2.357166098391772,-21.46021106498297,-0.13592439975173304,1,0,1.9207785059904474e-14,2.3766290988721766e-50,3.4212201331079307e-295,1.9207785059904474e-14,1.6550285916909428e-301,0.0,3.253563569780285,3.1843498280819666,9.85967654375977e-305,9.85967654375977e-305
114,0,8.5,-21.010511366717758,0.0,-17.595652810635016,2.410482635662454,-21.36848368903341,-0.15258581764882997,1,0,2.0927074772648392e-14,2.2659155361910053e-50,3.4212201331079307e-295,2.0927074772648392e-14,1.6813127822870546e-301,0.0,3.2547968200722255,3.182711814454793,9.85967654375977e-305,9.85967654375977e-305
115,0,8.75,-21.010511366717758,0.0,-17.520120869111846,2.4637991729331317,-21.276756313083855,-0.16924723554592105,1,0,2.2773226415698383e-14,2.1601380618366167e-50,3.4212201331079307e-295,2.2773226415698383e-14,1.7075969728831644e-301,0.0,3.256032720171612,3.1810918181474026,9.85967654375977e-305,9.85967654375977e-305
116,0,9.0,-21.010511366717758,0.0,-17.444588927588672,2.51711571020381,-21.1850289371343,-0.1859086534430018,1,0,2.4753936648796178e-14,2.0590860599899597e-50,3.4212201331079307e-295,2.4753936648796178e-14,1.7338811634792744e-301,0.0,3.2572712872326246,3.1794892573797706,9.85967654375977e-305,9.85967654375977e-305
117,0,9.25,-21.010511366717758,0.0,-17.369056986065495,2.57043224747449,-21.09330156118474,-0.20257007134008648,1,0,2.687728808313521e-14,1.9625575159124318e-50,3.4212201331079307e-295,2.687728808313521e-14,1.7601653540753853e-301,0.0,3.2585125385953337,3.1779035810232874,9.85967654375977e-305,9.85967654375977e-305
118,0,9.5,-21.010511366717758,0.0,-17.293525044542317,2.6237487847451697,-21.001574185235185,-0.21923148923717004,1,0,2.915176546520427e-14,1.87035867971295e-50,3.4212201331079307e-295,2.915176546520427e-14,1.786449544671496e-301,0.0,3.2597564917885293,3.1763342663864633,9.85967654375977e-305,9.85967654375977e-305
119,0,9.75,-21.010511366717758,0.0,-17.21799310301915,2.677065322015848,-20.909846809285636,-0.2358929071342614,1,0,3.158627243643796e-14,1.7823037426998174e-50,3.4212201331079307e-295,3.158627243643796e-14,1.812733735267606e-301,0.0,3.2610031645326125,3.1747808172021474,9.85967654375977e-305,9.85967654375977e-305
120,0,10.0,-21.010511366717758,0.0,-17.142461161495973,2.730381859286528,-20.81811943333608,0.22867913306593982,1,0,3.4190148886316506e-14,1.6982145258674595e-50,3.4212201331079307e-295,3.4190148886316506e-14,1.839017925863717e-301,0.0,3.2622525747425386,3.1732427617942958,9.85967654375977e-305,9.85967654375977e-305
121,0,10.25,-21.010511366717758,0.0,-17.0669292199728,2.783698396557206,-20.726392057386523,0.21451692785342283,1,0,3.69731889170331e-14,1.6179201800811072e-50,3.4212201331079307e-295,3.69731889170331e-14,1.8653021164598268e-301,0.0,3.2635047405308213,3.171719651405089,9.85967654375977e-305,9.85967654375977e-305
122,0,10.5,-21.010511366717758,0.0,-16.991397278449625,2.837014933827888,-20.634664681436963,0.20035472264089077,1,0,3.9945659438331674e-14,1.541256897539494e-50,3.4212201331079307e-295,3.9945659438331674e-14,1.8915863070559385e-301,0.0,3.264759680210596,3.170211058665584,9.85967654375977e-305,9.85967654375977e-305
123,0,10.75,-21.010511366717758,0.0,-16.91586533692645,2.890331471098566,-20.54293730548741,0.18619251742838103,1,0,4.311831941160372e-14,1.4680676341089167e-50,3.4212201331079307e-295,4.311831941160372e-14,1.9178704976520485e-301,0.0,3.266017412298746,3.1687165761951337,9.85967654375977e-305,9.85967654375977e-305
124,0,11.0,-21.010511366717758,0.0,-16.840333395403277,2.943648008369244,-20.451209929537853,0.17203031221585288,1,0,4.650243976285643e-14,1.3982018421368142e-50,3.4212201331079307e-295,4.650243976285643e-14,1.944154688248158e-301,0.0,3.267277955519087,3.167235815316554,9.85967654375977e-305,9.85967654375977e-305
125,0,11.25,-21.010511366717758,0.0,-16.764801453880096,2.996964545639926,-20.359482553588293,0.15786810700332027,1,0,5.010982398466246e-14,1.3315152133655642e-50,3.4212201331079307e-295,5.010982398466246e-14,1.97043887884427e-301,0.0,3.2685413288056244,3.1657684048755734,9.85967654375977e-305,9.85967654375977e-305
126,0,11.5,-21.010511366717758,0.0,-16.689269512356926,3.050281082910604,-20.267755177638744,0.14370590179079995,1,0,5.395282944774874e-14,1.2678694315819526e-50,3.4212201331079307e-295,5.395282944774874e-14,1.9967230694403807e-301,0.0,3.269807551305867,3.1643139901543877,9.85967654375977e-305,9.85967654375977e-305
127,0,11.75,-21.010511366717758,0.0,-16.613737570833752,3.103597620181282,-20.176027801689187,0.1295436965782718,1,0,5.804438944341763e-14,1.207131934648487e-50,3.4212201331079307e-295,5.804438944341763e-14,2.02300726003649e-301,0.0,3.2710766423842133,3.162872231870323,9.85967654375977e-305,9.85967654375977e-305
128,0,12.0,-21.010511366717758,0.0,-16.538205629310575,3.156914157451963,-20.084300425739627,0.1153814913657509,1,0,6.239803597854655e-14,1.1491756855763045e-50,3.4212201331079307e-295,6.239803597854655e-14,2.0492914506326012e-301,0.0,3.27234862162541,3.1614428052515886,9.85967654375977e-305,9.85967654375977e-305
129,0,12.25,-20.99350706731575,0.017004299402005176,-16.446354701256524,3.209746945615988,-19.972754973060585,0.10170303525988436,1,0,6.698463019266627e-14,1.082269824840334e-50,3.4212201331079307e-295,6.698463019266627e-14,2.0753371607427146e-301,0.0,3.2738993374129777,3.1600382063870507,9.85967654375977e-305,9.85967654375977e-305
130,0,12.5,-20.97571180232939,0.01779526498636486,-16.353744685373425,3.2625572318888314,-19.86028767019115,0.08804708104518973,1,0,7.185473498338534e-14,1.0185811219668776e-50,3.4212201331079307e-295,7.185473498338534e-14,2.1013717777843938e-301,0.0,3.2754672592187233,3.1586457115716877,9.85967654375977e-305,9.85967654375977e-305
131,0,12.75,-20.868821173724562,0.10689062860482278,-16.175630056540392,3.3128328766843405,-19.643981996172815,0.07692576830784154,1,0,7.677001664235202e-14,9.059957578515921e-51,3.4212201331079307e-295,7.677001664235202e-14,2.126156857570028e-301,0.0,3.278495336455263,3.1573304837970793,9.85967654375977e-305,9.85967654375977e-305
132,0,13.0,-20.55402558542868,0.31479558829588616,-15.797989522129559,3.3571939091726066,-19.185368400717106,0.07171906787772413,1,0,8.134394568670438e-14,7.052407571169621e-51,3.4212201331079307e-295,8.134394568670438e-14,2.148026129144104e-301,0.0,3.28497114295978,3.1561782485172376,9.85967654375977e-305,9.85967654375977e-305
133,0,13.25,-20.55402558542868,0.0,-15.722457580606386,3.410510446443285,-19.093641024767553,-0.006658540209371123,1,0,8.714934650950733e-14,6.705374771935437e-51,3.4212201331079307e-295,8.714934650950733e-14,2.1743103197402142e-301,0.0,3.286275625779804,3.1548034295142116,9.85967654375977e-305,9.85967654375977e-305
134,0,13.5,-20.260815444049747,0.29321014137893364,-15.365532549326442,3.4554855554316095,-18.660184716485347,-0.012791718725118207,1,0,9.232012598607535e-14,5.274092235304931e-51,3.4212201331079307e-295,9.232012598607535e-14,2.1964823210974754e-301,0.0,3.2924827641700785,3.153652036231777,9.85967654375977e-305,9.85967654375977e-305
135,0,13.75,-19.12993586617368,1.1308795778760696,-14.20469811088135,3.4766301123933308,-17.250446070779088,0.004905654785760425,1,0,9.484096739281918e-14,2.367854844269685e-51,3.4212201331079307e-295,9.484096739281918e-14,2.206906245712659e-301,0.0,3.3131856184842596,3.1531133112622687,9.85967654375977e-305,9.85967654375977e-305
136,0,14.0,-18.035898628041284,1.0940372381323897,-13.079221180077672,3.498822783629951,-15.883646231234296,0.005266762113896022,1,0,9.755031385321714e-14,1.0551269749839417e-51,3.4212201331079307e-295,9.755031385321714e-14,2.217846873714413e-301,0.0,3.334082392292946,3.152549641374749,9.85967654375977e-305,9.85967654375977e-305
137,0,14.25,-16.892013522303586,1.1438851057376986,-11.905905366835352,3.519597351076907,-14.458749974915818,0.0027982093628591644,1,0,1.0014671013366296e-13,4.373641975563551e-52,3.4212201331079307e-295,1.0014671013366296e-13,2.2280883994825887e-301,0.0,3.3568489595778344,3.152023607520601,9.85967654375977e-305,9.85967654375977e-305
138,0,14.5,-15.559950148480297,1.3320633738232908,-10.551995308002969,3.535018503665321,-12.8145367524833,0.0013767323042386966,1,0,1.0211236019599008e-13,1.4971344953374548e-52,3.4212201331079307e-295,1.0211236019599008e-13,2.2356907783052748e-301,0.0,3.384563418123113,3.15163413096608,9.85967654375977e-305,9.85967654375977e-305
139,0,14.75,-14.256225125475426,1.3037250230048703,-9.225281498447313,3.551245843651896,-11.203351154278586,-0.003150539978853822,1,0,1.0421660922824635e-13,4.886987285958063e-53,3.4212201331079307e-295,1.0421660922824635e-13,2.2436905944769376e-301,0.0,3.4135063352498727,3.1512252095500686,9.85967654375977e-305,9.85967654375977e-305
140,0,15.0,-12.546731472543327,1.709493652932099,-7.509152479838463,3.555929620002336,-9.119252579643398,0.003611925085921793,1,0,1.0483088122997425e-13,1.0111058932055089e-53,3.4212201331079307e-295,1.0483088122997425e-13,2.24599962046787e-301,0.0,3.4542369711426884,3.151107354400104,9.85967654375977e-305,9.85967654375977e-305
141,0,15.25,-10.989170617913862,1.5575608546294641,-5.938833013889382,3.564935677072056,-7.212227801658273,0.0037134514069185444,1,0,1.0602079790113968e-13,2.023421155562581e-54,3.4212201331079307e-295,1.0602079790113968e-13,2.250439460949973e-301,0.0,3.495828703730112,3.1508809581094837,9.85967654375977e-305,9.85967654375977e-305
142,0,15.5,-9.751719991136536,1.2374506267773266,-4.675722588031605,3.5830484331649366,-5.678283319866928,-0.0076596669683997,1,0,1.0844926469059149e-13,4.7146098195550354e-55,3.4212201331079307e-295,1.0844926469059149e-13,2.259368756769564e-301,0.0,3.5334875355269433,3.150426499841568,9.85967654375977e-305,9.85967654375977e-305
143,0,15.75,-7.878680903952873,1.8730390871836629,-2.802639397090133,3.5830795651549217,-3.4035767179246585,0.0008603191080351346,1,0,1.0845347968831852e-13,3.5379115611278135e-56,3.4212201331079307e-295,1.0845347968831852e-13,2.2593841043371352e-301,0.0,3.60043683825666,3.150425719714203,9.85967654375977e-305,9.85967654375977e-305
144,0,16.0,-6.329428900103292,1.5492520038495805,-1.2402939158821134,3.5923219976875185,-1.5062356933478178,-0.0011614064379629494,1,0,1.0971109454399193e-13,1.810297407789264e-57,3.4212201331079307e-295,1.0971109454399193e-13,2.2639404740995818e-301,0.0,3.6772852825660656,3.1501942659840965,9.85967654375977e-305,9.85967654375977e-305
145,0,16.25,-4.641729201844789,1.6876996982585037,0.4549194951874472,3.5976257822990787,0.5524625836479807,0.00047240200016317223,1,0,1.1043844877084351e-13,1.761924605690447e-58,3.4212201331079307e-295,1.1043844877084351e-13,2.2665551541359694e-301,0.0,3.7375118994039465,3.150061580335721,9.85967654375977e-305,9.85967654375977e-305
146,0,16.5,-3.1080839751821028,1.5336452266626859,2.00228718867942,3.6073122063389653,2.4316143079497734,-0.003626365168952379,1,0,1.1177758386939663e-13,8.951851088094319e-57,3.4212201331079307e-295,1.1177758386939663e-13,2.271330404530919e-301,0.0,3.6359642424290124,3.1498195056580784,9.85967654375977e-305,9.85967654375977e-305
147,0,16.75,-1.2677413490696305,1.8403426261124727,3.843991662085185,3.608273508014859,4.668214019453781,0.0017788170562194382,1,0,1.1191124416059186e-13,1.61709059656888e-55,3.4212201331079307e-295,1.1191124416059186e-13,2.271804310710183e-301,0.0,3.561150146128214,3.149795499380912,9.85967654375977e-305,9.85967654375977e-305
148,0,17.0,0.32579066926578576,1.593532018335416,5.448832570061344,3.6162562345787688,6.617162270174836,-0.00012053954354659336,1,0,1.130265132051308e-13,1.1735693946891563e-54,3.4212201331079307e-295,1.130265132051308e-13,2.275739665803054e-301,0.0,3.5099113182371986,3.1495962727280253,9.85967654375977e-305,9.85967654375977e-305
149,0,17.25,2.1639600404386767,1.8381693711728908,7.288451375763387,3.617279362391142,8.851229108543224,0.004656588671290651,1,0,1.1317014637020866e-13,8.153405428253304e-54,3.4212201331079307e-295,1.1317014637020866e-13,2.2762440512677e-301,0.0,3.459800168573586,3.1495707542075686,9.85967654375977e-305,9.85967654375977e-305
150,0,17.5,3.843422753859369,1.6794627134206923,8.975759771669109,3.6228174779776277,10.900327390051048,0.004635615175101387,1,0,1.1395036208016145e-13,3.924365458413671e-53,3.4212201331079307e-295,1.1395036208016145e-13,2.2789742526849357e-301,0.0,3.4191775232181336,3.1494326869271276,9.85967654375977e-305,9.85967654375977e-305
151,0,17.75,5.253989603457208,1.4105668495978378,10.40500943335751,3.6360053138396515,12.636034408825928,-0.004409421149415829,1,0,1.1582701358686447e-13,1.3272725927926623e-52,3.4212201331079307e-295,1.1582701358686447e-13,2.285475642480523e-301,0.0,3.3876766914737924,3.149104333520875,9.85967654375977e-305,9.85967654375977e-305
152,0,18.0,7.215950319949202,1.9619607164919945,12.36343050483614,3.633506746856276,15.014376899015137,0.004131288666268255,1,0,1.1546942696541338e-13,6.196255860859331e-52,3.4212201331079307e-295,1.1546942696541338e-13,2.284243889366573e-301,0.0,3.3478434374216284,3.149166497568304,9.85967654375977e-305,9.85967654375977e-305
153,0,18.25,8.70840608978153,1.4924557698323277,13.871268772543623,3.644364954718248,16.845523363199373,-0.00316011008158348,1,0,1.1703038422308238e-13,1.8700437704575277e-51,3.4212201331079307e-295,1.1703038422308238e-13,2.289596810234771e-301,0.0,3.3192872741465744,3.1488965017828545,9.85967654375977e-305,9.85967654375977e-305
154,0,18.5,10.568197039333393,1.8597909495518632,15.731637756656495,3.644772978139787,19.104789599037595,0.0008116715646971007,1,0,1.170893947239752e-13,6.746667990917976e-51,3.4212201331079307e-295,1.170893947239752e-13,2.289797959182704e-301,0.0,3.2861169114997275,3.1488863638847953,9.85967654375977e-305,9.85967654375977e-305
155,0,18.75,12.234539927918119,1.6663428885847276,17.40635508722492,3.6506843348339344,21.138597059728305,-0.0010029939985432544,1,0,1.1794721627693992e-13,2.0096708603924354e-50,3.4212201331079307e-295,1.1794721627693992e-13,2.2927121624296576e-301,0.0,3.25789926505009,3.148739551784546,9.85967654375977e-305,9.85967654375977e-305
156,0,19.0,14.07049289835141,1.8359529704332915,19.24384681829946,3.651770516221902,23.37008073963293,0.0022822193023268335,1,0,1.1810542590930257e-13,6.2760052239256385e-50,3.4212201331079307e-295,1.1810542590930257e-13,2.2932476322873187e-301,0.0,3.228459971724138,3.1487125887462653,9.85967654375977e-305,9.85967654375977e-305
157,0,19.25,15.615565371812028,1.5450724734606165,20.80218121392786,3.6611318506888932,25.262550628270358,-0.0035462112702178573,1,0,1.1947658882971198e-13,1.580809787606475e-49,3.4212201331079307e-295,1.1947658882971198e-13,2.297862618780442e-301,0.0,3.20457818734601,3.148480371818969,9.85967654375977e-305,9.85967654375977e-305
158,0,19.5,17.520351600947283,1.904786229135255,22.70573206305705,3.660259819826072,27.574257713458902,0.0011383083197579612,1,0,1.1934828311323305e-13,4.667396764552976e-49,3.4212201331079307e-295,1.1934828311323305e-13,2.2974327216682623e-301,0.0,3.176589151678039,3.148501990836151,9.85967654375977e-305,9.85967654375977e-305
159,0,19.75,19.14592725890173,1.625575657954446,24.341325177341783,3.6673309485832677,29.56055200788624,-0.002398564372422922,1,0,1.2039213153347963e-13,1.1417066182437395e-48,3.4212201331079307e-295,1.2039213153347963e-13,2.3009186737855246e-301,0.0,3.153464336449609,3.1483267605770733,9.85967654375977e-305,9.85967654375977e-305
160,0,20.0,21.202934681994027,2.057007423092299,26.390962351768568,3.6621284325384704,32.049669007495574,0.007195135164067933,1,0,1.196233662845583e-13,3.36036500664853e-48,3.4212201331079307e-295,1.196233662845583e-13,2.2983539175147524e-301,0.0,3.1255564454062372,3.1484556681391536,9.85967654375977e-305,9.85967654375977e-305
161,1,19.75,21.202934681994027,0.0,26.315430410245398,3.6088118952677926,31.95794163154602,0.009213918159843001,1,0,1.1198616231795851e-13,3.2317626094043794e-48,3.4212201331079307e-295,1.1198616231795851e-13,2.272069726918643e-301,0.0,3.1265652398955033,3.1497820558064364,9.85967654375977e-305,9.85967654375977e-305
162,1,19.5,21.202934681994027,0.0,26.23989846872222,3.5554953579971107,31.86621425559646,0.027124942399210813,1,0,1.0477379718747473e-13,3.107907695665142e-48,3.4212201331079307e-295,1.0477379718747473e-13,2.2457855363225315e-301,0.0,3.12757548317428,3.1511182782173996,9.85967654375977e-305,9.85967654375977e-305
163,1,19.25,21.202934681994027,0.0,26.164366527199046,3.502178820726433,31.774486879646904,0.045035966638582524,1,0,9.796577752549657e-14,2.9886312136197485e-48,3.4212201331079307e-295,9.796577752549657e-14,2.219501345726422e-301,0.0,3.128587181502632,3.1524645574358154,9.85967654375977e-305,9.85967654375977e-305
164,1,19.0,21.202934681994027,0.0,26.088834585675876,3.448862283455755,31.68275950369735,0.06294699087794754,1,0,9.154246651210873e-14,2.8737699181954054e-48,3.4212201331079307e-295,9.154246651210873e-14,2.193217155130312e-301,0.0,3.129600341185836,3.1538211240102427,9.85967654375977e-305,9.85967654375977e-305
165,1,18.75,21.202934681994027,0.0,26.013302644152695,3.3955457461850727,31.59103212774779,0.08085801511732484,1,0,8.548505275589484e-14,2.7631661786428485e-48,3.4212201331079307e-295,8.548505275589484e-14,2.1669329645342e-301,0.0,3.1306149685748395,3.1551882174349584,9.85967654375977e-305,9.85967654375977e-305
166,1,18.5,21.202934681994027,0.0,25.93777070262952,3.342229208914395,31.499304751798235,0.09876903935668652,1,0,7.977552016356317e-14,2.656667792273424e-48,3.4212201331079307e-295,7.977552016356317e-14,2.14064877393809e-301,0.0,3.1316310700667245,3.1565660866435845,9.85967654375977e-305,9.85967654375977e-305
167,1,18.25,21.202934681994027,0.0,25.86223876110635,3.2889126716437165,31.407577375848685,0.11668006359606102,1,0,7.439661877068638e-14,2.5541278041578767e-48,3.4212201331079307e-295,7.439661877068638e-14,2.11436458334198e-301,0.0,3.132648652105179,3.157954990538307,9.85967654375977e-305,9.85967654375977e-305
168,1,18.0,21.202934681994027,0.0,25.786706819583173,3.235596134373035,31.315849999899125,0.41519521983708674,1,0,6.933183650657427e-14,2.4554043326032742e-48,3.4212201331079307e-295,6.933183650657427e-14,2.088080392745868e-301,0.0,3.1336677211809727,3.1593551985578605,9.85967654375977e-305,9.85967654375977e-305
169,1,17.75,21.202934681994027,0.0,25.71117487806,3.1822795971023567,31.224122623949572,0.43185663773416777,1,0,6.456537186692184e-14,2.360360400228708e-48,3.4212201331079307e-295,6.456537186692184e-14,2.0617962021497583e-301,0.0,3.134688283832442,3.1607669912878094,9.85967654375977e-305,9.85967654375977e-305
170,1,17.5,21.202934681994027,0.0,25.635642936536826,3.1289630598316784,31.132395248000016,0.4485180556312605,1,0,6.008210746857334e-14,2.268863770467266e-48,3.4212201331079307e-295,6.008210746857334e-14,2.0355120115536482e-301,0.0,3.1357103466459764,3.162190661117047,9.85967654375977e-305,9.85967654375977e-305
171,1,17.25,21.202934681994027,0.0,25.560110995013652,3.0756465225609966,31.040667872050456,0.4651794735283466,1,0,5.5867584461375283e-14,2.1807867893250973e-48,3.4212201331079307e-295,5.5867584461375283e-14,2.0092278209575365e-301,0.0,3.1367339162565173,3.1636265129448597,9.85967654375977e-305,9.85967654375977e-305
172,1,17.0,21.202934681994027,0.0,25.484579053490478,3.0223299852903187,30.948940496100903,0.4818408914254377,1,0,5.1907977772710235e-14,2.096006232235648e-48,3.4212201331079307e-295,5.1907977772710235e-14,1.9829436303614265e-301,0.0,3.1377589993480584,3.1650748649433926,9.85967654375977e-305,9.85967654375977e-305
173,1,16.75,21.202934681994027,0.0,25.409047111967304,2.9690134480196404,30.85721312015135,0.49850230932251927,1,0,4.81900721609318e-14,2.014403155849611e-48,3.4212201331079307e-295,4.81900721609318e-14,1.956659439765317e-301,0.0,3.138785602654157,3.1665360493809307,9.85967654375977e-305,9.85967654375977e-305
174,1,16.5,21.202934681994027,0.0,25.333515170444127,2.915696910748959,30.765485744201786,0.5151637272196048,1,0,4.470123905452579e-14,1.9358627546083868e-48,3.4212201331079307e-295,4.470123905452579e-14,1.930375249169205e-301,0.0,3.1398137329584483,3.16801041351202,9.85967654375977e-305,9.85967654375977e-305
175,1,16.25,21.202934681994027,0.0,25.257983228920956,2.8623803734782807,30.673758368252237,0.5318251451166959,1,0,4.142941415439412e-14,1.8602742219507963e-48,3.4212201331079307e-295,4.142941415439412e-14,1.9040910585730955e-301,0.0,3.1408433970951686,3.1694983205411855,9.85967654375977e-305,9.85967654375977e-305
176,1,16.0,21.202934681994027,0.0,25.182451287397782,2.8090638362076024,30.58203099230268,0.5484865630137791,1,0,3.8363075777247814e-14,1.7875306160097145e-48,3.4212201331079307e-295,3.8363075777247814e-14,1.8778068679769854e-301,0.0,3.141874601949686,3.1710001506678287,9.85967654375977e-305,9.85967654375977e-305
177,1,15.75,21.202934681994027,0.0,25.10691934587461,2.7557472989369245,30.490303616353128,0.5651479809108713,1,0,3.5491223918653e-14,1.7175287296581275e-48,3.4212201331079307e-295,3.5491223918653e-14,1.8515226773808752e-301,0.0,3.142907354459038,3.1725163022208123,9.85967654375977e-305,9.85967654375977e-305
178,1,15.5,21.202934681994027,0.0,25.031387404351438,2.7024307616662457,30.398576240403575,0.581809398807954,1,0,3.280336001482138e-14,1.6501689647687483e-48,3.4212201331079307e-295,3.280336001482138e-14,1.825238486784765e-301,0.0,3.143941661612473,3.1740471928923375,9.85967654375977e-305,9.85967654375977e-305
179,1,15.25,21.202934681994027,0.0,24.955855462828257,2.6491142243955643,30.30684886445401,0.5984708167050479,1,0,3.0289467382771824e-14,1.5853552105552333e-48,3.4212201331079307e-295,3.0289467382771824e-14,1.7989542961886534e-301,0.0,3.144977530452008,3.17559326108193,9.85967654375977e-305,9.85967654375977e-305
180,1,15.0,21.202934681994027,0.0,24.880323521305083,2.5957976871248865,30.21512148850446,0.6151322346021306,1,0,2.7939992319018597e-14,1.5229947258680064e-48,3.4212201331079307e-295,2.7939992319018597e-14,1.7726701055925438e-301,0.0,3.146014968072981,3.1771549673628017,9.85967654375977e-305,9.85967654375977e-305
181,1,14.75,21.202934681994027,0.0,24.804791579781913,2.542481149854208,30.123394112554905,0.6317936524992123,1,0,2.57458258374487e-14,1.4629980253194915e-48,3.4212201331079307e-295,2.57458258374487e-14,1.7463859149964335e-301,0.0,3.147053981624623,3.17873279608448,9.85967654375977e-305,9.85967654375977e-305
182,1,14.5,21.202934681994027,0.0,24.729259638258736,2.4891646125835263,30.031666736605345,0.6484550703963069,1,0,2.3698286027556803e-14,1.4052787691199043e-48,3.4212201331079307e-295,2.3698286027556803e-14,1.720101724400322e-301,0.0,3.1480945783106313,3.180327257127516,9.85967654375977e-305,9.85967654375977e-305
183,1,14.25,21.202934681994027,0.0,24.65372769673556,2.4358480753128484,29.939939360655792,0.6651164882933904,1,0,2.1789101014689457e-14,1.3497536565061381e-48,3.4212201331079307e-295,2.1789101014689457e-14,1.693817533804212e-301,0.0,3.1491367653897506,3.181938887828282,9.85967654375977e-305,9.85967654375977e-305
184,1,14.0,21.202934681994027,0.0,24.578195755212388,2.38253153804217,29.848211984706236,0.6817779061904815,1,0,2.0010392504430783e-14,1.2963423226508272e-48,3.4212201331079307e-295,2.0010392504430783e-14,1.6675333432081021e-301,0.0,3.1501805501763673,3.183568255094466,9.85967654375977e-305,9.85967654375977e-305
185,1,13.75,21.202934681994027,0.0,24.502663813689214,2.3292150007714882,29.756484608756683,0.6984393240875768,1,0,1.835465989372978e-14,1.2449672389427723e-48,3.4212201331079307e-295,1.835465989372978e-14,1.6412491526119902e-301,0.0,3.1512259400411047,3.1852159577348647,9.85967654375977e-305,9.85967654375977e-305
186,1,13.5,21.202934681994027,0.0,24.42713187216604,2.2758984635008104,29.664757232807126,0.7151007419846483,1,0,1.6814764931822087e-14,1.1955536165313125e-48,3.4212201331079307e-295,1.6814764931822087e-14,1.6149649620158806e-301,0.0,3.1522729424114324,3.1868826290306247,9.85967654375977e-305,9.85967654375977e-305
187,1,13.25,21.202934681994027,0.0,24.351599930642866,2.222581926230132,29.57302985685757,0.7317621598817416,1,0,1.5383916914445114e-14,1.1480293130325786e-48,3.4212201331079307e-295,1.5383916914445114e-14,1.5886807714197706e-301,0.0,3.1533215647722814,3.1885689395792456,9.85967654375977e-305,9.85967654375977e-305
188,1,13.0,21.202934681994027,0.0,24.27606798911969,2.1692653889594506,29.481302480908013,0.7484235777788264,1,0,1.4055658395283522e-14,1.1023247422971264e-48,3.4212201331079307e-295,1.4055658395283522e-14,1.5623965808236588e-301,0.0,3.15437181466667,3.1902756004475514,9.85967654375977e-305,9.85967654375977e-305
189,1,12.75,21.202934681994027,0.0,24.20053604759652,2.1159488516887723,29.389575104958457,0.7650849956759191,1,0,1.282385139900106e-14,1.0583727871426528e-48,3.4212201331079307e-295,1.282385139900106e-14,1.536112390227549e-301,0.0,3.155423699696332,3.1920033666756846,9.85967654375977e-305,9.85967654375977e-305
190,1,12.5,21.202934681994027,0.0,24.125004106073344,2.062632314418094,29.297847729008907,0.7817464135729993,1,0,1.1682664120634619e-14,1.016108714957077e-48,3.4212201331079307e-295,1.1682664120634619e-14,1.509828199631439e-301,0.0,3.156477227522365,3.193753041181101,9.85967654375977e-305,9.85967654375977e-305
191,1,12.25,21.202934681994027,0.0,24.049472164550163,2.009315777147412,29.206120353059344,0.7984078314700954,1,0,1.0626558096529112e-14,9.754700960820219e-49,3.4212201331079307e-295,1.0626558096529112e-14,1.4835440090353273e-301,0.0,3.1575324058658776,3.1955254791198273,9.85967654375977e-305,9.85967654375977e-305
192,1,12.0,21.202934681994027,0.0,23.973940223026993,1.9559992398767339,29.11439297710979,0.8150692493671787,1,0,9.650275832388527e-15,9.363967248875037e-49,3.4212201331079307e-295,9.650275832388527e-15,1.457259818439217e-301,0.0,3.1585892425086484,3.1973215927722025,9.85967654375977e-305,9.85967654375977e-305
193,1,11.75,21.202934681994027,0.0,23.89840828150382,1.9026827026060562,29.022665601160238,0.8317306672642591,1,0,8.748828874403654e-15,8.988305434527798e-49,3.4212201331079307e-295,8.748828874403654e-15,1.4309756278431076e-301,0.0,3.1596477452937997,3.199142357032313,9.85967654375977e-305,9.85967654375977e-305
194,1,11.5,21.202934681994027,0.0,23.822876339980642,1.8493661653353746,28.930938225210678,0.8483920851613539,1,0,7.917486309796736e-15,8.627155677703654e-49,3.4212201331079307e-295,7.917486309796736e-15,1.4046914372469957e-301,0.0,3.1607079221264742,3.2009888155948802,9.85967654375977e-305,9.85967654375977e-305
195,1,11.25,21.202934681994027,0.0,23.747344398457468,1.7960496280646963,28.83921084926112,0.8650535030584378,1,0,7.151763683491179e-15,8.279978163928557e-49,3.4212201331079307e-295,7.151763683491179e-15,1.3784072466508858e-301,0.0,3.161769780974523,3.202862087951056,9.85967654375977e-305,9.85967654375977e-305
196,1,11.0,21.202934681994027,0.0,23.671812456934298,1.7427330907940182,28.74748347331157,0.8817149209555291,1,0,6.4474123179729146e-15,7.946252414443454e-49,3.4212201331079307e-295,6.4474123179729146e-15,1.3521230560547756e-301,0.0,3.1628333298692053,3.2047633773262856,9.85967654375977e-305,9.85967654375977e-305
197,1,10.75,21.202934681994027,0.0,23.59628051541112,1.6894165535233365,28.65575609736201,0.8983763388526238,1,0,5.800409023766127e-15,7.625476619214328e-49,3.4212201331079307e-295,5.800409023766127e-15,1.3258388654586645e-301,0.0,3.163898576905898,3.206693979720082,9.85967654375977e-305,9.85967654375977e-305
198,1,10.5,21.202934681994027,0.0,23.520748573887946,1.6361000162526584,28.564028721412452,0.9150377567496973,1,0,5.20694618828743e-15,7.317166992102046e-49,3.4212201331079307e-295,5.20694618828743e-15,1.2995546748625542e-301,0.0,3.1649655302448125,3.208655294240643,9.85967654375977e-305,9.85967654375977e-305
199,1,10.25,21.202934681994027,0.0,23.445216632364776,1.5827834789819801,28.472301345462903,0.931699174646789,1,0,4.663422231179459e-15,7.020857147484176e-49,3.4212201331079307e-295,4.663422231179459e-15,1.2732704842664444e-301,0.0,3.166034198111726,3.2106488349684925,9.85967654375977e-305,9.85967654375977e-305
200,1,10.0,21.202934681994027,0.0,23.3696846908416,1.5294669417112985,28.380573969513343,0.9483605925438728,1,0,4.166432414555995e-15,6.736097497641679e-49,3.4212201331079307e-295,4.166432414555995e-15,1.2469862936703325e-301,0.0,3.1671045887987197,3.2126762446350643,9.85967654375977e-305,9.85967654375977e-305
201,1,9.75,21.202934681994027,0.0,23.294152749318425,1.4761504044406204,28.28884659356379,-0.9499149712099692,1,0,3.712759996912058e-15,6.462454670242904e-49,3.4212201331079307e-295,3.712759996912058e-15,1.2207021030742228e-301,0.0,3.1681767106649312,3.2147393104675985,9.85967654375977e-305,9.85967654375977e-305
202,1,9.5,21.202934681994027,0.0,23.21862080779525,1.4228338671699423,28.197119217614233,-0.9232567025746272,1,0,3.2993677197691933e-15,6.1995109452809356e-49,3.4212201331079307e-295,3.2993677197691933e-15,1.1944179124781126e-301,0.0,3.169250572137315,3.2168399826350407,9.85967654375977e-305,9.85967654375977e-305
203,1,9.25,21.202934681994027,0.0,23.143088866272073,1.3695173298992604,28.105391841664673,-0.8965984339392883,1,0,2.9233896164377933e-15,5.946863710837373e-49,3.4212201331079307e-295,2.9233896164377933e-15,1.1681337218820009e-301,0.0,3.170326181711415,3.218980395836631,9.85967654375977e-305,9.85967654375977e-305
204,1,9.0,21.202934681994027,0.0,23.0675569247489,1.3162007926285824,28.01366446571512,-0.8699401653039518,1,0,2.5821231325842938e-15,5.704124937065893e-49,3.4212201331079307e-295,2.5821231325842938e-15,1.141849531285891e-301,0.0,3.1714035479521496,3.2211628947135016,9.85967654375977e-305,9.85967654375977e-305
205,1,8.75,21.202934681994027,0.0,22.992024983225726,1.2628842553579043,27.921937089765567,-0.8432818966686176,1,0,2.273021548593584e-15,5.470920667809905e-49,3.4212201331079307e-295,2.273021548593584e-15,1.1155653406897812e-301,0.0,3.172482679494607,3.223390063944782,9.85967654375977e-305,9.85967654375977e-305
206,1,8.5,21.202934681994027,0.0,22.916493041702555,1.209567718087226,27.830209713816014,-0.8166236280332755,1,0,1.9936866940191943e-15,5.246890529283262e-49,3.4212201331079307e-295,1.9936866940191943e-15,1.089281150093671e-301,0.0,3.173563585044852,3.2256647641290304,9.85967654375977e-305,9.85967654375977e-305
207,1,8.25,21.202934681994027,0.0,22.840961100179378,1.1562511808165443,27.738482337866454,-0.7899653593979278,1,0,1.741861944713933e-15,5.03168725526334e-49,3.4212201331079307e-295,1.741861944713933e-15,1.0629969594975592e-301,0.0,3.174646273380747,3.2279901748712208,9.85967654375977e-305,9.85967654375977e-305
208,1,8.0,21.202934681994027,0.0,22.765429158656204,1.102934643545866,27.646754961916898,-0.7633070907625924,1,0,1.5154254935395683e-15,4.824976228262224e-49,3.4212201331079307e-295,1.5154254935395683e-15,1.0367127689014492e-301,0.0,3.1757307533527817,3.23036984692696,9.85967654375977e-305,9.85967654375977e-305
209,1,7.75,21.202934681994027,0.0,22.68989721713303,1.049618106275188,27.555027585967345,-0.7366488221272504,1,0,1.312383885866228e-15,4.626435036157273e-49,3.4212201331079307e-295,1.312383885866228e-15,1.0104285783053395e-301,0.0,3.17681703388492,3.232807765845667,9.85967654375977e-305,9.85967654375977e-305
210,1,7.5,21.202934681994027,0.0,22.614365275609856,0.9963015690045064,27.463300210017785,-0.7099905534919172,1,0,1.130865811400884e-15,4.435753043781785e-49,3.4212201331079307e-295,1.130865811400884e-15,9.841443877092278e-302,0.0,3.177905123975453,3.2353084303727946,9.85967654375977e-305,9.85967654375977e-305
211,1,7.25,21.202934681994027,0.0,22.538833334086682,0.9429850317338282,27.37157283406823,-0.6833322848565763,1,0,9.69116144235899e-16,4.2526309789868136e-49,3.4212201331079307e-295,9.69116144235899e-16,9.578601971131178e-302,0.0,3.178995032697872,3.2378769500232587,9.85967654375977e-305,9.85967654375977e-305
212,1,7.0,21.202934681994027,0.0,22.46330139256351,0.88966849446315,27.27984545811868,-0.6566740162212409,1,0,8.254902234022317e-16,4.076780532705816e-49,3.4212201331079307e-295,8.254902234022317e-16,9.31576006517008e-302,0.0,3.1800867692017496,3.2405191678873604,9.85967654375977e-305,9.85967654375977e-305
213,1,6.75,21.202934681994027,0.0,22.387769451040338,0.8363519571924718,27.188118082169122,-0.6300157475858966,1,0,6.984483666693899e-16,3.907923972565701e-49,3.4212201331079307e-295,6.984483666693899e-16,9.052918159208979e-302,0.0,3.1811803427136356,3.243241817134499,9.85967654375977e-305,9.85967654375977e-305
214,1,6.5,21.202934681994027,0.0,22.31223750951716,0.7830354199217902,27.096390706219562,-0.6033574789505511,1,0,5.865506108954763e-16,3.745793769601643e-49,3.4212201331079307e-295,5.865506108954763e-16,8.790076253247863e-302,0.0,3.1822757625379676,3.2460527232563385,9.85967654375977e-305,9.85967654375977e-305
215,1,6.25,21.202934681994027,0.0,22.236705567993987,0.7297188826511121,27.00466333027001,-0.576699210315217,1,0,4.884516729593114e-16,3.5901322376487494e-49,3.4212201331079307e-295,4.884516729593114e-16,8.527234347286764e-302,0.0,3.1833730380579954,3.2489610695330313,9.85967654375977e-305,9.85967654375977e-305
216,1,6.0,21.202934681994027,0.0,22.16117362647081,0.6764023453804321,26.912935954320453,-0.5500409416798776,1,0,4.0289612631017895e-16,3.440691184997003e-49,3.4212201331079307e-295,4.0289612631017895e-16,8.264392441325656e-302,0.0,3.184472178736716,3.251977751700022,9.85967654375977e-305,9.85967654375977e-305
217,1,5.75,21.202934681994027,0.0,22.08564168494764,0.6230858081097539,26.8212085783709,-0.5233826730445433,1,0,3.2871378963560846e-16,3.2972315779057885e-49,3.4212201331079307e-295,3.2871378963560846e-16,8.001550535364555e-302,0.0,3.1855731941178287,3.255115861436906,9.85967654375977e-305,9.85967654375977e-305
218,1,5.5,21.202934681994027,0.0,22.01010974342446,0.569769270839074,26.729481202421344,-0.4967244044091996,1,0,2.6481532640814466e-16,3.1595232155921433e-49,3.4212201331079307e-295,2.6481532640814466e-16,7.738708629403448e-302,0.0,3.1866760938266996,3.258391360947928,9.85967654375977e-305,9.85967654375977e-305
219,1,5.25,21.202934681994027,0.0,21.934577801901288,0.516452733568394,26.637753826471787,-0.4700661357738536,1,0,2.1018805775272204e-16,3.027344416313964e-49,3.4212201331079307e-295,2.1018805775272204e-16,7.47586672344234e-302,0.0,3.187780887571346,3.261824049948364,9.85967654375977e-305,9.85967654375977e-305
220,1,5.0,21.202934681994027,0.0,21.859045860378117,0.46313619629771596,26.54602645052223,-0.4434078671385194,1,0,1.638919973928167e-16,2.9004817141859043e-49,3.4212201331079307e-295,1.638919973928167e-16,7.213024817481239e-302,0.0,3.188887585143429,3.265438996724056,9.85967654375977e-305,9.85967654375977e-305
221,1,4.75,21.202934681994027,0.0,21.78351391885494,0.40981965902703604,26.454299074572674,-0.40981965902703604,1,0,1.2505612888585492e-16,2.7787295663723857e-49,3.4212201331079307e-295,1.2505612888585492e-16,6.950182911520131e-302,0.0,3.189996196419272,3.269268738506847,9.85967654375977e-305,9.85967654375977e-305
222,1,4.5,21.202934681994027,0.0,21.707981977331762,0.3565031217563561,26.362571698623118,-0.3565031217563561,1,0,9.28749674123507e-17,2.661890070318637e-49,3.4212201331079307e-295,9.28749674123507e-17,6.687341005559023e-302,0.0,3.191106731360883,3.2733568265269066,9.85967654375977e-305,9.85967654375977e-305
223,1,4.25,21.202934681994027,0.0,21.63245003580859,0.3031865844856779,26.27084432267356,-0.3031865844856779,1,0,6.660549394092612e-17,2.5497726906866214e-49,3.4212201331079307e-295,6.660549394092612e-17,6.424499099597924e-302,0.0,3.192219200017004,3.2777638814644865,9.85967654375977e-305,9.85967654375977e-305
224,1,4.0,21.202934681994027,0.0,21.556918094285418,0.24987004721499803,26.179116946724008,-0.24987004721499803,1,0,4.556465215464396e-17,2.4421939956767095e-49,3.4212201331079307e-295,4.556465215464396e-17,6.161657193636816e-302,0.0,3.1933336125241683,3.282578748875536,9.85967654375977e-305,9.85967654375977e-305
225,1,3.75,21.202934681994027,0.0,21.48138615276224,0.1965535099443181,26.08738957077445,-0.1965535099443181,1,0,2.9127856551815343e-17,2.3389774024240157e-49,3.4212201331079307e-295,2.9127856551815343e-17,5.898815287675708e-302,0.0,3.19444997910778,3.287941254931195,9.85967654375977e-305,9.85967654375977e-305
226,1,3.5,21.202934681994027,0.0,21.405854211239067,0.14323697267363997,25.9956621948249,-0.14323697267363997,1,0,1.6729716421755318e-17,2.239952931169508e-49,3.4212201331079307e-295,1.6729716421755318e-17,5.635973381714609e-302,0.0,3.1955683100832077,3.2940959470906694,9.85967654375977e-305,9.85967654375977e-305
227,1,3.25,21.202934681994027,0.0,21.330322269715897,0.08992043540296178,25.903934818875342,-0.08992043540296178,1,0,7.87097213661213e-18,2.144956967914768e-49,3.4212201331079307e-295,7.87097213661213e-18,5.373131475753509e-302,0.0,3.1966886158568975,3.3015524343067937,9.85967654375977e-305,9.85967654375977e-305
228,1,3.0,21.202934681994027,0.0,21.25479032819272,0.03660389813228013,25.812207442925782,-0.03660389813228013,1,0,2.1513342524341075e-18,2.053832035278935e-49,3.4212201331079307e-295,2.1513342524341075e-18,5.110289569792392e-302,0.0,3.1978109069275016,3.311849876793186,9.85967654375977e-305,9.85967654375977e-305
229,1,2.75,21.202934681994027,0.0,21.179258386669545,-0.01671263913839804,25.720480066976233,0.01671263913839804,1,0,7.822508673600114e-19,1.9664265712850632e-49,3.4212201331079307e-295,7.822508673600114e-19,5.012228879928477e-302,0.0,3.198935193887028,3.3177358225296523,9.85967654375977e-305,9.85967654375977e-305
230,1,2.5,21.202934681994027,0.0,21.10372644514637,-0.0700291764090762,25.628752691026676,0.0700291764090762,1,0,5.386314298895641e-18,1.8825947158123886e-49,3.4212201331079307e-295,5.386314298895641e-18,5.275070785889577e-302,0.0,3.2000614874220035,3.3048952779248424,9.85967654375977e-305,9.85967654375977e-305
231,1,2.25,21.202934681994027,0.0,21.028194503623197,-0.12334571367975611,25.53702531507712,0.12334571367975611,1,0,1.3035042834627757e-17,1.8021961044586862e-49,3.4212201331079307e-295,1.3035042834627757e-17,5.537912691850685e-302,0.0,3.201189798314663,3.296682075516058,9.85967654375977e-305,9.85967654375977e-305
232,1,2.0,21.202934681994027,0.0,20.952662562100024,-0.17666225095043603,25.445297939127563,0.17666225095043603,1,0,2.405837398228484e-17,1.7250956695657772e-49,3.4212201331079307e-295,2.405837398228484e-17,5.800754597811793e-302,0.0,3.2023201374441506,3.2901261851164905,9.85967654375977e-305,9.85967654375977e-305
233,1,1.75,21.202934681994027,0.0,20.87713062057685,-0.2299787882211142,25.353570563178007,0.2299787882211142,1,0,3.892559287134095e-17,1.6511634481686134e-49,3.4212201331079307e-295,3.892559287134095e-17,6.063596503772893e-302,0.0,3.2034525157877454,3.2845054054330505,9.85967654375977e-305,9.85967654375977e-305
234,1,1.5,21.202934681994027,0.0,20.801598679053676,-0.2832953254917941,25.26184318722845,0.2832953254917941,1,0,5.817883853228158e-17,1.5802743966366385e-49,3.4212201331079307e-295,5.817883853228158e-17,6.326438409734e-302,0.0,3.204586944422104,3.2795064840176695,9.85967654375977e-305,9.85967654375977e-305
235,1,1.25,21.202934681994027,0.0,20.7260667375305,-0.336611862762474,25.170115811278894,0.336611862762474,1,0,8.242088848694088e-17,1.5123082117830922e-49,3.4212201331079307e-295,8.242088848694088e-17,6.589280315695109e-302,0.0,3.2057234345245242,3.2749597222235876,9.85967654375977e-305,9.85967654375977e-305
236,1,1.0,21.202934681994027,0.0,20.650534796007324,-0.3899284000331522,25.07838843532934,0.3899284000331522,1,0,1.123128894298897e-16,1.4471491582251066e-49,3.4212201331079307e-295,1.123128894298897e-16,6.852122221656208e-302,0.0,3.206861997374232,3.2707609149365777,9.85967654375977e-305,9.85967654375977e-305
237,1,0.75,21.202934681994027,0.0,20.57500285448415,-0.4432449373038321,24.986661059379784,0.4432449373038321,1,0,1.4857523696773325e-16,1.3846859017844129e-49,3.4212201331062097e-295,1.4857523696773325e-16,7.114964127613737e-302,0.0,3.2080026443536864,3.2668406284024445,9.85967654375977e-305,9.85967654375977e-305
238,1,0.5,21.202934681994027,0.0,20.49947091296098,-0.4965614745745103,24.89493368343023,0.4965614745745103,1,0,1.9198977557317855e-16,1.3248113381727555e-49,3.4212201058444875e-295,1.9198977557317855e-16,7.37780597478524e-302,0.0,3.2091453869499054,3.2631498448614753,9.85967654375977e-305,9.85967654375977e-305
239,1,0.25,21.202934681994027,0.0,20.423938971437803,-0.5498780118451901,24.80320630748067,0.5498780118451901,1,0,2.4337196660163957e-16,1.2672624947577172e-49,3.4207882477829904e-295,2.4337196660163957e-16,7.639683405370504e-302,0.0,3.21029023675582,3.2596524324266176,9.85967654375977e-305,9.85967654375977e-305
240,1,0.0,21.202934681994027,0.0,20.348407029914625,-0.6031945491158701,24.711478931531115,0.6031945491158701,1,0,0.0,0.0,0.0,0.0,0.0,0.0,3.2114372054716407,3.25632084904847,9.85967654375977e-305,9.85967654375977e-305
241,1,-0.25,21.202934681994027,0.0,20.272875088391455,-0.6565110863865482,24.619751555581566,0.6565110863865482,1,0,-3.739030548254096e-16,-1.159562961187006e-49,-3.4207882477829904e-295,-3.739030548254096e-16,-8.165300856428723e-302,0.0,3.2125863049062575,3.2531335293747325,9.85967654375977e-305,9.85967654375977e-305
242,1,-0.5,21.202934681994027,0.0,20.197343146868278,-0.7098276236572298,24.528024179632002,0.7098276236572298,1,0,-4.551302764822076e-16,-1.1091981668863397e-49,-3.4212201058444875e-295,-4.551302764822076e-16,-8.429173590251403e-302,0.0,3.2137375469786558,3.250073212701674,9.85967654375977e-305,9.85967654375977e-305
243,1,-0.75,21.202934681994027,0.0,20.121811205345104,-0.7631441609279082,24.43629680368245,0.7631441609279082,1,0,-5.484073917184591e-16,-1.0607985909432564e-49,-3.4212201331062097e-295,-5.484073917184591e-16,-8.692015563379577e-302,0.0,3.2148909437193596,3.247125828213619,9.85967654375977e-305,9.85967654375977e-305
244,1,-1.0,21.202934681994027,0.0,20.046279263821933,-0.8164606981985862,24.344569427732896,0.8164606981985862,1,0,-6.550046914831969e-16,-1.0144258812230191e-49,-3.4212201331079307e-295,-6.550046914831969e-16,-8.954857469345048e-302,0.0,3.2160465072718982,3.2442797260228056,9.85967654375977e-305,9.85967654375977e-305
245,1,-1.25,21.202934681994027,0.0,19.97074732229876,-0.8697772354692646,24.25284205178334,0.8697772354692646,1,0,-7.762333862906603e-16,-9.699985852996239e-50,-3.4212201331079307e-295,-7.762333862906603e-16,-9.217699375306147e-302,0.0,3.2172042498942974,3.2415251312961018,9.85967654375977e-305,9.85967654375977e-305
246,1,-1.5,21.202934681994027,0.0,19.895215380775582,-0.9230937727399459,24.16111467583378,0.9230937727399459,1,0,-9.134975385339288e-16,-9.274383841285214e-50,-3.4212201331079307e-295,-9.134975385339288e-16,-9.480541281267263e-302,0.0,3.218364183960597,3.2388537471224472,9.85967654375977e-305,9.85967654375977e-305
247,1,-1.75,21.202934681994027,0.0,19.819683439252408,-0.9764103100106242,24.069387299884227,0.9764103100106242,1,0,-1.0682990242211837e-15,-8.866699845400563e-50,-3.4212201331079307e-295,-1.0682990242211837e-15,-2.360630188222005e-299,0.0,3.2195263219623946,3.2362584593946444,9.85967654375977e-305,2.3888057821448174e-302
248,1,-2.0,21.202934681994027,0.0,19.744151497729238,-1.0297268472813024,23.977659923934674,1.0297268472813024,1,0,-1.242242709679854e-15,-8.476210070326116e-50,-3.4212201331079307e-295,-1.242242709679854e-15,-1.638455812301998e-296,0.0,3.2206906765104137,3.233733113395559,9.85967654375977e-305,1.6144594180213085e-299
249,1,-2.25,21.202934681994027,0.0,19.66861955620606,-1.0830433845519842,23.885932547985117,1.0830433845519842,1,0,-1.437041852487024e-15,-8.102218775600755e-50,-3.4212201331079307e-295,-1.437041852487024e-15,-1.25269842737961e-293,0.0,3.221857260336101,3.2312723418794964,9.85967654375977e-305,1.2027578846122185e-296
250,1,-2.5,21.202934681994027,0.0,19.593087614682887,-1.136359921822662,23.79420517203556,1.136359921822662,1,0,-1.654523733075331e-15,-7.744057231769734e-50,-3.4212201331079307e-295,-1.654523733075331e-15,-1.0608870062943786e-290,0.0,3.2230260862932507,3.228871430844663,9.85967654375977e-305,9.93172541253507e-294
251,1,-2.75,21.202934681994027,0.0,19.517555673159713,-1.1896764590933422,23.702477796086004,1.1896764590933422,1,0,-1.896635524077758e-15,-7.401082714097712e-50,-3.4212201331079307e-295,-1.896635524077758e-15,-1.0013110366501927e-287,0.0,3.224197167359657,3.2265262133637096,9.85967654375977e-305,9.145744180533371e-291
252,1,-3.0,21.202934681994027,0.0,19.44202373163654,-1.2429929963640203,23.610750420136448,1.2429929963640203,1,0,-2.165450404965245e-15,-7.072677532263557e-50,-3.4212201331079307e-295,-2.165450404965245e-15,-1.0605193135740016e-284,0.0,3.225370516638794,3.224232984620444,9.85967654375977e-305,9.456287338330037e-288
253,1,-3.25,21.202934681994027,0.0,19.36649179011336,-1.2963095336347001,23.51902304418689,1.2963095336347001,1,0,-2.4631739299451263e-15,-6.758248094800132e-50,-1.0121610259478794e-292,-2.4631739299451263e-15,-1.2701429046063562e-281,0.0,3.2265461473615282,3.2219884331946527,2.9169652748946046e-302,1.1062471204358222e-284
254,1,-3.5,21.202934681994027,0.0,19.290959848590187,-1.3496260709053802,23.427295668237335,1.3496260709053802,1,0,-2.792150657453316e-15,-6.457224007088426e-50,-8.048867575174387e-290,-2.792150657453316e-15,-1.735158277901484e-278,0.0,3.2277240728878582,3.2197895849513634,2.319617789770323e-299,1.476965462196184e-281
255,1,-3.75,21.202934681994027,0.0,19.215427907067017,-1.4029426081760585,23.335568292287782,1.4029426081760585,1,0,-3.1548710499093446e-15,-6.169057201747976e-50,-7.14375503856274e-287,-3.1548710499093446e-15,-2.7306786913964066e-275,0.0,3.228904306708686,3.2176337568188758,2.0587717611756692e-296,2.272778952027585e-278
256,1,-4.0,21.202934681994027,0.0,19.139895965543843,-1.4562591454467366,23.24384091633823,1.4562591454467366,1,0,-3.553978652720279e-15,-5.893221100306853e-50,-7.12693310545596e-284,-3.553978652720279e-15,-5.0070587151961305e-272,0.0,3.23008686244762,3.215518518405437,2.0539238176695335e-293,4.0769791937287324e-275
257,1,-4.25,21.202934681994027,0.0,19.064364024020662,-1.509575682717418,23.15211354038867,1.509575682717418,1,0,-3.992277561827369e-15,-5.629209805073464e-50,-8.056288738220221e-281,-3.992277561827369e-15,-1.0839565318310745e-268,0.0,3.231271753862809,3.2134416598885647,2.3217565082498014e-290,8.638564194703585e-272
258,1,-4.5,21.202934681994027,0.0,18.988832082497495,-1.5628922199880964,23.060386164439116,1.5628922199880964,1,0,-4.472740189391044e-15,-5.376537320162612e-50,-1.041287183099127e-277,-4.472740189391044e-15,-2.8139120268637264e-265,0.0,3.232458994848812,3.211401164967864,3.000904477080095e-287,2.195887915159223e-268
259,1,-4.75,21.202934681994027,0.0,18.91330014097432,-1.6162087572587742,22.96865878848956,-0.09965745206163269,1,0,-4.998515337511363e-15,-5.134736800670414e-50,-1.5550213333327385e-274,-4.998515337511363e-15,-8.92375593685024e-262,0.0,3.233648599438496,3.2093951879383478,4.4814442709884406e-284,6.821898988061199e-265
260,1,-5.0,21.202934681994027,0.0,18.83776819945114,-1.669525294529456,22.87693141254,-0.07519985225388084,1,0,-5.572936590182294e-15,-4.903359829017741e-50,-2.7156827283802477e-271,-5.572936590182294e-15,-3.5362634761747564e-258,0.0,3.2348405818049732,3.207422034142048,7.826375461254062e-281,2.6493575344061884e-261
261,1,-5.25,21.202934681994027,0.0,18.762236257927967,-1.7228418318001342,22.78520403659045,-0.05853843435680008,1,0,-6.1995310339839004e-15,-4.681975717523071e-50,-5.625391596004701e-268,-6.1995310339839004e-15,-1.801075047383739e-254,0.0,3.2360349562635706,3.2054801432087237,1.6211918383107777e-277,1.3229376942493984e-257
262,1,-5.5,21.202934681994027,0.0,18.686704316404796,-1.7761583690708127,22.693476660640894,-0.04187701645970649,1,0,-6.882028318325095e-15,-4.4701708362889965e-50,-1.4056631174149203e-264,-6.882028318325095e-15,-1.2223446421231273e-250,0.0,3.2372317372738366,3.2035680746141755,4.051006111265305e-274,8.806015216864225e-254
263,1,-5.75,21.202934681994027,0.0,18.61117237488162,-1.8294749063414943,22.601749284691333,-0.025215598562611786,1,0,-7.624370066364609e-15,-4.267547965523748e-50,-4.324477257096009e-261,-7.624370066364609e-15,-1.159972415506123e-246,0.0,3.238430939441582,3.2016844951760954,1.2462789682310977e-270,8.19920624075062e-250
264,1,-6.0,21.202934681994027,0.0,18.535640433358445,-1.8827914436121722,22.51002190874178,-0.0085541806655313,1,0,-8.43071964805735e-15,-4.0737256714437176e-50,-1.6799091111218365e-257,-8.43071964805735e-15,-1.6473128497207682e-242,0.0,3.2396325775209602,3.199828168178902,4.841360629878465e-267,1.1428595387092348e-245
265,1,-6.25,21.202934681994027,0.0,18.460108491835275,-1.9361079808828503,22.418294532792224,0.008107237231552534,1,0,-9.30547232710157e-15,-3.888337704934167e-50,-8.509452476118403e-254,-9.30547232710157e-15,-3.885200794841569e-238,0.0,3.2408366664165866,3.1979979438754573,2.452354590314118e-263,2.64649721341198e-241
266,1,-6.5,21.202934681994027,0.0,18.384576550312097,-1.9894245181535304,22.326567156842668,0.024768655128635252,1,0,-1.0253265793894625e-14,-3.7110324221724025e-50,-5.864194689068395e-250,-1.0253265793894625e-14,-1.8326789841140856e-233,0.0,3.242043221185693,3.1961927511584154,1.6900129361545597e-259,1.2261082178091396e-236
267,1,-6.75,21.202934681994027,0.0,18.309044608788923,-2.0427410554242105,22.23483978089311,0.041430073025728285,1,0,-1.1278991096948093e-14,-3.5414722264436194e-50,-5.831704435507214e-246,-1.1278991096948093e-14,-2.8491287153871316e-228,0.0,3.2432522570403264,3.1944115902298416,1.6806495108713413e-255,1.8727382077472997e-231
268,1,-7.0,21.202934681994027,0.0,18.23351266726575,-2.0960575926948883,22.143112404943558,0.05809149092282187,1,0,-1.2387803985560703e-14,-3.3793330304061937e-50,-9.141785945834012e-242,-1.2387803985560703e-14,-2.7190847304584774e-222,0.0,3.2444637893495853,3.1926535261266342,2.634587923353858e-251,1.756482009168128e-225
269,1,-7.25,21.202934681994027,0.0,18.157980725742576,-2.1493741299655684,22.051385028994,0.07475290881990543,1,0,-1.3585136676906858e-14,-3.224303738087913e-50,-2.6273487885148733e-237,-1.3585136676906858e-14,-1.4039404516265272e-216,0.0,3.245677833641901,3.1909176829827244,7.571804272899302e-247,8.915679075841499e-220
270,1,-7.5,21.202934681994027,0.0,18.0824487842194,-2.2026906672362467,21.95965765304445,0.0914143267169954,1,0,-1.4876710061061628e-14,-3.0760857459195833e-50,-1.9656544977393548e-232,-1.4876710061061628e-14,-3.842654183135211e-211,0.0,3.2468944056073568,3.1892032389280893,5.664855458128802e-242,2.399641165752182e-214
271,1,-7.75,21.202934681994027,0.0,18.006916842696224,-2.2560072045069264,21.86793027709489,0.10807574461407059,1,0,-1.6268546357859672e-14,-2.9343924621340436e-50,-9.385606647396535e-227,-1.6268546357859672e-14,-5.801580790146376e-206,0.0,3.2481135211000574,3.1875094215402737,2.704855054919438e-236,3.5636166788058074e-209
272,1,-8.0,21.202934681994027,0.0,17.931384901173054,-2.3093237417776065,21.776202901145332,0.1247371625111639,1,0,-1.7766982239867677e-14,-2.7989488438838567e-50,-3.433248656856836e-221,-1.7766982239867677e-14,-5.064555200561918e-201,0.0,3.249335196140537,3.1858355037769903,9.894341765186316e-231,3.0607795403187042e-204
273,1,-8.25,21.202934681994027,0.0,17.85585295964988,-2.3626402790482848,21.684475525195783,0.14139858040824577,1,0,-1.9378682436141718e-14,-2.6694909514507047e-50,-7.064435379989826e-216,-1.9378682436141718e-14,-2.6531630616586755e-196,0.0,3.2505594469182157,3.1841808003290346,2.0359124844655225e-225,1.5780237203425104e-199
274,1,-8.5,21.202934681994027,0.0,17.780321018126703,-2.4159568163189644,21.592748149246226,0.15805999830534048,1,0,-2.1110653831845286e-14,-2.545765518941348e-50,-8.473295425236243e-211,-2.1110653831845286e-14,-8.57518388754964e-192,0.0,3.2517862897939036,3.182544664341613,2.441934424039973e-220,5.020662934954934e-195
275,1,-8.75,21.202934681994027,0.0,17.70478907660353,-2.4692733535896445,21.501020773296666,0.17472141620243378,1,0,-2.2970260079209504e-14,-2.427529540886694e-50,-6.124998959849798e-206,-2.2970260079209504e-14,-1.773842690243383e-187,0.0,3.2530157413023515,3.180926484459598,1.7651745934314854e-215,1.0226018589212607e-190
276,1,-9.0,21.202934681994027,0.0,17.62925713508036,-2.522589890860323,21.409293397347113,0.19138283409951456,1,0,-2.4965236735745502e-14,-2.31454987417851e-50,-2.7607922813017874e-201,-2.4965236735745502e-14,-2.4100157644744796e-183,0.0,3.25424781815485,3.179325682158434,7.9563775024954e-211,1.3683203774174692e-186
277,1,-9.25,21.202934681994027,0.0,17.553725193557185,-2.5759064281310007,21.317566021397557,0.208044251996597,1,0,-2.710370694604256e-14,-2.2066028547988473e-50,-7.990998158910445e-197,-2.710370694604256e-14,-2.2051328090890358e-179,0.0,3.2554825372418814,3.177741709327643,2.3029402974155608e-206,1.2333280265622501e-182
278,1,-9.5,21.202934681994027,0.0,17.478193252034004,-2.629222965401682,21.225838645447997,0.2247056698936828,1,0,-2.93941976839334e-14,-2.1034739288155614e-50,-1.5277642439645806e-192,-2.93941976839334e-14,-1.3995123152216101e-175,0.0,3.25671991563582,3.1761740460783203,4.4028915692509305e-202,7.712462577050359e-179
279,1,-9.75,21.202934681994027,0.0,17.402661310510833,-2.682539502672361,21.134111269498444,0.24136708779077415,1,0,-3.184565657225368e-14,-2.0049572971349286e-50,-1.9612991591750548e-188,-3.184565657225368e-14,-6.247255933823793e-172,0.0,3.257959970593686,3.1746221987497525,5.652303728683802e-198,3.392906405642225e-175
280,1,-10.0,21.202934681994027,0.0,17.32712936898766,-2.7358560399430387,21.04238389354889,-0.2232049524094293,1,0,-3.446746929789237e-14,-1.9108555735198003e-50,-1.750981560051353e-184,-3.446746929789237e-14,-2.0145454114933548e-168,0.0,3.259202719559954,3.1730856980934874,5.046185613467386e-194,1.078491992172199e-171
281,1,-10.25,21.202934681994027,0.0,17.251597427464485,-2.789172577213719,20.950656517599334,-0.20904274719691007,1,0,-3.7269477640294934e-14,-1.8209794553994054e-50,-1.0998488808175694e-180,-3.7269477640294934e-14,-4.775134572505115e-165,0.0,3.260448180169418,3.171564097615929,3.1696744991460976e-190,2.520410182012032e-168
282,1,-10.5,21.202934681994027,0.0,17.176065485941308,-2.842489114484399,20.858929141649778,-0.1948805419843797,1,0,-4.0261998132073324e-14,-1.7351474070119641e-50,-4.98149367159439e-177,-4.0261998132073324e-14,-8.450551614425164e-162,0.0,3.261696370250107,3.170056972062857,1.4356257240333929e-186,4.398477842172935e-165
283,1,-10.75,21.202934681994027,0.0,17.100533544418138,-2.8958056517550768,20.767201765700225,-0.18071833677187052,1,0,-4.345584137086885e-14,-1.6531853544377187e-50,-1.6557470565582318e-173,-4.345584137086885e-14,-1.1345093723782335e-158,0.0,3.2629473078262663,3.1685639160313026,4.771727565252073e-183,5.824260621764498e-162
284,1,-11.0,21.202934681994027,0.0,17.02500160289496,-2.949122189025757,20.675474389750665,-0.16655613155934015,1,0,-4.6862332002122236e-14,-1.574926392094911e-50,-4.102661686019421e-170,-4.6862332002122236e-14,-1.1794763632081438e-155,0.0,3.2642010111213926,3.1670845426959273,1.1823535352541278e-179,5.973359682239253e-159
285,1,-11.25,21.202934681994027,0.0,16.949469661371786,-3.002438726296437,20.58374701380111,-0.1523939263468092,1,0,-5.0493329392924575e-14,-1.500210500286642e-50,-7.732613370304247e-167,-5.0493329392924575e-14,-9.523454698768025e-153,0.0,3.265457498561331,3.1656184826385827,2.228475915108464e-176,4.758825980869085e-156
286,1,-11.5,21.202934681994027,0.0,16.873937719848616,-3.055755263567115,20.49201963785156,-0.13823172113428944,1,0,-5.436124901765817e-14,-1.4288842733993984e-50,-1.1117019338028275e-163,-5.436124901765817e-14,-6.127309205823149e-150,0.0,3.2667167887774347,3.1641653827710012,3.203834028186553e-173,3.021537941830377e-153
287,1,-11.75,21.202934681994027,0.0,16.79840577832544,-3.109071800837795,20.400292261902,-0.12406951592175906,1,0,-5.847908457667533e-14,-1.3608006583693682e-50,-1.2500154604320322e-160,-5.847908457667533e-14,-3.136041311319636e-147,0.0,3.2679789006097897,3.1627249053417237,3.60244229691313e-170,1.5263988868144047e-150
288,1,-12.0,21.202934681994027,0.0,16.72287383680226,-3.162388338108475,20.308564885952443,-0.10990731070923929,1,0,-6.286043086982087e-14,-1.2958187030445878e-50,-1.1132225717409625e-157,-6.286043086982087e-14,-1.306025855515867e-144,0.0,3.269243853110502,3.1612967270193546,3.208216382325384e-167,6.275367646784095e-148
289,1,-12.25,21.185930382592023,-0.017004299402005176,16.63102290874821,-3.215221126272501,20.197019433273397,-0.09622885460337163,1,0,-6.747594256014509e-14,-1.220781674918265e-50,-8.354524403922511e-155,-6.747594256014509e-14,-4.745986932741562e-142,0.0,3.2707859592240185,3.159893334342657,2.4077055873278037e-164,2.2518329599180077e-145
290,1,-12.5,21.168135117605654,-0.017795264986367344,16.538412892865114,-3.2680314125453416,20.08455213040396,-0.08257290038867977,1,0,-7.237648003326141e-14,-1.1493310271192658e-50,-5.1056653597576775e-152,-7.237648003326141e-14,-1.4268409330809104e-139,0.0,3.2723451272788244,3.1585020158261288,1.4714109887503536e-161,6.686178217371554e-143
291,1,-12.75,21.06124448900084,-0.10689062860481781,16.36029826403208,-3.318307057340851,19.868246456385638,-0.07145158765133103,1,0,-7.732221529232943e-14,-1.0229679439544304e-50,-3.488852060963321e-149,-7.732221529232943e-14,-4.958517947556714e-137,0.0,3.2753561589786924,3.1571878816787464,1.005458622707187e-158,2.2965101284900735e-140
292,1,-13.0,20.74644890070495,-0.31479558829588866,15.982657729621245,-3.3626680898291195,19.409632860929918,-0.0662448872212114,1,0,-8.192426500106364e-14,-7.974367380820452e-51,-4.112246821788491e-146,-8.192426500106364e-14,-3.0951652899500983e-134,0.0,3.281794881930272,3.1560365909121595,1.1851158929696252e-155,1.4189322800723683e-137
293,1,-13.25,20.74644890070495,0.0,15.907125788098071,-3.4159846270997973,19.31790548498036,0.012132720865883304,1,0,-8.776507774138993e-14,-7.584189312330197e-51,-1.3106603438501387e-143,-8.776507774138993e-14,-5.157858012004514e-132,0.0,3.283091788695379,3.154662882643434,3.777215889746329e-153,2.335994550502746e-135
294,1,-13.5,20.10154826689494,-0.6449006338100082,15.212684210364964,-3.4509546216456175,18.47456288857453,-0.007871166175910558,1,0,-9.178752291031481e-14,-4.75470012430513e-51,-3.4570051827326383e-140,-9.178752291031481e-14,-7.605292152064369e-129,0.0,3.2951629171942423,3.1537676904619976,9.962806129309557e-150,3.417375731075201e-132
295,1,-13.75,19.322359181449944,-0.7791890854449951,14.389366318373039,-3.4821042930498427,17.4747105309919,0.0005685258707511978,1,0,-9.55031736962986e-14,-2.695309617152919e-51,-1.2376944850334703e-136,-9.55031736962986e-14,-1.5422797848909073e-125,0.0,3.3098370434058446,3.152974106228701,3.5669342537568757e-146,6.881945104590438e-129
296,1,-14.0,18.228321943317553,-1.0940372381323924,13.263889387569357,-3.5042969642864636,16.107910691447106,0.00020741854261671543,1,0,-9.822877920337012e-14,-1.2075704407022894e-51,-1.1491130489454716e-132,-9.822877920337012e-14,-8.342066343909901e-122,0.0,3.3305936823535736,3.152410878178987,3.311649801535443e-142,3.7040481167437353e-125
297,1,-14.25,17.084436837579858,-1.143885105737696,12.090573574327035,-3.52507153173342,14.683014435128632,0.0026759712936535738,1,0,-1.0084070509250397e-13,-5.037903800703963e-52,-1.0792015370273976e-128,-1.0084070509250397e-13,-4.563503254550609e-118,0.0,3.35319364148131,3.151885254139616,3.11017054344069e-138,2.0169861283065582e-121
298,1,-14.5,15.75237346375657,-1.332063373823288,10.736663515494655,-3.5404926843218343,13.038801212696113,0.004097448352274599,1,0,-1.0281807952360213e-13,-1.739626630572257e-52,-1.6926575416524831e-124,-1.0281807952360213e-13,-4.220894093026196e-114,0.0,3.3806825788538344,3.15149607945719,4.878100563756553e-134,1.8592229462678356e-117
299,1,-14.75,14.135217706325491,-1.6171557574310775,9.109150960131153,-3.547803347755523,11.062320097317311,-0.002357262554644415,1,0,-1.0376711191356172e-13,-4.414311192121067e-53,-6.30565655850877e-120,-1.0376711191356172e-13,-9.331060997817847e-110,0.0,3.416136109509512,3.1513118806407516,1.817238635458846e-129,4.1035463868168364e-113
300,1,-15.0,12.739154787819599,-1.396062918505892,7.693820687330148,-3.5614038006588506,9.34351703985621,0.001862255570592618,1,0,-1.0555277054108503e-13,-1.2076623401314077e-53,-8.999854219508642e-116,-1.0555277054108503e-13,-7.90398529201039e-106,0.0,3.449644573684959,3.150969709091846,2.5936843609281827e-125,3.4655933293468713e-109
301,1,-15.25,11.181593933190134,-1.5575608546294666,6.123501221381067,-3.570409857728569,7.436492261871083,0.0017607292495941936,1,0,-1.0674974887929021e-13,-2.4700131039129784e-54,-1.973346601031425e-111,-1.0674974887929021e-13,-1.0255032808909166e-101,0.0,3.4906729428383683,3.1507434866435675,5.687023470548426e-121,4.487576881783542e-105
302,1,-15.5,9.471556010907024,-1.7100379222831095,4.406849868743723,-3.5750781503589164,5.3517593552058065,-0.0024052101233929053,1,0,-1.073747994831541e-13,-3.373698441211493e-55,-6.405469109883684e-107,-1.073747994831541e-13,-1.9647001532893134e-97,0.0,3.542139076761857,3.1506263364371234,1.8460037962282603e-116,8.588706416458404e-101
303,1,-15.75,8.071104219229142,-1.4004517916778825,2.9873076045818174,-3.5885537458114327,3.62784117813747,0.004613861548475931,1,0,-1.0919683794524167e-13,-4.718174302168702e-56,-5.83420927650968e-103,-1.0919683794524167e-13,-1.0494333859069931e-93,0.0,3.5929944268569303,3.1502885964856704,1.6813713855568919e-112,4.574135747521523e-97
304,1,-16.0,6.205523655120729,-1.8655805641084129,1.1213823408637922,-3.588797062601819,1.3618272943777905,-0.003420588340171557,1,0,-1.0922998063122449e-13,-1.3541604642283803e-57,-2.4186931687569146e-98,-1.0922998063122449e-13,-2.5549982188105724e-89,0.0,3.6847903620434277,3.1502825040506934,6.970475846253362e-108,1.1135808291168599e-92
305,1,-16.25,4.834152517121058,-1.37137113799967,-0.2702512876957617,-3.6030999629555898,-0.32819812343516835,0.005001778656347894,1,0,-1.1119353385351469e-13,-7.758947051222162e-59,-1.4434839542642255e-94,-1.1119353385351469e-13,-8.93489376978436e-86,0.0,3.75871429118968,3.1499247343908485,4.160002669054676e-104,3.8821202414415456e-89
306,1,-16.5,2.9669574206729368,-1.8671950964481214,-2.13772601433975,-3.6032973485047934,-2.596093703407915,-0.0014553149072035726,1,0,-1.1122084343662598e-13,-1.149089931000723e-56,-4.409114108648316e-90,-1.1122084343662598e-13,-1.5687784116555207e-81,0.0,3.629509126766289,3.149919802003629,1.2706706164595291e-99,6.815889971413987e-85
307,1,-16.75,1.4601646643459,-1.506792756327037,-3.6593234545935003,-3.6137476886713715,-4.443949559240969,0.0036953636002927427,1,0,-1.1267501380618695e-13,-1.2557744246141992e-55,-3.114719863153908e-86,-1.1267501380618695e-13,-6.442026931204684e-78,0.0,3.5676875003824544,3.1496588553427056,8.976367839628987e-96,2.7925354249529e-81
308,1,-17.0,-0.1333673539895159,-1.5935320183354158,-5.26416436256966,-3.6217304152352807,-6.392897809962023,0.005594720200058217,1,0,-1.1379685004287716e-13,-9.497344916989394e-55,-2.5739671104996865e-82,-1.1379685004287716e-13,-3.0656069147629324e-74,0.0,3.5153821878510816,3.1494597794768455,7.417962643856056e-92,1.3266056820005456e-77
309,1,-17.25,-1.9715367251624065,-1.8381693711728906,-7.103783168271701,-3.622753543047654,-8.626964648330409,0.0008175919852215295,1,0,-1.1394132841453985e-13,-6.792768175896606e-54,-4.338085003403443e-78,-1.1394132841453985e-13,-2.9193039646542264e-70,0.0,3.464520152789693,3.1494342802463495,1.2502006093959698e-87,1.2630151867147171e-73
310,1,-17.5,-3.6509994385830993,-1.6794627134206925,-8.791091564177425,-3.6282916586341396,-10.676062929838238,0.0008385654814107933,1,0,-1.1472613303962787e-13,-3.329693351785778e-53,-3.5205491978893225e-74,-1.1472613303962787e-13,-1.3380694570835349e-66,0.0,3.423425639079502,3.149296317239285,1.0145934782643982e-83,5.782131100521068e-70
311,1,-17.75,-5.405364322076681,-1.754364883493582,-10.550283398245195,-3.631698909725567,-12.812457777856457,-0.000988211580525912,1,0,-1.1521129050174376e-13,-1.4950433559958695e-52,-3.1533620160533445e-70,-1.1521129050174376e-13,-6.702072963201119e-63,0.0,3.3845995524341754,3.1492114896678385,9.087731363085409e-80,2.894002003942102e-66
312,1,-18.0,-7.02352700467293,-1.6181626825962492,-12.178762297344452,-3.638980927512787,-14.790112438802321,0.0013428919902428104,1,0,-1.162541216491141e-13,-5.3877727595499374e-52,-1.4784058561565433e-66,-1.162541216491141e-13,-1.7549683084661437e-59,0.0,3.3514578865281393,3.1490303284673304,4.260644733451268e-76,7.56618031368833e-63
313,1,-18.25,-8.74298443644071,-1.7194574317677795,-13.90445353129497,-3.643381247956186,-16.885823543234416,0.0016259077368180883,1,0,-1.168882210347527e-13,-1.914733284083631e-51,-8.348311254040189e-63,-1.168882210347527e-13,-5.468209477329856e-56,0.0,3.3186767404340163,3.148920945651904,2.405915008359652e-72,2.3552705174647134e-59
314,1,-18.5,-10.375773724057124,-1.6327892876164138,-15.54696954916481,-3.6502471587962977,-18.880525138824783,0.004662509091813407,1,0,-1.1788359036855298e-13,-5.960792156055293e-51,-2.945510849435894e-59,-1.1788359036855298e-13,-1.0559877472744563e-52,0.0,3.2893185619190177,3.148750405242387,8.488721304580492e-69,4.541641384703499e-56
315,1,-18.75,-12.042116612641852,-1.6663428885847276,-17.221686879733237,-3.6561585154904477,-20.914332599515497,0.00647717465505655,1,0,-1.1874643656964318e-13,-1.7865162918571349e-50,-9.848437105427896e-56,-1.1874643656964318e-13,-1.9157059000486385e-49,0.0,3.260942134349281,3.148603703179487,2.8382390066455703e-65,8.228697084411231e-53
316,1,-19.0,-13.878069583075142,-1.8359529704332889,-19.05917861080777,-3.6572446968784127,-23.145816279420114,0.0031919613541836747,1,0,-1.1890557242792694e-13,-5.611506277399077e-50,-4.9423525177083046e-52,-1.1890557242792694e-13,-5.056506614212936e-46,0.0,3.231353184968926,3.148576760330963,1.4243455636855774e-61,2.1714584237337302e-49
317,1,-19.25,-15.817089006839526,-1.939019423764385,-20.99558297708897,-3.6553987783576445,-25.497421278766517,-0.0027471191932831136,1,0,-1.1863523734690153e-13,-1.7685104996983837e-49,-2.913832070961914e-48,-1.1863523734690153e-13,-1.5269726115294196e-42,0.0,3.2016775819268974,3.1486225509211674,8.397425656565256e-58,6.560007785490347e-46
318,1,-19.5,-17.327928285671014,-1.510839278831489,-22.521063855565366,-3.6657340004825847,-27.34999325324609,0.004335872336754777,1,0,-1.2015570068965485e-13,-4.2106171225623226e-49,-3.357363990459684e-45,-1.2015570068965485e-13,-9.412476196570975e-40,0.0,3.1792517074678193,3.1483663199090848,9.675648364528887e-55,4.034724738100126e-43
319,1,-19.75,-19.295690606409313,-1.9677623207382995,-24.485052713126475,-3.6630703857777487,-29.735097365034,-0.0024271378401228582,1,0,-1.1976224127982283e-13,-1.2332732526534054e-48,-1.4862783077231514e-41,-1.1976224127982283e-13,-2.0465774349954974e-36,0.0,3.1514699156971044,3.148432321705556,4.283332494844353e-51,8.777810608381589e-40
320,1,-20.0,-21.010511366717758,-1.714820760308443,-26.206294144276885,-3.6676026131949815,-31.825404547282755,-0.001720954507556867,1,0,-1.2043239194495232e-13,-3.054285816691591e-48,-2.3321281272926645e-38,-1.2043239194495232e-13,-1.6178312654875715e-33,0.0,3.1280254099061566,3.1483200318039177,6.721002478382317e-48,6.932172250114342e-37
